Code,ISU_CD,Name,Market,Dept,Close,ChangeCode,Changes,ChagesRatio,Open,High,Low,Volume,Amount,Marcap,Stocks,MarketId
005930,KR7005930003,삼성전자,KOSPI,,250500,2,-10500,-4.02,252000,255500,249500,15176841,3825055733000,1464492791304000,5846278608,STK
000660,KR7000660001,SK하이닉스,KOSPI,,1613000,2,-80000,-4.73,1630000,1661000,1612000,2568478,4184138865903,1178284184745000,730492365,STK
005935,KR7005931001,삼성전자우,KOSPI,,185500,2,-4800,-2.52,187000,189000,184300,1874336,349356671500,148839858156500,802371203,STK
402340,KR7402340004,SK스퀘어,KOSPI,,982000,2,-85000,-7.97,1020000,1024000,982000,538084,537909339359,129549366036000,131923998,STK
009150,KR7009150004,삼성전기,KOSPI,,1400000,2,-30000,-2.1,1381000,1438000,1369000,474646,669745713500,104571174400000,74693696,STK
373220,KR7373220003,LG에너지솔루션,KOSPI,,347500,2,-19500,-5.31,359500,364500,345500,423643,148763882500,81315000000000,234000000,STK
005380,KR7005380001,현대차,KOSPI,,378000,2,-22500,-5.62,389000,391000,376000,818127,311340693850,77398435548000,204757766,STK
207940,KR7207940008,삼성바이오로직스,KOSPI,,1501000,2,-19000,-1.25,1493000,1519000,1490000,36243,54317817500,69482717451000,46290951,STK
028260,KR7028260008,삼성물산,KOSPI,,373000,2,-17500,-4.48,380000,398000,372500,326797,124478071750,60488507713000,162167581,STK
105560,KR7105560007,KB금융,KOSPI,,169100,2,-2100,-1.23,169500,175000,168700,1402814,240132092300,59977695819400,354687734,STK
032830,KR7032830002,삼성생명,KOSPI,,294000,2,-15500,-5.01,299000,302500,290000,269923,79566088500,58800000000000,200000000,STK
012450,KR7012450003,한화에어로스페이스,KOSPI,,1025000,2,-33000,-3.12,1048000,1053000,1010000,91966,94568847500,52852486025000,51563401,STK
055550,KR7055550008,신한지주,KOSPI,,110500,2,-600,-0.54,110500,113900,110000,1563468,174616172000,51874251409500,469450239,STK
034020,KR7034020008,두산에너빌리티,KOSPI,,76600,2,-4800,-5.9,78800,79600,76600,1902865,147889512550,49066983783600,640561146,STK
000270,KR7000270009,기아,KOSPI,,124400,2,-6800,-5.18,129700,129700,123300,969533,121286746868,48567376951200,390412998,STK
329180,KR7329180004,HD현대중공업,KOSPI,,422000,2,-31000,-6.84,437500,440000,421000,250192,106940801000,44293636950000,104961225,STK
006400,KR7006400006,삼성SDI,KOSPI,,538000,2,-31000,-5.45,553000,569000,536000,462183,253434959500,43355015140000,80585530,STK
068270,KR7068270008,셀트리온,KOSPI,,186300,2,-1700,-0.9,185200,189800,184200,299403,56100329150,43336579888800,232617176,STK
034730,KR7034730002,SK,KOSPI,,545000,2,-41000,-7.0,557000,571000,537000,119275,65455104000,39513973135000,72502703,STK
012330,KR7012330007,현대모비스,KOSPI,,415500,2,-28000,-6.31,430000,431000,412500,463596,193962474500,37320453067500,89820585,STK
086790,KR7086790003,하나금융지주,KOSPI,,134900,2,-2500,-1.82,137600,138900,134700,934031,127623107100,37012209205200,274367748,STK
066570,KR7066570003,LG전자,KOSPI,,200500,2,-6000,-2.91,199900,204500,197500,545922,109602923500,32658369919000,162884638,STK
035420,KR7035420009,NAVER,KOSPI,,209000,2,-6000,-2.79,209000,213000,207000,532940,111681259500,31783986619000,152076491,STK
010120,KR7010120004,LS ELECTRIC,KOSPI,,195700,2,-8800,-4.3,197800,203500,195600,383535,75823617650,29355000000000,150000000,STK
000810,KR7000810002,삼성화재,KOSPI,,657000,2,-20000,-2.95,660000,667000,651000,70224,46175372608,29333389761000,44647473,STK
005490,KR7005490008,POSCO홀딩스,KOSPI,,330000,2,-11000,-3.23,333000,336500,328000,259283,85929484500,26149703910000,79241527,STK
298040,KR7298040007,효성중공업,KOSPI,,2765000,2,-151000,-5.18,2782000,2900000,2765000,37015,103839223500,25782375220000,9324548,STK
267260,KR7267260008,HD현대일렉트릭,KOSPI,,711000,2,-58000,-7.54,738000,745000,710000,174705,126075124500,25629512985000,36047135,STK
316140,KR7316140003,우리금융지주,KOSPI,,34500,2,-50,-0.14,34200,35400,34100,2562831,89235546425,25419136216500,736786557,STK
010130,KR7010130003,고려아연,KOSPI,,1216000,2,-35000,-2.8,1209000,1218000,1178000,29879,35688203500,25381530304000,20872969,STK
042660,KR7042660001,한화오션,KOSPI,,82000,2,-5900,-6.71,84900,85300,82000,626223,52208254100,25125898308000,306413394,STK
009540,KR7009540006,HD한국조선해양,KOSPI,,329500,2,-24000,-6.79,344500,344500,327000,282760,94051840750,23319741722000,70773116,STK
096770,KR7096770003,SK이노베이션,KOSPI,,131500,2,-3800,-2.81,133600,136200,131400,1160194,155518595700,22230441622000,169052788,STK
138040,KR7138040001,메리츠금융지주,KOSPI,,129800,1,4400,3.51,124900,134900,124200,593904,77422260950,21721676035400,167347273,STK
042700,KR7042700005,한미반도체,KOSPI,,213500,2,-1500,-0.7,207000,216500,205000,311065,66342054250,20349154700000,95312200,STK
015760,KR7015760002,한국전력,KOSPI,,31250,2,-1100,-3.4,31650,31850,31150,877338,27563143925,20061377406250,641964077,STK
017670,KR7017670001,SK텔레콤,KOSPI,,91400,2,-3200,-3.38,91400,92800,90600,1068134,97765990800,19631810844200,214790053,STK
011200,KR7011200003,HMM,KOSPI,,20800,2,-550,-2.58,21050,21050,20500,925795,19186817925,19619349776000,943237970,STK
051910,KR7051910008,LG화학,KOSPI,,269000,2,-13000,-4.61,278000,291000,267500,204515,56246321500,18989340267000,70592343,STK
000150,KR7000150003,두산,KOSPI,,1121000,2,-85000,-7.05,1158000,1174000,1114000,35998,40850375500,18153289035000,16193835,STK
033780,KR7033780008,KT&G,KOSPI,,174400,2,-500,-0.29,173700,175200,172000,249254,43336312813,18104543526400,103810456,STK
018260,KR7018260000,삼성에스디에스,KOSPI,,233000,2,-12000,-4.9,235000,236500,230000,139026,32397210750,18029027400000,77377800,STK
006800,KR7006800007,미래에셋증권,KOSPI,,33000,2,-1900,-5.44,33800,34000,33000,1256912,41838295000,17919694683000,543021051,STK
003550,KR7003550001,LG,KOSPI,,118500,2,-1800,-1.5,121000,121000,116900,393919,46615677200,17916252474000,151192004,STK
010140,KR7010140002,삼성중공업,KOSPI,,19940,2,-1060,-5.05,20350,20400,19940,2773459,55671994970,17547200000000,880000000,STK
010950,KR7010950004,S-Oil,KOSPI,,150900,2,-800,-0.53,155100,156900,147900,480659,73440860050,16988743312800,112582792,STK
024110,KR7024110009,기업은행,KOSPI,,20850,2,-50,-0.24,20600,21050,20550,922183,19251216625,16626329368650,797425869,STK
267250,KR7267250009,HD현대,KOSPI,,209500,2,-9500,-4.34,212000,215500,208500,154427,32599174000,16549051307500,78993085,STK
278470,KR7278470000,에이피알,KOSPI,,419000,2,-13500,-3.12,430000,441500,417500,167675,71792425250,15686586945000,37438155,STK
003670,KR7003670007,포스코퓨처엠,KOSPI,,176000,2,-15300,-8.0,185300,188800,175600,317052,57070499750,15654534720000,88946220,STK
035720,KR7035720002,카카오,KOSPI,,35100,2,-1400,-3.84,35800,36450,35100,1501779,53468941800,15548635557000,442981070,STK
086280,KR7086280005,현대글로비스,KOSPI,,195000,2,-14500,-6.92,205500,205500,195000,162949,32243098400,14625000000000,75000000,STK
079550,KR7079550000,LIG디펜스앤에어로스페이스,KOSPI,,655000,2,-30000,-4.38,680000,680000,648000,80635,53035355500,14410000000000,22000000,STK
030200,KR7030200000,KT,KOSPI,,53800,2,-200,-0.37,53300,54200,53200,268509,14432943750,13558766653000,252021685,STK
011070,KR7011070000,LG이노텍,KOSPI,,567000,2,-23000,-3.9,567000,583000,561000,163340,93006069500,13419249669000,23667107,STK
064350,KR7064350002,현대로템,KOSPI,,122900,2,-7400,-5.68,127200,129600,122300,394464,49050141422,13413587809700,109142293,STK
272210,KR7272210006,한화시스템,KOSPI,,66900,2,-3700,-5.24,69500,69500,66600,294212,19845633100,12638707124100,188919389,STK
000720,KR7000720003,현대건설,KOSPI,,112600,2,-8100,-6.71,115600,116700,112300,703058,79985873650,12538659139000,111355765,STK
005830,KR7005830005,DB손해보험,KOSPI,,190900,2,-1700,-0.88,190800,195700,189600,271290,52367820450,12504016624100,65500349,STK
047810,KR7047810007,한국항공우주,KOSPI,,122600,2,-4600,-3.62,125100,125100,121000,326827,40051710700,11950448118200,97475107,STK
078930,KR7078930005,GS,KOSPI,,120000,2,-4700,-3.77,124600,124600,119600,369548,44690203000,11147459400000,92895495,STK
003230,KR7003230000,삼양식품,KOSPI,,1475000,2,-17000,-1.14,1455000,1529000,1450000,36331,54426127000,11111197125000,7533015,STK
003490,KR7003490000,대한항공,KOSPI,,28900,1,150,0.52,28050,28950,27550,3210624,92074248375,10641577102900,368220661,STK
307950,KR7307950006,현대오토에버,KOSPI,,385500,2,-20500,-5.05,390500,395500,384000,68378,26452037500,10571945061000,27423982,STK
323410,KR7323410001,카카오뱅크,KOSPI,,21900,2,-50,-0.23,21700,22100,21500,566715,12389327975,10448937570300,477120437,STK
071050,KR7071050009,한국금융지주,KOSPI,,185400,2,-5600,-2.93,188800,190000,184600,193265,36038562900,10331598916800,55725992,STK
259960,KR7259960003,크래프톤,KOSPI,,221000,2,-10000,-4.33,225000,227500,221000,68281,15273553500,10110295403000,45747943,STK
005940,KR7005940002,NH투자증권,KOSPI,,26050,2,-450,-1.7,26100,26750,25900,451939,11849367000,9617819035250,369206105,STK
047050,KR7047050000,포스코인터내셔널,KOSPI,,53200,2,-2100,-3.8,54300,54700,52700,446590,23902717900,9359092321600,175922788,STK
180640,KR7180640005,한진칼,KOSPI,,139100,1,9300,7.16,126200,141800,126100,122145,16765342950,9286633008900,66762279,STK
006260,KR7006260004,LS,KOSPI,,296500,2,-13500,-4.35,300500,307000,294000,89114,26640290750,9250800000000,31200000,STK
0126Z0,KR70126Z0002,삼성에피스홀딩스,KOSPI,,364000,2,-13500,-3.58,374500,388000,364000,57453,21240357000,9057429836000,24883049,STK
443060,KR7443060009,HD현대마린솔루션,KOSPI,,199000,2,-4000,-1.97,200000,203500,198500,63565,12754766550,8921858540000,44833460,STK
028050,KR7028050003,삼성E&A,KOSPI,,43700,2,-2100,-4.59,44250,44700,43500,1031956,45250119250,8565200000000,196000000,STK
090430,KR7090430000,아모레퍼시픽,KOSPI,,142300,2,-4000,-2.73,143000,147450,141900,182347,26402816700,8323519605700,58492759,STK
007660,KR7007660004,이수페타시스,KOSPI,,112000,1,900,0.81,107900,115800,107700,701127,79724503900,8221832528000,73409219,STK
161390,KR7161390000,한국타이어앤테크놀로지,KOSPI,,65600,2,-1800,-2.67,65000,65600,64000,218920,14219447650,8126204526400,123875069,STK
016360,KR7016360000,삼성증권,KOSPI,,85200,2,-3100,-3.51,86700,87300,85000,254460,21792307750,7608360000000,89300000,STK
352820,KR7352820005,하이브,KOSPI,,175700,2,-2300,-1.29,176700,181100,174300,196687,34933072950,7573871085200,43106836,STK
064400,KR7064400005,LG씨엔에스,KOSPI,,74500,2,-1300,-1.72,74000,75700,73200,485910,36192818750,7218003126000,96885948,STK
039490,KR7039490008,키움증권,KOSPI,,274000,2,-8000,-2.84,275500,279500,270000,83416,22778180000,7186558584000,26228316,STK
021240,KR7021240007,코웨이,KOSPI,,98700,1,900,0.92,97700,100500,97200,225881,22350437636,6984744946200,70767426,STK
009830,KR7009830001,한화솔루션,KOSPI,,30300,2,-2800,-8.46,32250,32400,30050,2708076,83067455825,6814243840800,224892536,STK
326030,KR7326030004,SK바이오팜,KOSPI,,86300,2,-2700,-3.03,87800,88600,85900,88027,7667787250,6758433475000,78313250,STK
000880,KR7000880005,한화,KOSPI,,126500,2,-1800,-1.4,125400,129200,121500,247354,31200424100,6746105470500,53328897,STK
047040,KR7047040001,대우건설,KOSPI,,16280,2,-540,-3.21,16000,16600,15945,4018753,65454197740,6689576346640,410907638,STK
032640,KR7032640005,LG유플러스,KOSPI,,14890,2,-330,-2.17,15120,15190,14870,659886,9878092940,6319728929480,424427732,STK
005387,KR7005382007,현대차2우B,KOSPI,,180000,2,-10800,-5.66,189400,189400,179200,185152,33810277700,6293507400000,34963930,STK
128940,KR7128940004,한미약품,KOSPI,,474000,2,-18000,-3.66,479000,509000,469000,194645,94845666250,6072409734000,12810991,STK
377300,KR7377300009,카카오페이,KOSPI,,44750,2,-1150,-2.51,44450,45400,44100,208942,9366477150,6053452653750,135272685,STK
000500,KR7000500009,가온전선,KOSPI,,201000,2,-7500,-3.6,202000,213500,199200,166460,34108127750,5985299007000,29777607,STK
000100,KR7000100008,유한양행,KOSPI,,81300,2,-1400,-1.69,82700,83300,81300,188082,15428740100,5984962995300,73615781,STK
267270,KR7267270007,HD건설기계,KOSPI,,124700,2,-4900,-3.78,126100,127400,124000,174457,21806510900,5975860555900,47921897,STK
241560,KR7241560002,두산밥캣,KOSPI,,60200,2,-1900,-3.06,60900,61900,59600,102425,6203117650,5770535113000,95856065,STK
175330,KR7175330000,JB금융지주,KOSPI,,30550,1,1300,4.44,29000,31100,28850,674966,20649541150,5698241723200,186521824,STK
062040,KR7062040001,산일전기,KOSPI,,183800,2,-11800,-6.03,187800,194200,183800,172912,32442750500,5632155830000,30642850,STK
001440,KR7001440007,대한전선,KOSPI,,27550,2,-1100,-3.84,27850,28500,27500,891039,24797149425,5399596019800,195992596,STK
353200,KR7353200009,대덕전자,KOSPI,,108900,2,-2600,-2.33,108400,113800,107500,536263,59100187300,5381503132500,49416925,STK
029780,KR7029780004,삼성카드,KOSPI,,45400,2,-650,-1.41,46050,46050,45300,87500,3988140450,5259993651400,115858891,STK
066970,KR7066970005,엘앤에프,KOSPI,,124700,2,-6500,-4.95,128100,131700,121900,624819,78479299700,5073377351400,40684662,STK
271560,KR7271560005,오리온,KOSPI,,127500,2,-2200,-1.7,129300,130700,127300,68039,8729226800,5039920470000,39528788,STK
088350,KR7088350004,한화생명,KOSPI,,5770,2,-150,-2.53,5860,6000,5770,4654766,27427178220,5011418100000,868530000,STK
088980,KR7088980008,맥쿼리인프라,KOSPI,,9860,2,-100,-1.0,9950,10020,9850,856835,8521480255,4722170850980,478921993,STK
036570,KR7036570000,NC,KOSPI,,219000,2,-5000,-2.23,221000,222000,217000,46747,10238665750,4718140818000,21544022,STK
138930,KR7138930003,BNK금융지주,KOSPI,,15140,2,-270,-1.75,15130,15490,15110,982375,15025383605,4645553830140,306839751,STK
034220,KR7034220004,LG디스플레이,KOSPI,,9010,2,-270,-2.91,9100,9330,9010,4135323,37566981035,4505000000000,500000000,STK
010060,KR7010060002,OCI홀딩스,KOSPI,,241000,2,-22500,-8.54,254500,256500,239500,309483,75421924500,4499525912000,18670232,STK
001450,KR7001450006,현대해상,KOSPI,,52400,2,-1000,-1.87,53100,54000,51400,486941,25552535550,4467008300000,85248250,STK
051900,KR7051900009,LG생활건강,KOSPI,,297000,2,-9000,-2.94,302000,306500,296000,50038,14975681250,4447730331000,14975523,STK
454910,KR7454910001,두산로보틱스,KOSPI,,66000,2,-3000,-4.35,67500,68200,65900,332470,22100042350,4278118680000,64819980,STK
005385,KR7005381009,현대차우,KOSPI,,179800,2,-11000,-5.77,188600,188600,179800,107193,19542238350,4196704608000,23340960,STK
011790,KR7011790003,SKC,KOSPI,,83600,2,-5100,-5.75,85900,86500,83500,96598,8176992600,4146417712800,49598298,STK
002380,KR7002380004,KCC,KOSPI,,479500,2,-14000,-2.84,483500,493500,474500,29141,14002304250,4120293632000,8592896,STK
052690,KR7052690005,한전기술,KOSPI,,105800,2,-4700,-4.25,107000,109000,105100,185066,19737801700,4043676000000,38220000,STK
004020,KR7004020004,현대제철,KOSPI,,29900,2,-900,-2.92,29950,30300,29550,378063,11319100125,3990028971500,133445785,STK
000990,KR7000990002,DB하이텍,KOSPI,,89200,2,-5200,-5.51,90200,93000,89000,301988,27244945300,3880609249600,43504588,STK
001040,KR7001040005,CJ,KOSPI,,130300,2,-3300,-2.47,130400,133000,128600,167059,21745812550,3801762839400,29176998,STK
082740,KR7082740002,한화엔진,KOSPI,,44650,2,-3200,-6.69,46200,46250,44300,532569,24024091075,3725914890300,83447142,STK
161890,KR7161890009,한국콜마,KOSPI,,155000,3,0,0.0,154000,159000,151700,243073,37896512800,3658786935000,23605077,STK
004170,KR7004170007,신세계,KOSPI,,386500,2,-49500,-11.35,424000,424500,385500,138839,55338642500,3650562456500,9445181,STK
018880,KR7018880005,한온시스템,KOSPI,,3405,2,-135,-3.81,3460,3465,3390,2771022,9448064790,3494423989560,1026262552,STK
036460,KR7036460004,한국가스공사,KOSPI,,37000,2,-500,-1.33,37100,37500,36800,121742,4523588075,3415581000000,92313000,STK
111770,KR7111770004,영원무역,KOSPI,,74200,2,-300,-0.4,73400,75400,72500,65821,4896403900,3287910925600,44311468,STK
008930,KR7008930000,한미사이언스,KOSPI,,47800,1,2000,4.37,44700,48750,44600,413719,19561746200,3269116090000,68391550,STK
192820,KR7192820009,코스맥스,KOSPI,,285500,2,-1500,-0.52,278500,292000,271000,143517,40904894250,3240284819500,11349509,STK
103590,KR7103590006,일진전기,KOSPI,,67500,2,-3600,-5.06,68800,70300,67500,151807,10387808400,3218763825000,47685390,STK
011780,KR7011780004,금호석유화학,KOSPI,,127200,2,-2900,-2.23,127600,130100,126600,88935,11361154350,3200011740000,25157325,STK
022100,KR7022100002,포스코DX,KOSPI,,20900,2,-800,-3.69,20950,21400,20900,185170,3900690925,3177525836100,152034729,STK
035250,KR7035250000,강원랜드,KOSPI,,14600,2,-150,-1.02,14690,14730,14490,278070,4065873555,3123531300000,213940500,STK
251270,KR7251270005,넷마블,KOSPI,,37000,2,-1800,-4.64,38200,38250,36950,109989,4109717050,3076861725000,83158425,STK
012750,KR7012750006,에스원,KOSPI,,80200,2,-1200,-1.47,80100,81000,79700,140961,11315357449,3047534075600,37999178,STK
031210,KR7031210008,서울보증보험,KOSPI,,43500,2,-150,-0.34,43250,44000,43000,30810,1344491600,3037239513000,69821598,STK
139130,KR7139130009,iM금융지주,KOSPI,,18860,2,-100,-0.53,18750,19440,18750,440623,8427065350,2986733874880,158363408,STK
023530,KR7023530009,롯데쇼핑,KOSPI,,105300,2,-8000,-7.06,112000,112000,104100,217529,23487740350,2978805901500,28288755,STK
028670,KR7028670008,팬오션,KOSPI,,5510,2,-90,-1.61,5550,5630,5430,1614283,8898939320,2945478011120,534569512,STK
302440,KR7302440003,SK바이오사이언스,KOSPI,,37450,2,-900,-2.35,37750,38200,37400,73629,2780667625,2938197909850,78456553,STK
009420,KR7009420001,한올바이오파마,KOSPI,,55000,2,-100,-0.18,54100,57900,52700,371296,20877055150,2873235090000,52240638,STK
017800,KR7017800004,현대엘리베이터,KOSPI,,72800,2,-2000,-2.67,73500,74400,72500,138555,10165203970,2845925628000,39092385,STK
085620,KR7085620003,미래에셋생명,KOSPI,,20450,2,-2000,-8.91,22000,22550,20350,233747,4973292650,2764431000000,135180000,STK
006360,KR7006360002,GS건설,KOSPI,,32250,2,-1050,-3.15,32200,32950,31450,1573393,50381229100,2760003052500,85581490,STK
097950,KR7097950000,CJ제일제당,KOSPI,,182600,2,-3200,-1.72,184100,184800,181800,79231,14490692700,2748894363600,15054186,STK
375500,KR7375500006,DL이앤씨,KOSPI,,70000,2,-1500,-2.1,69200,71200,68600,363471,25486046450,2708553610000,38693623,STK
004800,KR7004800009,효성,KOSPI,,159800,2,-12700,-7.36,166700,179200,159000,24428,3981724300,2675117038600,16740407,STK
004370,KR7004370003,농심,KOSPI,,437500,2,-4000,-0.91,435000,441500,432000,31603,13802136000,2661155875000,6082642,STK
007340,KR7007340003,DN오토모티브,KOSPI,,45150,2,-1050,-2.27,45300,45800,44450,111608,5026951050,2641765554750,58510865,STK
003690,KR7003690005,코리안리,KOSPI,,14850,1,170,1.16,14610,14880,14550,180158,2665348200,2624307310350,176721031,STK
383220,KR7383220001,F&F,KOSPI,,67700,2,-600,-0.88,67200,69300,65900,97269,6623561850,2593388977500,38307075,STK
282330,KR7282330000,BGF리테일,KOSPI,,149900,2,-1000,-0.66,148200,151000,145200,54049,8069547450,2590857509400,17283906,STK
026960,KR7026960005,동서,KOSPI,,25500,2,-150,-0.58,25450,25700,25000,66400,1694191500,2542350000000,99700000,STK
336260,KR7336260005,두산퓨얼셀,KOSPI,,38700,2,-5650,-12.74,44850,46000,37950,3410589,137310771625,2534607196200,65493726,STK
483650,KR7483650008,달바글로벌,KOSPI,,202000,2,-5500,-2.65,202500,211000,201000,103704,21415727250,2530234830000,12525915,STK
450080,KR7450080007,에코프로머티,KOSPI,,35100,2,-2300,-6.15,36350,37150,35000,301354,10816635550,2485566837000,70813870,STK
001720,KR7001720002,신영증권,KOSPI,,151000,2,-3000,-1.95,152900,153800,149600,3557,536777100,2482440000000,16440000,STK
489790,KR7489790006,한화비전,KOSPI,,48900,2,-800,-1.61,48150,49550,47800,73130,3576602850,2468882271000,50488390,STK
011170,KR7011170008,롯데케미칼,KOSPI,,57300,2,-2700,-4.5,59300,59900,57100,122043,7083084600,2451031508700,42775419,STK
004990,KR7004990008,롯데지주,KOSPI,,23950,2,-300,-1.24,23950,24200,23850,96026,2305274050,2386947435200,99663776,STK
005850,KR7005850003,에스엘,KOSPI,,50100,2,-2800,-5.29,52100,54100,49750,139733,7024473600,2327070852000,46448520,STK
000240,KR7000240002,한국앤컴퍼니,KOSPI,,24200,2,-400,-1.63,24550,24550,23950,56064,1352878875,2297432808000,94935240,STK
279570,KR7279570006,케이뱅크,KOSPI,,5560,2,-90,-1.59,5610,5630,5530,440331,2451034775,2255665039560,405695151,STK
181710,KR7181710005,NHN,KOSPI,,68000,2,-2400,-3.41,70200,70200,66400,113501,7678217400,2227213452000,32753139,STK
204320,KR7204320006,HL만도,KOSPI,,47350,2,-2950,-5.86,48950,49100,47150,433034,20655061450,2223419632000,46957120,STK
081660,KR7081660003,미스토홀딩스,KOSPI,,41350,2,-400,-0.96,41000,41800,39200,144772,5967910200,2195347584000,53091840,STK
009970,KR7009970005,영원무역홀딩스,KOSPI,,168400,1,1400,0.84,163700,170800,163400,7737,1303835700,2181422782800,12953817,STK
005440,KR7005440003,현대지에프홀딩스,KOSPI,,11850,2,-260,-2.15,12050,12120,11780,209402,2490990560,2173256808150,183397199,STK
030000,KR7030000004,제일기획,KOSPI,,18880,2,-300,-1.56,19120,19180,18830,405566,7688244065,2171978328000,115041225,STK
007070,KR7007070006,GS리테일,KOSPI,,25950,2,-400,-1.52,26100,26200,25700,107046,2774754875,2169612419250,83607415,STK
103140,KR7103140000,풍산,KOSPI,,77200,2,-3700,-4.57,79800,80000,77200,115474,9010037600,2163474261600,28024278,STK
018670,KR7018670000,SK가스,KOSPI,,230000,2,-5000,-2.13,235000,235000,226500,8748,2010129250,2131926120000,9269244,STK
014680,KR7014680003,한솔케미칼,KOSPI,,193800,2,-11700,-5.69,199200,200000,193400,53434,10492027500,2091884176800,10794036,STK
073240,KR7073240004,금호타이어,KOSPI,,7130,2,-320,-4.3,7220,7310,7060,1708894,12244122210,2048165846310,287260287,STK
002790,KR7002790004,아모레퍼시픽홀딩스,KOSPI,,26400,2,-800,-2.94,26350,27050,26150,74364,1980785775,2018495952000,76458180,STK
139480,KR7139480008,이마트,KOSPI,,72900,2,-1900,-2.54,73900,74100,72900,73331,5377180500,2011735205100,27595819,STK
069960,KR7069960003,현대백화점,KOSPI,,92700,2,-5100,-5.21,95200,96300,92600,170820,16020027550,1999067342400,21564912,STK
051600,KR7051600005,한전KPS,KOSPI,,44350,2,-1000,-2.21,44750,44950,44300,56274,2506932850,1995750000000,45000000,STK
457190,KR7457190007,이수스페셜티케미컬,KOSPI,,64300,2,-5300,-7.61,67200,68500,64000,181150,11919754250,1943073469600,30218872,STK
112610,KR7112610001,씨에스윈드,KOSPI,,45550,2,-1750,-3.7,46300,48300,45350,223529,10367228750,1920907406650,42171403,STK
462870,KR7462870007,시프트업,KOSPI,,32650,2,-400,-1.21,32050,33050,32050,36548,1199100300,1917922708500,58741890,STK
020150,KR7020150009,롯데에너지머티리얼즈,KOSPI,,36400,2,-3450,-8.66,39050,39700,36200,391965,14699781250,1906102853200,52365463,STK
089860,KR7089860001,롯데렌탈,KOSPI,,50500,2,-900,-1.75,50700,51500,49650,141902,7136506075,1833624094000,36309388,STK
475150,KR7475150009,SK이터닉스,KOSPI,,50900,2,-900,-1.74,50600,53800,50500,1370119,71362963150,1734010503600,34067004,STK
439260,KR7439260001,대한조선,KOSPI,,44500,2,-2750,-5.82,46200,46200,44100,92318,4170900150,1694948485000,38088730,STK
120110,KR7120110002,코오롱인더,KOSPI,,56300,2,-2600,-4.41,58000,59500,56000,199424,11397935850,1685961601600,29946032,STK
023590,KR7023590003,다우기술,KOSPI,,38550,2,-900,-2.28,39400,39400,38250,32641,1258616925,1668725877600,43287312,STK
006040,KR7006040000,동원산업,KOSPI,,37800,2,-150,-0.4,37850,37950,37250,44695,1685966850,1668522958200,44140819,STK
071970,KR7071970008,HD현대마린엔진,KOSPI,,48950,2,-3350,-6.41,50300,50800,48800,160436,7950356925,1660457180250,33921495,STK
008770,KR7008770000,호텔신라,KOSPI,,42150,2,-2650,-5.92,43850,43850,42150,222228,9506565725,1654308300150,39248121,STK
395400,KR7395400005,SK리츠,KOSPI,,5460,1,70,1.3,5360,5520,5300,333063,1809600700,1643556205200,301017620,STK
000120,KR7000120006,CJ대한통운,KOSPI,,72000,2,-1500,-2.04,72700,72700,71800,42214,3048635850,1642488768000,22812344,STK
000155,KR7000151001,두산우,KOSPI,,405000,2,-22500,-5.26,419500,419500,401500,3483,1420813500,1618567110000,3996462,STK
020560,KR7020560009,아시아나항공,KOSPI,,7690,2,-20,-0.26,7550,7770,7450,208539,1605992650,1584068567590,205990711,STK
001800,KR7001800002,오리온홀딩스,KOSPI,,25550,1,50,0.2,25400,25800,25200,60519,1546902300,1537002458600,60156652,STK
011210,KR7011210002,현대위아,KOSPI,,56400,2,-2600,-4.41,57300,57700,55700,66683,3755517650,1533802681200,27195083,STK
001120,KR7001120005,LX인터내셔널,KOSPI,,39500,2,-200,-0.5,39550,40200,39150,64084,2532901225,1531020000000,38760000,STK
294870,KR7294870001,IPARK현대산업개발,KOSPI,,22800,2,-250,-1.08,22750,22950,22350,138583,3140417050,1502687124000,65907330,STK
009155,KR7009151002,삼성전기우,KOSPI,,515000,2,-9000,-1.72,510000,524000,501000,14913,7699573000,1497096760000,2906984,STK
298020,KR7298020009,효성티앤씨,KOSPI,,345000,3,0,0.0,343000,357000,338000,25128,8754379000,1493050290000,4327682,STK
322000,KR7322000001,HD현대에너지솔루션,KOSPI,,132600,2,-1300,-0.97,132200,138900,123200,294916,38786483050,1485120000000,11200000,STK
006280,KR7006280002,녹십자,KOSPI,,127000,2,-1100,-0.86,127800,131900,126700,19181,2472115850,1484190326000,11686538,STK
001430,KR7001430008,세아베스틸지주,KOSPI,,40200,2,-1150,-2.78,40450,40950,39000,67536,2709660175,1441657183800,35862119,STK
069620,KR7069620003,대웅제약,KOSPI,,124100,2,-2700,-2.13,125000,127000,123400,22809,2853651300,1437893957500,11586575,STK
097230,KR7097230007,HJ중공업,KOSPI,,15920,2,-580,-3.52,16140,16280,15920,116301,1866317310,1437501876480,90295344,STK
00680K,KR700680K019,미래에셋증권2우B,KOSPI,,10800,2,-380,-3.4,10980,11130,10690,174171,1888104465,1374528420000,127271150,STK
007810,KR7007810005,코리아써키트,KOSPI,,57300,2,-2100,-3.54,56500,59300,56200,215460,12363314500,1374204126000,23982620,STK
280360,KR7280360009,롯데웰푸드,KOSPI,,148600,1,3900,2.7,144100,150900,143200,47437,7049219350,1367799696400,9204574,STK
229640,KR7229640008,LS에코에너지,KOSPI,,44300,2,-2950,-6.24,46250,46400,43950,105682,4719357525,1356682139700,30624879,STK
007310,KR7007310006,오뚜기,KOSPI,,336000,2,-500,-0.15,336500,340500,329000,6609,2226821000,1346630880000,4007830,STK
093370,KR7093370005,후성,KOSPI,,12530,2,-170,-1.34,12190,12690,12150,1086753,13538720110,1343909284900,107255330,STK
012630,KR7012630000,HDC,KOSPI,,22000,2,-350,-1.57,22150,22350,21700,49258,1089827175,1314317862000,59741721,STK
000815,KR7000811000,삼성화재우,KOSPI,,434000,2,-3000,-0.69,433500,439500,431000,5886,2565346500,1305046680000,3007020,STK
361610,KR7361610009,SK아이이테크놀로지,KOSPI,,15850,2,-290,-1.8,16330,16470,15810,590412,9512106635,1296325535000,81787100,STK
281820,KR7281820001,케이씨텍,KOSPI,,65100,2,-900,-1.36,63600,67000,62800,106966,6909709250,1288892831100,19798661,STK
415640,KR7415640002,KB발해인프라,KOSPI,,10490,2,-50,-0.47,10630,10680,10400,170079,1784763590,1285502798520,122545548,STK
066575,KR7066571001,LG전자우,KOSPI,,74300,2,-700,-0.93,73500,75400,73000,111698,8301105454,1276570515700,17181299,STK
005070,KR7005070008,코스모신소재,KOSPI,,38150,2,-2050,-5.1,38800,39600,38050,92925,3590672725,1267135883650,33214571,STK
003540,KR7003540002,대신증권,KOSPI,,26400,2,-500,-1.86,26700,26850,26200,63338,1678215700,1258385726400,47666126,STK
001740,KR7001740000,SK네트웍스,KOSPI,,6240,2,-400,-6.02,6540,6540,6220,1161968,7305425255,1251705867360,200593889,STK
192080,KR7192080000,더블유게임즈,KOSPI,,57500,2,-1000,-1.71,58100,58700,56300,46976,2722979150,1217474410000,21173468,STK
300720,KR7300720000,한일시멘트,KOSPI,,16390,2,-680,-3.98,16730,16820,16220,148670,2442151390,1205405975510,73545209,STK
004000,KR7004000006,롯데정밀화학,KOSPI,,45950,2,-1750,-3.67,47000,47200,45600,50694,2338406350,1185510000000,25800000,STK
001820,KR7001820000,삼화콘덴서,KOSPI,,111500,2,-1000,-0.89,107900,123000,107300,1236218,144593874500,1159042500000,10395000,STK
017960,KR7017960006,한국카본,KOSPI,,22150,2,-1700,-7.13,23100,23350,22150,216735,4894720600,1144634164900,51676486,STK
030610,KR7030610000,교보증권,KOSPI,,10000,2,-330,-3.19,10240,10300,9970,57039,574320250,1139629610000,113962961,STK
330590,KR7330590001,롯데리츠,KOSPI,,3860,1,10,0.26,3865,3955,3790,107311,418046545,1115419892240,288968884,STK
000080,KR7000080002,하이트진로,KOSPI,,15510,2,-90,-0.58,15420,15700,15380,90861,1414925375,1087772306610,70133611,STK
000210,KR7000210005,DL,KOSPI,,51200,1,600,1.19,49600,52000,49000,88555,4525434850,1072941260800,20955884,STK
032350,KR7032350001,롯데관광개발,KOSPI,,13390,1,200,1.52,12870,13650,12300,834089,11086229995,1067523882620,79725458,STK
003240,KR7003240009,태광산업,KOSPI,,933000,2,-20000,-2.1,949000,996000,932000,2227,2118798000,1038802200000,1113400,STK
006110,KR7006110001,삼아알미늄,KOSPI,,68300,2,-2600,-3.67,69200,72900,66000,199166,13847712600,1032931976500,15123455,STK
003090,KR7003090008,대웅,KOSPI,,17450,2,-340,-1.91,17400,17920,17300,51176,902516670,1014577551000,58141980,STK
003530,KR7003530003,한화투자증권,KOSPI,,4700,2,-230,-4.67,4820,4855,4700,912328,4333105202,1008374542500,214547775,STK
000370,KR7000370007,한화손해보험,KOSPI,,8580,2,-310,-3.49,8780,9040,8550,997601,8809476615,1001619890700,116738915,STK
006340,KR7006340004,대원전선,KOSPI,,12730,2,-550,-4.14,12800,13240,12730,1313493,16972279575,998215515680,78414416,STK
192400,KR7192400000,쿠쿠홀딩스,KOSPI,,27550,2,-350,-1.25,27950,27950,27250,15174,416277825,979738196750,35562185,STK
185750,KR7185750007,종근당,KOSPI,,69300,1,500,0.73,68800,70900,67300,88887,6217500150,956532654000,13802780,STK
006120,KR7006120000,SK디스커버리,KOSPI,,54900,1,2000,3.78,52500,55900,52100,43398,2362235350,956014929900,17413751,STK
051915,KR7051911006,LG화학우,KOSPI,,122900,2,-8200,-6.25,127500,131200,122900,19542,2454962150,944953520000,7688800,STK
030190,KR7030190003,NICE평가정보,KOSPI,,15950,2,-130,-0.81,15920,16350,15750,116923,1880925505,939638855650,58911527,STK
451800,KR7451800007,한화리츠,KOSPI,,5220,2,-60,-1.14,5230,5300,4995,136075,694904900,937512000000,179600000,STK
003570,KR7003570009,SNT다이내믹스,KOSPI,,28150,2,-750,-2.6,28900,28900,27900,61622,1742971000,936063420550,33252697,STK
077970,KR7077970002,STX엔진,KOSPI,,23200,2,-1650,-6.64,23850,23950,23200,132239,3117701525,931435061600,40148063,STK
034230,KR7034230003,파라다이스,KOSPI,,10040,2,-170,-1.67,10060,10300,9930,380434,3835413060,929998995280,92629382,STK
004490,KR7004490009,세방전지,KOSPI,,65500,2,-1600,-2.38,65400,67400,64700,91204,6014772400,907830000000,13860000,STK
005300,KR7005300009,롯데칠성,KOSPI,,97500,2,-1600,-1.61,98300,98800,97400,14861,1453747900,904691190000,9278884,STK
285130,KR7285130001,SK케미칼,KOSPI,,52200,2,-1900,-3.51,53600,54500,52100,72395,3844882400,902995585200,17298766,STK
003470,KR7003470002,유안타증권,KOSPI,,4675,2,-105,-2.2,4700,4790,4655,172061,806903940,900779476850,192680102,STK
009240,KR7009240003,한샘,KOSPI,,37750,2,-650,-1.69,38050,38250,37700,25131,952790725,888405782000,23533928,STK
009450,KR7009450008,경동나비엔,KOSPI,,60300,2,-1500,-2.43,61000,61400,60000,30852,1869113250,878486097600,14568592,STK
079160,KR7079160008,CJ CGV,KOSPI,,5290,2,-250,-4.51,5500,5560,5290,571374,3081195470,875932996130,165582797,STK
071055,KR7071051007,한국금융지주우,KOSPI,,149300,2,-3100,-2.03,148800,151100,147600,6481,967119400,874636874300,5858251,STK
195870,KR7195870001,해성디에스,KOSPI,,51400,2,-2400,-4.46,51900,57000,50800,95613,4957280800,873800000000,17000000,STK
003160,KR7003160009,디아이,KOSPI,,30600,1,3950,14.82,26450,31850,26250,2942808,89040041025,865980000000,28300000,STK
499790,KR7499790004,GS피앤엘,KOSPI,,43550,2,-1750,-3.86,45300,45300,43500,26683,1176152475,863633125550,19830841,STK
071320,KR7071320006,지역난방공사,KOSPI,,74300,2,-1400,-1.85,75400,75800,74000,4881,364609100,860300679200,11578744,STK
005180,KR7005180005,빙그레,KOSPI,,92800,1,1300,1.42,90400,93700,90400,84752,7857280100,860166076800,9269031,STK
005090,KR7005090006,SGC에너지,KOSPI,,54400,1,2400,4.62,50300,56100,49150,250839,13305091100,783867715200,14409333,STK
298050,KR7298050006,HS효성첨단소재,KOSPI,,174200,2,-2500,-1.41,174900,178000,171100,16702,2929784050,780406941600,4479948,STK
365550,KR7365550003,ESR켄달스퀘어리츠,KOSPI,,3120,2,-70,-2.19,3185,3270,2990,343079,1090573726,767797680000,246089000,STK
003850,KR7003850005,보령,KOSPI,,8860,2,-200,-2.21,9240,9240,8850,148737,1340175415,760074654020,85787207,STK
214320,KR7214320004,이노션,KOSPI,,18860,2,-170,-0.89,19010,19060,18840,35448,671634685,754400000000,40000000,STK
100090,KR7100090000,SK오션플랜트,KOSPI,,12000,2,-450,-3.61,12290,12350,11910,705428,8541614600,749737548000,62478129,STK
036530,KR7036530004,SNT홀딩스,KOSPI,,45400,2,-350,-0.77,45750,46800,44200,16254,729706300,740196424400,16303886,STK
000670,KR7000670000,영풍,KOSPI,,39900,2,-450,-1.12,39850,40250,38900,25176,998280075,734586251700,18410683,STK
137310,KR7137310009,에스디바이오센서,KOSPI,,6030,2,-160,-2.58,6250,6250,6000,144626,879861360,728117085060,120749102,STK
456040,KR7456040005,OCI,KOSPI,,78400,2,-2300,-2.85,79400,79700,76600,58275,4553227350,701875608000,8952495,STK
090460,KR7090460007,비에이치,KOSPI,,20250,2,-1750,-7.95,21100,21250,20000,1615862,33270589675,682658644500,33711538,STK
064960,KR7064960008,SNT모티브,KOSPI,,25700,2,-900,-3.38,26350,26350,25650,60572,1565675950,682084990400,26540272,STK
017940,KR7017940008,E1,KOSPI,,98600,1,600,0.61,97200,99000,96400,14335,1407021650,676396000000,6860000,STK
093050,KR7093050003,LF,KOSPI,,23100,2,-100,-0.43,22950,23200,22600,8489,194564800,675444000000,29240000,STK
094800,KR7094800000,맵스리얼티,KOSPI,,7220,1,10,0.14,7200,7230,7160,42754,307998550,670263869820,92834331,STK
317450,KR7317450005,명인제약,KOSPI,,45500,2,-300,-0.66,45150,45850,44850,14146,641878250,664300000000,14600000,STK
069260,KR7069260008,TKG휴켐스,KOSPI,,16160,2,-260,-1.58,16260,16380,16090,35113,567626960,660597982080,40878588,STK
293940,KR7293940003,신한알파리츠,KOSPI,,5380,2,-40,-0.74,5430,5490,5370,114521,620659130,650657861740,120940123,STK
268280,KR7268280005,미원에스씨,KOSPI,,129900,2,-3100,-2.33,130500,132600,128500,963,125584000,649500000000,5000000,STK
005880,KR7005880000,대한해운,KOSPI,,2010,2,-50,-2.43,2070,2075,2000,1539424,3113119636,648722153400,322747340,STK
002960,KR7002960003,한국쉘석유,KOSPI,,499000,1,1000,0.2,504000,505000,497000,910,454076500,648700000000,1300000,STK
000400,KR7000400002,롯데손해보험,KOSPI,,2090,2,-65,-3.02,2190,2190,2085,555184,1177830232,648602908800,310336320,STK
100840,KR7100840008,SNT에너지,KOSPI,,31350,2,-1450,-4.42,31150,32700,30400,290510,9138658875,648342547050,20680783,STK
001060,KR7001060003,JW중외제약,KOSPI,,27750,2,-1250,-4.31,28500,28500,27700,105334,2959277225,646184557500,23285930,STK
033240,KR7033240003,자화전자,KOSPI,,29850,2,-150,-0.5,29050,30900,29050,54180,1623891000,644924234700,21605502,STK
001680,KR7001680008,대상,KOSPI,,18570,2,-170,-0.91,18420,18700,18250,137564,2547750995,643413824250,34648025,STK
002990,KR7002990000,금호건설,KOSPI,,17100,1,600,3.64,16260,18840,15800,20237350,356281670590,637145555400,37259974,STK
001570,KR7001570001,금양,KOSPI,,9900,0,0,0.0,0,0,0,0,0,633275240400,63967196,STK
005690,KR7005690003,파미셀,KOSPI,,10550,2,-380,-3.48,10790,11020,10540,489341,5236982615,633042347700,60004014,STK
248070,KR7248070005,솔루엠,KOSPI,,13090,2,-370,-2.75,13300,13300,12820,105511,1370569240,625914529240,47816236,STK
000640,KR7000640003,동아쏘시오홀딩스,KOSPI,,92700,2,-500,-0.54,92300,93600,91300,8869,816839050,624105252900,6732527,STK
014820,KR7014820005,동원시스템즈,KOSPI,,21500,2,-1450,-6.32,22600,22650,21400,60813,1326052650,623312563000,28991282,STK
006380,KR7006380000,카프로,KOSPI,,3660,0,0,0.0,0,0,0,0,0,618539985360,168999996,STK
383800,KR7383800000,LX홀딩스,KOSPI,,8080,2,-190,-2.3,8250,8260,8070,62756,510873395,616347975200,76280690,STK
453340,KR7453340002,현대그린푸드,KOSPI,,18690,2,-210,-1.11,18700,18890,18580,17854,334083450,606893961030,32471587,STK
006650,KR7006650006,대한유화,KOSPI,,92000,2,-6600,-6.69,95600,98500,91900,39273,3673836750,598000000000,6500000,STK
108320,KR7108320003,LX세미콘,KOSPI,,36450,2,-1700,-4.46,37800,37800,36300,84118,3098136800,592833735000,16264300,STK
002350,KR7002350007,넥센타이어,KOSPI,,6050,2,-310,-4.87,6360,6360,6040,132605,814484660,590890655850,97667877,STK
114090,KR7114090004,GKL,KOSPI,,9470,2,-140,-1.46,9570,9680,9470,97742,935824295,585773194900,61855670,STK
0220W0,KR70220W0000,한화머시너리앤서비스홀딩스,KOSPI,,6890,2,-420,-5.75,7200,7200,6570,3103227,21315696170,582312036150,84515535,STK
001530,KR7001530005,DI동일,KOSPI,,28050,1,350,1.26,27700,28350,26700,69807,1956308450,581073169050,20715621,STK
058650,KR7058650003,세아홀딩스,KOSPI,,136900,2,-1300,-0.94,138200,138200,133600,753,102213900,580762108400,4242236,STK
003300,KR7003300001,한일홀딩스,KOSPI,,18810,1,90,0.48,18600,18930,18410,18763,348227750,579939461640,30831444,STK
002840,KR7002840007,미원상사,KOSPI,,128400,2,-9600,-6.96,132700,135000,128000,1837,241223000,577800000000,4500000,STK
00088K,KR700088K015,한화3우B,KOSPI,,38900,2,-450,-1.14,38950,39500,37950,24900,967885050,570920245700,14676613,STK
001510,KR7001510007,SK증권,KOSPI,,2430,2,-105,-4.14,2460,2600,2430,2610449,6447817646,562047056550,231295085,STK
075580,KR7075580001,세진중공업,KOSPI,,9880,2,-560,-5.36,10150,10260,9880,127286,1271544820,561672625280,56849456,STK
007700,KR7007700008,F&F홀딩스,KOSPI,,14250,2,-210,-1.45,14350,14440,14150,6949,98737280,557379729750,39114367,STK
001270,KR7001270008,부국증권,KOSPI,,53700,2,-1900,-3.42,55200,55900,53700,4130,223524100,556862878200,10369886,STK
178920,KR7178920005,PI첨단소재,KOSPI,,18930,2,-890,-4.49,19600,19600,18930,32359,621036475,555904475460,29366322,STK
025540,KR7025540006,한국단자,KOSPI,,54400,2,-1100,-1.98,54800,55400,54200,20785,1138184400,550256000000,10115000,STK
079900,KR7079900007,전진건설로봇,KOSPI,,37350,2,-1050,-2.73,36600,38650,36600,56266,2110577975,545031555750,14592545,STK
019170,KR7019170000,신풍제약,KOSPI,,10380,2,-120,-1.14,11210,11220,10250,1211055,12974529340,544104258360,52418522,STK
016380,KR7016380008,KG스틸,KOSPI,,5440,2,-80,-1.45,5460,5600,5420,142322,778155410,544048399680,100008897,STK
00104K,KR700104K010,CJ4우(전환),KOSPI,,127500,2,-2400,-1.85,129500,129500,119200,9067,1141465000,538880280000,4226512,STK
005810,KR7005810007,풍산홀딩스,KOSPI,,36950,2,-1100,-2.89,37800,37800,36850,24452,906907850,532718939400,14417292,STK
336370,KR7336370002,솔루스첨단소재,KOSPI,,7500,2,-450,-5.66,7750,7900,7100,66100,499399065,526592235000,70212298,STK
003620,KR7003620002,KG모빌리티,KOSPI,,2600,2,-70,-2.62,2640,2650,2600,519427,1357821218,526174771200,202374912,STK
284740,KR7284740008,쿠쿠홈시스,KOSPI,,23400,3,0,0.0,23150,23700,23050,8657,202490725,525033522000,22437330,STK
249420,KR7249420001,일동제약,KOSPI,,16490,1,1990,13.72,17300,18000,16090,3844701,65673039550,521714775480,31638252,STK
460860,KR7460860000,동국제강,KOSPI,,10290,2,-100,-0.96,10200,10580,10000,134434,1376214710,510466494930,49608017,STK
039130,KR7039130000,하나투어,KOSPI,,32600,2,-600,-1.81,32900,32950,32350,23696,773506075,504971783200,15489932,STK
161000,KR7161000005,애경케미칼,KOSPI,,10290,2,-610,-5.6,10760,10760,10290,227953,2389485795,500595215610,48648709,STK
003545,KR7003541000,대신증권우,KOSPI,,20350,2,-250,-1.21,20600,20600,20250,39509,806188625,496200846900,24383334,STK
009410,KR7009410002,태영건설,KOSPI,,1658,2,-13,-0.78,1668,1684,1630,171119,283473555,493404349324,297590078,STK
004690,KR7004690004,삼천리,KOSPI,,135700,1,1200,0.89,134000,135700,132000,7787,1045012600,492153638900,3626777,STK
448730,KR7448730002,삼성FN리츠,KOSPI,,5360,2,-170,-3.07,5530,5770,5260,72640,392801565,488028000000,91050000,STK
484870,KR7484870001,엠앤씨솔루션,KOSPI,,17700,2,-700,-3.8,18950,19270,17520,250807,4504978260,486072090000,27461700,STK
377740,KR7377740006,바이오노트,KOSPI,,4765,2,-35,-0.73,4780,4790,4720,32078,152141860,485487018720,101886048,STK
008060,KR7008060006,대덕,KOSPI,,15500,2,-490,-3.06,15850,20700,15030,125636,2017298440,484950019000,31287098,STK
001500,KR7001500008,현대차증권,KOSPI,,7840,2,-250,-3.09,8010,8070,7810,106659,842556870,484771064960,61833044,STK
145990,KR7145990008,삼양사,KOSPI,,47000,1,300,0.64,46850,47100,46050,8030,376171525,484732103000,10313449,STK
090435,KR7090431008,아모레퍼시픽우,KOSPI,,45250,2,-300,-0.66,45450,46100,45000,26728,1218614780,477741807500,10557830,STK
000070,KR7000070003,삼양홀딩스,KOSPI,,60900,2,-800,-1.3,61800,61800,60400,3901,237233800,472778331900,7763191,STK
002240,KR7002240000,고려제강,KOSPI,,17470,2,-150,-0.85,17430,17500,17090,16885,291974240,471690000000,27000000,STK
010780,KR7010780005,아이에스동서,KOSPI,,15610,2,-180,-1.14,15610,15680,15280,98883,1531964400,471218695360,30186976,STK
005250,KR7005250006,녹십자홀딩스,KOSPI,,9850,2,-120,-1.2,10240,10240,9850,57057,567529760,463227868500,47028210,STK
034310,KR7034310003,NICE,KOSPI,,12600,2,-650,-4.91,13180,13240,12600,36959,476338635,463140178200,36757157,STK
005945,KR7005941000,NH투자증권우,KOSPI,,23200,2,-400,-1.69,23550,23550,23100,26182,608743375,437806457600,18870968,STK
072710,KR7072710007,농심홀딩스,KOSPI,,94200,2,-800,-0.84,94300,94300,93000,1399,131200800,436879818000,4637790,STK
004700,KR7004700001,조광피혁,KOSPI,,65000,1,500,0.78,64800,65300,64200,459,29622400,432193970000,6649138,STK
014830,KR7014830004,유니드,KOSPI,,63500,2,-2900,-4.37,66000,66000,63500,12670,815505250,429742600000,6767600,STK
403550,KR7403550007,쏘카,KOSPI,,11320,2,-100,-0.88,11240,11370,11050,21301,237880600,429480143440,37939942,STK
002030,KR7002030005,아세아,KOSPI,,207500,2,-7000,-3.26,212500,214000,205500,1905,397393000,427211790000,2058852,STK
016590,KR7016590002,신대양제지,KOSPI,,10470,2,-80,-0.76,10470,10800,10150,12462,129089200,421918175400,40297820,STK
092230,KR7092230002,KPX홀딩스,KOSPI,,98900,2,-3100,-3.04,100300,102000,98000,3169,314570100,417817489400,4224646,STK
001200,KR7001200005,유진투자증권,KOSPI,,4300,2,-145,-3.26,4350,4410,4300,404896,1757269293,416525597400,96866418,STK
016610,KR7016610008,DB증권,KOSPI,,9800,2,-220,-2.2,9880,9970,9650,48902,478856800,415974612200,42446389,STK
017900,KR7017900002,광전자,KOSPI,,7170,2,-140,-1.92,7080,7320,7020,549070,3931652635,415456780710,57943763,STK
003030,KR7003030004,세아제강지주,KOSPI,,100200,2,-2100,-2.05,101100,101900,99700,12842,1289506650,414994031400,4141657,STK
009900,KR7009900002,명신산업,KOSPI,,7900,2,-600,-7.06,8090,8140,7880,132473,1062966835,414514050700,52470133,STK
005389,KR7005383005,현대차3우B,KOSPI,,177500,2,-10400,-5.53,187200,187200,176000,17791,3202875800,413122730000,2327452,STK
029460,KR7029460003,케이씨,KOSPI,,37400,2,-1750,-4.47,38900,38900,36900,44198,1666780975,412168009000,11020535,STK
002810,KR7002810000,삼영무역,KOSPI,,22300,2,-50,-0.22,22300,22300,22000,8202,181451700,411812940400,18466948,STK
003280,KR7003280005,흥아해운,KOSPI,,1712,1,23,1.36,1740,1845,1689,24279536,42545362539,411607427088,240424899,STK
192650,KR7192650000,드림텍,KOSPI,,6210,1,330,5.61,5800,6380,5710,857580,5341128330,409157208090,65886829,STK
452260,KR7452260003,한화갤러리아,KOSPI,,2100,2,-15,-0.71,2065,2190,2010,1564100,3334382328,407105181000,193859610,STK
357120,KR7357120005,코람코라이프인프라리츠,KOSPI,,4170,2,-15,-0.36,4185,4300,4070,101091,419649825,405888426180,97335354,STK
950210,KR8702070002,프레스티지바이오파마,KOSPI,,6720,1,200,3.07,6490,7000,6300,90825,609123105,403846161600,60096155,STK
004710,KR7004710000,한솔테크닉스,KOSPI,,7580,1,940,14.16,6510,7790,6440,2029327,14813302530,402648212860,53119817,STK
003000,KR7003000007,부광약품,KOSPI,,4065,2,-315,-7.19,4380,4545,4065,1166636,4969335671,401071887615,98664671,STK
344820,KR7344820006,KCC글라스,KOSPI,,24950,2,-400,-1.58,25300,25300,24850,7610,190313500,398464274400,15970512,STK
005420,KR7005420005,코스모화학,KOSPI,,10360,2,-1020,-8.96,10960,11100,10350,146553,1552619040,397909242080,38408228,STK
008730,KR7008730004,율촌화학,KOSPI,,16010,2,-290,-1.78,16000,16460,15820,75665,1214041115,397048000000,24800000,STK
317400,KR7317400000,자이에스앤디,KOSPI,,10150,2,-680,-6.28,10730,10830,9660,2032687,20802094410,393642578000,38782520,STK
306200,KR7306200007,세아제강,KOSPI,,138500,2,-1100,-0.79,139500,140800,137100,11461,1589198150,392827550000,2836300,STK
029530,KR7029530003,신도리코,KOSPI,,40150,2,-900,-2.19,40850,40850,40100,4303,173476150,390086519350,9715729,STK
0120G0,KR70120G0001,삼양바이오팜,KOSPI,,52100,2,-1400,-2.62,55400,57100,51500,124655,6771252500,387408827000,7435870,STK
130660,KR7130660004,한전산업,KOSPI,,11860,2,-390,-3.18,11980,12220,11830,212804,2548914305,386636000000,32600000,STK
001940,KR7001940006,KISCO홀딩스,KOSPI,,27250,2,-600,-2.15,27800,27900,27150,12120,332926150,386306355000,14176380,STK
271940,KR7271940009,일진하이솔루스,KOSPI,,10600,2,-220,-2.03,10860,11000,10600,28933,310307315,384919814000,36313190,STK
015360,KR7015360001,INVENI,KOSPI,,14050,2,-200,-1.4,14250,14250,13960,18963,266218000,382862500000,27250000,STK
194370,KR7194370003,제이에스코퍼레이션,KOSPI,,13150,2,-490,-3.59,13440,13710,13120,59289,786852325,381570367700,29016758,STK
006220,KR7006220008,제주은행,KOSPI,,10020,2,-130,-1.28,10220,10360,10020,369125,3750726165,378741541140,37798557,STK
183190,KR7183190008,아세아시멘트,KOSPI,,10440,2,-630,-5.69,11070,11070,10370,103992,1099548725,375613159680,35978272,STK
027410,KR7027410000,BGF,KOSPI,,3860,2,-70,-1.78,3920,3920,3825,55098,212712515,369466813260,95716791,STK
126560,KR7126560002,현대퓨처넷,KOSPI,,3380,2,-45,-1.31,3425,3435,3360,112456,381381454,369099515200,109201040,STK
007690,KR7007690001,국도화학,KOSPI,,39800,2,-150,-0.38,40150,40450,39000,34478,1376861700,368581113600,9260832,STK
105630,KR7105630008,한세실업,KOSPI,,9200,1,100,1.1,9030,9260,9000,154789,1419083630,368000000000,40000000,STK
017810,KR7017810003,풀무원,KOSPI,,9610,2,-300,-3.03,9850,9880,9550,27341,263062795,366338408620,38120542,STK
031430,KR7031430002,신세계인터내셔날,KOSPI,,10430,2,-420,-3.87,10800,10800,10430,88608,933187480,364903980000,34986000,STK
170900,KR7170900005,동아에스티,KOSPI,,37100,2,-650,-1.72,37550,37550,36750,4448,164522550,360904385100,9727881,STK
104700,KR7104700000,한국철강,KOSPI,,9890,1,30,0.3,9820,10050,9540,60719,603327280,360490500000,36450000,STK
060980,KR7060980000,HL홀딩스,KOSPI,,39650,2,-850,-2.1,40350,40350,39300,8775,348050025,359976283550,9078847,STK
005610,KR7005610001,삼립,KOSPI,,41100,2,-350,-0.84,41050,41600,40000,3701,152333100,354652269900,8629009,STK
089590,KR7089590004,제주항공,KOSPI,,4395,2,-90,-2.01,4415,4470,4370,85055,374782739,354417129075,80640985,STK
006405,KR7006401004,삼성SDI우,KOSPI,,214500,2,-11000,-4.88,220000,224000,212500,6744,1466583750,347038692000,1617896,STK
02826K,KR702826K016,삼성물산우B,KOSPI,,235500,2,-13000,-5.23,245000,248500,235500,4223,1019799000,345617445000,1467590,STK
024720,KR7024720005,콜마홀딩스,KOSPI,,10000,2,-150,-1.48,10050,10130,9940,36880,369278980,342962590000,34296259,STK
011760,KR7011760006,현대코퍼레이션,KOSPI,,25550,2,-200,-0.78,25600,25750,25100,17541,447204225,338000081300,13228966,STK
009160,KR7009160003,SIMPAC,KOSPI,,5100,2,-20,-0.39,4975,5130,4975,43968,222580355,333391936800,65370968,STK
002310,KR7002310001,아세아제지,KOSPI,,8450,2,-160,-1.86,8600,8650,8430,75055,637949175,333348359500,39449510,STK
011930,KR7011930005,신성이엔지,KOSPI,,16400,2,-450,-2.67,16590,16660,16110,68938,1133908850,333021384800,20306182,STK
097520,KR7097520001,엠씨넥스,KOSPI,,19120,2,-1630,-7.86,20600,20600,18990,50755,992207590,332716680000,17401500,STK
020000,KR7020000006,한섬,KOSPI,,15400,2,-500,-3.14,15800,15800,15400,69444,1078683435,330745707600,21476994,STK
092790,KR7092790005,넥스틸,KOSPI,,12680,2,-100,-0.78,12720,12850,12560,123916,1569641445,329705360000,26002000,STK
002020,KR7002020006,코오롱,KOSPI,,25100,2,-1250,-4.74,26000,26000,24850,23766,599961325,323982768000,12907680,STK
026890,KR7026890004,스틱인베스트먼트,KOSPI,,8350,2,-130,-1.53,8330,8510,8310,34257,288069885,323736488950,38770837,STK
025860,KR7025860008,남해화학,KOSPI,,6510,1,30,0.46,6500,6600,6370,605783,3921688025,323409267930,49678843,STK
005720,KR7005720008,넥센,KOSPI,,6100,2,-110,-1.77,6210,6290,6000,22866,139985220,320518259700,52543977,STK
123890,KR7123890006,한국자산신탁,KOSPI,,2605,2,-30,-1.14,2620,2640,2580,143822,374838906,318784077230,122373926,STK
145720,KR7145720009,덴티움,KOSPI,,36700,2,-650,-1.74,36950,37450,36450,9178,339059650,316496799700,8623891,STK
016800,KR7016800005,퍼시스,KOSPI,,27400,2,-400,-1.44,27500,27800,27250,576,15787650,315100000000,11500000,STK
015860,KR7015860000,일진홀딩스,KOSPI,,6360,2,-310,-4.65,6620,6620,6350,94424,607502440,313849991880,49347483,STK
200880,KR7200880003,서연이화,KOSPI,,11610,2,-530,-4.37,11950,11980,11600,49962,584433600,313800153570,27028437,STK
009290,KR7009290008,광동제약,KOSPI,,6290,2,-140,-2.18,6430,6430,6270,87507,552323665,313240792320,49799808,STK
018250,KR7018250001,애경산업,KOSPI,,11750,2,-310,-2.57,11990,12040,11700,52075,615817585,310316736250,26409935,STK
096760,KR7096760004,JW홀딩스,KOSPI,,4180,2,-25,-0.59,4140,4190,4140,68007,282978445,309006257560,73924942,STK
001230,KR7001230002,동국홀딩스,KOSPI,,1987,2,-38,-1.88,2015,2015,1930,270998,535280647,308993829705,155507715,STK
381970,KR7381970003,케이카,KOSPI,,6230,2,-200,-3.11,6380,6440,6220,70021,443271910,304153883040,48820848,STK
108670,KR7108670001,LX하우시스,KOSPI,,33900,2,-1050,-3.0,34400,34900,33300,21071,714311825,304004013000,8967670,STK
003350,KR7003350006,한국화장품제조,KOSPI,,13300,2,-640,-4.59,13640,14180,13240,792253,10877966485,301378000000,22660000,STK
078520,KR7078520004,에이블씨엔씨,KOSPI,,11560,2,-640,-5.25,11730,12010,11550,84307,994420295,300723701160,26014161,STK
272450,KR7272450008,진에어,KOSPI,,5740,2,-60,-1.03,5800,5800,5650,40855,233597820,299628000000,52200000,STK
126720,KR7126720002,수산인더스트리,KOSPI,,20950,2,-450,-2.1,21100,21200,20900,9937,208734900,299291700000,14286000,STK
005950,KR7005950001,이수화학,KOSPI,,11300,2,-1310,-10.39,12250,12370,11300,720644,8448248430,297124109700,26294169,STK
244920,KR7244920005,에이플러스에셋,KOSPI,,13100,2,-260,-1.95,13300,13350,13100,19545,258108410,296160778300,22607693,STK
012030,KR7012030003,DB,KOSPI,,1469,2,-102,-6.49,1538,1565,1463,605110,908557760,295524507577,201173933,STK
084010,KR7084010008,대한제강,KOSPI,,8590,2,-80,-0.92,8420,8680,8300,32573,273325960,295252009640,34371596,STK
001750,KR7001750009,한양증권,KOSPI,,19500,2,-220,-1.12,19680,19730,19420,2086,40817380,294634977000,15109486,STK
001390,KR7001390004,KG케미칼,KOSPI,,4420,2,-70,-1.56,4450,4500,4400,75012,332211890,293504071120,66403636,STK
034830,KR7034830000,한국토지신탁,KOSPI,,1159,2,-21,-1.78,1177,1177,1144,314584,364862682,292635017570,252489230,STK
000157,KR7000152009,두산2우B,KOSPI,,327000,2,-17000,-4.94,344000,344000,327000,166,55380500,292023426000,893038,STK
033270,KR7033270000,유나이티드제약,KOSPI,,18260,1,100,0.55,17900,18390,17900,47915,875108950,290530751500,15910775,STK
084690,KR7084690007,대상홀딩스,KOSPI,,7960,2,-50,-0.62,7970,7970,7760,22440,175819200,288251802480,36212538,STK
002900,KR7002900009,TYM,KOSPI,,6920,3,0,0.0,6860,6970,6720,95664,657936415,286488000000,41400000,STK
002710,KR7002710002,TCC스틸,KOSPI,,10850,2,-720,-6.22,11210,11330,10700,46513,515054750,284418612450,26213697,STK
091810,KR7091810002,트리니티항공,KOSPI,,2775,2,-45,-1.6,2820,2965,2760,120242,338748307,283344402525,102106091,STK
003960,KR7003960002,사조대림,KOSPI,,30700,2,-250,-0.81,30950,30950,30400,1773,54141100,281349136900,9164467,STK
010955,KR7010951002,S-Oil우,KOSPI,,69800,2,-100,-0.14,70500,71200,68800,19583,1374420250,280730504600,4021927,STK
334890,KR7334890001,이지스밸류플러스리츠,KOSPI,,4030,2,-20,-0.49,4035,4100,3900,121104,491227639,279878192490,69448683,STK
017390,KR7017390006,서울가스,KOSPI,,56000,2,-1200,-2.1,57000,57000,55500,3778,211166300,277200000000,4950000,STK
003120,KR7003120003,일성아이에스,KOSPI,,20550,2,-50,-0.24,20400,20700,20100,4251,86844950,273315000000,13300000,STK
037710,KR7037710001,광주신세계,KOSPI,,35700,2,-1300,-3.51,36200,36400,35150,43088,1545887950,272290040400,7627172,STK
004430,KR7004430005,송원산업,KOSPI,,11330,2,-320,-2.75,11630,11630,11250,101150,1148774700,271920000000,24000000,STK
058430,KR7058430000,포스코스틸리온,KOSPI,,4530,2,-215,-4.53,4690,4690,4500,272987,1242774098,271800000000,60000000,STK
122900,KR7122900004,아이마켓코리아,KOSPI,,8100,2,-120,-1.46,8220,8220,8090,43605,354515265,270773604000,33428840,STK
286940,KR7286940002,롯데이노베이트,KOSPI,,17810,2,-690,-3.73,18550,18550,17810,6733,121385590,269454026270,15129367,STK
010690,KR7010690006,화신,KOSPI,,7650,2,-290,-3.65,7800,7890,7650,174949,1352420655,267141136500,34920410,STK
010820,KR7010820009,퍼스텍,KOSPI,,5430,2,-230,-4.06,5550,5590,5420,196722,1081216945,264831623340,48771938,STK
000430,KR7000430009,대원강업,KOSPI,,4215,2,-155,-3.55,4315,4365,4200,99976,424751201,261330000000,62000000,STK
020120,KR7020120002,키다리스튜디오,KOSPI,,6990,2,-350,-4.77,7000,7170,6950,298904,2100127540,259075724340,37063766,STK
005430,KR7005430004,한국공항,KOSPI,,81200,1,800,1.0,80400,81500,76600,7228,575704100,257108026000,3166355,STK
105840,KR7105840003,우진,KOSPI,,12720,2,-260,-2.0,12510,13010,12340,104907,1334867420,256914362400,20197670,STK
004360,KR7004360004,세방,KOSPI,,13300,2,-330,-2.42,13560,13580,13270,16420,219545245,254237519900,19115603,STK
007160,KR7007160005,사조산업,KOSPI,,50200,2,-1500,-2.9,52300,52300,50100,2493,125899100,251000000000,5000000,STK
003920,KR7003920006,남양유업,KOSPI,,44000,2,-650,-1.46,44400,44650,43950,702,30980550,249631668000,5673447,STK
003070,KR7003070000,코오롱글로벌,KOSPI,,9790,1,20,0.2,9820,9850,9640,17627,171419320,248900558610,25423959,STK
217590,KR7217590009,티엠씨,KOSPI,,10330,2,-660,-6.01,10630,10850,10300,229668,2405501510,248893344250,24094225,STK
001790,KR7001790005,대한제당,KOSPI,,2885,2,-25,-0.86,2910,2935,2865,113487,327737510,248807924775,86241915,STK
005500,KR7005500004,삼진제약,KOSPI,,18660,2,-160,-0.85,19000,19040,18610,36205,678818140,248551200000,13320000,STK
008490,KR7008490005,서흥,KOSPI,,21400,2,-900,-4.04,21950,22000,21350,14095,304094825,247579018200,11569113,STK
298690,KR7298690009,에어부산,KOSPI,,1500,2,-25,-1.64,1501,1522,1500,36166,54460543,244372308000,162914872,STK
003200,KR7003200003,일신방직,KOSPI,,10570,2,-270,-2.49,10870,10870,10530,13950,148496100,242687200000,22960000,STK
004310,KR7004310009,현대약품,KOSPI,,7570,2,-720,-8.69,8580,9050,7500,12337071,101921983545,242240000000,32000000,STK
136490,KR7136490000,선진,KOSPI,,10150,2,-190,-1.84,10310,10310,10060,32051,325856125,241362980600,23779604,STK
005680,KR7005680004,삼영전자,KOSPI,,12050,2,-160,-1.31,12100,12220,11900,18199,219364420,241000000000,20000000,STK
025000,KR7025000001,KPX케미칼,KOSPI,,54700,2,-400,-0.73,55600,55700,54200,3575,195457250,239515382300,4378709,STK
044820,KR7044820009,코스맥스비티아이,KOSPI,,24800,2,-800,-3.13,25000,25500,24800,13153,329988350,238177240800,9603921,STK
404990,KR7404990004,신한서부티엔디리츠,KOSPI,,3855,2,-65,-1.66,3925,4115,3795,86591,333808134,237575400300,61627860,STK
226320,KR7226320000,잇츠한불,KOSPI,,10810,2,-390,-3.48,11000,11080,10800,26191,285216800,237055895150,21929315,STK
001460,KR7001460005,BYC,KOSPI,,37950,1,100,0.26,38500,38500,37100,767,28942850,237041392500,6246150,STK
000680,KR7000680009,LS네트웍스,KOSPI,,2995,2,-45,-1.48,3035,3035,2980,40726,122239010,236015032920,78803016,STK
0030R0,KR70030R0007,대신밸류리츠,KOSPI,,3930,2,-70,-1.75,4000,4025,3925,18282,73148176,234935400000,59780000,STK
030210,KR7030210009,다올투자증권,KOSPI,,3855,2,-60,-1.53,3890,3960,3855,58983,230390325,234812313630,60911106,STK
003650,KR7003650009,미창석유,KOSPI,,134800,2,-1500,-1.1,136300,136400,133300,1090,146836800,234507785600,1739672,STK
348950,KR7348950007,제이알글로벌리츠,KOSPI,,1182,0,0,0.0,0,0,0,0,0,233298432000,197376000,STK
475560,KR7475560009,더본코리아,KOSPI,,15650,2,-830,-5.04,16330,16330,15650,46714,744834040,232057730500,14827970,STK
000540,KR7000540005,흥국화재,KOSPI,,3610,2,-85,-2.3,3695,3745,3550,89018,325042893,231915948450,64242645,STK
900140,KYG5307W1015,엘브이엠씨홀딩스,KOSPI,,1197,2,-34,-2.76,1230,1230,1189,385851,464027130,231308797104,193240432,STK
000490,KR7000490003,대동,KOSPI,,7950,2,-300,-3.64,8170,8300,7950,305677,2482889185,229173576750,28826865,STK
002320,KR7002320000,한진,KOSPI,,14730,2,-430,-2.84,15040,15060,14730,24448,362921310,228589213680,15518616,STK
001470,KR7001470004,삼부토건,KOSPI,,5820,0,0,0.0,0,0,0,0,0,227794235460,39139903,STK
134380,KR7134380005,미원화학,KOSPI,,10310,3,0,0.0,10290,10350,10250,31139,320636510,226744530800,21992680,STK
034120,KR7034120006,SBS,KOSPI,,12180,2,-160,-1.3,12250,12250,12170,1693,20680040,225954078840,18551238,STK
009680,KR7009680000,모토닉,KOSPI,,10390,3,0,0.0,10390,10420,10260,5887,60674145,225806846660,21733094,STK
03473K,KR703473K016,SK우,KOSPI,,398000,2,-17000,-4.1,405500,408500,398000,2716,1093708500,225321730000,566135,STK
053690,KR7053690004,한미글로벌,KOSPI,,20550,2,-1150,-5.3,21100,21950,20550,207715,4356769700,225177652500,10957550,STK
000050,KR7000050005,경방,KOSPI,,8200,2,-150,-1.8,8350,8350,8100,15778,129006800,224805214000,27415270,STK
001340,KR7001340009,PKC,KOSPI,,4990,2,-200,-3.85,5150,5160,4990,71934,362860900,224690164110,45028089,STK
044450,KR7044450005,KSS해운,KOSPI,,9920,2,-40,-0.4,9950,10150,9800,44836,443063300,223969048000,22577525,STK
000320,KR7000320002,노루홀딩스,KOSPI,,16830,2,-360,-2.09,17000,17110,16710,3596,60794250,223690071330,13291151,STK
051905,KR7051901007,LG생활건강우,KOSPI,,106200,2,-2800,-2.57,109000,109700,106200,5593,598455600,222622705800,2096259,STK
092200,KR7092200005,디아이씨,KOSPI,,5710,2,-370,-6.09,5920,6020,5700,249673,1455547295,222053728990,38888569,STK
033920,KR7033920000,무학,KOSPI,,7780,2,-120,-1.52,7890,7890,7750,12516,97352410,221730000000,28500000,STK
432320,KR7432320000,KB스타리츠,KOSPI,,1452,1,3,0.21,1458,1478,1450,286956,420074210,218909741820,150764285,STK
001250,KR7001250000,GS글로벌,KOSPI,,2605,2,-95,-3.52,2630,2675,2600,264552,695213384,215000455220,82533764,STK
000480,KR7000480004,CR홀딩스,KOSPI,,4560,3,0,0.0,4530,4560,4455,18248,81841352,213820634400,46890490,STK
035150,KR7035150002,백산,KOSPI,,10810,2,-140,-1.28,10810,10950,10750,7109,77212230,213725363990,19771079,STK
000650,KR7000650002,천일고속,KOSPI,,148900,2,-1100,-0.73,150000,150000,144800,1434,210182000,212810858000,1429220,STK
298000,KR7298000001,효성화학,KOSPI,,56000,2,-1100,-1.93,56400,58300,55900,18623,1052352900,212341416000,3791811,STK
005010,KR7005010004,휴스틸,KOSPI,,3775,1,25,0.67,3755,3790,3700,110955,415645716,212109983125,56188075,STK
003555,KR7003551009,LG우,KOSPI,,70400,2,-1700,-2.36,71700,72000,70200,4926,350369600,211988409600,3011199,STK
003720,KR7003720000,삼영,KOSPI,,6080,2,-180,-2.88,6100,6220,6010,164548,998602370,206720000000,34000000,STK
011500,KR7011500006,한농화성,KOSPI,,13200,2,-940,-6.65,13900,13910,13200,83157,1123248925,206408954400,15637042,STK
003520,KR7003520004,영진약품,KOSPI,,1123,2,-25,-2.18,1140,1141,1120,291038,329203096,205388536913,182892731,STK
004980,KR7004980009,성신양회,KOSPI,,8330,2,-210,-2.46,8390,8410,8230,42734,354588065,204218888090,24516073,STK
088260,KR7088260005,이리츠코크렙,KOSPI,,3210,1,10,0.31,3165,3305,3165,93635,303350956,203326503900,63341590,STK
017860,KR7017860008,DS단석,KOSPI,,11440,2,-560,-4.67,11900,12000,11300,33757,393040120,203164550160,17759139,STK
100250,KR7100250000,진양홀딩스,KOSPI,,3165,2,-5,-0.16,3170,3175,3130,43994,138349290,202243500000,63900000,STK
001130,KR7001130004,대한제분,KOSPI,,11780,2,-40,-0.34,11760,11810,11600,14928,174124960,199082000000,16900000,STK
037270,KR7037270006,YG PLUS,KOSPI,,3120,2,-95,-2.95,3165,3230,3120,143763,453686847,198628903200,63663110,STK
039570,KR7039570007,HDC랩스,KOSPI,,7560,2,-110,-1.43,7580,7610,7550,6811,51590600,196239463560,25957601,STK
001630,KR7001630003,종근당홀딩스,KOSPI,,39100,2,-350,-0.89,39200,39500,39000,1714,67095550,195885565100,5009861,STK
053210,KR7053210001,스카이라이프,KOSPI,,4120,2,-10,-0.24,4125,4125,4075,29262,119854005,195794574600,47522955,STK
028100,KR7028100006,동아지질,KOSPI,,17440,2,-240,-1.36,17510,17610,17330,11634,203066190,195713720480,11222117,STK
377190,KR7377190004,디앤디플랫폼리츠,KOSPI,,2210,2,-10,-0.45,2220,2240,2190,165905,367219444,195364000000,88400000,STK
016580,KR7016580003,환인제약,KOSPI,,10440,1,150,1.46,10280,10500,10220,62697,652765925,194184730800,18600070,STK
095570,KR7095570008,AJ네트웍스,KOSPI,,4280,2,-115,-2.62,4395,4405,4110,82355,355638261,193681808520,45252759,STK
010580,KR7010580009,에스엠벡셀,KOSPI,,1738,2,-58,-3.23,1745,1875,1703,845770,1496975610,193355558880,111251760,STK
339770,KR7339770000,교촌에프앤비,KOSPI,,3840,2,-5,-0.13,3860,3860,3815,22457,86069450,191865907200,49965080,STK
013580,KR7013580006,계룡건설,KOSPI,,21250,2,-50,-0.23,20650,21250,20650,40607,853696775,189781773750,8930907,STK
117580,KR7117580001,대성에너지,KOSPI,,6850,2,-50,-0.72,7400,7400,6840,226238,1574017550,188375000000,27500000,STK
102260,KR7102260007,동성케미컬,KOSPI,,3700,2,-75,-1.99,3755,3785,3695,57648,215483810,187477486700,50669591,STK
003547,KR7003542008,대신증권2우B,KOSPI,,19500,2,-260,-1.32,19750,19810,19460,7183,140223385,187329987000,9606666,STK
000140,KR7000140004,하이트진로홀딩스,KOSPI,,8050,2,-140,-1.71,8190,8190,8000,1792,14432730,186814458250,23206765,STK
102460,KR7102460003,이연제약,KOSPI,,9950,3,0,0.0,9930,9970,9790,38098,376604145,184938769450,18586811,STK
033530,KR7033530007,SJG세종,KOSPI,,6830,2,-200,-2.84,6940,7050,6810,43505,299099300,184767202170,27052299,STK
007860,KR7007860000,서연,KOSPI,,7860,2,-170,-2.12,8000,8000,7790,24574,193230735,184551573840,23479844,STK
128820,KR7128820008,대성산업,KOSPI,,4060,2,-60,-1.46,4140,4140,4010,83802,340579757,183656040680,45235478,STK
016450,KR7016450009,한세예스24홀딩스,KOSPI,,4580,1,45,0.99,4525,4595,4485,16904,76883100,183200000000,40000000,STK
035510,KR7035510007,신세계 I&C,KOSPI,,13000,2,-170,-1.29,13020,13180,12920,31249,406298070,181751700000,13980900,STK
003220,KR7003220001,대원제약,KOSPI,,8100,1,130,1.63,8950,8960,8040,371679,3117172045,181663422300,22427583,STK
014710,KR7014710008,사조씨푸드,KOSPI,,10500,1,50,0.48,10300,10600,10220,4679,48872570,180794701500,17218543,STK
234080,KR7234080000,JW생명과학,KOSPI,,11390,3,0,0.0,11400,11400,11270,15825,179554915,180355570060,15834554,STK
002100,KR7002100006,경농,KOSPI,,9220,2,-20,-0.22,9240,9290,9200,32924,304262690,179998141500,19522575,STK
487570,KR7487570004,HS효성,KOSPI,,48150,3,0,0.0,48150,48150,47050,1879,89226850,179403385050,3725927,STK
213500,KR7213500002,한솔제지,KOSPI,,7530,2,-50,-0.66,7570,7580,7470,40118,301103455,179218337280,23800576,STK
241590,KR7241590009,화승엔터프라이즈,KOSPI,,2950,2,-45,-1.5,2950,2990,2905,16403,48055587,178738364200,60589276,STK
002420,KR7002420008,우양피앤엘,KOSPI,,5720,2,-10,-0.17,5790,5860,5650,10317,59225570,178280296480,31167884,STK
003610,KR7003610003,방림,KOSPI,,5540,1,40,0.73,5500,5580,5440,38660,212390840,177893710120,32110778,STK
000390,KR7000390005,SP삼화,KOSPI,,6510,2,-90,-1.36,6490,6550,6410,110263,715963960,177094583190,27203469,STK
025560,KR7025560004,미래산업,KOSPI,,6350,2,-150,-2.31,6310,6450,6150,298710,1881233680,176394605300,27778678,STK
002150,KR7002150001,도화엔지니어링,KOSPI,,5210,2,-50,-0.95,5260,5260,5130,21610,112016580,175681200000,33720000,STK
000300,KR7000300004,DH오토넥스,KOSPI,,4200,0,0,0.0,0,0,0,0,0,174035631000,41437055,STK
004560,KR7004560009,현대비앤지스틸,KOSPI,,11480,2,-140,-1.2,11610,11610,11370,15009,171746670,173104750280,15078811,STK
000700,KR7000700005,유수홀딩스,KOSPI,,6600,2,-10,-0.15,6610,6620,6380,17926,117010210,171875959200,26041812,STK
003460,KR7003460003,유화증권,KOSPI,,3030,2,-65,-2.1,3085,3085,3015,42409,128845802,171808317450,56702415,STK
013890,KR7013890009,지누스,KOSPI,,7710,1,10,0.13,7650,7740,7470,9952,76475110,169048018230,21925813,STK
005960,KR7005960000,동부건설,KOSPI,,7300,2,-200,-2.67,7660,7660,7260,40398,296213600,167510639900,22946663,STK
015230,KR7015230006,대창단조,KOSPI,,6130,2,-110,-1.76,6240,6240,6060,24488,149586780,166390390600,27143620,STK
004380,KR7004380002,삼익THK,KOSPI,,8000,2,-200,-2.44,8200,8230,7980,14530,116766620,165600000000,20700000,STK
002170,KR7002170009,SYTS,KOSPI,,55000,2,-2900,-5.01,57500,57500,55000,6469,366104200,165000000000,3000000,STK
001210,KR7001210004,금호전기,KOSPI,,13300,1,230,1.76,13300,14120,12500,7870787,105821309305,164601012800,12376016,STK
000860,KR7000860007,강남제비스코,KOSPI,,12600,3,0,0.0,12600,12600,12340,6214,77345500,163800000000,13000000,STK
101530,KR7101530004,해태제과식품,KOSPI,,5620,1,20,0.36,5600,5640,5580,12019,67348820,163636539640,29116822,STK
077500,KR7077500007,유니퀘스트,KOSPI,,7570,2,-90,-1.17,7550,7780,7400,119700,910424125,163512772140,21600102,STK
016880,KR7016880007,웅진,KOSPI,,2035,2,-60,-2.86,2075,2075,2000,52063,105156287,162651607800,79927080,STK
007570,KR7007570005,일양약품,KOSPI,,8460,2,-130,-1.51,8650,8750,8310,21011,178744930,161464717440,19085664,STK
097955,KR7097951008,CJ제일제당 우,KOSPI,,121600,2,-1800,-1.46,123400,123400,121500,2180,265799950,161415852800,1327433,STK
271980,KR7271980005,제일약품,KOSPI,,10890,2,-520,-4.56,12000,12450,10770,228920,2619137690,160136056080,14704872,STK
006805,KR7006801005,미래에셋증권우,KOSPI,,11810,2,-690,-5.52,12380,12380,11810,35045,417829665,158893310730,13454133,STK
090350,KR7090350000,노루페인트,KOSPI,,7930,2,-170,-2.1,8080,8080,7910,32209,256518575,158600000000,20000000,STK
460850,KR7460850001,동국씨엠,KOSPI,,5240,2,-80,-1.5,5300,5300,5190,13857,72128050,156668957440,29898656,STK
400760,KR7400760005,NH올원리츠,KOSPI,,2835,2,-35,-1.22,2865,2890,2810,86170,244246711,155724494625,54929275,STK
462520,KR7462520008,조선내화,KOSPI,,13070,2,-160,-1.21,13190,13230,13060,2299,30086130,154947045760,11855168,STK
011785,KR7011781002,금호석유화학우,KOSPI,,51100,2,-400,-0.78,51300,51600,50900,1720,87925600,154500134600,3023486,STK
00279K,KR700279K010,아모레퍼시픽홀딩스3우C,KOSPI,,21750,2,-600,-2.68,22100,22150,21750,4263,93598925,154255350000,7092200,STK
001780,KR7001780006,알루코,KOSPI,,1592,2,-49,-2.99,1627,1640,1592,267540,428554599,154153570144,96830132,STK
001045,KR7001041003,CJ우,KOSPI,,68000,2,-1500,-2.16,68900,69500,68000,4507,308567150,153695164000,2260223,STK
000970,KR7000970004,한국주철관,KOSPI,,6670,2,-40,-0.6,6660,6670,6630,3857,25663820,152079335000,22800500,STK
293480,KR7293480000,하나제약,KOSPI,,8520,2,-10,-0.12,8530,8580,8430,16336,139349470,151425499920,17772946,STK
003830,KR7003830007,대한화섬,KOSPI,,114000,2,-2200,-1.89,114300,119000,113300,213,24536700,151392000000,1328000,STK
071840,KR7071840003,롯데하이마트,KOSPI,,6400,2,-30,-0.47,6310,6430,6310,5742,36559250,151089356800,23607712,STK
107590,KR7107590002,미원홀딩스,KOSPI,,64400,1,500,0.78,63600,64400,63600,389,24907600,149408000000,2320000,STK
009470,KR7009470006,삼화전기,KOSPI,,22450,2,-550,-2.39,22400,23400,22100,23067,522481625,148480259000,6613820,STK
004970,KR7004970000,신라교역,KOSPI,,9270,2,-70,-0.75,9340,9390,9220,9043,83919200,148320000000,16000000,STK
272550,KR7272550005,삼양패키징,KOSPI,,9800,2,-60,-0.61,9860,9860,9680,12477,121532675,147670378800,15068406,STK
000020,KR7000020008,동화약품,KOSPI,,5160,2,-70,-1.34,5220,5240,5150,55818,289666115,144126385200,27931470,STK
004090,KR7004090007,한국석유,KOSPI,,11250,1,40,0.36,11700,12200,11170,937813,10920965965,142808850000,12694120,STK
025820,KR7025820002,이구산업,KOSPI,,4260,2,-150,-3.4,4330,4360,4250,138585,592500571,142462920000,33442000,STK
015890,KR7015890007,태경산업,KOSPI,,4810,2,-20,-0.41,4825,4840,4780,30609,147177780,140590287500,29228750,STK
001080,KR7001080001,만호제강,KOSPI,,3980,2,-75,-1.85,4120,4120,3955,20495,82028935,139757540800,35114960,STK
094280,KR7094280005,효성ITX,KOSPI,,12060,2,-80,-0.66,12010,12130,12010,3045,36820915,139391892000,11558200,STK
004150,KR7004150009,한솔홀딩스,KOSPI,,3395,2,-5,-0.15,3395,3400,3330,43930,147916910,139285374900,41026620,STK
003480,KR7003480001,한진중공업홀딩스,KOSPI,,4700,2,-90,-1.88,4800,4800,4650,34180,160546315,138790116400,29529812,STK
006060,KR7006060008,화승인더,KOSPI,,2475,2,-50,-1.98,2490,2520,2455,52703,130824345,136917000000,55320000,STK
002210,KR7002210003,동성제약,KOSPI,,1417,2,-63,-4.26,1480,1485,1417,85924,123556985,136909841419,96619507,STK
008350,KR7008350001,남선알미늄,KOSPI,,1045,2,-3,-0.29,1030,1057,1030,1074000,1128551120,134887649050,129079090,STK
081000,KR7081000002,일진다이아,KOSPI,,9490,2,-130,-1.35,9500,9700,9420,8964,85241185,134786232750,14202975,STK
004960,KR7004960001,한신공영,KOSPI,,11570,2,-230,-1.95,11600,11850,11470,15537,180260085,133873022140,11570702,STK
009270,KR7009270000,신원,KOSPI,,1164,1,27,2.37,1131,1239,1122,2324460,2712334764,133592737452,114770393,STK
214390,KR7214390007,경보제약,KOSPI,,5580,1,60,1.09,5510,5890,5390,153129,867797960,133400278800,23906860,STK
000520,KR7000520007,삼일제약,KOSPI,,6130,2,-70,-1.13,6110,6240,6030,35722,220243735,132970801430,21691811,STK
002390,KR7002390003,한독,KOSPI,,9630,1,30,0.31,9600,9640,9450,10195,97441660,132542822790,13763533,STK
013520,KR7013520002,화승코퍼레이션,KOSPI,,2640,2,-10,-0.38,2630,2670,2605,82831,218782471,132135305280,50051252,STK
012610,KR7012610002,경인양행,KOSPI,,3165,2,-55,-1.71,3200,3210,3160,70731,224821181,131715795225,41616365,STK
024090,KR7024090003,디씨엠,KOSPI,,11520,1,220,1.95,11185,12250,11185,17294,205483595,131328000000,11400000,STK
004080,KR7004080008,신흥,KOSPI,,14090,3,0,0.0,14020,14090,14010,5220,73315415,131037000000,9300000,STK
267290,KR7267290005,경동도시가스,KOSPI,,21850,2,-50,-0.23,21900,22000,21500,9848,214629575,128814621100,5895406,STK
214420,KR7214420002,토니모리,KOSPI,,5290,2,-260,-4.68,5370,5440,5290,63530,340714570,127249886710,24054799,STK
037560,KR7037560000,LG헬로비전,KOSPI,,1630,2,-18,-1.09,1643,1647,1595,154370,250014414,126238389950,77446865,STK
089470,KR7089470009,HDC현대EP,KOSPI,,3950,3,0,0.0,3945,3960,3875,53233,208265765,126005000000,31900000,STK
350520,KR7350520003,이지스레지던스리츠,KOSPI,,3415,1,5,0.15,3405,3425,3365,31360,106395755,125898079830,36866202,STK
014280,KR7014280002,금강공업,KOSPI,,4290,3,0,0.0,4290,4290,4195,26125,110164032,125822941530,29329357,STK
210540,KR7210540001,디와이파워,KOSPI,,11380,2,-150,-1.3,11600,11600,11300,30264,343859105,125654637040,11041708,STK
001360,KR7001360007,삼성제약,KOSPI,,1331,2,-31,-2.28,1379,1379,1325,173593,231548804,125329727149,94162079,STK
007540,KR7007540008,샘표,KOSPI,,43350,2,-850,-1.92,43900,43900,43350,1794,78102100,124665930000,2875800,STK
078000,KR7078000007,텔코웨어,KOSPI,,13470,2,-20,-0.15,13520,13530,13300,937,12554570,124463837190,9240077,STK
018470,KR7018470005,조일알미늄,KOSPI,,973,0,0,0.0,0,0,0,0,0,123212664533,126631721,STK
005800,KR7005800008,신영와코루,KOSPI,,13450,2,-30,-0.22,13480,13510,13350,1806,24201720,121050000000,9000000,STK
003010,KR7003010006,혜인,KOSPI,,9520,2,-1250,-11.61,10340,11100,9520,875189,8854981865,121025351440,12712747,STK
079430,KR7079430005,현대리바트,KOSPI,,6010,2,-30,-0.5,6020,6090,5930,36284,216647335,120886354020,20114202,STK
002620,KR7002620003,제일파마홀딩스,KOSPI,,7560,2,-40,-0.53,7600,7790,7370,2809,20935670,120758563800,15973355,STK
009070,KR7009070004,KCTC,KOSPI,,4020,2,-90,-2.19,4090,4095,4010,81931,331226971,120600000000,30000000,STK
011690,KR7011690005,와이투솔루션,KOSPI,,3275,2,-95,-2.82,3280,3455,3260,75424,250306925,120206890350,36704394,STK
227840,KR7227840006,현대코퍼레이션홀딩스,KOSPI,,13150,1,80,0.61,13070,13290,12960,23548,310031220,119675993400,9100836,STK
034590,KR7034590000,인천도시가스,KOSPI,,26750,3,0,0.0,26700,26750,26600,1589,42297800,117024669500,4374754,STK
011280,KR7011280005,태림포장,KOSPI,,1647,2,-3,-0.18,1650,1660,1614,8601,14022755,116617383180,70805940,STK
083420,KR7083420000,그린케미칼,KOSPI,,4840,2,-70,-1.43,4900,4950,4780,26024,125663875,116160000000,24000000,STK
002780,KR7002780005,진흥기업,KOSPI,,782,0,0,0.0,0,0,0,0,0,113758904590,145471745,STK
017550,KR7017550005,수산세보틱스,KOSPI,,1817,2,-19,-1.03,1819,1890,1800,133872,243361689,113379219210,62399130,STK
013570,KR7013570007,디와이,KOSPI,,4290,2,-40,-0.92,4295,4390,4280,59513,256932871,112911225570,26319633,STK
014530,KR7014530000,극동유화,KOSPI,,3230,3,0,0.0,3255,3260,3200,216310,697927360,112628226600,34869420,STK
016710,KR7016710006,대성홀딩스,KOSPI,,6990,2,-50,-0.71,7060,7060,6940,4187,29141705,112465318410,16089459,STK
001520,KR7001520006,동양,KOSPI,,1047,2,-46,-4.21,1091,1091,1047,93317,100071411,112156767504,107122032,STK
002460,KR7002460004,HS화성,KOSPI,,10890,2,-10,-0.09,10980,11200,10720,3057,33041290,110533500000,10150000,STK
004250,KR7004250007,NPC,KOSPI,,3010,2,-20,-0.66,3005,3050,2965,26706,80166630,110527200000,36720000,STK
023450,KR7023450000,동남합성,KOSPI,,31450,2,-150,-0.47,31600,31600,31050,674,21254150,110075000000,3500000,STK
012320,KR7012320008,경동인베스트,KOSPI,,46500,2,-1300,-2.72,46500,47750,46450,2348,109861500,109973569500,2365023,STK
008040,KR7008040008,사조동아원,KOSPI,,7770,1,1230,18.81,6890,8460,6890,581249,4565407250,109669354200,14114460,STK
078935,KR7078931003,GS우,KOSPI,,61600,2,-3200,-4.94,64800,64800,61500,6610,412868900,109628041600,1779676,STK
011810,KR7011810009,STX,KOSPI,,3530,0,0,0.0,0,0,0,0,0,109493282310,31017927,STK
001290,KR7001290006,상상인증권,KOSPI,,1010,0,0,0.0,0,0,0,0,0,109420491200,108337120,STK
008970,KR7008970006,KBI동양철관,KOSPI,,1053,2,-25,-2.32,1065,1080,1053,212460,226683278,109266553071,103766907,STK
092220,KR7092220003,KEC,KOSPI,,2710,2,-120,-4.24,2830,2830,2645,276573,748137040,108813621880,40152628,STK
010100,KR7010100006,한국무브넥스,KOSPI,,3530,2,-120,-3.29,3620,3620,3515,55674,196992200,107489982600,30450420,STK
016740,KR7016740003,두올,KOSPI,,3715,1,10,0.27,3705,3715,3550,27429,100589265,106523999160,28674024,STK
014580,KR7014580005,태경비케이,KOSPI,,3845,2,-55,-1.41,3905,3915,3810,44900,173131630,106057019500,27583100,STK
021820,KR7021820006,세원정공,KOSPI,,10580,1,480,4.75,10300,11270,10110,62177,667183430,105800000000,10000000,STK
012800,KR7012800009,대창,KOSPI,,1160,2,-30,-2.52,1187,1187,1157,311214,361930561,105722978840,91140499,STK
248170,KR7248170003,샘표식품,KOSPI,,23100,2,-400,-1.7,23500,23600,23050,4362,101522800,105527406600,4568286,STK
035000,KR7035000009,HS애드,KOSPI,,6490,2,-30,-0.46,6520,6530,6440,21458,139012425,105187609560,16207644,STK
120030,KR7120030002,조선선재,KOSPI,,83500,2,-400,-0.48,83100,83800,83000,73,6082500,105013858500,1257651,STK
027970,KR7027970003,한국제지,KOSPI,,2740,3,0,0.0,2740,2770,2715,12243,33351825,104202594560,38030144,STK
002450,KR7002450005,삼익악기,KOSPI,,1142,2,-20,-1.72,1162,1164,1132,105704,121044528,103386304930,90530915,STK
013700,KR7013700000,까뮤이앤씨,KOSPI,,1730,1,37,2.19,1684,1770,1625,1097740,1858655107,103368935900,59750830,STK
267850,KR7267850006,아시아나IDT,KOSPI,,9270,2,-70,-0.75,9330,9340,9220,4332,40121770,102897000000,11100000,STK
264900,KR7264900002,크라운제과,KOSPI,,8160,1,10,0.12,8140,8170,8090,1914,15572120,102194616000,12523850,STK
009580,KR7009580002,무림P&P,KOSPI,,1635,2,-6,-0.37,1659,1659,1618,22098,35942670,101972209740,62368324,STK
123690,KR7123690000,한국화장품,KOSPI,,6310,2,-230,-3.52,6480,6500,6310,47976,307328100,101389080000,16068000,STK
119650,KR7119650000,KC코트렐,KOSPI,,918,0,0,0.0,0,0,0,0,0,100782913662,109785309,STK
006660,KR7006660005,삼성공조,KOSPI,,12320,2,-410,-3.22,12490,12740,12160,130354,1607008305,100116188480,8126314,STK
006840,KR7006840003,AK홀딩스,KOSPI,,7550,1,50,0.67,7410,7550,7330,7958,58955280,100019085550,13247561,STK
070960,KR7070960000,모나용평,KOSPI,,2065,2,-35,-1.67,2050,2135,2050,52856,110312359,99395332645,48133333,STK
008260,KR7008260002,NI스틸,KOSPI,,3420,2,-160,-4.47,3560,3560,3410,111179,386925505,97812400140,28600117,STK
014790,KR7014790000,HL D&I,KOSPI,,2580,1,10,0.39,2565,2750,2450,65356,168117468,97675190580,37858601,STK
067830,KR7067830000,세이브존I&C,KOSPI,,2365,2,-80,-3.27,2420,2440,2360,69179,164389505,97061716675,41040895,STK
37550L,KR737550K029,DL이앤씨2우(전환),KOSPI,,45650,2,-1600,-3.39,47250,47250,45200,15313,696787500,96410563150,2111951,STK
012200,KR7012200002,계양전기,KOSPI,,3535,2,-85,-2.35,3550,3635,3460,168511,594034880,96232700515,27222829,STK
008700,KR7008700007,아남전자,KOSPI,,1242,1,16,1.31,1229,1268,1200,448114,558596810,95789026440,77124820,STK
417310,KR7417310000,코람코더원리츠,KOSPI,,2360,2,-10,-0.42,2355,2370,2350,385601,909355687,95344000000,40400000,STK
001020,KR7001020007,페이퍼코리아,KOSPI,,2675,1,205,8.3,2425,2700,2420,42628,111608615,95221070850,35596662,STK
032560,KR7032560005,황금에스티,KOSPI,,5600,2,-70,-1.23,5620,5650,5570,31786,178029155,95200000000,17000000,STK
004100,KR7004100004,태양금속,KOSPI,,2575,2,-25,-0.96,2580,2640,2550,206340,532927060,94502500000,36700000,STK
014440,KR7014440002,영보화학,KOSPI,,4700,3,0,0.0,4700,4720,4655,16299,76523890,94000000000,20000000,STK
007210,KR7007210008,벽산,KOSPI,,1425,2,-24,-1.66,1442,1449,1410,111181,158512940,93138000000,65360000,STK
019180,KR7019180009,티에이치엔,KOSPI,,5100,2,-150,-2.86,5180,5180,5050,75122,384746435,91800000000,18000000,STK
036580,KR7036580009,팜스코,KOSPI,,2485,2,-40,-1.58,2490,2520,2455,16600,41073530,91268938355,36727943,STK
002200,KR7002200004,한국수출포장,KOSPI,,2710,3,0,0.0,2720,2745,2680,42210,114256705,90784840110,33499941,STK
001275,KR7001271006,부국증권우,KOSPI,,30150,2,-150,-0.5,30050,30300,30050,407,12272450,90450000000,3000000,STK
058850,KR7058850009,KTcs,KOSPI,,2175,2,-35,-1.58,2195,2210,2165,82943,181612217,90054678750,41404450,STK
058860,KR7058860008,KTis,KOSPI,,2580,3,0,0.0,2580,2580,2535,27779,70917775,89789160000,34802000,STK
363280,KR7363280009,티와이홀딩스,KOSPI,,1967,2,-1,-0.05,1965,1967,1947,2182,4283466,89493254011,45497333,STK
023000,KR7023000003,삼원강재,KOSPI,,2210,3,0,0.0,2210,2230,2180,23237,51199750,87825302760,39739956,STK
004890,KR7004890000,동일산업,KOSPI,,36050,2,-750,-2.04,36400,36400,35550,13244,476612800,87429000750,2425215,STK
025620,KR7025620006,차AI헬스케어,KOSPI,,4780,2,-240,-4.78,4980,5000,4770,12352,59929119,87014990940,18203973,STK
139990,KR7139990006,아주스틸,KOSPI,,2240,2,-40,-1.75,2280,2300,2195,30570,67756560,86812127360,38755414,STK
004140,KR7004140000,동방,KOSPI,,1787,2,-35,-1.92,1836,1856,1778,123849,221959536,85725545842,47971766,STK
023800,KR7023800006,인지컨트롤스,KOSPI,,5400,2,-60,-1.1,5390,5430,5320,33607,180461220,85369663800,15809197,STK
006090,KR7006090005,사조오양,KOSPI,,9040,2,-220,-2.38,9260,9260,9020,1636,14861620,85181560560,9422739,STK
005740,KR7005740006,크라운해태홀딩스,KOSPI,,5650,2,-30,-0.53,5660,5670,5570,42592,238298520,83887510550,14847347,STK
084680,KR7084680008,이월드,KOSPI,,589,1,31,5.56,556,619,541,1040403,609068067,83523847677,141806193,STK
111380,KR7111380002,동인기연,KOSPI,,13580,2,-20,-0.15,13600,13600,13320,3570,48115980,83218240000,6128000,STK
096775,KR7096771001,SK이노베이션우,KOSPI,,66600,2,-1000,-1.48,67700,68400,65800,4428,298709550,83145171600,1248426,STK
002600,KR7002600005,조흥,KOSPI,,137900,3,0,0.0,137900,137900,136200,6,822100,82740000000,600000,STK
003580,KR7003580008,HLB글로벌,KOSPI,,1628,1,51,3.23,1564,1675,1550,178515,289601673,82480186140,50663505,STK
109070,KR7109070003,주성코퍼레이션,KOSPI,,1550,0,0,0.0,0,0,0,0,0,81855856500,52810230,STK
007980,KR7007980006,TP,KOSPI,,1739,3,0,0.0,1739,1739,1712,91532,157462284,81554491650,46897350,STK
069730,KR7069730000,DSR제강,KOSPI,,5640,1,20,0.36,5620,5640,5340,16712,93121550,81216000000,14400000,STK
013360,KR7013360003,일성건설,KOSPI,,1490,2,-4,-0.27,1490,1563,1461,563158,853779970,80497071200,54024880,STK
019680,KR7019680008,대교,KOSPI,,1000,0,0,0.0,0,0,0,0,0,80467700000,80467700,STK
055490,KR7055490007,테이팩스,KOSPI,,16700,2,-150,-0.89,16170,17470,16170,31208,521835175,79937055000,4786650,STK
002220,KR7002220002,한일철강,KOSPI,,2990,2,-30,-0.99,3000,3040,2925,71813,213452830,79825405400,26697460,STK
058730,KR7058730003,다스코,KOSPI,,3940,1,375,10.52,3590,4340,3505,14580630,58434587232,79789928940,20251251,STK
000105,KR7000101006,유한양행우,KOSPI,,69300,2,-1400,-1.98,70700,71700,69200,841,58679900,79579962000,1148340,STK
001260,KR7001260009,남광토건,KOSPI,,8030,1,400,5.24,7560,8450,7490,237175,1922722785,78955553160,9832572,STK
33626K,KR733626K013,두산퓨얼셀1우,KOSPI,,5900,2,-30,-0.51,5970,6010,5470,28841,164997700,78848780000,13364200,STK
004840,KR7004840005,DRB동일,KOSPI,,4085,2,-190,-4.44,4215,4220,3995,92285,374979650,78727606940,19272364,STK
210980,KR7210980009,SK디앤디,KOSPI,,4220,1,570,15.62,3760,4745,3760,6280574,27643990545,78565352040,18617382,STK
009180,KR7009180001,한솔로지스틱스,KOSPI,,2790,2,-35,-1.24,2825,2825,2765,42990,119921854,78554751750,28155825,STK
000850,KR7000850008,화천기공,KOSPI,,35700,3,0,0.0,35300,35950,33000,28231,988746000,78540000000,2200000,STK
163560,KR7163560006,동일고무벨트,KOSPI,,5600,2,-110,-1.93,5700,5700,5590,23926,134650900,77840000000,13900000,STK
005750,KR7005750005,대림바스,KOSPI,,4665,2,-85,-1.79,4745,4775,4665,49244,232524980,77402799600,16592240,STK
000590,KR7000590000,CS홀딩스,KOSPI,,66400,2,-200,-0.3,66300,66400,65900,132,8732300,76657604800,1154482,STK
007590,KR7007590003,동방아그로,KOSPI,,5600,3,0,0.0,5600,5620,5560,3119,17421910,76258431200,13617577,STK
010960,KR7010960003,삼호개발,KOSPI,,3155,1,65,2.1,3075,3240,3025,545551,1726595176,76098600000,24120000,STK
000230,KR7000230003,일동홀딩스,KOSPI,,6550,1,50,0.77,7100,7760,6410,526335,3749742845,75589620000,11540400,STK
063160,KR7063160006,종근당바이오,KOSPI,,13730,2,-370,-2.62,13950,14100,13710,5874,81670645,75322258260,5485962,STK
011700,KR7011700002,한신기계,KOSPI,,2320,2,-75,-3.13,2385,2395,2315,67598,158192847,75275070320,32446151,STK
014160,KR7014160006,대영포장,KOSPI,,688,1,1,0.15,683,698,681,101041,69311203,74575449712,108394549,STK
013870,KR7013870001,지엠비코리아,KOSPI,,3860,2,-130,-3.26,3955,4000,3860,19312,75582599,73619000800,19072280,STK
015590,KR7015590003,DKME,KOSPI,,1371,2,-99,-6.73,1474,1474,1370,109240,152421429,73206338268,53396308,STK
002720,KR7002720001,국제약품,KOSPI,,3415,2,-20,-0.58,3510,3510,3405,76653,264527762,72260826280,21159832,STK
095720,KR7095720009,웅진씽크빅,KOSPI,,1269,2,-10,-0.78,1254,1279,1246,38838,48848757,72113570865,56827085,STK
155660,KR7155660004,DSR,KOSPI,,4500,1,65,1.47,4340,4600,4340,14773,66079075,72000000000,16000000,STK
338100,KR7338100001,NH프라임리츠,KOSPI,,3855,2,-10,-0.26,3890,3890,3840,32524,125331880,71934300000,18660000,STK
011150,KR7011150000,CJ씨푸드,KOSPI,,2000,2,-50,-2.44,2050,2050,1997,49586,99792580,71861546000,35930773,STK
000180,KR7000180000,성창기업지주,KOSPI,,5150,2,-60,-1.15,5150,5250,5070,10879,55769405,71844148000,13950320,STK
007610,KR7007610009,선도전기,KOSPI,,3990,2,-30,-0.75,3945,4010,3880,65410,259199680,71820000000,18000000,STK
004720,KR7004720009,팜젠사이언스,KOSPI,,3160,2,-90,-2.77,3205,3205,3130,8175,25852605,71587793400,22654365,STK
002795,KR7002791002,아모레퍼시픽홀딩스우,KOSPI,,11190,2,-40,-0.36,11110,11220,11030,4049,44942390,71405314680,6381172,STK
031820,KR7031820004,아이티센씨티에스,KOSPI,,5840,2,-80,-1.35,5880,6000,5800,15993,93863730,70694052640,12105146,STK
0220WL,KR70220WK021,한화머시너리앤서비스홀딩스3우B,KOSPI,,2970,2,-70,-2.3,3000,3005,2785,1205299,3481755103,70208245800,23639140,STK
120115,KR7120111000,코오롱인더우,KOSPI,,25200,2,-150,-0.59,25300,25350,24650,5075,126164125,69750072000,2767860,STK
009770,KR7009770009,삼정펄프,KOSPI,,27900,1,150,0.54,27850,27900,27600,357,9893650,69749190900,2499971,STK
001560,KR7001560002,제일연마,KOSPI,,9080,2,-90,-0.98,9010,9090,8990,40591,368517970,69008000000,7600000,STK
079980,KR7079980009,휴비스,KOSPI,,1993,2,-12,-0.6,2005,2010,1985,36136,71972397,68758500000,34500000,STK
084670,KR7084670009,동양고속,KOSPI,,23700,2,-1100,-4.44,24800,24800,23600,7371,176898200,68624985300,2895569,STK
007280,KR7007280001,한국특강,KOSPI,,2395,1,35,1.48,2395,2440,2325,10777,25558230,68608463300,28646540,STK
085310,KR7085310001,엔케이,KOSPI,,9220,2,-240,-2.54,9220,9410,8900,25628,236796500,68394642280,7418074,STK
002700,KR7002700003,신일전자,KOSPI,,994,2,-7,-0.7,998,998,989,301420,299282099,68136235874,68547521,STK
018500,KR7018500009,동원모빌리티,KOSPI,,1447,2,-10,-0.69,1435,1450,1420,46855,66936396,67654388051,46754933,STK
010040,KR7010040004,한국내화,KOSPI,,1620,1,22,1.38,1598,1658,1572,52529,85732009,66528640440,41067062,STK
004770,KR7004770004,써니전자,KOSPI,,1865,2,-510,-21.47,2410,2430,1850,6412059,12756153758,66221371870,35507438,STK
017370,KR7017370008,우신시스템,KOSPI,,3605,2,-65,-1.77,3720,3775,3565,12340,44379433,66022164670,18314054,STK
004440,KR7004440004,삼일씨엔에스,KOSPI,,5130,2,-230,-4.29,5250,5360,5130,30531,159045970,65314888110,12731947,STK
016090,KR7016090003,대현,KOSPI,,1467,2,-3,-0.2,1470,1470,1448,119780,174563981,64962148770,44282310,STK
100220,KR7100220003,비상교육,KOSPI,,4955,2,-10,-0.2,4960,4960,4865,20289,99706955,64398851655,12996741,STK
009200,KR7009200007,무림페이퍼,KOSPI,,1526,2,-16,-1.04,1542,1553,1507,14181,21496814,63495807060,41609310,STK
068290,KR7068290006,삼성출판사,KOSPI,,6340,2,-120,-1.86,6460,6480,6270,10800,68555570,63400000000,10000000,STK
010660,KR7010660009,화천기계,KOSPI,,2870,2,-20,-0.69,2865,2930,2835,55952,159985069,63140000000,22000000,STK
214330,KR7214330003,금호에이치티,KOSPI,,6030,2,-230,-3.67,6180,6300,5960,168144,1022497490,63055281870,10456929,STK
014990,KR7014990006,인디에프,KOSPI,,4170,1,160,3.99,4295,4795,3900,6080081,26350863645,62644237830,15022599,STK
005870,KR7005870001,휴니드,KOSPI,,4405,2,-150,-3.29,4555,4555,4310,45743,199392192,62181046075,14116015,STK
071090,KR7071090005,하이스틸,KOSPI,,3060,2,-10,-0.33,3115,3130,3020,46059,140614215,61785901260,20191471,STK
000220,KR7000220004,유유제약,KOSPI,,3880,2,-60,-1.52,3940,3940,3830,50351,195433895,61100152560,15747462,STK
002760,KR7002760007,보락,KOSPI,,1017,2,-9,-0.88,1018,1026,1004,54600,55663205,60918300000,59900000,STK
072130,KR7072130008,유엔젤,KOSPI,,4795,1,10,0.21,4785,4835,4710,15733,74993225,60874701930,12695454,STK
396690,KR7396690000,미래에셋글로벌리츠,KOSPI,,1529,1,7,0.46,1522,1538,1507,13541,20689287,60557482260,39605940,STK
006890,KR7006890008,태경케미컬,KOSPI,,5150,2,-90,-1.72,5240,5250,5110,17199,88515540,59740000000,11600000,STK
001550,KR7001550003,조비,KOSPI,,11310,1,200,1.8,11200,12010,11060,369176,4234368590,58724223090,5192239,STK
092440,KR7092440007,기신정기,KOSPI,,2005,1,5,0.25,1999,2025,1997,13802,27605710,58546000000,29200000,STK
001465,KR7001461003,BYC우,KOSPI,,27050,2,-100,-0.37,26700,27300,26700,1958,52990800,58261642500,2153850,STK
111110,KR7111110003,호전실업,KOSPI,,6420,2,-30,-0.47,6350,6450,6350,3723,23815900,58203720000,9066000,STK
004450,KR7004450003,삼화왕관,KOSPI,,26950,1,200,0.75,26400,27050,26050,19406,514625350,58060514050,2154379,STK
009190,KR7009190000,대양금속,KOSPI,,1315,2,-55,-4.01,1371,1376,1299,717961,913079446,57841951625,43986275,STK
003465,KR7003461001,유화증권우,KOSPI,,3240,1,195,6.4,3035,3240,3035,708,2153200,56623617000,17476425,STK
075180,KR7075180000,새론오토모티브,KOSPI,,2945,2,-10,-0.34,2955,2995,2905,8002,23542690,56544000000,19200000,STK
129260,KR7129260006,인터지스,KOSPI,,1900,2,-27,-1.4,1920,1922,1893,44090,83992793,56520960600,29747874,STK
101140,KR7101140002,인바이오젠,KOSPI,,5600,1,30,0.54,5570,5660,5360,1841,10159420,56247609600,10044216,STK
378850,KR7378850002,화승알앤에이,KOSPI,,2945,2,-95,-3.13,3000,3000,2900,60112,176637656,55936219735,18993623,STK
003925,KR7003921004,남양유업우,KOSPI,,29550,2,-300,-1.01,29900,29900,29350,626,18499600,55883452950,1891149,STK
011390,KR7011390002,부산산업,KOSPI,,52900,1,2200,4.34,50600,55600,48850,33528,1781341450,55862400000,1056000,STK
020760,KR7020760005,일진디스플,KOSPI,,902,0,0,0.0,0,0,0,0,0,55503470462,61533781,STK
024900,KR7024900003,디와이덕양,KOSPI,,1698,2,-16,-0.93,1714,1714,1690,26997,45937156,55295336040,32564980,STK
007815,KR7007811003,코리아써우,KOSPI,,18610,2,-490,-2.57,19040,19040,18610,286,5344500,55172880900,2964690,STK
003475,KR7003471000,유안타증권우,KOSPI,,4285,2,-55,-1.27,4315,4315,4245,9715,41463660,54896720450,12811370,STK
000725,KR7000721001,현대건설우,KOSPI,,51700,2,-1500,-2.82,53200,53200,51650,1008,52491300,54527628100,1054693,STK
025530,KR7025530007,SJM홀딩스,KOSPI,,3640,1,20,0.55,3620,3650,3565,4806,17394390,54359789120,14934008,STK
012690,KR7012690004,모나리자,KOSPI,,1483,2,-54,-3.51,1524,1536,1482,242651,367478420,54235171165,36571255,STK
002630,KR7002630002,오리엔트바이오,KOSPI,,913,1,73,8.69,840,923,810,756601,671796117,54133141326,59291502,STK
000950,KR7000950006,전방,KOSPI,,32150,2,-2100,-6.13,33500,33500,32100,793,25712400,54012000000,1680000,STK
090080,KR7090080003,평화산업,KOSPI,,975,2,-9,-0.91,971,983,971,29523,28813361,53529702525,54902259,STK
002410,KR7002410009,범양건영,KOSPI,,1935,0,0,0.0,0,0,0,0,0,53173451700,27479820,STK
123700,KR7123700007,SJM,KOSPI,,3400,1,10,0.29,3345,3465,3345,3617,12230795,53056653200,15604898,STK
021050,KR7021050000,서원,KOSPI,,1115,2,-19,-1.68,1120,1120,1087,116155,128738738,52934167850,47474590,STK
010770,KR7010770006,평화홀딩스,KOSPI,,3605,2,-20,-0.55,3645,3645,3590,14416,51965510,52724804930,14625466,STK
005305,KR7005301007,롯데칠성우,KOSPI,,67000,2,-600,-0.89,67600,67600,66700,508,34021600,51945770000,775310,STK
004830,KR7004830006,덕성,KOSPI,,3310,2,-90,-2.65,3345,3415,3300,43359,144348845,51900800000,15680000,STK
006880,KR7006880009,신송홀딩스,KOSPI,,4370,2,-80,-1.8,4435,4460,4355,19533,86009820,51692109460,11828858,STK
002140,KR7002140002,고려산업,KOSPI,,2070,2,-75,-3.5,2195,2290,2060,1392640,3031571945,51624609750,24939425,STK
37550K,KR737550K011,DL이앤씨우,KOSPI,,24400,2,-200,-0.81,24650,24650,24050,3914,95150100,51578794000,2113885,STK
023810,KR7023810005,인팩,KOSPI,,5130,2,-20,-0.39,5180,5180,5050,13155,67045360,51300000000,10000000,STK
007460,KR7007460009,에이프로젠,KOSPI,,2060,2,-100,-4.63,2135,2135,2055,212600,444360503,51141463180,24825953,STK
006125,KR7006121008,SK디스커버리우,KOSPI,,41500,1,400,0.97,41050,42100,40850,4684,195016150,51115757500,1231705,STK
372910,KR7372910000,한컴라이프케어,KOSPI,,1827,2,-30,-1.62,1857,1883,1811,52957,96562720,50561139762,27674406,STK
003780,KR7003780004,진양산업,KOSPI,,3885,2,-30,-0.77,3855,3915,3830,34185,132058680,50505000000,13000000,STK
28513K,KR728513K010,SK케미칼우,KOSPI,,23850,3,0,0.0,23900,24100,23500,2855,67383250,50452981650,2115429,STK
004410,KR7004410007,서울식품,KOSPI,,1270,1,11,0.87,1296,1296,1205,130856,165728247,50107866510,39455013,STK
011230,KR7011230000,삼화전자,KOSPI,,2585,3,0,0.0,2530,2665,2510,177576,461101105,49543554225,19165785,STK
001620,KR7001620004,케이비아이동국실업,KOSPI,,2200,1,40,1.85,2180,2200,2135,24754,53488970,48968933200,22258606,STK
006980,KR7006980007,우성,KOSPI,,15790,3,0,0.0,15800,15800,15520,425,6674370,48791100000,3090000,STK
011000,KR7011000007,진원생명과학,KOSPI,,2670,0,0,0.0,0,0,0,0,0,48531471270,18176581,STK
004920,KR7004920005,씨아이테크,KOSPI,,919,2,-6,-0.65,926,926,907,131364,120296035,47953302368,52179872,STK
041650,KR7041650003,상신브레이크,KOSPI,,2225,2,-25,-1.11,2240,2240,2220,7758,17248060,47773976250,21471450,STK
027740,KR7027740000,마니커,KOSPI,,1504,2,-62,-3.96,1558,1558,1468,102664,154599198,47760443456,31755614,STK
009320,KR7009320003,아진전자부품,KOSPI,,968,2,-1,-0.1,970,970,939,99772,94592540,47722177360,49299770,STK
35320K,KR735320K011,대덕전자1우,KOSPI,,22700,2,-650,-2.78,23300,23300,22350,2267,51627250,47568281300,2095519,STK
014910,KR7014910004,성문전자,KOSPI,,2170,1,90,4.33,1961,2210,1961,459773,989703912,47430247690,21857257,STK
357250,KR7357250000,미래에셋맵스리츠,KOSPI,,1886,2,-14,-0.74,1906,1906,1860,35211,66311311,47140768030,24995105,STK
002920,KR7002920007,유성기업,KOSPI,,1807,1,12,0.67,1796,1830,1796,4484,8122052,46887132500,25947500,STK
084870,KR7084870005,TBH글로벌,KOSPI,,2285,1,5,0.22,2280,2295,2170,23168,51463945,46747114960,20458256,STK
007110,KR7007110000,일신석재,KOSPI,,603,1,1,0.17,619,731,594,7195740,4700705176,46706335830,77456610,STK
069460,KR7069460004,대호에이엘,KOSPI,,2660,0,0,0.0,0,0,0,0,0,46322277400,17414390,STK
004060,KR7004060000,SG세계물산,KOSPI,,2280,1,35,1.56,2230,2330,2200,86350,195881501,46152890880,20242496,STK
480370,KR7480370006,씨케이솔루션,KOSPI,,1420,2,-15,-1.05,1435,1471,1410,59006,85304120,46123599360,32481408,STK
000910,KR7000910000,유니온,KOSPI,,2930,2,-70,-2.33,2980,2995,2930,21170,62575925,45742043670,15611619,STK
004910,KR7004910006,조광페인트,KOSPI,,3550,2,-60,-1.66,3610,3610,3540,4814,17166885,45440000000,12800000,STK
005030,KR7005030002,부산주공,KOSPI,,486,0,0,0.0,0,0,0,0,0,45092532168,92782988,STK
004540,KR7004540001,깨끗한나라,KOSPI,,1210,2,-29,-2.34,1229,1229,1189,35328,42460396,45061238530,37240693,STK
074610,KR7074610007,이엔플러스,KOSPI,,5110,0,0,0.0,0,0,0,0,0,44815400070,8770137,STK
003080,KR7003080009,SB성보,KOSPI,,2235,3,0,0.0,2240,2240,2225,2950,6572345,44744700000,20020000,STK
009835,KR7009831009,한화솔루션우,KOSPI,,17500,2,-100,-0.57,17600,17600,17050,1945,33534870,44530780000,2544616,STK
008420,KR7008420002,문배철강,KOSPI,,2155,2,-25,-1.15,2180,2180,2140,35619,76876520,44185053275,20503505,STK
026940,KR7026940007,부국철강,KOSPI,,2190,1,35,1.62,2150,2310,2100,893982,2006273243,43800000000,20000000,STK
011330,KR7011330008,유니켐,KOSPI,,4360,2,-70,-1.58,4395,4465,4300,73109,319736281,43681893880,10018783,STK
023350,KR7023350002,한국종합기술,KOSPI,,3970,2,-70,-1.73,4065,4065,3960,5734,22867670,43471500000,10950000,STK
011300,KR7011300001,우성머티리얼스,KOSPI,,2515,1,180,7.71,2380,2550,2270,122496,297447920,43355846075,17238905,STK
017180,KR7017180001,명문제약,KOSPI,,1268,2,-18,-1.4,1290,1315,1246,198859,252361144,43052979672,33953454,STK
481850,KR7481850006,신한글로벌액티브리츠,KOSPI,,984,2,-1,-0.1,985,986,972,14099,13801870,42782021376,43477664,STK
446070,KR7446070005,유니드비티플러스,KOSPI,,3975,1,30,0.76,3915,3995,3910,59499,235631080,42179579625,10611215,STK
092780,KR7092780006,DYP,KOSPI,,3190,2,-50,-1.54,3195,3350,3175,30613,98126770,42007387400,13168460,STK
019490,KR7019490002,엑시큐어하이트론,KOSPI,,541,0,0,0.0,0,0,0,0,0,41349858070,76432270,STK
011420,KR7011420007,갤럭시아에스엠,KOSPI,,1475,2,-35,-2.32,1500,1500,1470,8336,12310409,40635724900,27549644,STK
008870,KR7008870008,금비,KOSPI,,40400,1,750,1.89,38850,40900,38850,46,1855800,40400000000,1000000,STK
017040,KR7017040007,광명전기,KOSPI,,932,0,0,0.0,0,0,0,0,0,40390657180,43337615,STK
000215,KR7000211003,DL우,KOSPI,,23850,1,300,1.27,23600,24250,23450,1945,46177100,40213842750,1686115,STK
006370,KR7006370001,대구백화점,KOSPI,,3715,2,-225,-5.71,3940,3940,3575,109587,408082022,40202284865,10821611,STK
012280,KR7012280004,영화금속,KOSPI,,4025,2,-75,-1.83,4090,4100,4010,6725,27097265,39867226525,9904901,STK
134790,KR7134790005,시디즈,KOSPI,,19880,2,-470,-2.31,20150,20450,19790,1185,23932830,39760000000,2000000,STK
023960,KR7023960008,에쓰씨엔지니어링,KOSPI,,1034,2,-1,-0.1,1035,1035,1012,22636,23120294,39329196082,38035973,STK
047400,KR7047400007,유니온머티리얼,KOSPI,,934,2,-17,-1.79,950,950,925,39028,36393861,39228000000,42000000,STK
005320,KR7005320007,온타이드,KOSPI,,1146,1,106,10.19,1013,1227,1010,3040738,3465219693,39179270370,34187845,STK
012160,KR7012160008,영흥,KOSPI,,2495,2,-10,-0.4,2505,2570,2425,20023,49194315,38973653985,15620703,STK
000760,KR7000760009,이화산업,KOSPI,,13790,2,-100,-0.72,13610,13810,13590,1480,20325010,38612000000,2800000,STK
145270,KR7145270005,케이탑리츠,KOSPI,,799,1,4,0.5,795,800,781,16358,12925700,38400558426,48060774,STK
049800,KR7049800006,우진플라임,KOSPI,,1855,1,70,3.92,1750,1856,1730,41784,76648380,37100000000,20000000,STK
000890,KR7000890004,보해양조,KOSPI,,1340,1,19,1.44,1337,1428,1289,903627,1233998674,37016193500,27624025,STK
010640,KR7010640001,진양폴리,KOSPI,,2190,1,85,4.04,2105,2205,2065,120474,260488569,36573000000,16700000,STK
002870,KR7002870004,신풍,KOSPI,,1012,1,14,1.4,999,1013,990,80464,80622667,35378204400,34958700,STK
005820,KR7005820006,원림,KOSPI,,15360,2,-180,-1.16,15390,15670,15160,2417,37423590,35296819200,2297970,STK
009140,KR7009140005,경인전자,KOSPI,,22450,2,-200,-0.88,22600,22600,21650,1153,25337000,35264392650,1570797,STK
002880,KR7002880003,디와이에이,KOSPI,,753,0,0,0.0,0,0,0,0,0,35220818235,46773995,STK
133820,KR7133820001,화인베스틸,KOSPI,,948,2,-9,-0.94,942,967,937,27209,25836279,35184547896,37114502,STK
013000,KR7013000005,세우글로벌,KOSPI,,1209,3,0,0.0,1218,1218,1198,29534,35554507,34704382479,28705031,STK
004365,KR7004361002,세방우,KOSPI,,9360,3,0,0.0,9300,9360,9210,265,2475370,34531380000,3689250,STK
010400,KR7010400000,우진아이엔에스,KOSPI,,4530,2,-115,-2.48,4665,4740,4485,23933,109617482,34527660000,7622000,STK
008250,KR7008250003,이건산업,KOSPI,,3075,2,-30,-0.97,3015,3135,3000,96302,294935305,33679352625,10952635,STK
143210,KR7143210003,핸즈코퍼레이션,KOSPI,,1199,0,0,0.0,0,0,0,0,0,33571739817,27999783,STK
009460,KR7009460007,한창제지,KOSPI,,2755,2,-25,-0.9,2780,2805,2735,8002,22113780,32876784235,11933497,STK
007120,KR7007120009,미래아이앤지,KOSPI,,1172,2,-32,-2.66,1230,1230,1160,47469,56487708,32022689608,27323114,STK
001070,KR7001070002,대한방직,KOSPI,,6030,2,-50,-0.82,6080,6080,5840,3594,21533890,31959000000,5300000,STK
003535,KR7003531001,한화투자증권우,KOSPI,,6640,2,-230,-3.35,6610,6780,6550,12671,83744690,31872000000,4800000,STK
090370,KR7090370008,메타랩스,KOSPI,,1160,2,-60,-4.92,1197,1269,1111,445529,533241513,31673439240,27304689,STK
069640,KR7069640001,한세엠케이,KOSPI,,1455,1,5,0.34,1437,1482,1330,35790,50150496,31625124855,21735481,STK
308170,KR7308170000,씨티알모빌리티,KOSPI,,3640,3,0,0.0,3690,3690,3535,1254,4502815,31340400000,8610000,STK
019175,KR7019171008,신풍제약우,KOSPI,,15650,2,-50,-0.32,16300,17400,15240,20223,322766305,31162749500,1991230,STK
006740,KR7006740005,블루산업개발,KOSPI,,5200,2,-70,-1.33,5270,5270,5010,9603,49166810,30944986800,5950959,STK
025750,KR7025750001,한솔홈데코,KOSPI,,1910,2,-5,-0.26,1910,1917,1893,10739,20475344,30775885390,16113029,STK
036420,KR7036420008,콘텐트리중앙,KOSPI,,1578,2,-19,-1.19,1583,1587,1546,25846,40200883,30395922024,19262308,STK
023150,KR7023150006,MH에탄올,KOSPI,,4085,2,-70,-1.68,4155,4155,4070,1871,7684255,30141278710,7378526,STK
009810,KR7009810003,MDS스피어,KOSPI,,1910,2,-19,-0.98,1902,1916,1901,1054,2012234,30081739820,15749602,STK
051630,KR7051630002,진양화학,KOSPI,,1417,1,2,0.14,1415,1495,1350,674893,963925012,30040400000,21200000,STK
024070,KR7024070005,WISCOM,KOSPI,,1958,2,-8,-0.41,1966,1966,1935,10177,19927364,30009165604,15326438,STK
088790,KR7088790001,진도,KOSPI,,2410,1,65,2.77,2355,2440,2350,266200,637408135,29999063040,12447744,STK
002690,KR7002690006,동일제강,KOSPI,,1475,1,2,0.14,1473,1475,1446,39021,56767797,29943031000,20300360,STK
001380,KR7001380005,SG글로벌,KOSPI,,1314,2,-1,-0.08,1315,1317,1301,10236,13403718,29541441294,22482071,STK
033250,KR7033250002,체시스,KOSPI,,4600,2,-70,-1.5,4570,4750,4570,60639,283338865,29440000000,6400000,STK
003680,KR7003680006,한성기업,KOSPI,,4730,2,-190,-3.86,4880,4890,4730,91613,438549170,29371005950,6209515,STK
014130,KR7014130009,한익스프레스,KOSPI,,2460,2,-5,-0.2,2450,2460,2415,3874,9403075,29071992180,11817883,STK
357430,KR7357430008,마스턴프리미어리츠,KOSPI,,950,1,20,2.15,931,950,910,34771,32528583,28980041650,30505307,STK
118000,KR7118000009,메타케어,KOSPI,,1312,2,-32,-2.38,1340,1340,1291,13875,18038130,28937189920,22055785,STK
006570,KR7006570006,대림통상,KOSPI,,1886,2,-2,-0.11,1888,2000,1838,23754,44635417,28714350000,15225000,STK
025890,KR7025890005,한국주강,KOSPI,,2565,1,35,1.38,2510,2580,2505,18393,46851345,28585940040,11144616,STK
465770,KR7465770006,STX그린로지스,KOSPI,,3925,4,905,29.97,3490,3925,3150,9046547,32839754356,28332141500,7218380,STK
003060,KR7003060001,에이프로젠바이오로직스,KOSPI,,1742,1,4,0.23,1758,1769,1725,98736,172506052,27853390214,15989317,STK
006490,KR7006490007,프리티,KOSPI,,898,0,0,0.0,0,0,0,0,0,26560346254,29577223,STK
005110,KR7005110002,한창,KOSPI,,1254,0,0,0.0,0,0,0,0,0,26467434378,21106407,STK
004870,KR7004870002,티웨이홀딩스,KOSPI,,1149,1,3,0.26,1143,1187,1130,41125,46900654,26004970002,22632698,STK
006345,KR7006341002,대원전선우,KOSPI,,9850,1,60,0.61,9470,10270,9470,93117,931208210,25818820000,2621200,STK
030720,KR7030720007,동원수산,KOSPI,,5530,1,20,0.36,5450,5690,5370,54594,305093440,25735541650,4653805,STK
002355,KR7002351005,넥센타이어1우B,KOSPI,,3915,2,-5,-0.13,3910,3920,3880,1593,6194320,25447500000,6500000,STK
071950,KR7071950000,코아스,KOSPI,,1759,2,-45,-2.49,1804,1896,1741,58910,107168892,25433724005,14459195,STK
005360,KR7005360003,모나미,KOSPI,,1333,2,-32,-2.34,1364,1410,1326,315985,430985652,25190110231,18897307,STK
000040,KR7000040006,KR모터스,KOSPI,,1430,2,-29,-1.99,1370,1455,1370,41021,57994537,24703301480,17275036,STK
33637K,KR733637K010,솔루스첨단소재1우,KOSPI,,1445,2,-1,-0.07,1445,1445,1415,6294,8940245,24430750830,16907094,STK
003495,KR7003491008,대한항공우,KOSPI,,21700,2,-100,-0.46,21800,21850,21550,1290,27944150,24104229800,1110794,STK
093240,KR7093240000,형지엘리트,KOSPI,,387,2,-3,-0.77,394,412,377,1030994,408506385,23758030233,61390259,STK
009310,KR7009310004,참엔지니어링,KOSPI,,5330,0,0,0.0,0,0,0,0,0,23329484620,4377014,STK
012170,KR7012170007,아센디오,KOSPI,,3120,1,75,2.46,3020,3550,2920,60544,193454420,22765769520,7296721,STK
002070,KR7002070001,비비안,KOSPI,,4720,2,-95,-1.97,4825,4900,4550,54144,254596366,22664496000,4801800,STK
004270,KR7004270005,남성,KOSPI,,4970,1,20,0.4,4950,4980,4925,7117,35299600,22663836160,4560128,STK
001420,KR7001420009,태원물산,KOSPI,,2890,1,360,14.23,2565,2900,2520,125441,349991115,21964000000,7600000,STK
008775,KR7008771008,호텔신라우,KOSPI,,29050,2,-150,-0.51,29350,29400,28950,319,9282900,21842084950,751879,STK
33626L,KR733626K021,두산퓨얼셀2우B,KOSPI,,7290,2,-200,-2.67,8110,8110,7250,690,5080020,21770127000,2986300,STK
002820,KR7002820009,SUN&L,KOSPI,,1697,2,-36,-2.08,1720,1760,1659,27054,46145302,20471257188,12063204,STK
001685,KR7001681006,대상우,KOSPI,,14680,3,0,0.0,14690,14690,14560,802,11771460,20114873640,1370223,STK
015020,KR7015020001,이스타코,KOSPI,,928,0,0,0.0,0,0,0,0,0,19883142400,21425800,STK
00499K,KR700499K014,롯데지주우,KOSPI,,24550,1,100,0.41,24850,24850,23950,197,4818700,19777553650,805603,STK
108675,KR7108671009,LX하우시스우,KOSPI,,18850,2,-90,-0.48,18700,19010,18530,2008,37742540,19459420500,1032330,STK
006200,KR7006200000,한국전자홀딩스,KOSPI,,1919,2,-28,-1.44,1908,1937,1847,27941,52763125,17963043213,9360627,STK
001770,KR7001770007,SHD,KOSPI,,14750,1,790,5.66,13800,16500,13500,64315,960673090,17919450500,1214878,STK
002360,KR7002360006,SH에너지화학,KOSPI,,1612,2,-30,-1.83,1673,1673,1582,18017,28987149,17914757276,11113373,STK
008600,KR7008600009,윌비스,KOSPI,,2620,0,0,0.0,0,0,0,0,0,17615839860,6723603,STK
009440,KR7009440009,KC그린홀딩스,KOSPI,,756,0,0,0.0,0,0,0,0,0,17568790596,23239141,STK
18064K,KR718064K016,한진칼우,KOSPI,,30650,1,900,3.03,30000,31000,29650,3965,121103000,16451877900,536766,STK
005725,KR7005721006,넥센우,KOSPI,,4340,3,0,0.0,4340,4340,4340,50,217000,15626604000,3600600,STK
002025,KR7002021004,코오롱우,KOSPI,,13380,2,-60,-0.45,13490,13540,12750,11855,155435570,15526647060,1160437,STK
044380,KR7044380004,주연테크,KOSPI,,1081,2,-3,-0.28,1050,1150,1040,220947,242623001,15021917596,13896316,STK
005257,KR7005252002,녹십자홀딩스2우,KOSPI,,17680,1,150,0.86,17700,17700,17670,57,1007670,14957103200,845990,STK
024890,KR7024890006,대원화성,KOSPI,,1728,2,-13,-0.75,1741,1799,1722,22521,39049361,14255706240,8249830,STK
011090,KR7011090008,에넥스,KOSPI,,1190,2,-310,-20.67,1303,1315,1117,1050171,1281852710,14109894260,11857054,STK
001795,KR7001791003,대한제당우,KOSPI,,2170,2,-35,-1.59,2200,2205,2170,3607,7873632,14067589200,6482760,STK
000087,KR7000082008,하이트진로2우B,KOSPI,,12320,2,-60,-0.48,12380,12470,12310,706,8707800,13923300160,1130138,STK
015260,KR7015260003,에이엔피,KOSPI,,285,2,-23,-7.47,308,310,283,690301,202885049,13428314790,47116894,STK
00806K,KR700806K010,대덕1우,KOSPI,,10950,2,-100,-0.9,11000,11390,10740,7756,86495555,13275309150,1212357,STK
145995,KR7145991006,삼양사우,KOSPI,,33050,1,50,0.15,33750,33750,33050,32,1059350,12230813500,370070,STK
45226K,KR745226K018,한화갤러리아우,KOSPI,,4030,2,-45,-1.1,4045,4075,4020,2512,10186615,11705014100,2904470,STK
019685,KR7019681006,대교우B,KOSPI,,598,0,0,0.0,0,0,0,0,0,11617340020,19426990,STK
00781K,KR700781K015,코리아써키트2우B,KOSPI,,14180,1,80,0.57,14300,14300,14180,86,1219670,11112851820,783699,STK
084695,KR7084691005,대상홀딩스우,KOSPI,,11960,1,140,1.18,11820,11990,11620,962,11320290,10925244720,913482,STK
38380K,KR738380K012,LX홀딩스1우,KOSPI,,7360,2,-370,-4.79,7810,7810,7060,4243,31197500,10784497600,1465285,STK
004105,KR7004101002,태양금속우,KOSPI,,3170,2,-45,-1.4,3200,3270,3150,7719,24611430,10461000000,3300000,STK
001067,KR7001062009,JW중외제약2우B,KOSPI,,48800,3,0,0.0,47800,48800,47800,39,1870200,10246682400,209973,STK
004255,KR7004251005,NPC우,KOSPI,,1884,1,10,0.53,1872,1885,1860,5618,10561702,9947520000,5280000,STK
003075,KR7003071008,코오롱글로벌우,KOSPI,,13160,1,320,2.49,12840,13200,12840,41,533050,9748098920,740737,STK
145210,KR7145210001,다이나믹디자인,KOSPI,,2240,0,0,0.0,0,0,0,0,0,9461011840,4223666,STK
001755,KR7001751007,한양증권우,KOSPI,,19290,2,-470,-2.38,19690,19690,19210,1723,33247860,9121662300,472870,STK
33637L,KR733637K028,솔루스첨단소재2우B,KOSPI,,2270,2,-110,-4.62,2335,2335,2200,2013,4566020,8575814840,3777892,STK
000225,KR7000221002,유유제약1우,KOSPI,,3755,2,-5,-0.13,3750,3805,3675,4142,15494945,8512322150,2266930,STK
001515,KR7001511005,SK증권우,KOSPI,,4300,2,-35,-0.81,4315,4315,4200,1822,7767925,8411905100,1956257,STK
001065,KR7001061001,JW중외제약우,KOSPI,,22650,1,100,0.44,22800,22800,22500,126,2856600,7745190150,341951,STK
000325,KR7000321000,노루홀딩스우,KOSPI,,27750,2,-50,-0.18,27000,27750,27000,10,275250,6758762250,243559,STK
012205,KR7012201000,계양전기우,KOSPI,,5300,2,-210,-3.81,5360,5360,5200,21387,112993820,6196118700,1169079,STK
002995,KR7002991008,금호건설우,KOSPI,,21050,3,0,0.0,20700,21850,20350,24726,526406450,6152199300,292266,STK
004985,KR7004981007,성신양회우,KOSPI,,8260,2,-180,-2.13,8470,8470,8240,1177,9752930,6076427700,735645,STK
26490K,KR726490K013,크라운제과우,KOSPI,,7760,2,-30,-0.39,7930,7930,7700,207,1609710,6002825600,773560,STK
004835,KR7004831004,덕성우,KOSPI,,4220,2,-5,-0.12,4230,4295,4130,6378,26619180,5874240000,1392000,STK
090355,KR7090351008,노루페인트우,KOSPI,,11870,3,0,0.0,11870,11870,11870,12,143070,5497305620,463126,STK
000145,KR7000141002,하이트진로홀딩스우,KOSPI,,9150,2,-30,-0.33,9270,9270,9150,7,64270,4307911500,470810,STK
000545,KR7000541003,흥국화재우,KOSPI,,5510,2,-240,-4.17,5700,5700,5300,3750,20633010,4231680000,768000,STK
009415,KR7009411000,태영건설우,KOSPI,,6300,2,-180,-2.78,6370,6370,6280,3706,23392320,4094836200,649974,STK
005965,KR7005961008,동부건설우,KOSPI,,17100,2,-220,-1.27,17300,17300,17100,62,1063060,3860017200,225732,STK
014825,KR7014821003,동원시스템즈우,KOSPI,,14230,1,320,2.3,14350,14350,14110,151,2153810,3758299530,264111,STK
007575,KR7007571003,일양약품우,KOSPI,,8010,2,-280,-3.38,8020,8100,8000,225,1804490,3565090800,445080,STK
014285,KR7014281000,금강공업우,KOSPI,,5670,2,-40,-0.7,5700,5700,5670,24,136350,3344591250,589875,STK
36328K,KR736328K013,티와이홀딩스우,KOSPI,,2680,1,35,1.32,2645,2830,2605,427,1136825,3148863320,1174949,STK
005745,KR7005741004,크라운해태홀딩스우,KOSPI,,5200,2,-150,-2.8,5400,5400,5010,499,2574510,3123775200,600726,STK
014915,KR7014911002,성문전자우,KOSPI,,4725,2,-655,-12.17,4880,4880,4720,4031,19313355,2835000000,600000,STK
000227,KR7000222000,유유제약2우B,KOSPI,,7390,2,-230,-3.02,7580,7580,7350,1426,10513920,2386674400,322960,STK
008355,KR7008351009,남선알미우,KOSPI,,7500,2,-200,-2.6,8090,8090,7500,540,4097760,2309175000,307890,STK
001525,KR7001521004,동양우,KOSPI,,8670,2,-280,-3.13,8660,8900,8660,694,6021100,2276872050,262615,STK
004545,KR7004541009,깨끗한나라우,KOSPI,,4490,2,-55,-1.21,4690,4690,4335,887,3904525,1644058400,366160,STK
001527,KR7001522002,동양2우B,KOSPI,,6160,2,-330,-5.08,6480,6480,6160,511,3204250,1267142800,205705,STK
011155,KR7011151008,CJ씨푸드1우,KOSPI,,6250,2,-490,-7.27,6660,6700,6250,1696,10772420,1250000000,200000,STK
002785,KR7002781003,진흥기업우B,KOSPI,,1336,0,0,0.0,0,0,0,0,0,1145243248,857218,STK
004415,KR7004411005,서울식품우,KOSPI,,5110,2,-240,-4.49,5190,5350,5110,2613,13659880,1136719500,222450,STK
002787,KR7002782001,진흥기업2우B,KOSPI,,2895,0,0,0.0,0,0,0,0,0,853469160,294808,STK
