session_date,phase,cash,account_value,external_cash_flow,adjusted_account_value,adjusted_pnl,loss_percent,kospi_change_percent,positions_json,open_orders_json
2026-09-03,daily_loss_check,1045795,1045795,0,1045795,0,0.0,-3.994850639281429,[],[]
2026-09-03,daily_loss_check,1045795,1045795,0,1045795,0,0.0,-3.994850639281429,[],[]
2026-09-03,daily_loss_check,1045795,1045795,0,1045795,0,0.0,-3.994850639281429,[],[]
2026-09-03,daily_loss_check,1045795,1045795,0,1045795,0,0.0,-3.994850639281429,[],[]
2026-09-03,daily_loss_check,74700,1048600,0,1048600,2805,-0.2682170023761827,-3.994850639281429,"[{""ticker"": ""219130"", ""quantity"": 5, ""avg_price"": 61400, ""raw"": {""stk_cd"": ""A219130"", ""stk_nm"": ""타이거일렉"", ""evltv_prft"": ""-00000000000694"", ""prft_rt"": ""-0.23"", ""pur_pric"": ""000000000061400"", ""pred_close_pric"": ""000000061900"", ""rmnd_qty"": ""000000000000005"", ""trde_able_qty"": ""000000000000000"", ""cur_prc"": ""000000061400"", ""pred_buyq"": ""000000000000000"", ""pred_sellq"": ""000000000000000"", ""tdy_buyq"": ""000000000000005"", ""tdy_sellq"": ""000000000000000"", ""pur_amt"": ""000000000307000"", ""pur_cmsn"": ""000000000000040"", ""evlt_amt"": ""000000000307000"", ""sell_cmsn"": ""000000000000040"", ""tax"": ""000000000000614"", ""sum_cmsn"": ""000000000000080"", ""poss_rt"": ""31.62"", ""crd_tp"": ""00"", ""crd_tp_nm"": """", ""crd_loan_dt"": """"}}, {""ticker"": ""330860"", ""quantity"": 14, ""avg_price"": 23800, ""raw"": {""stk_cd"": ""A330860"", ""stk_nm"": ""네패스아크"", ""evltv_prft"": ""-00000000001445"", ""prft_rt"": ""-0.43"", ""pur_pric"": ""000000000023800"", ""pred_close_pric"": ""000000024300"", ""rmnd_qty"": ""000000000000014"", ""trde_able_qty"": ""000000000000000"", ""cur_prc"": ""000000023750"", ""pred_buyq"": ""000000000000000"", ""pred_sellq"": ""000000000000000"", ""tdy_buyq"": ""000000000000014"", ""tdy_sellq"": ""000000000000000"", ""pur_amt"": ""000000000333200"", ""pur_cmsn"": ""000000000000040"", ""evlt_amt"": ""000000000332500"", ""sell_cmsn"": ""000000000000040"", ""tax"": ""000000000000665"", ""sum_cmsn"": ""000000000000080"", ""poss_rt"": ""34.32"", ""crd_tp"": ""00"", ""crd_tp_nm"": """", ""crd_loan_dt"": """"}}, {""ticker"": ""445680"", ""quantity"": 7, ""avg_price"": 47250, ""raw"": {""stk_cd"": ""A445680"", ""stk_nm"": ""큐리옥스바이오시스템즈"", ""evltv_prft"": ""000000000001005"", ""prft_rt"": ""0.30"", ""pur_pric"": ""000000000047250"", ""pred_close_pric"": ""000000049350"", ""rmnd_qty"": ""000000000000007"", ""trde_able_qty"": ""000000000000000"", ""cur_prc"": ""000000047500"", ""pred_buyq"": ""000000000000000"", ""pred_sellq"": ""000000000000000"", ""tdy_buyq"": ""000000000000007"", ""tdy_sellq"": ""000000000000000"", ""pur_amt"": ""000000000330750"", ""pur_cmsn"": ""000000000000040"", ""evlt_amt"": ""000000000332500"", ""sell_cmsn"": ""000000000000040"", ""tax"": ""000000000000665"", ""sum_cmsn"": ""000000000000080"", ""poss_rt"": ""34.06"", ""crd_tp"": ""00"", ""crd_tp_nm"": """", ""crd_loan_dt"": """"}}]","[{""acnt_no"": ""5704609010"", ""ord_no"": ""0135629"", ""mang_empno"": """", ""stk_cd"": ""219130"", ""tsk_tp"": """", ""ord_stt"": ""접수"", ""stk_nm"": ""타이거일렉"", ""ord_qty"": ""5"", ""ord_pric"": ""62000"", ""oso_qty"": ""5"", ""cntr_tot_amt"": ""0"", ""orig_ord_no"": ""0000000"", ""io_tp_nm"": ""-매도"", ""trde_tp"": ""보통"", ""tm"": ""095132"", ""cntr_no"": """", ""cntr_pric"": ""0"", ""cntr_qty"": ""0"", ""cur_prc"": ""-61400"", ""sel_bid"": ""-61500"", ""buy_bid"": ""-61300"", ""unit_cntr_pric"": """", ""unit_cntr_qty"": """", ""tdy_trde_cmsn"": ""0"", ""tdy_trde_tax"": ""0"", ""ind_invsr"": """", ""stex_tp"": ""1"", ""stex_tp_txt"": ""KRX"", ""sor_yn"": ""N"", ""stop_pric"": ""0""}, {""acnt_no"": ""5704609010"", ""ord_no"": ""0135387"", ""mang_empno"": """", ""stk_cd"": ""330860"", ""tsk_tp"": """", ""ord_stt"": ""접수"", ""stk_nm"": ""네패스아크"", ""ord_qty"": ""14"", ""ord_pric"": ""24050"", ""oso_qty"": ""14"", ""cntr_tot_amt"": ""0"", ""orig_ord_no"": ""0000000"", ""io_tp_nm"": ""-매도"", ""trde_tp"": ""보통"", ""tm"": ""095121"", ""cntr_no"": """", ""cntr_pric"": ""0"", ""cntr_qty"": ""0"", ""cur_prc"": ""-23750"", ""sel_bid"": ""-23850"", ""buy_bid"": ""-23750"", ""unit_cntr_pric"": """", ""unit_cntr_qty"": """", ""tdy_trde_cmsn"": ""0"", ""tdy_trde_tax"": ""0"", ""ind_invsr"": """", ""stex_tp"": ""1"", ""stex_tp_txt"": ""KRX"", ""sor_yn"": ""N"", ""stop_pric"": ""0""}, {""acnt_no"": ""5704609010"", ""ord_no"": ""0134918"", ""mang_empno"": """", ""stk_cd"": ""445680"", ""tsk_tp"": """", ""ord_stt"": ""접수"", ""stk_nm"": ""큐리옥스바이오시스템즈"", ""ord_qty"": ""7"", ""ord_pric"": ""47950"", ""oso_qty"": ""7"", ""cntr_tot_amt"": ""0"", ""orig_ord_no"": ""0000000"", ""io_tp_nm"": ""-매도"", ""trde_tp"": ""보통"", ""tm"": ""095059"", ""cntr_no"": """", ""cntr_pric"": ""0"", ""cntr_qty"": ""0"", ""cur_prc"": ""-47500"", ""sel_bid"": ""-47500"", ""buy_bid"": ""-47400"", ""unit_cntr_pric"": """", ""unit_cntr_qty"": """", ""tdy_trde_cmsn"": ""0"", ""tdy_trde_tax"": ""0"", ""ind_invsr"": """", ""stex_tp"": ""1"", ""stex_tp_txt"": ""KRX"", ""sor_yn"": ""N"", ""stop_pric"": ""0""}]"
2026-09-03,daily_loss_check,74700,1048250,0,1048250,2455,-0.2347496402258569,-3.994850639281429,"[{""ticker"": ""219130"", ""quantity"": 5, ""avg_price"": 61400, ""raw"": {""stk_cd"": ""A219130"", ""stk_nm"": ""타이거일렉"", ""evltv_prft"": ""-00000000000694"", ""prft_rt"": ""-0.23"", ""pur_pric"": ""000000000061400"", ""pred_close_pric"": ""000000061900"", ""rmnd_qty"": ""000000000000005"", ""trde_able_qty"": ""000000000000000"", ""cur_prc"": ""000000061400"", ""pred_buyq"": ""000000000000000"", ""pred_sellq"": ""000000000000000"", ""tdy_buyq"": ""000000000000005"", ""tdy_sellq"": ""000000000000000"", ""pur_amt"": ""000000000307000"", ""pur_cmsn"": ""000000000000040"", ""evlt_amt"": ""000000000307000"", ""sell_cmsn"": ""000000000000040"", ""tax"": ""000000000000614"", ""sum_cmsn"": ""000000000000080"", ""poss_rt"": ""31.62"", ""crd_tp"": ""00"", ""crd_tp_nm"": """", ""crd_loan_dt"": """"}}, {""ticker"": ""330860"", ""quantity"": 14, ""avg_price"": 23800, ""raw"": {""stk_cd"": ""A330860"", ""stk_nm"": ""네패스아크"", ""evltv_prft"": ""-00000000001445"", ""prft_rt"": ""-0.43"", ""pur_pric"": ""000000000023800"", ""pred_close_pric"": ""000000024300"", ""rmnd_qty"": ""000000000000014"", ""trde_able_qty"": ""000000000000000"", ""cur_prc"": ""000000023750"", ""pred_buyq"": ""000000000000000"", ""pred_sellq"": ""000000000000000"", ""tdy_buyq"": ""000000000000014"", ""tdy_sellq"": ""000000000000000"", ""pur_amt"": ""000000000333200"", ""pur_cmsn"": ""000000000000040"", ""evlt_amt"": ""000000000332500"", ""sell_cmsn"": ""000000000000040"", ""tax"": ""000000000000665"", ""sum_cmsn"": ""000000000000080"", ""poss_rt"": ""34.32"", ""crd_tp"": ""00"", ""crd_tp_nm"": """", ""crd_loan_dt"": """"}}, {""ticker"": ""445680"", ""quantity"": 7, ""avg_price"": 47250, ""raw"": {""stk_cd"": ""A445680"", ""stk_nm"": ""큐리옥스바이오시스템즈"", ""evltv_prft"": ""000000000000307"", ""prft_rt"": ""0.09"", ""pur_pric"": ""000000000047250"", ""pred_close_pric"": ""000000049350"", ""rmnd_qty"": ""000000000000007"", ""trde_able_qty"": ""000000000000000"", ""cur_prc"": ""000000047400"", ""pred_buyq"": ""000000000000000"", ""pred_sellq"": ""000000000000000"", ""tdy_buyq"": ""000000000000007"", ""tdy_sellq"": ""000000000000000"", ""pur_amt"": ""000000000330750"", ""pur_cmsn"": ""000000000000040"", ""evlt_amt"": ""000000000331800"", ""sell_cmsn"": ""000000000000040"", ""tax"": ""000000000000663"", ""sum_cmsn"": ""000000000000080"", ""poss_rt"": ""34.06"", ""crd_tp"": ""00"", ""crd_tp_nm"": """", ""crd_loan_dt"": """"}}]","[{""acnt_no"": ""5704609010"", ""ord_no"": ""0135629"", ""mang_empno"": """", ""stk_cd"": ""219130"", ""tsk_tp"": """", ""ord_stt"": ""접수"", ""stk_nm"": ""타이거일렉"", ""ord_qty"": ""5"", ""ord_pric"": ""62000"", ""oso_qty"": ""5"", ""cntr_tot_amt"": ""0"", ""orig_ord_no"": ""0000000"", ""io_tp_nm"": ""-매도"", ""trde_tp"": ""보통"", ""tm"": ""095132"", ""cntr_no"": """", ""cntr_pric"": ""0"", ""cntr_qty"": ""0"", ""cur_prc"": ""-61400"", ""sel_bid"": ""-61500"", ""buy_bid"": ""-61300"", ""unit_cntr_pric"": """", ""unit_cntr_qty"": """", ""tdy_trde_cmsn"": ""0"", ""tdy_trde_tax"": ""0"", ""ind_invsr"": """", ""stex_tp"": ""1"", ""stex_tp_txt"": ""KRX"", ""sor_yn"": ""N"", ""stop_pric"": ""0""}, {""acnt_no"": ""5704609010"", ""ord_no"": ""0135387"", ""mang_empno"": """", ""stk_cd"": ""330860"", ""tsk_tp"": """", ""ord_stt"": ""접수"", ""stk_nm"": ""네패스아크"", ""ord_qty"": ""14"", ""ord_pric"": ""24050"", ""oso_qty"": ""14"", ""cntr_tot_amt"": ""0"", ""orig_ord_no"": ""0000000"", ""io_tp_nm"": ""-매도"", ""trde_tp"": ""보통"", ""tm"": ""095121"", ""cntr_no"": """", ""cntr_pric"": ""0"", ""cntr_qty"": ""0"", ""cur_prc"": ""-23750"", ""sel_bid"": ""-23850"", ""buy_bid"": ""-23750"", ""unit_cntr_pric"": """", ""unit_cntr_qty"": """", ""tdy_trde_cmsn"": ""0"", ""tdy_trde_tax"": ""0"", ""ind_invsr"": """", ""stex_tp"": ""1"", ""stex_tp_txt"": ""KRX"", ""sor_yn"": ""N"", ""stop_pric"": ""0""}, {""acnt_no"": ""5704609010"", ""ord_no"": ""0134918"", ""mang_empno"": """", ""stk_cd"": ""445680"", ""tsk_tp"": """", ""ord_stt"": ""접수"", ""stk_nm"": ""큐리옥스바이오시스템즈"", ""ord_qty"": ""7"", ""ord_pric"": ""47950"", ""oso_qty"": ""7"", ""cntr_tot_amt"": ""0"", ""orig_ord_no"": ""0000000"", ""io_tp_nm"": ""-매도"", ""trde_tp"": ""보통"", ""tm"": ""095059"", ""cntr_no"": """", ""cntr_pric"": ""0"", ""cntr_qty"": ""0"", ""cur_prc"": ""-47400"", ""sel_bid"": ""-47500"", ""buy_bid"": ""-47350"", ""unit_cntr_pric"": """", ""unit_cntr_qty"": """", ""tdy_trde_cmsn"": ""0"", ""tdy_trde_tax"": ""0"", ""ind_invsr"": """", ""stex_tp"": ""1"", ""stex_tp_txt"": ""KRX"", ""sor_yn"": ""N"", ""stop_pric"": ""0""}]"
2026-09-03,daily_loss_check,74700,1048250,0,1048250,2455,-0.2347496402258569,-3.994850639281429,"[{""ticker"": ""219130"", ""quantity"": 5, ""avg_price"": 61400, ""raw"": {""stk_cd"": ""A219130"", ""stk_nm"": ""타이거일렉"", ""evltv_prft"": ""-00000000000694"", ""prft_rt"": ""-0.23"", ""pur_pric"": ""000000000061400"", ""pred_close_pric"": ""000000061900"", ""rmnd_qty"": ""000000000000005"", ""trde_able_qty"": ""000000000000000"", ""cur_prc"": ""000000061400"", ""pred_buyq"": ""000000000000000"", ""pred_sellq"": ""000000000000000"", ""tdy_buyq"": ""000000000000005"", ""tdy_sellq"": ""000000000000000"", ""pur_amt"": ""000000000307000"", ""pur_cmsn"": ""000000000000040"", ""evlt_amt"": ""000000000307000"", ""sell_cmsn"": ""000000000000040"", ""tax"": ""000000000000614"", ""sum_cmsn"": ""000000000000080"", ""poss_rt"": ""31.62"", ""crd_tp"": ""00"", ""crd_tp_nm"": """", ""crd_loan_dt"": """"}}, {""ticker"": ""330860"", ""quantity"": 14, ""avg_price"": 23800, ""raw"": {""stk_cd"": ""A330860"", ""stk_nm"": ""네패스아크"", ""evltv_prft"": ""-00000000001445"", ""prft_rt"": ""-0.43"", ""pur_pric"": ""000000000023800"", ""pred_close_pric"": ""000000024300"", ""rmnd_qty"": ""000000000000014"", ""trde_able_qty"": ""000000000000000"", ""cur_prc"": ""000000023750"", ""pred_buyq"": ""000000000000000"", ""pred_sellq"": ""000000000000000"", ""tdy_buyq"": ""000000000000014"", ""tdy_sellq"": ""000000000000000"", ""pur_amt"": ""000000000333200"", ""pur_cmsn"": ""000000000000040"", ""evlt_amt"": ""000000000332500"", ""sell_cmsn"": ""000000000000040"", ""tax"": ""000000000000665"", ""sum_cmsn"": ""000000000000080"", ""poss_rt"": ""34.32"", ""crd_tp"": ""00"", ""crd_tp_nm"": """", ""crd_loan_dt"": """"}}, {""ticker"": ""445680"", ""quantity"": 7, ""avg_price"": 47250, ""raw"": {""stk_cd"": ""A445680"", ""stk_nm"": ""큐리옥스바이오시스템즈"", ""evltv_prft"": ""000000000000656"", ""prft_rt"": ""0.20"", ""pur_pric"": ""000000000047250"", ""pred_close_pric"": ""000000049350"", ""rmnd_qty"": ""000000000000007"", ""trde_able_qty"": ""000000000000000"", ""cur_prc"": ""000000047450"", ""pred_buyq"": ""000000000000000"", ""pred_sellq"": ""000000000000000"", ""tdy_buyq"": ""000000000000007"", ""tdy_sellq"": ""000000000000000"", ""pur_amt"": ""000000000330750"", ""pur_cmsn"": ""000000000000040"", ""evlt_amt"": ""000000000332150"", ""sell_cmsn"": ""000000000000040"", ""tax"": ""000000000000664"", ""sum_cmsn"": ""000000000000080"", ""poss_rt"": ""34.06"", ""crd_tp"": ""00"", ""crd_tp_nm"": """", ""crd_loan_dt"": """"}}]","[{""acnt_no"": ""5704609010"", ""ord_no"": ""0135629"", ""mang_empno"": """", ""stk_cd"": ""219130"", ""tsk_tp"": """", ""ord_stt"": ""접수"", ""stk_nm"": ""타이거일렉"", ""ord_qty"": ""5"", ""ord_pric"": ""62000"", ""oso_qty"": ""5"", ""cntr_tot_amt"": ""0"", ""orig_ord_no"": ""0000000"", ""io_tp_nm"": ""-매도"", ""trde_tp"": ""보통"", ""tm"": ""095132"", ""cntr_no"": """", ""cntr_pric"": ""0"", ""cntr_qty"": ""0"", ""cur_prc"": ""-61400"", ""sel_bid"": ""-61500"", ""buy_bid"": ""-61300"", ""unit_cntr_pric"": """", ""unit_cntr_qty"": """", ""tdy_trde_cmsn"": ""0"", ""tdy_trde_tax"": ""0"", ""ind_invsr"": """", ""stex_tp"": ""1"", ""stex_tp_txt"": ""KRX"", ""sor_yn"": ""N"", ""stop_pric"": ""0""}, {""acnt_no"": ""5704609010"", ""ord_no"": ""0135387"", ""mang_empno"": """", ""stk_cd"": ""330860"", ""tsk_tp"": """", ""ord_stt"": ""접수"", ""stk_nm"": ""네패스아크"", ""ord_qty"": ""14"", ""ord_pric"": ""24050"", ""oso_qty"": ""14"", ""cntr_tot_amt"": ""0"", ""orig_ord_no"": ""0000000"", ""io_tp_nm"": ""-매도"", ""trde_tp"": ""보통"", ""tm"": ""095121"", ""cntr_no"": """", ""cntr_pric"": ""0"", ""cntr_qty"": ""0"", ""cur_prc"": ""-23750"", ""sel_bid"": ""-23850"", ""buy_bid"": ""-23750"", ""unit_cntr_pric"": """", ""unit_cntr_qty"": """", ""tdy_trde_cmsn"": ""0"", ""tdy_trde_tax"": ""0"", ""ind_invsr"": """", ""stex_tp"": ""1"", ""stex_tp_txt"": ""KRX"", ""sor_yn"": ""N"", ""stop_pric"": ""0""}, {""acnt_no"": ""5704609010"", ""ord_no"": ""0134918"", ""mang_empno"": """", ""stk_cd"": ""445680"", ""tsk_tp"": """", ""ord_stt"": ""접수"", ""stk_nm"": ""큐리옥스바이오시스템즈"", ""ord_qty"": ""7"", ""ord_pric"": ""47950"", ""oso_qty"": ""7"", ""cntr_tot_amt"": ""0"", ""orig_ord_no"": ""0000000"", ""io_tp_nm"": ""-매도"", ""trde_tp"": ""보통"", ""tm"": ""095059"", ""cntr_no"": """", ""cntr_pric"": ""0"", ""cntr_qty"": ""0"", ""cur_prc"": ""-47450"", ""sel_bid"": ""-47450"", ""buy_bid"": ""-47350"", ""unit_cntr_pric"": """", ""unit_cntr_qty"": """", ""tdy_trde_cmsn"": ""0"", ""tdy_trde_tax"": ""0"", ""ind_invsr"": """", ""stex_tp"": ""1"", ""stex_tp_txt"": ""KRX"", ""sor_yn"": ""N"", ""stop_pric"": ""0""}]"
2026-09-03,daily_loss_check,74700,1048600,0,1048600,2805,-0.2682170023761827,-3.994850639281429,"[{""ticker"": ""219130"", ""quantity"": 5, ""avg_price"": 61400, ""raw"": {""stk_cd"": ""A219130"", ""stk_nm"": ""타이거일렉"", ""evltv_prft"": ""-00000000000694"", ""prft_rt"": ""-0.23"", ""pur_pric"": ""000000000061400"", ""pred_close_pric"": ""000000061900"", ""rmnd_qty"": ""000000000000005"", ""trde_able_qty"": ""000000000000000"", ""cur_prc"": ""000000061400"", ""pred_buyq"": ""000000000000000"", ""pred_sellq"": ""000000000000000"", ""tdy_buyq"": ""000000000000005"", ""tdy_sellq"": ""000000000000000"", ""pur_amt"": ""000000000307000"", ""pur_cmsn"": ""000000000000040"", ""evlt_amt"": ""000000000307000"", ""sell_cmsn"": ""000000000000040"", ""tax"": ""000000000000614"", ""sum_cmsn"": ""000000000000080"", ""poss_rt"": ""31.62"", ""crd_tp"": ""00"", ""crd_tp_nm"": """", ""crd_loan_dt"": """"}}, {""ticker"": ""330860"", ""quantity"": 14, ""avg_price"": 23800, ""raw"": {""stk_cd"": ""A330860"", ""stk_nm"": ""네패스아크"", ""evltv_prft"": ""-00000000000057"", ""prft_rt"": ""-0.02"", ""pur_pric"": ""000000000023800"", ""pred_close_pric"": ""000000024300"", ""rmnd_qty"": ""000000000000014"", ""trde_able_qty"": ""000000000000000"", ""cur_prc"": ""000000023850"", ""pred_buyq"": ""000000000000000"", ""pred_sellq"": ""000000000000000"", ""tdy_buyq"": ""000000000000014"", ""tdy_sellq"": ""000000000000000"", ""pur_amt"": ""000000000333200"", ""pur_cmsn"": ""000000000000040"", ""evlt_amt"": ""000000000333900"", ""sell_cmsn"": ""000000000000050"", ""tax"": ""000000000000667"", ""sum_cmsn"": ""000000000000090"", ""poss_rt"": ""34.32"", ""crd_tp"": ""00"", ""crd_tp_nm"": """", ""crd_loan_dt"": """"}}, {""ticker"": ""445680"", ""quantity"": 7, ""avg_price"": 47250, ""raw"": {""stk_cd"": ""A445680"", ""stk_nm"": ""큐리옥스바이오시스템즈"", ""evltv_prft"": ""000000000000656"", ""prft_rt"": ""0.20"", ""pur_pric"": ""000000000047250"", ""pred_close_pric"": ""000000049350"", ""rmnd_qty"": ""000000000000007"", ""trde_able_qty"": ""000000000000000"", ""cur_prc"": ""000000047450"", ""pred_buyq"": ""000000000000000"", ""pred_sellq"": ""000000000000000"", ""tdy_buyq"": ""000000000000007"", ""tdy_sellq"": ""000000000000000"", ""pur_amt"": ""000000000330750"", ""pur_cmsn"": ""000000000000040"", ""evlt_amt"": ""000000000332150"", ""sell_cmsn"": ""000000000000040"", ""tax"": ""000000000000664"", ""sum_cmsn"": ""000000000000080"", ""poss_rt"": ""34.06"", ""crd_tp"": ""00"", ""crd_tp_nm"": """", ""crd_loan_dt"": """"}}]","[{""acnt_no"": ""5704609010"", ""ord_no"": ""0135629"", ""mang_empno"": """", ""stk_cd"": ""219130"", ""tsk_tp"": """", ""ord_stt"": ""접수"", ""stk_nm"": ""타이거일렉"", ""ord_qty"": ""5"", ""ord_pric"": ""62000"", ""oso_qty"": ""5"", ""cntr_tot_amt"": ""0"", ""orig_ord_no"": ""0000000"", ""io_tp_nm"": ""-매도"", ""trde_tp"": ""보통"", ""tm"": ""095132"", ""cntr_no"": """", ""cntr_pric"": ""0"", ""cntr_qty"": ""0"", ""cur_prc"": ""-61400"", ""sel_bid"": ""-61500"", ""buy_bid"": ""-61300"", ""unit_cntr_pric"": """", ""unit_cntr_qty"": """", ""tdy_trde_cmsn"": ""0"", ""tdy_trde_tax"": ""0"", ""ind_invsr"": """", ""stex_tp"": ""1"", ""stex_tp_txt"": ""KRX"", ""sor_yn"": ""N"", ""stop_pric"": ""0""}, {""acnt_no"": ""5704609010"", ""ord_no"": ""0135387"", ""mang_empno"": """", ""stk_cd"": ""330860"", ""tsk_tp"": """", ""ord_stt"": ""접수"", ""stk_nm"": ""네패스아크"", ""ord_qty"": ""14"", ""ord_pric"": ""24050"", ""oso_qty"": ""14"", ""cntr_tot_amt"": ""0"", ""orig_ord_no"": ""0000000"", ""io_tp_nm"": ""-매도"", ""trde_tp"": ""보통"", ""tm"": ""095121"", ""cntr_no"": """", ""cntr_pric"": ""0"", ""cntr_qty"": ""0"", ""cur_prc"": ""-23850"", ""sel_bid"": ""-23900"", ""buy_bid"": ""-23800"", ""unit_cntr_pric"": """", ""unit_cntr_qty"": """", ""tdy_trde_cmsn"": ""0"", ""tdy_trde_tax"": ""0"", ""ind_invsr"": """", ""stex_tp"": ""1"", ""stex_tp_txt"": ""KRX"", ""sor_yn"": ""N"", ""stop_pric"": ""0""}, {""acnt_no"": ""5704609010"", ""ord_no"": ""0134918"", ""mang_empno"": """", ""stk_cd"": ""445680"", ""tsk_tp"": """", ""ord_stt"": ""접수"", ""stk_nm"": ""큐리옥스바이오시스템즈"", ""ord_qty"": ""7"", ""ord_pric"": ""47950"", ""oso_qty"": ""7"", ""cntr_tot_amt"": ""0"", ""orig_ord_no"": ""0000000"", ""io_tp_nm"": ""-매도"", ""trde_tp"": ""보통"", ""tm"": ""095059"", ""cntr_no"": """", ""cntr_pric"": ""0"", ""cntr_qty"": ""0"", ""cur_prc"": ""-47450"", ""sel_bid"": ""-47450"", ""buy_bid"": ""-47400"", ""unit_cntr_pric"": """", ""unit_cntr_qty"": """", ""tdy_trde_cmsn"": ""0"", ""tdy_trde_tax"": ""0"", ""ind_invsr"": """", ""stex_tp"": ""1"", ""stex_tp_txt"": ""KRX"", ""sor_yn"": ""N"", ""stop_pric"": ""0""}]"
2026-09-03,daily_loss_check,74700,1048600,0,1048600,2805,-0.2682170023761827,-3.994850639281429,"[{""ticker"": ""219130"", ""quantity"": 5, ""avg_price"": 61400, ""raw"": {""stk_cd"": ""A219130"", ""stk_nm"": ""타이거일렉"", ""evltv_prft"": ""-00000000000694"", ""prft_rt"": ""-0.23"", ""pur_pric"": ""000000000061400"", ""pred_close_pric"": ""000000061900"", ""rmnd_qty"": ""000000000000005"", ""trde_able_qty"": ""000000000000000"", ""cur_prc"": ""000000061400"", ""pred_buyq"": ""000000000000000"", ""pred_sellq"": ""000000000000000"", ""tdy_buyq"": ""000000000000005"", ""tdy_sellq"": ""000000000000000"", ""pur_amt"": ""000000000307000"", ""pur_cmsn"": ""000000000000040"", ""evlt_amt"": ""000000000307000"", ""sell_cmsn"": ""000000000000040"", ""tax"": ""000000000000614"", ""sum_cmsn"": ""000000000000080"", ""poss_rt"": ""31.62"", ""crd_tp"": ""00"", ""crd_tp_nm"": """", ""crd_loan_dt"": """"}}, {""ticker"": ""330860"", ""quantity"": 14, ""avg_price"": 23800, ""raw"": {""stk_cd"": ""A330860"", ""stk_nm"": ""네패스아크"", ""evltv_prft"": ""-00000000000057"", ""prft_rt"": ""-0.02"", ""pur_pric"": ""000000000023800"", ""pred_close_pric"": ""000000024300"", ""rmnd_qty"": ""000000000000014"", ""trde_able_qty"": ""000000000000000"", ""cur_prc"": ""000000023850"", ""pred_buyq"": ""000000000000000"", ""pred_sellq"": ""000000000000000"", ""tdy_buyq"": ""000000000000014"", ""tdy_sellq"": ""000000000000000"", ""pur_amt"": ""000000000333200"", ""pur_cmsn"": ""000000000000040"", ""evlt_amt"": ""000000000333900"", ""sell_cmsn"": ""000000000000050"", ""tax"": ""000000000000667"", ""sum_cmsn"": ""000000000000090"", ""poss_rt"": ""34.32"", ""crd_tp"": ""00"", ""crd_tp_nm"": """", ""crd_loan_dt"": """"}}, {""ticker"": ""445680"", ""quantity"": 7, ""avg_price"": 47250, ""raw"": {""stk_cd"": ""A445680"", ""stk_nm"": ""큐리옥스바이오시스템즈"", ""evltv_prft"": ""000000000000307"", ""prft_rt"": ""0.09"", ""pur_pric"": ""000000000047250"", ""pred_close_pric"": ""000000049350"", ""rmnd_qty"": ""000000000000007"", ""trde_able_qty"": ""000000000000000"", ""cur_prc"": ""000000047400"", ""pred_buyq"": ""000000000000000"", ""pred_sellq"": ""000000000000000"", ""tdy_buyq"": ""000000000000007"", ""tdy_sellq"": ""000000000000000"", ""pur_amt"": ""000000000330750"", ""pur_cmsn"": ""000000000000040"", ""evlt_amt"": ""000000000331800"", ""sell_cmsn"": ""000000000000040"", ""tax"": ""000000000000663"", ""sum_cmsn"": ""000000000000080"", ""poss_rt"": ""34.06"", ""crd_tp"": ""00"", ""crd_tp_nm"": """", ""crd_loan_dt"": """"}}]","[{""acnt_no"": ""5704609010"", ""ord_no"": ""0135629"", ""mang_empno"": """", ""stk_cd"": ""219130"", ""tsk_tp"": """", ""ord_stt"": ""접수"", ""stk_nm"": ""타이거일렉"", ""ord_qty"": ""5"", ""ord_pric"": ""62000"", ""oso_qty"": ""5"", ""cntr_tot_amt"": ""0"", ""orig_ord_no"": ""0000000"", ""io_tp_nm"": ""-매도"", ""trde_tp"": ""보통"", ""tm"": ""095132"", ""cntr_no"": """", ""cntr_pric"": ""0"", ""cntr_qty"": ""0"", ""cur_prc"": ""-61400"", ""sel_bid"": ""-61500"", ""buy_bid"": ""-61300"", ""unit_cntr_pric"": """", ""unit_cntr_qty"": """", ""tdy_trde_cmsn"": ""0"", ""tdy_trde_tax"": ""0"", ""ind_invsr"": """", ""stex_tp"": ""1"", ""stex_tp_txt"": ""KRX"", ""sor_yn"": ""N"", ""stop_pric"": ""0""}, {""acnt_no"": ""5704609010"", ""ord_no"": ""0135387"", ""mang_empno"": """", ""stk_cd"": ""330860"", ""tsk_tp"": """", ""ord_stt"": ""접수"", ""stk_nm"": ""네패스아크"", ""ord_qty"": ""14"", ""ord_pric"": ""24050"", ""oso_qty"": ""14"", ""cntr_tot_amt"": ""0"", ""orig_ord_no"": ""0000000"", ""io_tp_nm"": ""-매도"", ""trde_tp"": ""보통"", ""tm"": ""095121"", ""cntr_no"": """", ""cntr_pric"": ""0"", ""cntr_qty"": ""0"", ""cur_prc"": ""-23850"", ""sel_bid"": ""-23900"", ""buy_bid"": ""-23800"", ""unit_cntr_pric"": """", ""unit_cntr_qty"": """", ""tdy_trde_cmsn"": ""0"", ""tdy_trde_tax"": ""0"", ""ind_invsr"": """", ""stex_tp"": ""1"", ""stex_tp_txt"": ""KRX"", ""sor_yn"": ""N"", ""stop_pric"": ""0""}, {""acnt_no"": ""5704609010"", ""ord_no"": ""0134918"", ""mang_empno"": """", ""stk_cd"": ""445680"", ""tsk_tp"": """", ""ord_stt"": ""접수"", ""stk_nm"": ""큐리옥스바이오시스템즈"", ""ord_qty"": ""7"", ""ord_pric"": ""47950"", ""oso_qty"": ""7"", ""cntr_tot_amt"": ""0"", ""orig_ord_no"": ""0000000"", ""io_tp_nm"": ""-매도"", ""trde_tp"": ""보통"", ""tm"": ""095059"", ""cntr_no"": """", ""cntr_pric"": ""0"", ""cntr_qty"": ""0"", ""cur_prc"": ""-47400"", ""sel_bid"": ""-47400"", ""buy_bid"": ""-47350"", ""unit_cntr_pric"": """", ""unit_cntr_qty"": """", ""tdy_trde_cmsn"": ""0"", ""tdy_trde_tax"": ""0"", ""ind_invsr"": """", ""stex_tp"": ""1"", ""stex_tp_txt"": ""KRX"", ""sor_yn"": ""N"", ""stop_pric"": ""0""}]"
2026-09-03,daily_loss_check,74700,1050000,0,1050000,4205,-0.402086450977486,-3.994850639281429,"[{""ticker"": ""219130"", ""quantity"": 5, ""avg_price"": 61400, ""raw"": {""stk_cd"": ""A219130"", ""stk_nm"": ""타이거일렉"", ""evltv_prft"": ""-00000000000195"", ""prft_rt"": ""-0.06"", ""pur_pric"": ""000000000061400"", ""pred_close_pric"": ""000000061900"", ""rmnd_qty"": ""000000000000005"", ""trde_able_qty"": ""000000000000000"", ""cur_prc"": ""000000061500"", ""pred_buyq"": ""000000000000000"", ""pred_sellq"": ""000000000000000"", ""tdy_buyq"": ""000000000000005"", ""tdy_sellq"": ""000000000000000"", ""pur_amt"": ""000000000307000"", ""pur_cmsn"": ""000000000000040"", ""evlt_amt"": ""000000000307500"", ""sell_cmsn"": ""000000000000040"", ""tax"": ""000000000000615"", ""sum_cmsn"": ""000000000000080"", ""poss_rt"": ""31.62"", ""crd_tp"": ""00"", ""crd_tp_nm"": """", ""crd_loan_dt"": """"}}, {""ticker"": ""330860"", ""quantity"": 14, ""avg_price"": 23800, ""raw"": {""stk_cd"": ""A330860"", ""stk_nm"": ""네패스아크"", ""evltv_prft"": ""000000000000641"", ""prft_rt"": ""0.19"", ""pur_pric"": ""000000000023800"", ""pred_close_pric"": ""000000024300"", ""rmnd_qty"": ""000000000000014"", ""trde_able_qty"": ""000000000000000"", ""cur_prc"": ""000000023900"", ""pred_buyq"": ""000000000000000"", ""pred_sellq"": ""000000000000000"", ""tdy_buyq"": ""000000000000014"", ""tdy_sellq"": ""000000000000000"", ""pur_amt"": ""000000000333200"", ""pur_cmsn"": ""000000000000040"", ""evlt_amt"": ""000000000334600"", ""sell_cmsn"": ""000000000000050"", ""tax"": ""000000000000669"", ""sum_cmsn"": ""000000000000090"", ""poss_rt"": ""34.32"", ""crd_tp"": ""00"", ""crd_tp_nm"": """", ""crd_loan_dt"": """"}}, {""ticker"": ""445680"", ""quantity"": 7, ""avg_price"": 47250, ""raw"": {""stk_cd"": ""A445680"", ""stk_nm"": ""큐리옥스바이오시스템즈"", ""evltv_prft"": ""000000000000307"", ""prft_rt"": ""0.09"", ""pur_pric"": ""000000000047250"", ""pred_close_pric"": ""000000049350"", ""rmnd_qty"": ""000000000000007"", ""trde_able_qty"": ""000000000000000"", ""cur_prc"": ""000000047400"", ""pred_buyq"": ""000000000000000"", ""pred_sellq"": ""000000000000000"", ""tdy_buyq"": ""000000000000007"", ""tdy_sellq"": ""000000000000000"", ""pur_amt"": ""000000000330750"", ""pur_cmsn"": ""000000000000040"", ""evlt_amt"": ""000000000331800"", ""sell_cmsn"": ""000000000000040"", ""tax"": ""000000000000663"", ""sum_cmsn"": ""000000000000080"", ""poss_rt"": ""34.06"", ""crd_tp"": ""00"", ""crd_tp_nm"": """", ""crd_loan_dt"": """"}}]","[{""acnt_no"": ""5704609010"", ""ord_no"": ""0135629"", ""mang_empno"": """", ""stk_cd"": ""219130"", ""tsk_tp"": """", ""ord_stt"": ""접수"", ""stk_nm"": ""타이거일렉"", ""ord_qty"": ""5"", ""ord_pric"": ""62000"", ""oso_qty"": ""5"", ""cntr_tot_amt"": ""0"", ""orig_ord_no"": ""0000000"", ""io_tp_nm"": ""-매도"", ""trde_tp"": ""보통"", ""tm"": ""095132"", ""cntr_no"": """", ""cntr_pric"": ""0"", ""cntr_qty"": ""0"", ""cur_prc"": ""-61500"", ""sel_bid"": ""-61500"", ""buy_bid"": ""-61400"", ""unit_cntr_pric"": """", ""unit_cntr_qty"": """", ""tdy_trde_cmsn"": ""0"", ""tdy_trde_tax"": ""0"", ""ind_invsr"": """", ""stex_tp"": ""1"", ""stex_tp_txt"": ""KRX"", ""sor_yn"": ""N"", ""stop_pric"": ""0""}, {""acnt_no"": ""5704609010"", ""ord_no"": ""0135387"", ""mang_empno"": """", ""stk_cd"": ""330860"", ""tsk_tp"": """", ""ord_stt"": ""접수"", ""stk_nm"": ""네패스아크"", ""ord_qty"": ""14"", ""ord_pric"": ""24050"", ""oso_qty"": ""14"", ""cntr_tot_amt"": ""0"", ""orig_ord_no"": ""0000000"", ""io_tp_nm"": ""-매도"", ""trde_tp"": ""보통"", ""tm"": ""095121"", ""cntr_no"": """", ""cntr_pric"": ""0"", ""cntr_qty"": ""0"", ""cur_prc"": ""-23900"", ""sel_bid"": ""-24000"", ""buy_bid"": ""-23850"", ""unit_cntr_pric"": """", ""unit_cntr_qty"": """", ""tdy_trde_cmsn"": ""0"", ""tdy_trde_tax"": ""0"", ""ind_invsr"": """", ""stex_tp"": ""1"", ""stex_tp_txt"": ""KRX"", ""sor_yn"": ""N"", ""stop_pric"": ""0""}, {""acnt_no"": ""5704609010"", ""ord_no"": ""0134918"", ""mang_empno"": """", ""stk_cd"": ""445680"", ""tsk_tp"": """", ""ord_stt"": ""접수"", ""stk_nm"": ""큐리옥스바이오시스템즈"", ""ord_qty"": ""7"", ""ord_pric"": ""47950"", ""oso_qty"": ""7"", ""cntr_tot_amt"": ""0"", ""orig_ord_no"": ""0000000"", ""io_tp_nm"": ""-매도"", ""trde_tp"": ""보통"", ""tm"": ""095059"", ""cntr_no"": """", ""cntr_pric"": ""0"", ""cntr_qty"": ""0"", ""cur_prc"": ""-47400"", ""sel_bid"": ""-47400"", ""buy_bid"": ""-47350"", ""unit_cntr_pric"": """", ""unit_cntr_qty"": """", ""tdy_trde_cmsn"": ""0"", ""tdy_trde_tax"": ""0"", ""ind_invsr"": """", ""stex_tp"": ""1"", ""stex_tp_txt"": ""KRX"", ""sor_yn"": ""N"", ""stop_pric"": ""0""}]"
2026-09-03,daily_loss_check,74700,1050700,0,1050700,4905,-0.4690211752781377,-3.994850639281429,"[{""ticker"": ""219130"", ""quantity"": 5, ""avg_price"": 61400, ""raw"": {""stk_cd"": ""A219130"", ""stk_nm"": ""타이거일렉"", ""evltv_prft"": ""-00000000000694"", ""prft_rt"": ""-0.23"", ""pur_pric"": ""000000000061400"", ""pred_close_pric"": ""000000061900"", ""rmnd_qty"": ""000000000000005"", ""trde_able_qty"": ""000000000000000"", ""cur_prc"": ""000000061400"", ""pred_buyq"": ""000000000000000"", ""pred_sellq"": ""000000000000000"", ""tdy_buyq"": ""000000000000005"", ""tdy_sellq"": ""000000000000000"", ""pur_amt"": ""000000000307000"", ""pur_cmsn"": ""000000000000040"", ""evlt_amt"": ""000000000307000"", ""sell_cmsn"": ""000000000000040"", ""tax"": ""000000000000614"", ""sum_cmsn"": ""000000000000080"", ""poss_rt"": ""31.62"", ""crd_tp"": ""00"", ""crd_tp_nm"": """", ""crd_loan_dt"": """"}}, {""ticker"": ""330860"", ""quantity"": 14, ""avg_price"": 23800, ""raw"": {""stk_cd"": ""A330860"", ""stk_nm"": ""네패스아크"", ""evltv_prft"": ""000000000000641"", ""prft_rt"": ""0.19"", ""pur_pric"": ""000000000023800"", ""pred_close_pric"": ""000000024300"", ""rmnd_qty"": ""000000000000014"", ""trde_able_qty"": ""000000000000000"", ""cur_prc"": ""000000023900"", ""pred_buyq"": ""000000000000000"", ""pred_sellq"": ""000000000000000"", ""tdy_buyq"": ""000000000000014"", ""tdy_sellq"": ""000000000000000"", ""pur_amt"": ""000000000333200"", ""pur_cmsn"": ""000000000000040"", ""evlt_amt"": ""000000000334600"", ""sell_cmsn"": ""000000000000050"", ""tax"": ""000000000000669"", ""sum_cmsn"": ""000000000000090"", ""poss_rt"": ""34.32"", ""crd_tp"": ""00"", ""crd_tp_nm"": """", ""crd_loan_dt"": """"}}, {""ticker"": ""445680"", ""quantity"": 7, ""avg_price"": 47250, ""raw"": {""stk_cd"": ""A445680"", ""stk_nm"": ""큐리옥스바이오시스템즈"", ""evltv_prft"": ""000000000000307"", ""prft_rt"": ""0.09"", ""pur_pric"": ""000000000047250"", ""pred_close_pric"": ""000000049350"", ""rmnd_qty"": ""000000000000007"", ""trde_able_qty"": ""000000000000000"", ""cur_prc"": ""000000047400"", ""pred_buyq"": ""000000000000000"", ""pred_sellq"": ""000000000000000"", ""tdy_buyq"": ""000000000000007"", ""tdy_sellq"": ""000000000000000"", ""pur_amt"": ""000000000330750"", ""pur_cmsn"": ""000000000000040"", ""evlt_amt"": ""000000000331800"", ""sell_cmsn"": ""000000000000040"", ""tax"": ""000000000000663"", ""sum_cmsn"": ""000000000000080"", ""poss_rt"": ""34.06"", ""crd_tp"": ""00"", ""crd_tp_nm"": """", ""crd_loan_dt"": """"}}]","[{""acnt_no"": ""5704609010"", ""ord_no"": ""0135629"", ""mang_empno"": """", ""stk_cd"": ""219130"", ""tsk_tp"": """", ""ord_stt"": ""접수"", ""stk_nm"": ""타이거일렉"", ""ord_qty"": ""5"", ""ord_pric"": ""62000"", ""oso_qty"": ""5"", ""cntr_tot_amt"": ""0"", ""orig_ord_no"": ""0000000"", ""io_tp_nm"": ""-매도"", ""trde_tp"": ""보통"", ""tm"": ""095132"", ""cntr_no"": """", ""cntr_pric"": ""0"", ""cntr_qty"": ""0"", ""cur_prc"": ""-61400"", ""sel_bid"": ""-61500"", ""buy_bid"": ""-61400"", ""unit_cntr_pric"": """", ""unit_cntr_qty"": """", ""tdy_trde_cmsn"": ""0"", ""tdy_trde_tax"": ""0"", ""ind_invsr"": """", ""stex_tp"": ""1"", ""stex_tp_txt"": ""KRX"", ""sor_yn"": ""N"", ""stop_pric"": ""0""}, {""acnt_no"": ""5704609010"", ""ord_no"": ""0135387"", ""mang_empno"": """", ""stk_cd"": ""330860"", ""tsk_tp"": """", ""ord_stt"": ""접수"", ""stk_nm"": ""네패스아크"", ""ord_qty"": ""14"", ""ord_pric"": ""24050"", ""oso_qty"": ""14"", ""cntr_tot_amt"": ""0"", ""orig_ord_no"": ""0000000"", ""io_tp_nm"": ""-매도"", ""trde_tp"": ""보통"", ""tm"": ""095121"", ""cntr_no"": """", ""cntr_pric"": ""0"", ""cntr_qty"": ""0"", ""cur_prc"": ""-23900"", ""sel_bid"": ""-24000"", ""buy_bid"": ""-23900"", ""unit_cntr_pric"": """", ""unit_cntr_qty"": """", ""tdy_trde_cmsn"": ""0"", ""tdy_trde_tax"": ""0"", ""ind_invsr"": """", ""stex_tp"": ""1"", ""stex_tp_txt"": ""KRX"", ""sor_yn"": ""N"", ""stop_pric"": ""0""}, {""acnt_no"": ""5704609010"", ""ord_no"": ""0134918"", ""mang_empno"": """", ""stk_cd"": ""445680"", ""tsk_tp"": """", ""ord_stt"": ""접수"", ""stk_nm"": ""큐리옥스바이오시스템즈"", ""ord_qty"": ""7"", ""ord_pric"": ""47950"", ""oso_qty"": ""7"", ""cntr_tot_amt"": ""0"", ""orig_ord_no"": ""0000000"", ""io_tp_nm"": ""-매도"", ""trde_tp"": ""보통"", ""tm"": ""095059"", ""cntr_no"": """", ""cntr_pric"": ""0"", ""cntr_qty"": ""0"", ""cur_prc"": ""-47400"", ""sel_bid"": ""-47400"", ""buy_bid"": ""-47350"", ""unit_cntr_pric"": """", ""unit_cntr_qty"": """", ""tdy_trde_cmsn"": ""0"", ""tdy_trde_tax"": ""0"", ""ind_invsr"": """", ""stex_tp"": ""1"", ""stex_tp_txt"": ""KRX"", ""sor_yn"": ""N"", ""stop_pric"": ""0""}]"
2026-09-03,daily_loss_check,74700,1050700,0,1050700,4905,-0.4690211752781377,-3.994850639281429,"[{""ticker"": ""219130"", ""quantity"": 5, ""avg_price"": 61400, ""raw"": {""stk_cd"": ""A219130"", ""stk_nm"": ""타이거일렉"", ""evltv_prft"": ""-00000000000694"", ""prft_rt"": ""-0.23"", ""pur_pric"": ""000000000061400"", ""pred_close_pric"": ""000000061900"", ""rmnd_qty"": ""000000000000005"", ""trde_able_qty"": ""000000000000000"", ""cur_prc"": ""000000061400"", ""pred_buyq"": ""000000000000000"", ""pred_sellq"": ""000000000000000"", ""tdy_buyq"": ""000000000000005"", ""tdy_sellq"": ""000000000000000"", ""pur_amt"": ""000000000307000"", ""pur_cmsn"": ""000000000000040"", ""evlt_amt"": ""000000000307000"", ""sell_cmsn"": ""000000000000040"", ""tax"": ""000000000000614"", ""sum_cmsn"": ""000000000000080"", ""poss_rt"": ""31.62"", ""crd_tp"": ""00"", ""crd_tp_nm"": """", ""crd_loan_dt"": """"}}, {""ticker"": ""330860"", ""quantity"": 14, ""avg_price"": 23800, ""raw"": {""stk_cd"": ""A330860"", ""stk_nm"": ""네패스아크"", ""evltv_prft"": ""000000000000641"", ""prft_rt"": ""0.19"", ""pur_pric"": ""000000000023800"", ""pred_close_pric"": ""000000024300"", ""rmnd_qty"": ""000000000000014"", ""trde_able_qty"": ""000000000000000"", ""cur_prc"": ""000000023900"", ""pred_buyq"": ""000000000000000"", ""pred_sellq"": ""000000000000000"", ""tdy_buyq"": ""000000000000014"", ""tdy_sellq"": ""000000000000000"", ""pur_amt"": ""000000000333200"", ""pur_cmsn"": ""000000000000040"", ""evlt_amt"": ""000000000334600"", ""sell_cmsn"": ""000000000000050"", ""tax"": ""000000000000669"", ""sum_cmsn"": ""000000000000090"", ""poss_rt"": ""34.32"", ""crd_tp"": ""00"", ""crd_tp_nm"": """", ""crd_loan_dt"": """"}}, {""ticker"": ""445680"", ""quantity"": 7, ""avg_price"": 47250, ""raw"": {""stk_cd"": ""A445680"", ""stk_nm"": ""큐리옥스바이오시스템즈"", ""evltv_prft"": ""000000000000656"", ""prft_rt"": ""0.20"", ""pur_pric"": ""000000000047250"", ""pred_close_pric"": ""000000049350"", ""rmnd_qty"": ""000000000000007"", ""trde_able_qty"": ""000000000000000"", ""cur_prc"": ""000000047450"", ""pred_buyq"": ""000000000000000"", ""pred_sellq"": ""000000000000000"", ""tdy_buyq"": ""000000000000007"", ""tdy_sellq"": ""000000000000000"", ""pur_amt"": ""000000000330750"", ""pur_cmsn"": ""000000000000040"", ""evlt_amt"": ""000000000332150"", ""sell_cmsn"": ""000000000000040"", ""tax"": ""000000000000664"", ""sum_cmsn"": ""000000000000080"", ""poss_rt"": ""34.06"", ""crd_tp"": ""00"", ""crd_tp_nm"": """", ""crd_loan_dt"": """"}}]","[{""acnt_no"": ""5704609010"", ""ord_no"": ""0135629"", ""mang_empno"": """", ""stk_cd"": ""219130"", ""tsk_tp"": """", ""ord_stt"": ""접수"", ""stk_nm"": ""타이거일렉"", ""ord_qty"": ""5"", ""ord_pric"": ""62000"", ""oso_qty"": ""5"", ""cntr_tot_amt"": ""0"", ""orig_ord_no"": ""0000000"", ""io_tp_nm"": ""-매도"", ""trde_tp"": ""보통"", ""tm"": ""095132"", ""cntr_no"": """", ""cntr_pric"": ""0"", ""cntr_qty"": ""0"", ""cur_prc"": ""-61400"", ""sel_bid"": ""-61500"", ""buy_bid"": ""-61400"", ""unit_cntr_pric"": """", ""unit_cntr_qty"": """", ""tdy_trde_cmsn"": ""0"", ""tdy_trde_tax"": ""0"", ""ind_invsr"": """", ""stex_tp"": ""1"", ""stex_tp_txt"": ""KRX"", ""sor_yn"": ""N"", ""stop_pric"": ""0""}, {""acnt_no"": ""5704609010"", ""ord_no"": ""0135387"", ""mang_empno"": """", ""stk_cd"": ""330860"", ""tsk_tp"": """", ""ord_stt"": ""접수"", ""stk_nm"": ""네패스아크"", ""ord_qty"": ""14"", ""ord_pric"": ""24050"", ""oso_qty"": ""14"", ""cntr_tot_amt"": ""0"", ""orig_ord_no"": ""0000000"", ""io_tp_nm"": ""-매도"", ""trde_tp"": ""보통"", ""tm"": ""095121"", ""cntr_no"": """", ""cntr_pric"": ""0"", ""cntr_qty"": ""0"", ""cur_prc"": ""-23900"", ""sel_bid"": ""-24000"", ""buy_bid"": ""-23900"", ""unit_cntr_pric"": """", ""unit_cntr_qty"": """", ""tdy_trde_cmsn"": ""0"", ""tdy_trde_tax"": ""0"", ""ind_invsr"": """", ""stex_tp"": ""1"", ""stex_tp_txt"": ""KRX"", ""sor_yn"": ""N"", ""stop_pric"": ""0""}, {""acnt_no"": ""5704609010"", ""ord_no"": ""0134918"", ""mang_empno"": """", ""stk_cd"": ""445680"", ""tsk_tp"": """", ""ord_stt"": ""접수"", ""stk_nm"": ""큐리옥스바이오시스템즈"", ""ord_qty"": ""7"", ""ord_pric"": ""47950"", ""oso_qty"": ""7"", ""cntr_tot_amt"": ""0"", ""orig_ord_no"": ""0000000"", ""io_tp_nm"": ""-매도"", ""trde_tp"": ""보통"", ""tm"": ""095059"", ""cntr_no"": """", ""cntr_pric"": ""0"", ""cntr_qty"": ""0"", ""cur_prc"": ""-47450"", ""sel_bid"": ""-47500"", ""buy_bid"": ""-47450"", ""unit_cntr_pric"": """", ""unit_cntr_qty"": """", ""tdy_trde_cmsn"": ""0"", ""tdy_trde_tax"": ""0"", ""ind_invsr"": """", ""stex_tp"": ""1"", ""stex_tp_txt"": ""KRX"", ""sor_yn"": ""N"", ""stop_pric"": ""0""}]"
2026-09-03,daily_loss_check,74700,1051750,0,1051750,5955,-0.5694232617291152,-3.994850639281429,"[{""ticker"": ""219130"", ""quantity"": 5, ""avg_price"": 61400, ""raw"": {""stk_cd"": ""A219130"", ""stk_nm"": ""타이거일렉"", ""evltv_prft"": ""-00000000000195"", ""prft_rt"": ""-0.06"", ""pur_pric"": ""000000000061400"", ""pred_close_pric"": ""000000061900"", ""rmnd_qty"": ""000000000000005"", ""trde_able_qty"": ""000000000000000"", ""cur_prc"": ""000000061500"", ""pred_buyq"": ""000000000000000"", ""pred_sellq"": ""000000000000000"", ""tdy_buyq"": ""000000000000005"", ""tdy_sellq"": ""000000000000000"", ""pur_amt"": ""000000000307000"", ""pur_cmsn"": ""000000000000040"", ""evlt_amt"": ""000000000307500"", ""sell_cmsn"": ""000000000000040"", ""tax"": ""000000000000615"", ""sum_cmsn"": ""000000000000080"", ""poss_rt"": ""31.62"", ""crd_tp"": ""00"", ""crd_tp_nm"": """", ""crd_loan_dt"": """"}}, {""ticker"": ""330860"", ""quantity"": 14, ""avg_price"": 23800, ""raw"": {""stk_cd"": ""A330860"", ""stk_nm"": ""네패스아크"", ""evltv_prft"": ""000000000000641"", ""prft_rt"": ""0.19"", ""pur_pric"": ""000000000023800"", ""pred_close_pric"": ""000000024300"", ""rmnd_qty"": ""000000000000014"", ""trde_able_qty"": ""000000000000000"", ""cur_prc"": ""000000023900"", ""pred_buyq"": ""000000000000000"", ""pred_sellq"": ""000000000000000"", ""tdy_buyq"": ""000000000000014"", ""tdy_sellq"": ""000000000000000"", ""pur_amt"": ""000000000333200"", ""pur_cmsn"": ""000000000000040"", ""evlt_amt"": ""000000000334600"", ""sell_cmsn"": ""000000000000050"", ""tax"": ""000000000000669"", ""sum_cmsn"": ""000000000000090"", ""poss_rt"": ""34.32"", ""crd_tp"": ""00"", ""crd_tp_nm"": """", ""crd_loan_dt"": """"}}, {""ticker"": ""445680"", ""quantity"": 7, ""avg_price"": 47250, ""raw"": {""stk_cd"": ""A445680"", ""stk_nm"": ""큐리옥스바이오시스템즈"", ""evltv_prft"": ""000000000001005"", ""prft_rt"": ""0.30"", ""pur_pric"": ""000000000047250"", ""pred_close_pric"": ""000000049350"", ""rmnd_qty"": ""000000000000007"", ""trde_able_qty"": ""000000000000000"", ""cur_prc"": ""000000047500"", ""pred_buyq"": ""000000000000000"", ""pred_sellq"": ""000000000000000"", ""tdy_buyq"": ""000000000000007"", ""tdy_sellq"": ""000000000000000"", ""pur_amt"": ""000000000330750"", ""pur_cmsn"": ""000000000000040"", ""evlt_amt"": ""000000000332500"", ""sell_cmsn"": ""000000000000040"", ""tax"": ""000000000000665"", ""sum_cmsn"": ""000000000000080"", ""poss_rt"": ""34.06"", ""crd_tp"": ""00"", ""crd_tp_nm"": """", ""crd_loan_dt"": """"}}]","[{""acnt_no"": ""5704609010"", ""ord_no"": ""0135629"", ""mang_empno"": """", ""stk_cd"": ""219130"", ""tsk_tp"": """", ""ord_stt"": ""접수"", ""stk_nm"": ""타이거일렉"", ""ord_qty"": ""5"", ""ord_pric"": ""62000"", ""oso_qty"": ""5"", ""cntr_tot_amt"": ""0"", ""orig_ord_no"": ""0000000"", ""io_tp_nm"": ""-매도"", ""trde_tp"": ""보통"", ""tm"": ""095132"", ""cntr_no"": """", ""cntr_pric"": ""0"", ""cntr_qty"": ""0"", ""cur_prc"": ""-61500"", ""sel_bid"": ""-61500"", ""buy_bid"": ""-61400"", ""unit_cntr_pric"": """", ""unit_cntr_qty"": """", ""tdy_trde_cmsn"": ""0"", ""tdy_trde_tax"": ""0"", ""ind_invsr"": """", ""stex_tp"": ""1"", ""stex_tp_txt"": ""KRX"", ""sor_yn"": ""N"", ""stop_pric"": ""0""}, {""acnt_no"": ""5704609010"", ""ord_no"": ""0135387"", ""mang_empno"": """", ""stk_cd"": ""330860"", ""tsk_tp"": """", ""ord_stt"": ""접수"", ""stk_nm"": ""네패스아크"", ""ord_qty"": ""14"", ""ord_pric"": ""24050"", ""oso_qty"": ""14"", ""cntr_tot_amt"": ""0"", ""orig_ord_no"": ""0000000"", ""io_tp_nm"": ""-매도"", ""trde_tp"": ""보통"", ""tm"": ""095121"", ""cntr_no"": """", ""cntr_pric"": ""0"", ""cntr_qty"": ""0"", ""cur_prc"": ""-23900"", ""sel_bid"": ""-24000"", ""buy_bid"": ""-23900"", ""unit_cntr_pric"": """", ""unit_cntr_qty"": """", ""tdy_trde_cmsn"": ""0"", ""tdy_trde_tax"": ""0"", ""ind_invsr"": """", ""stex_tp"": ""1"", ""stex_tp_txt"": ""KRX"", ""sor_yn"": ""N"", ""stop_pric"": ""0""}, {""acnt_no"": ""5704609010"", ""ord_no"": ""0134918"", ""mang_empno"": """", ""stk_cd"": ""445680"", ""tsk_tp"": """", ""ord_stt"": ""접수"", ""stk_nm"": ""큐리옥스바이오시스템즈"", ""ord_qty"": ""7"", ""ord_pric"": ""47950"", ""oso_qty"": ""7"", ""cntr_tot_amt"": ""0"", ""orig_ord_no"": ""0000000"", ""io_tp_nm"": ""-매도"", ""trde_tp"": ""보통"", ""tm"": ""095059"", ""cntr_no"": """", ""cntr_pric"": ""0"", ""cntr_qty"": ""0"", ""cur_prc"": ""-47500"", ""sel_bid"": ""-47500"", ""buy_bid"": ""-47450"", ""unit_cntr_pric"": """", ""unit_cntr_qty"": """", ""tdy_trde_cmsn"": ""0"", ""tdy_trde_tax"": ""0"", ""ind_invsr"": """", ""stex_tp"": ""1"", ""stex_tp_txt"": ""KRX"", ""sor_yn"": ""N"", ""stop_pric"": ""0""}]"
2026-09-03,daily_loss_check,74700,1052100,0,1052100,6305,-0.602890623879441,-3.994850639281429,"[{""ticker"": ""219130"", ""quantity"": 5, ""avg_price"": 61400, ""raw"": {""stk_cd"": ""A219130"", ""stk_nm"": ""타이거일렉"", ""evltv_prft"": ""-00000000000195"", ""prft_rt"": ""-0.06"", ""pur_pric"": ""000000000061400"", ""pred_close_pric"": ""000000061900"", ""rmnd_qty"": ""000000000000005"", ""trde_able_qty"": ""000000000000000"", ""cur_prc"": ""000000061500"", ""pred_buyq"": ""000000000000000"", ""pred_sellq"": ""000000000000000"", ""tdy_buyq"": ""000000000000005"", ""tdy_sellq"": ""000000000000000"", ""pur_amt"": ""000000000307000"", ""pur_cmsn"": ""000000000000040"", ""evlt_amt"": ""000000000307500"", ""sell_cmsn"": ""000000000000040"", ""tax"": ""000000000000615"", ""sum_cmsn"": ""000000000000080"", ""poss_rt"": ""31.62"", ""crd_tp"": ""00"", ""crd_tp_nm"": """", ""crd_loan_dt"": """"}}, {""ticker"": ""330860"", ""quantity"": 14, ""avg_price"": 23800, ""raw"": {""stk_cd"": ""A330860"", ""stk_nm"": ""네패스아크"", ""evltv_prft"": ""000000000000641"", ""prft_rt"": ""0.19"", ""pur_pric"": ""000000000023800"", ""pred_close_pric"": ""000000024300"", ""rmnd_qty"": ""000000000000014"", ""trde_able_qty"": ""000000000000000"", ""cur_prc"": ""000000023900"", ""pred_buyq"": ""000000000000000"", ""pred_sellq"": ""000000000000000"", ""tdy_buyq"": ""000000000000014"", ""tdy_sellq"": ""000000000000000"", ""pur_amt"": ""000000000333200"", ""pur_cmsn"": ""000000000000040"", ""evlt_amt"": ""000000000334600"", ""sell_cmsn"": ""000000000000050"", ""tax"": ""000000000000669"", ""sum_cmsn"": ""000000000000090"", ""poss_rt"": ""34.32"", ""crd_tp"": ""00"", ""crd_tp_nm"": """", ""crd_loan_dt"": """"}}, {""ticker"": ""445680"", ""quantity"": 7, ""avg_price"": 47250, ""raw"": {""stk_cd"": ""A445680"", ""stk_nm"": ""큐리옥스바이오시스템즈"", ""evltv_prft"": ""000000000001355"", ""prft_rt"": ""0.41"", ""pur_pric"": ""000000000047250"", ""pred_close_pric"": ""000000049350"", ""rmnd_qty"": ""000000000000007"", ""trde_able_qty"": ""000000000000000"", ""cur_prc"": ""000000047550"", ""pred_buyq"": ""000000000000000"", ""pred_sellq"": ""000000000000000"", ""tdy_buyq"": ""000000000000007"", ""tdy_sellq"": ""000000000000000"", ""pur_amt"": ""000000000330750"", ""pur_cmsn"": ""000000000000040"", ""evlt_amt"": ""000000000332850"", ""sell_cmsn"": ""000000000000040"", ""tax"": ""000000000000665"", ""sum_cmsn"": ""000000000000080"", ""poss_rt"": ""34.06"", ""crd_tp"": ""00"", ""crd_tp_nm"": """", ""crd_loan_dt"": """"}}]","[{""acnt_no"": ""5704609010"", ""ord_no"": ""0135629"", ""mang_empno"": """", ""stk_cd"": ""219130"", ""tsk_tp"": """", ""ord_stt"": ""접수"", ""stk_nm"": ""타이거일렉"", ""ord_qty"": ""5"", ""ord_pric"": ""62000"", ""oso_qty"": ""5"", ""cntr_tot_amt"": ""0"", ""orig_ord_no"": ""0000000"", ""io_tp_nm"": ""-매도"", ""trde_tp"": ""보통"", ""tm"": ""095132"", ""cntr_no"": """", ""cntr_pric"": ""0"", ""cntr_qty"": ""0"", ""cur_prc"": ""-61500"", ""sel_bid"": ""-61500"", ""buy_bid"": ""-61400"", ""unit_cntr_pric"": """", ""unit_cntr_qty"": """", ""tdy_trde_cmsn"": ""0"", ""tdy_trde_tax"": ""0"", ""ind_invsr"": """", ""stex_tp"": ""1"", ""stex_tp_txt"": ""KRX"", ""sor_yn"": ""N"", ""stop_pric"": ""0""}, {""acnt_no"": ""5704609010"", ""ord_no"": ""0135387"", ""mang_empno"": """", ""stk_cd"": ""330860"", ""tsk_tp"": """", ""ord_stt"": ""접수"", ""stk_nm"": ""네패스아크"", ""ord_qty"": ""14"", ""ord_pric"": ""24050"", ""oso_qty"": ""14"", ""cntr_tot_amt"": ""0"", ""orig_ord_no"": ""0000000"", ""io_tp_nm"": ""-매도"", ""trde_tp"": ""보통"", ""tm"": ""095121"", ""cntr_no"": """", ""cntr_pric"": ""0"", ""cntr_qty"": ""0"", ""cur_prc"": ""-23900"", ""sel_bid"": ""-24050"", ""buy_bid"": ""-23900"", ""unit_cntr_pric"": """", ""unit_cntr_qty"": """", ""tdy_trde_cmsn"": ""0"", ""tdy_trde_tax"": ""0"", ""ind_invsr"": """", ""stex_tp"": ""1"", ""stex_tp_txt"": ""KRX"", ""sor_yn"": ""N"", ""stop_pric"": ""0""}, {""acnt_no"": ""5704609010"", ""ord_no"": ""0134918"", ""mang_empno"": """", ""stk_cd"": ""445680"", ""tsk_tp"": """", ""ord_stt"": ""접수"", ""stk_nm"": ""큐리옥스바이오시스템즈"", ""ord_qty"": ""7"", ""ord_pric"": ""47950"", ""oso_qty"": ""7"", ""cntr_tot_amt"": ""0"", ""orig_ord_no"": ""0000000"", ""io_tp_nm"": ""-매도"", ""trde_tp"": ""보통"", ""tm"": ""095059"", ""cntr_no"": """", ""cntr_pric"": ""0"", ""cntr_qty"": ""0"", ""cur_prc"": ""-47550"", ""sel_bid"": ""-47600"", ""buy_bid"": ""-47450"", ""unit_cntr_pric"": """", ""unit_cntr_qty"": """", ""tdy_trde_cmsn"": ""0"", ""tdy_trde_tax"": ""0"", ""ind_invsr"": """", ""stex_tp"": ""1"", ""stex_tp_txt"": ""KRX"", ""sor_yn"": ""N"", ""stop_pric"": ""0""}]"
2026-09-03,daily_loss_check,74700,1050400,0,1050400,4605,-0.4403348648635727,-3.994850639281429,"[{""ticker"": ""219130"", ""quantity"": 5, ""avg_price"": 61400, ""raw"": {""stk_cd"": ""A219130"", ""stk_nm"": ""타이거일렉"", ""evltv_prft"": ""-00000000000694"", ""prft_rt"": ""-0.23"", ""pur_pric"": ""000000000061400"", ""pred_close_pric"": ""000000061900"", ""rmnd_qty"": ""000000000000005"", ""trde_able_qty"": ""000000000000000"", ""cur_prc"": ""000000061400"", ""pred_buyq"": ""000000000000000"", ""pred_sellq"": ""000000000000000"", ""tdy_buyq"": ""000000000000005"", ""tdy_sellq"": ""000000000000000"", ""pur_amt"": ""000000000307000"", ""pur_cmsn"": ""000000000000040"", ""evlt_amt"": ""000000000307000"", ""sell_cmsn"": ""000000000000040"", ""tax"": ""000000000000614"", ""sum_cmsn"": ""000000000000080"", ""poss_rt"": ""31.62"", ""crd_tp"": ""00"", ""crd_tp_nm"": """", ""crd_loan_dt"": """"}}, {""ticker"": ""330860"", ""quantity"": 14, ""avg_price"": 23800, ""raw"": {""stk_cd"": ""A330860"", ""stk_nm"": ""네패스아크"", ""evltv_prft"": ""000000000000641"", ""prft_rt"": ""0.19"", ""pur_pric"": ""000000000023800"", ""pred_close_pric"": ""000000024300"", ""rmnd_qty"": ""000000000000014"", ""trde_able_qty"": ""000000000000000"", ""cur_prc"": ""000000023900"", ""pred_buyq"": ""000000000000000"", ""pred_sellq"": ""000000000000000"", ""tdy_buyq"": ""000000000000014"", ""tdy_sellq"": ""000000000000000"", ""pur_amt"": ""000000000333200"", ""pur_cmsn"": ""000000000000040"", ""evlt_amt"": ""000000000334600"", ""sell_cmsn"": ""000000000000050"", ""tax"": ""000000000000669"", ""sum_cmsn"": ""000000000000090"", ""poss_rt"": ""34.32"", ""crd_tp"": ""00"", ""crd_tp_nm"": """", ""crd_loan_dt"": """"}}, {""ticker"": ""445680"", ""quantity"": 7, ""avg_price"": 47250, ""raw"": {""stk_cd"": ""A445680"", ""stk_nm"": ""큐리옥스바이오시스템즈"", ""evltv_prft"": ""000000000001005"", ""prft_rt"": ""0.30"", ""pur_pric"": ""000000000047250"", ""pred_close_pric"": ""000000049350"", ""rmnd_qty"": ""000000000000007"", ""trde_able_qty"": ""000000000000000"", ""cur_prc"": ""000000047500"", ""pred_buyq"": ""000000000000000"", ""pred_sellq"": ""000000000000000"", ""tdy_buyq"": ""000000000000007"", ""tdy_sellq"": ""000000000000000"", ""pur_amt"": ""000000000330750"", ""pur_cmsn"": ""000000000000040"", ""evlt_amt"": ""000000000332500"", ""sell_cmsn"": ""000000000000040"", ""tax"": ""000000000000665"", ""sum_cmsn"": ""000000000000080"", ""poss_rt"": ""34.06"", ""crd_tp"": ""00"", ""crd_tp_nm"": """", ""crd_loan_dt"": """"}}]","[{""acnt_no"": ""5704609010"", ""ord_no"": ""0135629"", ""mang_empno"": """", ""stk_cd"": ""219130"", ""tsk_tp"": """", ""ord_stt"": ""접수"", ""stk_nm"": ""타이거일렉"", ""ord_qty"": ""5"", ""ord_pric"": ""62000"", ""oso_qty"": ""5"", ""cntr_tot_amt"": ""0"", ""orig_ord_no"": ""0000000"", ""io_tp_nm"": ""-매도"", ""trde_tp"": ""보통"", ""tm"": ""095132"", ""cntr_no"": """", ""cntr_pric"": ""0"", ""cntr_qty"": ""0"", ""cur_prc"": ""-61400"", ""sel_bid"": ""-61500"", ""buy_bid"": ""-61400"", ""unit_cntr_pric"": """", ""unit_cntr_qty"": """", ""tdy_trde_cmsn"": ""0"", ""tdy_trde_tax"": ""0"", ""ind_invsr"": """", ""stex_tp"": ""1"", ""stex_tp_txt"": ""KRX"", ""sor_yn"": ""N"", ""stop_pric"": ""0""}, {""acnt_no"": ""5704609010"", ""ord_no"": ""0135387"", ""mang_empno"": """", ""stk_cd"": ""330860"", ""tsk_tp"": """", ""ord_stt"": ""접수"", ""stk_nm"": ""네패스아크"", ""ord_qty"": ""14"", ""ord_pric"": ""24050"", ""oso_qty"": ""14"", ""cntr_tot_amt"": ""0"", ""orig_ord_no"": ""0000000"", ""io_tp_nm"": ""-매도"", ""trde_tp"": ""보통"", ""tm"": ""095121"", ""cntr_no"": """", ""cntr_pric"": ""0"", ""cntr_qty"": ""0"", ""cur_prc"": ""-23900"", ""sel_bid"": ""-24050"", ""buy_bid"": ""-23900"", ""unit_cntr_pric"": """", ""unit_cntr_qty"": """", ""tdy_trde_cmsn"": ""0"", ""tdy_trde_tax"": ""0"", ""ind_invsr"": """", ""stex_tp"": ""1"", ""stex_tp_txt"": ""KRX"", ""sor_yn"": ""N"", ""stop_pric"": ""0""}, {""acnt_no"": ""5704609010"", ""ord_no"": ""0134918"", ""mang_empno"": """", ""stk_cd"": ""445680"", ""tsk_tp"": """", ""ord_stt"": ""접수"", ""stk_nm"": ""큐리옥스바이오시스템즈"", ""ord_qty"": ""7"", ""ord_pric"": ""47950"", ""oso_qty"": ""7"", ""cntr_tot_amt"": ""0"", ""orig_ord_no"": ""0000000"", ""io_tp_nm"": ""-매도"", ""trde_tp"": ""보통"", ""tm"": ""095059"", ""cntr_no"": """", ""cntr_pric"": ""0"", ""cntr_qty"": ""0"", ""cur_prc"": ""-47500"", ""sel_bid"": ""-47500"", ""buy_bid"": ""-47450"", ""unit_cntr_pric"": """", ""unit_cntr_qty"": """", ""tdy_trde_cmsn"": ""0"", ""tdy_trde_tax"": ""0"", ""ind_invsr"": """", ""stex_tp"": ""1"", ""stex_tp_txt"": ""KRX"", ""sor_yn"": ""N"", ""stop_pric"": ""0""}]"
2026-09-03,daily_loss_check,410676,1049676,0,1049676,3881,-0.3711052357297558,-3.994850639281429,"[{""ticker"": ""219130"", ""quantity"": 5, ""avg_price"": 61400, ""raw"": {""stk_cd"": ""A219130"", ""stk_nm"": ""타이거일렉"", ""evltv_prft"": ""-00000000001692"", ""prft_rt"": ""-0.55"", ""pur_pric"": ""000000000061400"", ""pred_close_pric"": ""000000061900"", ""rmnd_qty"": ""000000000000005"", ""trde_able_qty"": ""000000000000000"", ""cur_prc"": ""000000061200"", ""pred_buyq"": ""000000000000000"", ""pred_sellq"": ""000000000000000"", ""tdy_buyq"": ""000000000000005"", ""tdy_sellq"": ""000000000000000"", ""pur_amt"": ""000000000307000"", ""pur_cmsn"": ""000000000000040"", ""evlt_amt"": ""000000000306000"", ""sell_cmsn"": ""000000000000040"", ""tax"": ""000000000000612"", ""sum_cmsn"": ""000000000000080"", ""poss_rt"": ""48.14"", ""crd_tp"": ""00"", ""crd_tp_nm"": """", ""crd_loan_dt"": """"}}, {""ticker"": ""445680"", ""quantity"": 7, ""avg_price"": 47250, ""raw"": {""stk_cd"": ""A445680"", ""stk_nm"": ""큐리옥스바이오시스템즈"", ""evltv_prft"": ""000000000000307"", ""prft_rt"": ""0.09"", ""pur_pric"": ""000000000047250"", ""pred_close_pric"": ""000000049350"", ""rmnd_qty"": ""000000000000007"", ""trde_able_qty"": ""000000000000000"", ""cur_prc"": ""000000047400"", ""pred_buyq"": ""000000000000000"", ""pred_sellq"": ""000000000000000"", ""tdy_buyq"": ""000000000000007"", ""tdy_sellq"": ""000000000000000"", ""pur_amt"": ""000000000330750"", ""pur_cmsn"": ""000000000000040"", ""evlt_amt"": ""000000000331800"", ""sell_cmsn"": ""000000000000040"", ""tax"": ""000000000000663"", ""sum_cmsn"": ""000000000000080"", ""poss_rt"": ""51.86"", ""crd_tp"": ""00"", ""crd_tp_nm"": """", ""crd_loan_dt"": """"}}]","[{""acnt_no"": ""5704609010"", ""ord_no"": ""0135629"", ""mang_empno"": """", ""stk_cd"": ""219130"", ""tsk_tp"": """", ""ord_stt"": ""접수"", ""stk_nm"": ""타이거일렉"", ""ord_qty"": ""5"", ""ord_pric"": ""62000"", ""oso_qty"": ""5"", ""cntr_tot_amt"": ""0"", ""orig_ord_no"": ""0000000"", ""io_tp_nm"": ""-매도"", ""trde_tp"": ""보통"", ""tm"": ""095132"", ""cntr_no"": """", ""cntr_pric"": ""0"", ""cntr_qty"": ""0"", ""cur_prc"": ""-61200"", ""sel_bid"": ""-61200"", ""buy_bid"": ""-60900"", ""unit_cntr_pric"": """", ""unit_cntr_qty"": """", ""tdy_trde_cmsn"": ""0"", ""tdy_trde_tax"": ""0"", ""ind_invsr"": """", ""stex_tp"": ""1"", ""stex_tp_txt"": ""KRX"", ""sor_yn"": ""N"", ""stop_pric"": ""0""}, {""acnt_no"": ""5704609010"", ""ord_no"": ""0134918"", ""mang_empno"": """", ""stk_cd"": ""445680"", ""tsk_tp"": """", ""ord_stt"": ""접수"", ""stk_nm"": ""큐리옥스바이오시스템즈"", ""ord_qty"": ""7"", ""ord_pric"": ""47950"", ""oso_qty"": ""7"", ""cntr_tot_amt"": ""0"", ""orig_ord_no"": ""0000000"", ""io_tp_nm"": ""-매도"", ""trde_tp"": ""보통"", ""tm"": ""095059"", ""cntr_no"": """", ""cntr_pric"": ""0"", ""cntr_qty"": ""0"", ""cur_prc"": ""-47400"", ""sel_bid"": ""-47500"", ""buy_bid"": ""-47400"", ""unit_cntr_pric"": """", ""unit_cntr_qty"": """", ""tdy_trde_cmsn"": ""0"", ""tdy_trde_tax"": ""0"", ""ind_invsr"": """", ""stex_tp"": ""1"", ""stex_tp_txt"": ""KRX"", ""sor_yn"": ""N"", ""stop_pric"": ""0""}]"
2026-09-03,daily_loss_check,410676,1050026,0,1050026,4231,-0.40457259788008165,-3.994850639281429,"[{""ticker"": ""219130"", ""quantity"": 5, ""avg_price"": 61400, ""raw"": {""stk_cd"": ""A219130"", ""stk_nm"": ""타이거일렉"", ""evltv_prft"": ""-00000000002690"", ""prft_rt"": ""-0.88"", ""pur_pric"": ""000000000061400"", ""pred_close_pric"": ""000000061900"", ""rmnd_qty"": ""000000000000005"", ""trde_able_qty"": ""000000000000000"", ""cur_prc"": ""000000061000"", ""pred_buyq"": ""000000000000000"", ""pred_sellq"": ""000000000000000"", ""tdy_buyq"": ""000000000000005"", ""tdy_sellq"": ""000000000000000"", ""pur_amt"": ""000000000307000"", ""pur_cmsn"": ""000000000000040"", ""evlt_amt"": ""000000000305000"", ""sell_cmsn"": ""000000000000040"", ""tax"": ""000000000000610"", ""sum_cmsn"": ""000000000000080"", ""poss_rt"": ""48.14"", ""crd_tp"": ""00"", ""crd_tp_nm"": """", ""crd_loan_dt"": """"}}, {""ticker"": ""445680"", ""quantity"": 7, ""avg_price"": 47250, ""raw"": {""stk_cd"": ""A445680"", ""stk_nm"": ""큐리옥스바이오시스템즈"", ""evltv_prft"": ""000000000001355"", ""prft_rt"": ""0.41"", ""pur_pric"": ""000000000047250"", ""pred_close_pric"": ""000000049350"", ""rmnd_qty"": ""000000000000007"", ""trde_able_qty"": ""000000000000000"", ""cur_prc"": ""000000047550"", ""pred_buyq"": ""000000000000000"", ""pred_sellq"": ""000000000000000"", ""tdy_buyq"": ""000000000000007"", ""tdy_sellq"": ""000000000000000"", ""pur_amt"": ""000000000330750"", ""pur_cmsn"": ""000000000000040"", ""evlt_amt"": ""000000000332850"", ""sell_cmsn"": ""000000000000040"", ""tax"": ""000000000000665"", ""sum_cmsn"": ""000000000000080"", ""poss_rt"": ""51.86"", ""crd_tp"": ""00"", ""crd_tp_nm"": """", ""crd_loan_dt"": """"}}]","[{""acnt_no"": ""5704609010"", ""ord_no"": ""0135629"", ""mang_empno"": """", ""stk_cd"": ""219130"", ""tsk_tp"": """", ""ord_stt"": ""접수"", ""stk_nm"": ""타이거일렉"", ""ord_qty"": ""5"", ""ord_pric"": ""62000"", ""oso_qty"": ""5"", ""cntr_tot_amt"": ""0"", ""orig_ord_no"": ""0000000"", ""io_tp_nm"": ""-매도"", ""trde_tp"": ""보통"", ""tm"": ""095132"", ""cntr_no"": """", ""cntr_pric"": ""0"", ""cntr_qty"": ""0"", ""cur_prc"": ""-61000"", ""sel_bid"": ""-61300"", ""buy_bid"": ""-61000"", ""unit_cntr_pric"": """", ""unit_cntr_qty"": """", ""tdy_trde_cmsn"": ""0"", ""tdy_trde_tax"": ""0"", ""ind_invsr"": """", ""stex_tp"": ""1"", ""stex_tp_txt"": ""KRX"", ""sor_yn"": ""N"", ""stop_pric"": ""0""}, {""acnt_no"": ""5704609010"", ""ord_no"": ""0134918"", ""mang_empno"": """", ""stk_cd"": ""445680"", ""tsk_tp"": """", ""ord_stt"": ""접수"", ""stk_nm"": ""큐리옥스바이오시스템즈"", ""ord_qty"": ""7"", ""ord_pric"": ""47950"", ""oso_qty"": ""7"", ""cntr_tot_amt"": ""0"", ""orig_ord_no"": ""0000000"", ""io_tp_nm"": ""-매도"", ""trde_tp"": ""보통"", ""tm"": ""095059"", ""cntr_no"": """", ""cntr_pric"": ""0"", ""cntr_qty"": ""0"", ""cur_prc"": ""-47550"", ""sel_bid"": ""-47550"", ""buy_bid"": ""-47450"", ""unit_cntr_pric"": """", ""unit_cntr_qty"": """", ""tdy_trde_cmsn"": ""0"", ""tdy_trde_tax"": ""0"", ""ind_invsr"": """", ""stex_tp"": ""1"", ""stex_tp_txt"": ""KRX"", ""sor_yn"": ""N"", ""stop_pric"": ""0""}]"
2026-09-03,daily_loss_check,410676,1050026,0,1050026,4231,-0.40457259788008165,-3.994850639281429,"[{""ticker"": ""219130"", ""quantity"": 5, ""avg_price"": 61400, ""raw"": {""stk_cd"": ""A219130"", ""stk_nm"": ""타이거일렉"", ""evltv_prft"": ""-00000000002690"", ""prft_rt"": ""-0.88"", ""pur_pric"": ""000000000061400"", ""pred_close_pric"": ""000000061900"", ""rmnd_qty"": ""000000000000005"", ""trde_able_qty"": ""000000000000000"", ""cur_prc"": ""000000061000"", ""pred_buyq"": ""000000000000000"", ""pred_sellq"": ""000000000000000"", ""tdy_buyq"": ""000000000000005"", ""tdy_sellq"": ""000000000000000"", ""pur_amt"": ""000000000307000"", ""pur_cmsn"": ""000000000000040"", ""evlt_amt"": ""000000000305000"", ""sell_cmsn"": ""000000000000040"", ""tax"": ""000000000000610"", ""sum_cmsn"": ""000000000000080"", ""poss_rt"": ""48.14"", ""crd_tp"": ""00"", ""crd_tp_nm"": """", ""crd_loan_dt"": """"}}, {""ticker"": ""445680"", ""quantity"": 7, ""avg_price"": 47250, ""raw"": {""stk_cd"": ""A445680"", ""stk_nm"": ""큐리옥스바이오시스템즈"", ""evltv_prft"": ""000000000001005"", ""prft_rt"": ""0.30"", ""pur_pric"": ""000000000047250"", ""pred_close_pric"": ""000000049350"", ""rmnd_qty"": ""000000000000007"", ""trde_able_qty"": ""000000000000000"", ""cur_prc"": ""000000047500"", ""pred_buyq"": ""000000000000000"", ""pred_sellq"": ""000000000000000"", ""tdy_buyq"": ""000000000000007"", ""tdy_sellq"": ""000000000000000"", ""pur_amt"": ""000000000330750"", ""pur_cmsn"": ""000000000000040"", ""evlt_amt"": ""000000000332500"", ""sell_cmsn"": ""000000000000040"", ""tax"": ""000000000000665"", ""sum_cmsn"": ""000000000000080"", ""poss_rt"": ""51.86"", ""crd_tp"": ""00"", ""crd_tp_nm"": """", ""crd_loan_dt"": """"}}]","[{""acnt_no"": ""5704609010"", ""ord_no"": ""0135629"", ""mang_empno"": """", ""stk_cd"": ""219130"", ""tsk_tp"": """", ""ord_stt"": ""접수"", ""stk_nm"": ""타이거일렉"", ""ord_qty"": ""5"", ""ord_pric"": ""62000"", ""oso_qty"": ""5"", ""cntr_tot_amt"": ""0"", ""orig_ord_no"": ""0000000"", ""io_tp_nm"": ""-매도"", ""trde_tp"": ""보통"", ""tm"": ""095132"", ""cntr_no"": """", ""cntr_pric"": ""0"", ""cntr_qty"": ""0"", ""cur_prc"": ""-61000"", ""sel_bid"": ""-61300"", ""buy_bid"": ""-61100"", ""unit_cntr_pric"": """", ""unit_cntr_qty"": """", ""tdy_trde_cmsn"": ""0"", ""tdy_trde_tax"": ""0"", ""ind_invsr"": """", ""stex_tp"": ""1"", ""stex_tp_txt"": ""KRX"", ""sor_yn"": ""N"", ""stop_pric"": ""0""}, {""acnt_no"": ""5704609010"", ""ord_no"": ""0134918"", ""mang_empno"": """", ""stk_cd"": ""445680"", ""tsk_tp"": """", ""ord_stt"": ""접수"", ""stk_nm"": ""큐리옥스바이오시스템즈"", ""ord_qty"": ""7"", ""ord_pric"": ""47950"", ""oso_qty"": ""7"", ""cntr_tot_amt"": ""0"", ""orig_ord_no"": ""0000000"", ""io_tp_nm"": ""-매도"", ""trde_tp"": ""보통"", ""tm"": ""095059"", ""cntr_no"": """", ""cntr_pric"": ""0"", ""cntr_qty"": ""0"", ""cur_prc"": ""-47500"", ""sel_bid"": ""-47550"", ""buy_bid"": ""-47500"", ""unit_cntr_pric"": """", ""unit_cntr_qty"": """", ""tdy_trde_cmsn"": ""0"", ""tdy_trde_tax"": ""0"", ""ind_invsr"": """", ""stex_tp"": ""1"", ""stex_tp_txt"": ""KRX"", ""sor_yn"": ""N"", ""stop_pric"": ""0""}]"
2026-09-03,daily_loss_check,410676,1049676,0,1049676,3881,-0.3711052357297558,-3.994850639281429,"[{""ticker"": ""219130"", ""quantity"": 5, ""avg_price"": 61400, ""raw"": {""stk_cd"": ""A219130"", ""stk_nm"": ""타이거일렉"", ""evltv_prft"": ""-00000000002690"", ""prft_rt"": ""-0.88"", ""pur_pric"": ""000000000061400"", ""pred_close_pric"": ""000000061900"", ""rmnd_qty"": ""000000000000005"", ""trde_able_qty"": ""000000000000000"", ""cur_prc"": ""000000061000"", ""pred_buyq"": ""000000000000000"", ""pred_sellq"": ""000000000000000"", ""tdy_buyq"": ""000000000000005"", ""tdy_sellq"": ""000000000000000"", ""pur_amt"": ""000000000307000"", ""pur_cmsn"": ""000000000000040"", ""evlt_amt"": ""000000000305000"", ""sell_cmsn"": ""000000000000040"", ""tax"": ""000000000000610"", ""sum_cmsn"": ""000000000000080"", ""poss_rt"": ""48.14"", ""crd_tp"": ""00"", ""crd_tp_nm"": """", ""crd_loan_dt"": """"}}, {""ticker"": ""445680"", ""quantity"": 7, ""avg_price"": 47250, ""raw"": {""stk_cd"": ""A445680"", ""stk_nm"": ""큐리옥스바이오시스템즈"", ""evltv_prft"": ""000000000001355"", ""prft_rt"": ""0.41"", ""pur_pric"": ""000000000047250"", ""pred_close_pric"": ""000000049350"", ""rmnd_qty"": ""000000000000007"", ""trde_able_qty"": ""000000000000000"", ""cur_prc"": ""000000047550"", ""pred_buyq"": ""000000000000000"", ""pred_sellq"": ""000000000000000"", ""tdy_buyq"": ""000000000000007"", ""tdy_sellq"": ""000000000000000"", ""pur_amt"": ""000000000330750"", ""pur_cmsn"": ""000000000000040"", ""evlt_amt"": ""000000000332850"", ""sell_cmsn"": ""000000000000040"", ""tax"": ""000000000000665"", ""sum_cmsn"": ""000000000000080"", ""poss_rt"": ""51.86"", ""crd_tp"": ""00"", ""crd_tp_nm"": """", ""crd_loan_dt"": """"}}]","[{""acnt_no"": ""5704609010"", ""ord_no"": ""0135629"", ""mang_empno"": """", ""stk_cd"": ""219130"", ""tsk_tp"": """", ""ord_stt"": ""접수"", ""stk_nm"": ""타이거일렉"", ""ord_qty"": ""5"", ""ord_pric"": ""62000"", ""oso_qty"": ""5"", ""cntr_tot_amt"": ""0"", ""orig_ord_no"": ""0000000"", ""io_tp_nm"": ""-매도"", ""trde_tp"": ""보통"", ""tm"": ""095132"", ""cntr_no"": """", ""cntr_pric"": ""0"", ""cntr_qty"": ""0"", ""cur_prc"": ""-61000"", ""sel_bid"": ""-61300"", ""buy_bid"": ""-61100"", ""unit_cntr_pric"": """", ""unit_cntr_qty"": """", ""tdy_trde_cmsn"": ""0"", ""tdy_trde_tax"": ""0"", ""ind_invsr"": """", ""stex_tp"": ""1"", ""stex_tp_txt"": ""KRX"", ""sor_yn"": ""N"", ""stop_pric"": ""0""}, {""acnt_no"": ""5704609010"", ""ord_no"": ""0134918"", ""mang_empno"": """", ""stk_cd"": ""445680"", ""tsk_tp"": """", ""ord_stt"": ""접수"", ""stk_nm"": ""큐리옥스바이오시스템즈"", ""ord_qty"": ""7"", ""ord_pric"": ""47950"", ""oso_qty"": ""7"", ""cntr_tot_amt"": ""0"", ""orig_ord_no"": ""0000000"", ""io_tp_nm"": ""-매도"", ""trde_tp"": ""보통"", ""tm"": ""095059"", ""cntr_no"": """", ""cntr_pric"": ""0"", ""cntr_qty"": ""0"", ""cur_prc"": ""-47550"", ""sel_bid"": ""-47550"", ""buy_bid"": ""-47400"", ""unit_cntr_pric"": """", ""unit_cntr_qty"": """", ""tdy_trde_cmsn"": ""0"", ""tdy_trde_tax"": ""0"", ""ind_invsr"": """", ""stex_tp"": ""1"", ""stex_tp_txt"": ""KRX"", ""sor_yn"": ""N"", ""stop_pric"": ""0""}]"
2026-09-03,daily_loss_check,410676,1048626,0,1048626,2831,-0.27070314927877837,-3.994850639281429,"[{""ticker"": ""219130"", ""quantity"": 5, ""avg_price"": 61400, ""raw"": {""stk_cd"": ""A219130"", ""stk_nm"": ""타이거일렉"", ""evltv_prft"": ""-00000000002690"", ""prft_rt"": ""-0.88"", ""pur_pric"": ""000000000061400"", ""pred_close_pric"": ""000000061900"", ""rmnd_qty"": ""000000000000005"", ""trde_able_qty"": ""000000000000000"", ""cur_prc"": ""000000061000"", ""pred_buyq"": ""000000000000000"", ""pred_sellq"": ""000000000000000"", ""tdy_buyq"": ""000000000000005"", ""tdy_sellq"": ""000000000000000"", ""pur_amt"": ""000000000307000"", ""pur_cmsn"": ""000000000000040"", ""evlt_amt"": ""000000000305000"", ""sell_cmsn"": ""000000000000040"", ""tax"": ""000000000000610"", ""sum_cmsn"": ""000000000000080"", ""poss_rt"": ""48.14"", ""crd_tp"": ""00"", ""crd_tp_nm"": """", ""crd_loan_dt"": """"}}, {""ticker"": ""445680"", ""quantity"": 7, ""avg_price"": 47250, ""raw"": {""stk_cd"": ""A445680"", ""stk_nm"": ""큐리옥스바이오시스템즈"", ""evltv_prft"": ""000000000001005"", ""prft_rt"": ""0.30"", ""pur_pric"": ""000000000047250"", ""pred_close_pric"": ""000000049350"", ""rmnd_qty"": ""000000000000007"", ""trde_able_qty"": ""000000000000000"", ""cur_prc"": ""000000047500"", ""pred_buyq"": ""000000000000000"", ""pred_sellq"": ""000000000000000"", ""tdy_buyq"": ""000000000000007"", ""tdy_sellq"": ""000000000000000"", ""pur_amt"": ""000000000330750"", ""pur_cmsn"": ""000000000000040"", ""evlt_amt"": ""000000000332500"", ""sell_cmsn"": ""000000000000040"", ""tax"": ""000000000000665"", ""sum_cmsn"": ""000000000000080"", ""poss_rt"": ""51.86"", ""crd_tp"": ""00"", ""crd_tp_nm"": """", ""crd_loan_dt"": """"}}]","[{""acnt_no"": ""5704609010"", ""ord_no"": ""0135629"", ""mang_empno"": """", ""stk_cd"": ""219130"", ""tsk_tp"": """", ""ord_stt"": ""접수"", ""stk_nm"": ""타이거일렉"", ""ord_qty"": ""5"", ""ord_pric"": ""62000"", ""oso_qty"": ""5"", ""cntr_tot_amt"": ""0"", ""orig_ord_no"": ""0000000"", ""io_tp_nm"": ""-매도"", ""trde_tp"": ""보통"", ""tm"": ""095132"", ""cntr_no"": """", ""cntr_pric"": ""0"", ""cntr_qty"": ""0"", ""cur_prc"": ""-61000"", ""sel_bid"": ""-61300"", ""buy_bid"": ""-61100"", ""unit_cntr_pric"": """", ""unit_cntr_qty"": """", ""tdy_trde_cmsn"": ""0"", ""tdy_trde_tax"": ""0"", ""ind_invsr"": """", ""stex_tp"": ""1"", ""stex_tp_txt"": ""KRX"", ""sor_yn"": ""N"", ""stop_pric"": ""0""}, {""acnt_no"": ""5704609010"", ""ord_no"": ""0134918"", ""mang_empno"": """", ""stk_cd"": ""445680"", ""tsk_tp"": """", ""ord_stt"": ""접수"", ""stk_nm"": ""큐리옥스바이오시스템즈"", ""ord_qty"": ""7"", ""ord_pric"": ""47950"", ""oso_qty"": ""7"", ""cntr_tot_amt"": ""0"", ""orig_ord_no"": ""0000000"", ""io_tp_nm"": ""-매도"", ""trde_tp"": ""보통"", ""tm"": ""095059"", ""cntr_no"": """", ""cntr_pric"": ""0"", ""cntr_qty"": ""0"", ""cur_prc"": ""-47500"", ""sel_bid"": ""-47500"", ""buy_bid"": ""-47400"", ""unit_cntr_pric"": """", ""unit_cntr_qty"": """", ""tdy_trde_cmsn"": ""0"", ""tdy_trde_tax"": ""0"", ""ind_invsr"": """", ""stex_tp"": ""1"", ""stex_tp_txt"": ""KRX"", ""sor_yn"": ""N"", ""stop_pric"": ""0""}]"
2026-09-03,daily_loss_check,410676,1048626,0,1048626,2831,-0.27070314927877837,-3.994850639281429,"[{""ticker"": ""219130"", ""quantity"": 5, ""avg_price"": 61400, ""raw"": {""stk_cd"": ""A219130"", ""stk_nm"": ""타이거일렉"", ""evltv_prft"": ""-00000000002690"", ""prft_rt"": ""-0.88"", ""pur_pric"": ""000000000061400"", ""pred_close_pric"": ""000000061900"", ""rmnd_qty"": ""000000000000005"", ""trde_able_qty"": ""000000000000000"", ""cur_prc"": ""000000061000"", ""pred_buyq"": ""000000000000000"", ""pred_sellq"": ""000000000000000"", ""tdy_buyq"": ""000000000000005"", ""tdy_sellq"": ""000000000000000"", ""pur_amt"": ""000000000307000"", ""pur_cmsn"": ""000000000000040"", ""evlt_amt"": ""000000000305000"", ""sell_cmsn"": ""000000000000040"", ""tax"": ""000000000000610"", ""sum_cmsn"": ""000000000000080"", ""poss_rt"": ""48.14"", ""crd_tp"": ""00"", ""crd_tp_nm"": """", ""crd_loan_dt"": """"}}, {""ticker"": ""445680"", ""quantity"": 7, ""avg_price"": 47250, ""raw"": {""stk_cd"": ""A445680"", ""stk_nm"": ""큐리옥스바이오시스템즈"", ""evltv_prft"": ""-00000000000042"", ""prft_rt"": ""-0.01"", ""pur_pric"": ""000000000047250"", ""pred_close_pric"": ""000000049350"", ""rmnd_qty"": ""000000000000007"", ""trde_able_qty"": ""000000000000000"", ""cur_prc"": ""000000047350"", ""pred_buyq"": ""000000000000000"", ""pred_sellq"": ""000000000000000"", ""tdy_buyq"": ""000000000000007"", ""tdy_sellq"": ""000000000000000"", ""pur_amt"": ""000000000330750"", ""pur_cmsn"": ""000000000000040"", ""evlt_amt"": ""000000000331450"", ""sell_cmsn"": ""000000000000040"", ""tax"": ""000000000000662"", ""sum_cmsn"": ""000000000000080"", ""poss_rt"": ""51.86"", ""crd_tp"": ""00"", ""crd_tp_nm"": """", ""crd_loan_dt"": """"}}]","[{""acnt_no"": ""5704609010"", ""ord_no"": ""0135629"", ""mang_empno"": """", ""stk_cd"": ""219130"", ""tsk_tp"": """", ""ord_stt"": ""접수"", ""stk_nm"": ""타이거일렉"", ""ord_qty"": ""5"", ""ord_pric"": ""62000"", ""oso_qty"": ""5"", ""cntr_tot_amt"": ""0"", ""orig_ord_no"": ""0000000"", ""io_tp_nm"": ""-매도"", ""trde_tp"": ""보통"", ""tm"": ""095132"", ""cntr_no"": """", ""cntr_pric"": ""0"", ""cntr_qty"": ""0"", ""cur_prc"": ""-61000"", ""sel_bid"": ""-61300"", ""buy_bid"": ""-61100"", ""unit_cntr_pric"": """", ""unit_cntr_qty"": """", ""tdy_trde_cmsn"": ""0"", ""tdy_trde_tax"": ""0"", ""ind_invsr"": """", ""stex_tp"": ""1"", ""stex_tp_txt"": ""KRX"", ""sor_yn"": ""N"", ""stop_pric"": ""0""}, {""acnt_no"": ""5704609010"", ""ord_no"": ""0134918"", ""mang_empno"": """", ""stk_cd"": ""445680"", ""tsk_tp"": """", ""ord_stt"": ""접수"", ""stk_nm"": ""큐리옥스바이오시스템즈"", ""ord_qty"": ""7"", ""ord_pric"": ""47950"", ""oso_qty"": ""7"", ""cntr_tot_amt"": ""0"", ""orig_ord_no"": ""0000000"", ""io_tp_nm"": ""-매도"", ""trde_tp"": ""보통"", ""tm"": ""095059"", ""cntr_no"": """", ""cntr_pric"": ""0"", ""cntr_qty"": ""0"", ""cur_prc"": ""-47350"", ""sel_bid"": ""-47350"", ""buy_bid"": ""-47300"", ""unit_cntr_pric"": """", ""unit_cntr_qty"": """", ""tdy_trde_cmsn"": ""0"", ""tdy_trde_tax"": ""0"", ""ind_invsr"": """", ""stex_tp"": ""1"", ""stex_tp_txt"": ""KRX"", ""sor_yn"": ""N"", ""stop_pric"": ""0""}]"
2026-09-03,daily_loss_check,410676,1048276,0,1048276,2481,-0.23723578712845253,-3.994850639281429,"[{""ticker"": ""219130"", ""quantity"": 5, ""avg_price"": 61400, ""raw"": {""stk_cd"": ""A219130"", ""stk_nm"": ""타이거일렉"", ""evltv_prft"": ""-00000000002690"", ""prft_rt"": ""-0.88"", ""pur_pric"": ""000000000061400"", ""pred_close_pric"": ""000000061900"", ""rmnd_qty"": ""000000000000005"", ""trde_able_qty"": ""000000000000000"", ""cur_prc"": ""000000061000"", ""pred_buyq"": ""000000000000000"", ""pred_sellq"": ""000000000000000"", ""tdy_buyq"": ""000000000000005"", ""tdy_sellq"": ""000000000000000"", ""pur_amt"": ""000000000307000"", ""pur_cmsn"": ""000000000000040"", ""evlt_amt"": ""000000000305000"", ""sell_cmsn"": ""000000000000040"", ""tax"": ""000000000000610"", ""sum_cmsn"": ""000000000000080"", ""poss_rt"": ""48.14"", ""crd_tp"": ""00"", ""crd_tp_nm"": """", ""crd_loan_dt"": """"}}, {""ticker"": ""445680"", ""quantity"": 7, ""avg_price"": 47250, ""raw"": {""stk_cd"": ""A445680"", ""stk_nm"": ""큐리옥스바이오시스템즈"", ""evltv_prft"": ""-00000000000392"", ""prft_rt"": ""-0.12"", ""pur_pric"": ""000000000047250"", ""pred_close_pric"": ""000000049350"", ""rmnd_qty"": ""000000000000007"", ""trde_able_qty"": ""000000000000000"", ""cur_prc"": ""000000047300"", ""pred_buyq"": ""000000000000000"", ""pred_sellq"": ""000000000000000"", ""tdy_buyq"": ""000000000000007"", ""tdy_sellq"": ""000000000000000"", ""pur_amt"": ""000000000330750"", ""pur_cmsn"": ""000000000000040"", ""evlt_amt"": ""000000000331100"", ""sell_cmsn"": ""000000000000040"", ""tax"": ""000000000000662"", ""sum_cmsn"": ""000000000000080"", ""poss_rt"": ""51.86"", ""crd_tp"": ""00"", ""crd_tp_nm"": """", ""crd_loan_dt"": """"}}]","[{""acnt_no"": ""5704609010"", ""ord_no"": ""0135629"", ""mang_empno"": """", ""stk_cd"": ""219130"", ""tsk_tp"": """", ""ord_stt"": ""접수"", ""stk_nm"": ""타이거일렉"", ""ord_qty"": ""5"", ""ord_pric"": ""62000"", ""oso_qty"": ""5"", ""cntr_tot_amt"": ""0"", ""orig_ord_no"": ""0000000"", ""io_tp_nm"": ""-매도"", ""trde_tp"": ""보통"", ""tm"": ""095132"", ""cntr_no"": """", ""cntr_pric"": ""0"", ""cntr_qty"": ""0"", ""cur_prc"": ""-61000"", ""sel_bid"": ""-61300"", ""buy_bid"": ""-61100"", ""unit_cntr_pric"": """", ""unit_cntr_qty"": """", ""tdy_trde_cmsn"": ""0"", ""tdy_trde_tax"": ""0"", ""ind_invsr"": """", ""stex_tp"": ""1"", ""stex_tp_txt"": ""KRX"", ""sor_yn"": ""N"", ""stop_pric"": ""0""}, {""acnt_no"": ""5704609010"", ""ord_no"": ""0134918"", ""mang_empno"": """", ""stk_cd"": ""445680"", ""tsk_tp"": """", ""ord_stt"": ""접수"", ""stk_nm"": ""큐리옥스바이오시스템즈"", ""ord_qty"": ""7"", ""ord_pric"": ""47950"", ""oso_qty"": ""7"", ""cntr_tot_amt"": ""0"", ""orig_ord_no"": ""0000000"", ""io_tp_nm"": ""-매도"", ""trde_tp"": ""보통"", ""tm"": ""095059"", ""cntr_no"": """", ""cntr_pric"": ""0"", ""cntr_qty"": ""0"", ""cur_prc"": ""-47300"", ""sel_bid"": ""-47350"", ""buy_bid"": ""-47300"", ""unit_cntr_pric"": """", ""unit_cntr_qty"": """", ""tdy_trde_cmsn"": ""0"", ""tdy_trde_tax"": ""0"", ""ind_invsr"": """", ""stex_tp"": ""1"", ""stex_tp_txt"": ""KRX"", ""sor_yn"": ""N"", ""stop_pric"": ""0""}]"
2026-09-03,daily_loss_check,410676,1047076,0,1047076,1281,-0.12249054547019253,-3.994850639281429,"[{""ticker"": ""219130"", ""quantity"": 5, ""avg_price"": 61400, ""raw"": {""stk_cd"": ""A219130"", ""stk_nm"": ""타이거일렉"", ""evltv_prft"": ""-00000000002690"", ""prft_rt"": ""-0.88"", ""pur_pric"": ""000000000061400"", ""pred_close_pric"": ""000000061900"", ""rmnd_qty"": ""000000000000005"", ""trde_able_qty"": ""000000000000000"", ""cur_prc"": ""000000061000"", ""pred_buyq"": ""000000000000000"", ""pred_sellq"": ""000000000000000"", ""tdy_buyq"": ""000000000000005"", ""tdy_sellq"": ""000000000000000"", ""pur_amt"": ""000000000307000"", ""pur_cmsn"": ""000000000000040"", ""evlt_amt"": ""000000000305000"", ""sell_cmsn"": ""000000000000040"", ""tax"": ""000000000000610"", ""sum_cmsn"": ""000000000000080"", ""poss_rt"": ""48.14"", ""crd_tp"": ""00"", ""crd_tp_nm"": """", ""crd_loan_dt"": """"}}, {""ticker"": ""445680"", ""quantity"": 7, ""avg_price"": 47250, ""raw"": {""stk_cd"": ""A445680"", ""stk_nm"": ""큐리옥스바이오시스템즈"", ""evltv_prft"": ""-00000000001090"", ""prft_rt"": ""-0.33"", ""pur_pric"": ""000000000047250"", ""pred_close_pric"": ""000000049350"", ""rmnd_qty"": ""000000000000007"", ""trde_able_qty"": ""000000000000000"", ""cur_prc"": ""000000047200"", ""pred_buyq"": ""000000000000000"", ""pred_sellq"": ""000000000000000"", ""tdy_buyq"": ""000000000000007"", ""tdy_sellq"": ""000000000000000"", ""pur_amt"": ""000000000330750"", ""pur_cmsn"": ""000000000000040"", ""evlt_amt"": ""000000000330400"", ""sell_cmsn"": ""000000000000040"", ""tax"": ""000000000000660"", ""sum_cmsn"": ""000000000000080"", ""poss_rt"": ""51.86"", ""crd_tp"": ""00"", ""crd_tp_nm"": """", ""crd_loan_dt"": """"}}]","[{""acnt_no"": ""5704609010"", ""ord_no"": ""0135629"", ""mang_empno"": """", ""stk_cd"": ""219130"", ""tsk_tp"": """", ""ord_stt"": ""접수"", ""stk_nm"": ""타이거일렉"", ""ord_qty"": ""5"", ""ord_pric"": ""62000"", ""oso_qty"": ""5"", ""cntr_tot_amt"": ""0"", ""orig_ord_no"": ""0000000"", ""io_tp_nm"": ""-매도"", ""trde_tp"": ""보통"", ""tm"": ""095132"", ""cntr_no"": """", ""cntr_pric"": ""0"", ""cntr_qty"": ""0"", ""cur_prc"": ""-61000"", ""sel_bid"": ""-61200"", ""buy_bid"": ""-61100"", ""unit_cntr_pric"": """", ""unit_cntr_qty"": """", ""tdy_trde_cmsn"": ""0"", ""tdy_trde_tax"": ""0"", ""ind_invsr"": """", ""stex_tp"": ""1"", ""stex_tp_txt"": ""KRX"", ""sor_yn"": ""N"", ""stop_pric"": ""0""}, {""acnt_no"": ""5704609010"", ""ord_no"": ""0134918"", ""mang_empno"": """", ""stk_cd"": ""445680"", ""tsk_tp"": """", ""ord_stt"": ""접수"", ""stk_nm"": ""큐리옥스바이오시스템즈"", ""ord_qty"": ""7"", ""ord_pric"": ""47950"", ""oso_qty"": ""7"", ""cntr_tot_amt"": ""0"", ""orig_ord_no"": ""0000000"", ""io_tp_nm"": ""-매도"", ""trde_tp"": ""보통"", ""tm"": ""095059"", ""cntr_no"": """", ""cntr_pric"": ""0"", ""cntr_qty"": ""0"", ""cur_prc"": ""-47200"", ""sel_bid"": ""-47250"", ""buy_bid"": ""-47200"", ""unit_cntr_pric"": """", ""unit_cntr_qty"": """", ""tdy_trde_cmsn"": ""0"", ""tdy_trde_tax"": ""0"", ""ind_invsr"": """", ""stex_tp"": ""1"", ""stex_tp_txt"": ""KRX"", ""sor_yn"": ""N"", ""stop_pric"": ""0""}]"
2026-09-03,daily_loss_check,410676,1047926,0,1047926,2131,-0.2037684249781267,-3.994850639281429,"[{""ticker"": ""219130"", ""quantity"": 5, ""avg_price"": 61400, ""raw"": {""stk_cd"": ""A219130"", ""stk_nm"": ""타이거일렉"", ""evltv_prft"": ""-00000000002690"", ""prft_rt"": ""-0.88"", ""pur_pric"": ""000000000061400"", ""pred_close_pric"": ""000000061900"", ""rmnd_qty"": ""000000000000005"", ""trde_able_qty"": ""000000000000000"", ""cur_prc"": ""000000061000"", ""pred_buyq"": ""000000000000000"", ""pred_sellq"": ""000000000000000"", ""tdy_buyq"": ""000000000000005"", ""tdy_sellq"": ""000000000000000"", ""pur_amt"": ""000000000307000"", ""pur_cmsn"": ""000000000000040"", ""evlt_amt"": ""000000000305000"", ""sell_cmsn"": ""000000000000040"", ""tax"": ""000000000000610"", ""sum_cmsn"": ""000000000000080"", ""poss_rt"": ""48.14"", ""crd_tp"": ""00"", ""crd_tp_nm"": """", ""crd_loan_dt"": """"}}, {""ticker"": ""445680"", ""quantity"": 7, ""avg_price"": 47250, ""raw"": {""stk_cd"": ""A445680"", ""stk_nm"": ""큐리옥스바이오시스템즈"", ""evltv_prft"": ""-00000000001090"", ""prft_rt"": ""-0.33"", ""pur_pric"": ""000000000047250"", ""pred_close_pric"": ""000000049350"", ""rmnd_qty"": ""000000000000007"", ""trde_able_qty"": ""000000000000000"", ""cur_prc"": ""000000047200"", ""pred_buyq"": ""000000000000000"", ""pred_sellq"": ""000000000000000"", ""tdy_buyq"": ""000000000000007"", ""tdy_sellq"": ""000000000000000"", ""pur_amt"": ""000000000330750"", ""pur_cmsn"": ""000000000000040"", ""evlt_amt"": ""000000000330400"", ""sell_cmsn"": ""000000000000040"", ""tax"": ""000000000000660"", ""sum_cmsn"": ""000000000000080"", ""poss_rt"": ""51.86"", ""crd_tp"": ""00"", ""crd_tp_nm"": """", ""crd_loan_dt"": """"}}]","[{""acnt_no"": ""5704609010"", ""ord_no"": ""0135629"", ""mang_empno"": """", ""stk_cd"": ""219130"", ""tsk_tp"": """", ""ord_stt"": ""접수"", ""stk_nm"": ""타이거일렉"", ""ord_qty"": ""5"", ""ord_pric"": ""62000"", ""oso_qty"": ""5"", ""cntr_tot_amt"": ""0"", ""orig_ord_no"": ""0000000"", ""io_tp_nm"": ""-매도"", ""trde_tp"": ""보통"", ""tm"": ""095132"", ""cntr_no"": """", ""cntr_pric"": ""0"", ""cntr_qty"": ""0"", ""cur_prc"": ""-61000"", ""sel_bid"": ""-61200"", ""buy_bid"": ""-61100"", ""unit_cntr_pric"": """", ""unit_cntr_qty"": """", ""tdy_trde_cmsn"": ""0"", ""tdy_trde_tax"": ""0"", ""ind_invsr"": """", ""stex_tp"": ""1"", ""stex_tp_txt"": ""KRX"", ""sor_yn"": ""N"", ""stop_pric"": ""0""}, {""acnt_no"": ""5704609010"", ""ord_no"": ""0134918"", ""mang_empno"": """", ""stk_cd"": ""445680"", ""tsk_tp"": """", ""ord_stt"": ""접수"", ""stk_nm"": ""큐리옥스바이오시스템즈"", ""ord_qty"": ""7"", ""ord_pric"": ""47950"", ""oso_qty"": ""7"", ""cntr_tot_amt"": ""0"", ""orig_ord_no"": ""0000000"", ""io_tp_nm"": ""-매도"", ""trde_tp"": ""보통"", ""tm"": ""095059"", ""cntr_no"": """", ""cntr_pric"": ""0"", ""cntr_qty"": ""0"", ""cur_prc"": ""-47200"", ""sel_bid"": ""-47250"", ""buy_bid"": ""-47150"", ""unit_cntr_pric"": """", ""unit_cntr_qty"": """", ""tdy_trde_cmsn"": ""0"", ""tdy_trde_tax"": ""0"", ""ind_invsr"": """", ""stex_tp"": ""1"", ""stex_tp_txt"": ""KRX"", ""sor_yn"": ""N"", ""stop_pric"": ""0""}]"
2026-09-03,daily_loss_check,410676,1047226,0,1047226,1431,-0.13683370067747502,-3.994850639281429,"[{""ticker"": ""219130"", ""quantity"": 5, ""avg_price"": 61400, ""raw"": {""stk_cd"": ""A219130"", ""stk_nm"": ""타이거일렉"", ""evltv_prft"": ""-00000000001692"", ""prft_rt"": ""-0.55"", ""pur_pric"": ""000000000061400"", ""pred_close_pric"": ""000000061900"", ""rmnd_qty"": ""000000000000005"", ""trde_able_qty"": ""000000000000000"", ""cur_prc"": ""000000061200"", ""pred_buyq"": ""000000000000000"", ""pred_sellq"": ""000000000000000"", ""tdy_buyq"": ""000000000000005"", ""tdy_sellq"": ""000000000000000"", ""pur_amt"": ""000000000307000"", ""pur_cmsn"": ""000000000000040"", ""evlt_amt"": ""000000000306000"", ""sell_cmsn"": ""000000000000040"", ""tax"": ""000000000000612"", ""sum_cmsn"": ""000000000000080"", ""poss_rt"": ""48.14"", ""crd_tp"": ""00"", ""crd_tp_nm"": """", ""crd_loan_dt"": """"}}, {""ticker"": ""445680"", ""quantity"": 7, ""avg_price"": 47250, ""raw"": {""stk_cd"": ""A445680"", ""stk_nm"": ""큐리옥스바이오시스템즈"", ""evltv_prft"": ""-00000000001090"", ""prft_rt"": ""-0.33"", ""pur_pric"": ""000000000047250"", ""pred_close_pric"": ""000000049350"", ""rmnd_qty"": ""000000000000007"", ""trde_able_qty"": ""000000000000000"", ""cur_prc"": ""000000047200"", ""pred_buyq"": ""000000000000000"", ""pred_sellq"": ""000000000000000"", ""tdy_buyq"": ""000000000000007"", ""tdy_sellq"": ""000000000000000"", ""pur_amt"": ""000000000330750"", ""pur_cmsn"": ""000000000000040"", ""evlt_amt"": ""000000000330400"", ""sell_cmsn"": ""000000000000040"", ""tax"": ""000000000000660"", ""sum_cmsn"": ""000000000000080"", ""poss_rt"": ""51.86"", ""crd_tp"": ""00"", ""crd_tp_nm"": """", ""crd_loan_dt"": """"}}]","[{""acnt_no"": ""5704609010"", ""ord_no"": ""0135629"", ""mang_empno"": """", ""stk_cd"": ""219130"", ""tsk_tp"": """", ""ord_stt"": ""접수"", ""stk_nm"": ""타이거일렉"", ""ord_qty"": ""5"", ""ord_pric"": ""62000"", ""oso_qty"": ""5"", ""cntr_tot_amt"": ""0"", ""orig_ord_no"": ""0000000"", ""io_tp_nm"": ""-매도"", ""trde_tp"": ""보통"", ""tm"": ""095132"", ""cntr_no"": """", ""cntr_pric"": ""0"", ""cntr_qty"": ""0"", ""cur_prc"": ""-61200"", ""sel_bid"": ""-61300"", ""buy_bid"": ""-61100"", ""unit_cntr_pric"": """", ""unit_cntr_qty"": """", ""tdy_trde_cmsn"": ""0"", ""tdy_trde_tax"": ""0"", ""ind_invsr"": """", ""stex_tp"": ""1"", ""stex_tp_txt"": ""KRX"", ""sor_yn"": ""N"", ""stop_pric"": ""0""}, {""acnt_no"": ""5704609010"", ""ord_no"": ""0134918"", ""mang_empno"": """", ""stk_cd"": ""445680"", ""tsk_tp"": """", ""ord_stt"": ""접수"", ""stk_nm"": ""큐리옥스바이오시스템즈"", ""ord_qty"": ""7"", ""ord_pric"": ""47950"", ""oso_qty"": ""7"", ""cntr_tot_amt"": ""0"", ""orig_ord_no"": ""0000000"", ""io_tp_nm"": ""-매도"", ""trde_tp"": ""보통"", ""tm"": ""095059"", ""cntr_no"": """", ""cntr_pric"": ""0"", ""cntr_qty"": ""0"", ""cur_prc"": ""-47200"", ""sel_bid"": ""-47200"", ""buy_bid"": ""-47150"", ""unit_cntr_pric"": """", ""unit_cntr_qty"": """", ""tdy_trde_cmsn"": ""0"", ""tdy_trde_tax"": ""0"", ""ind_invsr"": """", ""stex_tp"": ""1"", ""stex_tp_txt"": ""KRX"", ""sor_yn"": ""N"", ""stop_pric"": ""0""}]"
2026-09-03,daily_loss_check,410676,1046676,0,1046676,881,-0.08424213158410587,-3.994850639281429,"[{""ticker"": ""219130"", ""quantity"": 5, ""avg_price"": 61400, ""raw"": {""stk_cd"": ""A219130"", ""stk_nm"": ""타이거일렉"", ""evltv_prft"": ""-00000000001193"", ""prft_rt"": ""-0.39"", ""pur_pric"": ""000000000061400"", ""pred_close_pric"": ""000000061900"", ""rmnd_qty"": ""000000000000005"", ""trde_able_qty"": ""000000000000000"", ""cur_prc"": ""000000061300"", ""pred_buyq"": ""000000000000000"", ""pred_sellq"": ""000000000000000"", ""tdy_buyq"": ""000000000000005"", ""tdy_sellq"": ""000000000000000"", ""pur_amt"": ""000000000307000"", ""pur_cmsn"": ""000000000000040"", ""evlt_amt"": ""000000000306500"", ""sell_cmsn"": ""000000000000040"", ""tax"": ""000000000000613"", ""sum_cmsn"": ""000000000000080"", ""poss_rt"": ""48.14"", ""crd_tp"": ""00"", ""crd_tp_nm"": """", ""crd_loan_dt"": """"}}, {""ticker"": ""445680"", ""quantity"": 7, ""avg_price"": 47250, ""raw"": {""stk_cd"": ""A445680"", ""stk_nm"": ""큐리옥스바이오시스템즈"", ""evltv_prft"": ""-00000000002837"", ""prft_rt"": ""-0.86"", ""pur_pric"": ""000000000047250"", ""pred_close_pric"": ""000000049350"", ""rmnd_qty"": ""000000000000007"", ""trde_able_qty"": ""000000000000000"", ""cur_prc"": ""000000046950"", ""pred_buyq"": ""000000000000000"", ""pred_sellq"": ""000000000000000"", ""tdy_buyq"": ""000000000000007"", ""tdy_sellq"": ""000000000000000"", ""pur_amt"": ""000000000330750"", ""pur_cmsn"": ""000000000000040"", ""evlt_amt"": ""000000000328650"", ""sell_cmsn"": ""000000000000040"", ""tax"": ""000000000000657"", ""sum_cmsn"": ""000000000000080"", ""poss_rt"": ""51.86"", ""crd_tp"": ""00"", ""crd_tp_nm"": """", ""crd_loan_dt"": """"}}]","[{""acnt_no"": ""5704609010"", ""ord_no"": ""0135629"", ""mang_empno"": """", ""stk_cd"": ""219130"", ""tsk_tp"": """", ""ord_stt"": ""접수"", ""stk_nm"": ""타이거일렉"", ""ord_qty"": ""5"", ""ord_pric"": ""62000"", ""oso_qty"": ""5"", ""cntr_tot_amt"": ""0"", ""orig_ord_no"": ""0000000"", ""io_tp_nm"": ""-매도"", ""trde_tp"": ""보통"", ""tm"": ""095132"", ""cntr_no"": """", ""cntr_pric"": ""0"", ""cntr_qty"": ""0"", ""cur_prc"": ""-61300"", ""sel_bid"": ""-61400"", ""buy_bid"": ""-61100"", ""unit_cntr_pric"": """", ""unit_cntr_qty"": """", ""tdy_trde_cmsn"": ""0"", ""tdy_trde_tax"": ""0"", ""ind_invsr"": """", ""stex_tp"": ""1"", ""stex_tp_txt"": ""KRX"", ""sor_yn"": ""N"", ""stop_pric"": ""0""}, {""acnt_no"": ""5704609010"", ""ord_no"": ""0134918"", ""mang_empno"": """", ""stk_cd"": ""445680"", ""tsk_tp"": """", ""ord_stt"": ""접수"", ""stk_nm"": ""큐리옥스바이오시스템즈"", ""ord_qty"": ""7"", ""ord_pric"": ""47950"", ""oso_qty"": ""7"", ""cntr_tot_amt"": ""0"", ""orig_ord_no"": ""0000000"", ""io_tp_nm"": ""-매도"", ""trde_tp"": ""보통"", ""tm"": ""095059"", ""cntr_no"": """", ""cntr_pric"": ""0"", ""cntr_qty"": ""0"", ""cur_prc"": ""-46950"", ""sel_bid"": ""-47000"", ""buy_bid"": ""-46950"", ""unit_cntr_pric"": """", ""unit_cntr_qty"": """", ""tdy_trde_cmsn"": ""0"", ""tdy_trde_tax"": ""0"", ""ind_invsr"": """", ""stex_tp"": ""1"", ""stex_tp_txt"": ""KRX"", ""sor_yn"": ""N"", ""stop_pric"": ""0""}]"
2026-09-03,daily_loss_check,410676,1046676,0,1046676,881,-0.08424213158410587,-3.994850639281429,"[{""ticker"": ""219130"", ""quantity"": 5, ""avg_price"": 61400, ""raw"": {""stk_cd"": ""A219130"", ""stk_nm"": ""타이거일렉"", ""evltv_prft"": ""-00000000001193"", ""prft_rt"": ""-0.39"", ""pur_pric"": ""000000000061400"", ""pred_close_pric"": ""000000061900"", ""rmnd_qty"": ""000000000000005"", ""trde_able_qty"": ""000000000000000"", ""cur_prc"": ""000000061300"", ""pred_buyq"": ""000000000000000"", ""pred_sellq"": ""000000000000000"", ""tdy_buyq"": ""000000000000005"", ""tdy_sellq"": ""000000000000000"", ""pur_amt"": ""000000000307000"", ""pur_cmsn"": ""000000000000040"", ""evlt_amt"": ""000000000306500"", ""sell_cmsn"": ""000000000000040"", ""tax"": ""000000000000613"", ""sum_cmsn"": ""000000000000080"", ""poss_rt"": ""48.14"", ""crd_tp"": ""00"", ""crd_tp_nm"": """", ""crd_loan_dt"": """"}}, {""ticker"": ""445680"", ""quantity"": 7, ""avg_price"": 47250, ""raw"": {""stk_cd"": ""A445680"", ""stk_nm"": ""큐리옥스바이오시스템즈"", ""evltv_prft"": ""-00000000002837"", ""prft_rt"": ""-0.86"", ""pur_pric"": ""000000000047250"", ""pred_close_pric"": ""000000049350"", ""rmnd_qty"": ""000000000000007"", ""trde_able_qty"": ""000000000000000"", ""cur_prc"": ""000000046950"", ""pred_buyq"": ""000000000000000"", ""pred_sellq"": ""000000000000000"", ""tdy_buyq"": ""000000000000007"", ""tdy_sellq"": ""000000000000000"", ""pur_amt"": ""000000000330750"", ""pur_cmsn"": ""000000000000040"", ""evlt_amt"": ""000000000328650"", ""sell_cmsn"": ""000000000000040"", ""tax"": ""000000000000657"", ""sum_cmsn"": ""000000000000080"", ""poss_rt"": ""51.86"", ""crd_tp"": ""00"", ""crd_tp_nm"": """", ""crd_loan_dt"": """"}}]","[{""acnt_no"": ""5704609010"", ""ord_no"": ""0135629"", ""mang_empno"": """", ""stk_cd"": ""219130"", ""tsk_tp"": """", ""ord_stt"": ""접수"", ""stk_nm"": ""타이거일렉"", ""ord_qty"": ""5"", ""ord_pric"": ""62000"", ""oso_qty"": ""5"", ""cntr_tot_amt"": ""0"", ""orig_ord_no"": ""0000000"", ""io_tp_nm"": ""-매도"", ""trde_tp"": ""보통"", ""tm"": ""095132"", ""cntr_no"": """", ""cntr_pric"": ""0"", ""cntr_qty"": ""0"", ""cur_prc"": ""-61300"", ""sel_bid"": ""-61400"", ""buy_bid"": ""-61100"", ""unit_cntr_pric"": """", ""unit_cntr_qty"": """", ""tdy_trde_cmsn"": ""0"", ""tdy_trde_tax"": ""0"", ""ind_invsr"": """", ""stex_tp"": ""1"", ""stex_tp_txt"": ""KRX"", ""sor_yn"": ""N"", ""stop_pric"": ""0""}, {""acnt_no"": ""5704609010"", ""ord_no"": ""0134918"", ""mang_empno"": """", ""stk_cd"": ""445680"", ""tsk_tp"": """", ""ord_stt"": ""접수"", ""stk_nm"": ""큐리옥스바이오시스템즈"", ""ord_qty"": ""7"", ""ord_pric"": ""47950"", ""oso_qty"": ""7"", ""cntr_tot_amt"": ""0"", ""orig_ord_no"": ""0000000"", ""io_tp_nm"": ""-매도"", ""trde_tp"": ""보통"", ""tm"": ""095059"", ""cntr_no"": """", ""cntr_pric"": ""0"", ""cntr_qty"": ""0"", ""cur_prc"": ""-46950"", ""sel_bid"": ""-47000"", ""buy_bid"": ""-46900"", ""unit_cntr_pric"": """", ""unit_cntr_qty"": """", ""tdy_trde_cmsn"": ""0"", ""tdy_trde_tax"": ""0"", ""ind_invsr"": """", ""stex_tp"": ""1"", ""stex_tp_txt"": ""KRX"", ""sor_yn"": ""N"", ""stop_pric"": ""0""}]"
2026-09-03,daily_loss_check,410676,1046676,0,1046676,881,-0.08424213158410587,-3.994850639281429,"[{""ticker"": ""219130"", ""quantity"": 5, ""avg_price"": 61400, ""raw"": {""stk_cd"": ""A219130"", ""stk_nm"": ""타이거일렉"", ""evltv_prft"": ""-00000000001193"", ""prft_rt"": ""-0.39"", ""pur_pric"": ""000000000061400"", ""pred_close_pric"": ""000000061900"", ""rmnd_qty"": ""000000000000005"", ""trde_able_qty"": ""000000000000000"", ""cur_prc"": ""000000061300"", ""pred_buyq"": ""000000000000000"", ""pred_sellq"": ""000000000000000"", ""tdy_buyq"": ""000000000000005"", ""tdy_sellq"": ""000000000000000"", ""pur_amt"": ""000000000307000"", ""pur_cmsn"": ""000000000000040"", ""evlt_amt"": ""000000000306500"", ""sell_cmsn"": ""000000000000040"", ""tax"": ""000000000000613"", ""sum_cmsn"": ""000000000000080"", ""poss_rt"": ""48.14"", ""crd_tp"": ""00"", ""crd_tp_nm"": """", ""crd_loan_dt"": """"}}, {""ticker"": ""445680"", ""quantity"": 7, ""avg_price"": 47250, ""raw"": {""stk_cd"": ""A445680"", ""stk_nm"": ""큐리옥스바이오시스템즈"", ""evltv_prft"": ""-00000000002837"", ""prft_rt"": ""-0.86"", ""pur_pric"": ""000000000047250"", ""pred_close_pric"": ""000000049350"", ""rmnd_qty"": ""000000000000007"", ""trde_able_qty"": ""000000000000000"", ""cur_prc"": ""000000046950"", ""pred_buyq"": ""000000000000000"", ""pred_sellq"": ""000000000000000"", ""tdy_buyq"": ""000000000000007"", ""tdy_sellq"": ""000000000000000"", ""pur_amt"": ""000000000330750"", ""pur_cmsn"": ""000000000000040"", ""evlt_amt"": ""000000000328650"", ""sell_cmsn"": ""000000000000040"", ""tax"": ""000000000000657"", ""sum_cmsn"": ""000000000000080"", ""poss_rt"": ""51.86"", ""crd_tp"": ""00"", ""crd_tp_nm"": """", ""crd_loan_dt"": """"}}]","[{""acnt_no"": ""5704609010"", ""ord_no"": ""0135629"", ""mang_empno"": """", ""stk_cd"": ""219130"", ""tsk_tp"": """", ""ord_stt"": ""접수"", ""stk_nm"": ""타이거일렉"", ""ord_qty"": ""5"", ""ord_pric"": ""62000"", ""oso_qty"": ""5"", ""cntr_tot_amt"": ""0"", ""orig_ord_no"": ""0000000"", ""io_tp_nm"": ""-매도"", ""trde_tp"": ""보통"", ""tm"": ""095132"", ""cntr_no"": """", ""cntr_pric"": ""0"", ""cntr_qty"": ""0"", ""cur_prc"": ""-61300"", ""sel_bid"": ""-61400"", ""buy_bid"": ""-61100"", ""unit_cntr_pric"": """", ""unit_cntr_qty"": """", ""tdy_trde_cmsn"": ""0"", ""tdy_trde_tax"": ""0"", ""ind_invsr"": """", ""stex_tp"": ""1"", ""stex_tp_txt"": ""KRX"", ""sor_yn"": ""N"", ""stop_pric"": ""0""}, {""acnt_no"": ""5704609010"", ""ord_no"": ""0134918"", ""mang_empno"": """", ""stk_cd"": ""445680"", ""tsk_tp"": """", ""ord_stt"": ""접수"", ""stk_nm"": ""큐리옥스바이오시스템즈"", ""ord_qty"": ""7"", ""ord_pric"": ""47950"", ""oso_qty"": ""7"", ""cntr_tot_amt"": ""0"", ""orig_ord_no"": ""0000000"", ""io_tp_nm"": ""-매도"", ""trde_tp"": ""보통"", ""tm"": ""095059"", ""cntr_no"": """", ""cntr_pric"": ""0"", ""cntr_qty"": ""0"", ""cur_prc"": ""-46950"", ""sel_bid"": ""-46950"", ""buy_bid"": ""-46900"", ""unit_cntr_pric"": """", ""unit_cntr_qty"": """", ""tdy_trde_cmsn"": ""0"", ""tdy_trde_tax"": ""0"", ""ind_invsr"": """", ""stex_tp"": ""1"", ""stex_tp_txt"": ""KRX"", ""sor_yn"": ""N"", ""stop_pric"": ""0""}]"
2026-09-03,daily_loss_check,410676,1048076,0,1048076,2281,-0.2181115801854092,-3.994850639281429,"[{""ticker"": ""219130"", ""quantity"": 5, ""avg_price"": 61400, ""raw"": {""stk_cd"": ""A219130"", ""stk_nm"": ""타이거일렉"", ""evltv_prft"": ""-00000000001193"", ""prft_rt"": ""-0.39"", ""pur_pric"": ""000000000061400"", ""pred_close_pric"": ""000000061900"", ""rmnd_qty"": ""000000000000005"", ""trde_able_qty"": ""000000000000000"", ""cur_prc"": ""000000061300"", ""pred_buyq"": ""000000000000000"", ""pred_sellq"": ""000000000000000"", ""tdy_buyq"": ""000000000000005"", ""tdy_sellq"": ""000000000000000"", ""pur_amt"": ""000000000307000"", ""pur_cmsn"": ""000000000000040"", ""evlt_amt"": ""000000000306500"", ""sell_cmsn"": ""000000000000040"", ""tax"": ""000000000000613"", ""sum_cmsn"": ""000000000000080"", ""poss_rt"": ""48.14"", ""crd_tp"": ""00"", ""crd_tp_nm"": """", ""crd_loan_dt"": """"}}, {""ticker"": ""445680"", ""quantity"": 7, ""avg_price"": 47250, ""raw"": {""stk_cd"": ""A445680"", ""stk_nm"": ""큐리옥스바이오시스템즈"", ""evltv_prft"": ""-00000000002488"", ""prft_rt"": ""-0.75"", ""pur_pric"": ""000000000047250"", ""pred_close_pric"": ""000000049350"", ""rmnd_qty"": ""000000000000007"", ""trde_able_qty"": ""000000000000000"", ""cur_prc"": ""000000047000"", ""pred_buyq"": ""000000000000000"", ""pred_sellq"": ""000000000000000"", ""tdy_buyq"": ""000000000000007"", ""tdy_sellq"": ""000000000000000"", ""pur_amt"": ""000000000330750"", ""pur_cmsn"": ""000000000000040"", ""evlt_amt"": ""000000000329000"", ""sell_cmsn"": ""000000000000040"", ""tax"": ""000000000000658"", ""sum_cmsn"": ""000000000000080"", ""poss_rt"": ""51.86"", ""crd_tp"": ""00"", ""crd_tp_nm"": """", ""crd_loan_dt"": """"}}]","[{""acnt_no"": ""5704609010"", ""ord_no"": ""0135629"", ""mang_empno"": """", ""stk_cd"": ""219130"", ""tsk_tp"": """", ""ord_stt"": ""접수"", ""stk_nm"": ""타이거일렉"", ""ord_qty"": ""5"", ""ord_pric"": ""62000"", ""oso_qty"": ""5"", ""cntr_tot_amt"": ""0"", ""orig_ord_no"": ""0000000"", ""io_tp_nm"": ""-매도"", ""trde_tp"": ""보통"", ""tm"": ""095132"", ""cntr_no"": """", ""cntr_pric"": ""0"", ""cntr_qty"": ""0"", ""cur_prc"": ""-61300"", ""sel_bid"": ""-61400"", ""buy_bid"": ""-61100"", ""unit_cntr_pric"": """", ""unit_cntr_qty"": """", ""tdy_trde_cmsn"": ""0"", ""tdy_trde_tax"": ""0"", ""ind_invsr"": """", ""stex_tp"": ""1"", ""stex_tp_txt"": ""KRX"", ""sor_yn"": ""N"", ""stop_pric"": ""0""}, {""acnt_no"": ""5704609010"", ""ord_no"": ""0134918"", ""mang_empno"": """", ""stk_cd"": ""445680"", ""tsk_tp"": """", ""ord_stt"": ""접수"", ""stk_nm"": ""큐리옥스바이오시스템즈"", ""ord_qty"": ""7"", ""ord_pric"": ""47950"", ""oso_qty"": ""7"", ""cntr_tot_amt"": ""0"", ""orig_ord_no"": ""0000000"", ""io_tp_nm"": ""-매도"", ""trde_tp"": ""보통"", ""tm"": ""095059"", ""cntr_no"": """", ""cntr_pric"": ""0"", ""cntr_qty"": ""0"", ""cur_prc"": ""-47000"", ""sel_bid"": ""-47000"", ""buy_bid"": ""-46950"", ""unit_cntr_pric"": """", ""unit_cntr_qty"": """", ""tdy_trde_cmsn"": ""0"", ""tdy_trde_tax"": ""0"", ""ind_invsr"": """", ""stex_tp"": ""1"", ""stex_tp_txt"": ""KRX"", ""sor_yn"": ""N"", ""stop_pric"": ""0""}]"
2026-09-03,daily_loss_check,410676,1049826,0,1049826,4031,-0.3854483909370383,-3.994850639281429,"[{""ticker"": ""219130"", ""quantity"": 5, ""avg_price"": 61400, ""raw"": {""stk_cd"": ""A219130"", ""stk_nm"": ""타이거일렉"", ""evltv_prft"": ""-00000000001193"", ""prft_rt"": ""-0.39"", ""pur_pric"": ""000000000061400"", ""pred_close_pric"": ""000000061900"", ""rmnd_qty"": ""000000000000005"", ""trde_able_qty"": ""000000000000000"", ""cur_prc"": ""000000061300"", ""pred_buyq"": ""000000000000000"", ""pred_sellq"": ""000000000000000"", ""tdy_buyq"": ""000000000000005"", ""tdy_sellq"": ""000000000000000"", ""pur_amt"": ""000000000307000"", ""pur_cmsn"": ""000000000000040"", ""evlt_amt"": ""000000000306500"", ""sell_cmsn"": ""000000000000040"", ""tax"": ""000000000000613"", ""sum_cmsn"": ""000000000000080"", ""poss_rt"": ""48.14"", ""crd_tp"": ""00"", ""crd_tp_nm"": """", ""crd_loan_dt"": """"}}, {""ticker"": ""445680"", ""quantity"": 7, ""avg_price"": 47250, ""raw"": {""stk_cd"": ""A445680"", ""stk_nm"": ""큐리옥스바이오시스템즈"", ""evltv_prft"": ""000000000001005"", ""prft_rt"": ""0.30"", ""pur_pric"": ""000000000047250"", ""pred_close_pric"": ""000000049350"", ""rmnd_qty"": ""000000000000007"", ""trde_able_qty"": ""000000000000000"", ""cur_prc"": ""000000047500"", ""pred_buyq"": ""000000000000000"", ""pred_sellq"": ""000000000000000"", ""tdy_buyq"": ""000000000000007"", ""tdy_sellq"": ""000000000000000"", ""pur_amt"": ""000000000330750"", ""pur_cmsn"": ""000000000000040"", ""evlt_amt"": ""000000000332500"", ""sell_cmsn"": ""000000000000040"", ""tax"": ""000000000000665"", ""sum_cmsn"": ""000000000000080"", ""poss_rt"": ""51.86"", ""crd_tp"": ""00"", ""crd_tp_nm"": """", ""crd_loan_dt"": """"}}]","[{""acnt_no"": ""5704609010"", ""ord_no"": ""0135629"", ""mang_empno"": """", ""stk_cd"": ""219130"", ""tsk_tp"": """", ""ord_stt"": ""접수"", ""stk_nm"": ""타이거일렉"", ""ord_qty"": ""5"", ""ord_pric"": ""62000"", ""oso_qty"": ""5"", ""cntr_tot_amt"": ""0"", ""orig_ord_no"": ""0000000"", ""io_tp_nm"": ""-매도"", ""trde_tp"": ""보통"", ""tm"": ""095132"", ""cntr_no"": """", ""cntr_pric"": ""0"", ""cntr_qty"": ""0"", ""cur_prc"": ""-61300"", ""sel_bid"": ""-61400"", ""buy_bid"": ""-61100"", ""unit_cntr_pric"": """", ""unit_cntr_qty"": """", ""tdy_trde_cmsn"": ""0"", ""tdy_trde_tax"": ""0"", ""ind_invsr"": """", ""stex_tp"": ""1"", ""stex_tp_txt"": ""KRX"", ""sor_yn"": ""N"", ""stop_pric"": ""0""}, {""acnt_no"": ""5704609010"", ""ord_no"": ""0134918"", ""mang_empno"": """", ""stk_cd"": ""445680"", ""tsk_tp"": """", ""ord_stt"": ""접수"", ""stk_nm"": ""큐리옥스바이오시스템즈"", ""ord_qty"": ""7"", ""ord_pric"": ""47950"", ""oso_qty"": ""7"", ""cntr_tot_amt"": ""0"", ""orig_ord_no"": ""0000000"", ""io_tp_nm"": ""-매도"", ""trde_tp"": ""보통"", ""tm"": ""095059"", ""cntr_no"": """", ""cntr_pric"": ""0"", ""cntr_qty"": ""0"", ""cur_prc"": ""-47500"", ""sel_bid"": ""-47450"", ""buy_bid"": ""-47200"", ""unit_cntr_pric"": """", ""unit_cntr_qty"": """", ""tdy_trde_cmsn"": ""0"", ""tdy_trde_tax"": ""0"", ""ind_invsr"": """", ""stex_tp"": ""1"", ""stex_tp_txt"": ""KRX"", ""sor_yn"": ""N"", ""stop_pric"": ""0""}]"
2026-09-03,daily_loss_check,410676,1051026,0,1051026,5231,-0.5001936325952983,-3.994850639281429,"[{""ticker"": ""219130"", ""quantity"": 5, ""avg_price"": 61400, ""raw"": {""stk_cd"": ""A219130"", ""stk_nm"": ""타이거일렉"", ""evltv_prft"": ""-00000000001193"", ""prft_rt"": ""-0.39"", ""pur_pric"": ""000000000061400"", ""pred_close_pric"": ""000000061900"", ""rmnd_qty"": ""000000000000005"", ""trde_able_qty"": ""000000000000000"", ""cur_prc"": ""000000061300"", ""pred_buyq"": ""000000000000000"", ""pred_sellq"": ""000000000000000"", ""tdy_buyq"": ""000000000000005"", ""tdy_sellq"": ""000000000000000"", ""pur_amt"": ""000000000307000"", ""pur_cmsn"": ""000000000000040"", ""evlt_amt"": ""000000000306500"", ""sell_cmsn"": ""000000000000040"", ""tax"": ""000000000000613"", ""sum_cmsn"": ""000000000000080"", ""poss_rt"": ""48.14"", ""crd_tp"": ""00"", ""crd_tp_nm"": """", ""crd_loan_dt"": """"}}, {""ticker"": ""445680"", ""quantity"": 7, ""avg_price"": 47250, ""raw"": {""stk_cd"": ""A445680"", ""stk_nm"": ""큐리옥스바이오시스템즈"", ""evltv_prft"": ""000000000000307"", ""prft_rt"": ""0.09"", ""pur_pric"": ""000000000047250"", ""pred_close_pric"": ""000000049350"", ""rmnd_qty"": ""000000000000007"", ""trde_able_qty"": ""000000000000000"", ""cur_prc"": ""000000047400"", ""pred_buyq"": ""000000000000000"", ""pred_sellq"": ""000000000000000"", ""tdy_buyq"": ""000000000000007"", ""tdy_sellq"": ""000000000000000"", ""pur_amt"": ""000000000330750"", ""pur_cmsn"": ""000000000000040"", ""evlt_amt"": ""000000000331800"", ""sell_cmsn"": ""000000000000040"", ""tax"": ""000000000000663"", ""sum_cmsn"": ""000000000000080"", ""poss_rt"": ""51.86"", ""crd_tp"": ""00"", ""crd_tp_nm"": """", ""crd_loan_dt"": """"}}]","[{""acnt_no"": ""5704609010"", ""ord_no"": ""0135629"", ""mang_empno"": """", ""stk_cd"": ""219130"", ""tsk_tp"": """", ""ord_stt"": ""접수"", ""stk_nm"": ""타이거일렉"", ""ord_qty"": ""5"", ""ord_pric"": ""62000"", ""oso_qty"": ""5"", ""cntr_tot_amt"": ""0"", ""orig_ord_no"": ""0000000"", ""io_tp_nm"": ""-매도"", ""trde_tp"": ""보통"", ""tm"": ""095132"", ""cntr_no"": """", ""cntr_pric"": ""0"", ""cntr_qty"": ""0"", ""cur_prc"": ""-61300"", ""sel_bid"": ""-61400"", ""buy_bid"": ""-61100"", ""unit_cntr_pric"": """", ""unit_cntr_qty"": """", ""tdy_trde_cmsn"": ""0"", ""tdy_trde_tax"": ""0"", ""ind_invsr"": """", ""stex_tp"": ""1"", ""stex_tp_txt"": ""KRX"", ""sor_yn"": ""N"", ""stop_pric"": ""0""}, {""acnt_no"": ""5704609010"", ""ord_no"": ""0134918"", ""mang_empno"": """", ""stk_cd"": ""445680"", ""tsk_tp"": """", ""ord_stt"": ""접수"", ""stk_nm"": ""큐리옥스바이오시스템즈"", ""ord_qty"": ""7"", ""ord_pric"": ""47950"", ""oso_qty"": ""7"", ""cntr_tot_amt"": ""0"", ""orig_ord_no"": ""0000000"", ""io_tp_nm"": ""-매도"", ""trde_tp"": ""보통"", ""tm"": ""095059"", ""cntr_no"": """", ""cntr_pric"": ""0"", ""cntr_qty"": ""0"", ""cur_prc"": ""-47400"", ""sel_bid"": ""-47500"", ""buy_bid"": ""-47400"", ""unit_cntr_pric"": """", ""unit_cntr_qty"": """", ""tdy_trde_cmsn"": ""0"", ""tdy_trde_tax"": ""0"", ""ind_invsr"": """", ""stex_tp"": ""1"", ""stex_tp_txt"": ""KRX"", ""sor_yn"": ""N"", ""stop_pric"": ""0""}]"
2026-09-03,daily_loss_check,410676,1051176,0,1051176,5381,-0.5145367878025808,-3.994850639281429,"[{""ticker"": ""219130"", ""quantity"": 5, ""avg_price"": 61400, ""raw"": {""stk_cd"": ""A219130"", ""stk_nm"": ""타이거일렉"", ""evltv_prft"": ""-00000000000694"", ""prft_rt"": ""-0.23"", ""pur_pric"": ""000000000061400"", ""pred_close_pric"": ""000000061900"", ""rmnd_qty"": ""000000000000005"", ""trde_able_qty"": ""000000000000000"", ""cur_prc"": ""000000061400"", ""pred_buyq"": ""000000000000000"", ""pred_sellq"": ""000000000000000"", ""tdy_buyq"": ""000000000000005"", ""tdy_sellq"": ""000000000000000"", ""pur_amt"": ""000000000307000"", ""pur_cmsn"": ""000000000000040"", ""evlt_amt"": ""000000000307000"", ""sell_cmsn"": ""000000000000040"", ""tax"": ""000000000000614"", ""sum_cmsn"": ""000000000000080"", ""poss_rt"": ""48.14"", ""crd_tp"": ""00"", ""crd_tp_nm"": """", ""crd_loan_dt"": """"}}, {""ticker"": ""445680"", ""quantity"": 7, ""avg_price"": 47250, ""raw"": {""stk_cd"": ""A445680"", ""stk_nm"": ""큐리옥스바이오시스템즈"", ""evltv_prft"": ""000000000001355"", ""prft_rt"": ""0.41"", ""pur_pric"": ""000000000047250"", ""pred_close_pric"": ""000000049350"", ""rmnd_qty"": ""000000000000007"", ""trde_able_qty"": ""000000000000000"", ""cur_prc"": ""000000047550"", ""pred_buyq"": ""000000000000000"", ""pred_sellq"": ""000000000000000"", ""tdy_buyq"": ""000000000000007"", ""tdy_sellq"": ""000000000000000"", ""pur_amt"": ""000000000330750"", ""pur_cmsn"": ""000000000000040"", ""evlt_amt"": ""000000000332850"", ""sell_cmsn"": ""000000000000040"", ""tax"": ""000000000000665"", ""sum_cmsn"": ""000000000000080"", ""poss_rt"": ""51.86"", ""crd_tp"": ""00"", ""crd_tp_nm"": """", ""crd_loan_dt"": """"}}]","[{""acnt_no"": ""5704609010"", ""ord_no"": ""0135629"", ""mang_empno"": """", ""stk_cd"": ""219130"", ""tsk_tp"": """", ""ord_stt"": ""접수"", ""stk_nm"": ""타이거일렉"", ""ord_qty"": ""5"", ""ord_pric"": ""62000"", ""oso_qty"": ""5"", ""cntr_tot_amt"": ""0"", ""orig_ord_no"": ""0000000"", ""io_tp_nm"": ""-매도"", ""trde_tp"": ""보통"", ""tm"": ""095132"", ""cntr_no"": """", ""cntr_pric"": ""0"", ""cntr_qty"": ""0"", ""cur_prc"": ""-61400"", ""sel_bid"": ""-61500"", ""buy_bid"": ""-61100"", ""unit_cntr_pric"": """", ""unit_cntr_qty"": """", ""tdy_trde_cmsn"": ""0"", ""tdy_trde_tax"": ""0"", ""ind_invsr"": """", ""stex_tp"": ""1"", ""stex_tp_txt"": ""KRX"", ""sor_yn"": ""N"", ""stop_pric"": ""0""}, {""acnt_no"": ""5704609010"", ""ord_no"": ""0134918"", ""mang_empno"": """", ""stk_cd"": ""445680"", ""tsk_tp"": """", ""ord_stt"": ""접수"", ""stk_nm"": ""큐리옥스바이오시스템즈"", ""ord_qty"": ""7"", ""ord_pric"": ""47950"", ""oso_qty"": ""7"", ""cntr_tot_amt"": ""0"", ""orig_ord_no"": ""0000000"", ""io_tp_nm"": ""-매도"", ""trde_tp"": ""보통"", ""tm"": ""095059"", ""cntr_no"": """", ""cntr_pric"": ""0"", ""cntr_qty"": ""0"", ""cur_prc"": ""-47550"", ""sel_bid"": ""-47550"", ""buy_bid"": ""-47400"", ""unit_cntr_pric"": """", ""unit_cntr_qty"": """", ""tdy_trde_cmsn"": ""0"", ""tdy_trde_tax"": ""0"", ""ind_invsr"": """", ""stex_tp"": ""1"", ""stex_tp_txt"": ""KRX"", ""sor_yn"": ""N"", ""stop_pric"": ""0""}]"
2026-09-03,daily_loss_check,410676,1051526,0,1051526,5731,-0.5480041499529066,-3.994850639281429,"[{""ticker"": ""219130"", ""quantity"": 5, ""avg_price"": 61400, ""raw"": {""stk_cd"": ""A219130"", ""stk_nm"": ""타이거일렉"", ""evltv_prft"": ""-00000000000195"", ""prft_rt"": ""-0.06"", ""pur_pric"": ""000000000061400"", ""pred_close_pric"": ""000000061900"", ""rmnd_qty"": ""000000000000005"", ""trde_able_qty"": ""000000000000000"", ""cur_prc"": ""000000061500"", ""pred_buyq"": ""000000000000000"", ""pred_sellq"": ""000000000000000"", ""tdy_buyq"": ""000000000000005"", ""tdy_sellq"": ""000000000000000"", ""pur_amt"": ""000000000307000"", ""pur_cmsn"": ""000000000000040"", ""evlt_amt"": ""000000000307500"", ""sell_cmsn"": ""000000000000040"", ""tax"": ""000000000000615"", ""sum_cmsn"": ""000000000000080"", ""poss_rt"": ""48.14"", ""crd_tp"": ""00"", ""crd_tp_nm"": """", ""crd_loan_dt"": """"}}, {""ticker"": ""445680"", ""quantity"": 7, ""avg_price"": 47250, ""raw"": {""stk_cd"": ""A445680"", ""stk_nm"": ""큐리옥스바이오시스템즈"", ""evltv_prft"": ""000000000001355"", ""prft_rt"": ""0.41"", ""pur_pric"": ""000000000047250"", ""pred_close_pric"": ""000000049350"", ""rmnd_qty"": ""000000000000007"", ""trde_able_qty"": ""000000000000000"", ""cur_prc"": ""000000047550"", ""pred_buyq"": ""000000000000000"", ""pred_sellq"": ""000000000000000"", ""tdy_buyq"": ""000000000000007"", ""tdy_sellq"": ""000000000000000"", ""pur_amt"": ""000000000330750"", ""pur_cmsn"": ""000000000000040"", ""evlt_amt"": ""000000000332850"", ""sell_cmsn"": ""000000000000040"", ""tax"": ""000000000000665"", ""sum_cmsn"": ""000000000000080"", ""poss_rt"": ""51.86"", ""crd_tp"": ""00"", ""crd_tp_nm"": """", ""crd_loan_dt"": """"}}]","[{""acnt_no"": ""5704609010"", ""ord_no"": ""0135629"", ""mang_empno"": """", ""stk_cd"": ""219130"", ""tsk_tp"": """", ""ord_stt"": ""접수"", ""stk_nm"": ""타이거일렉"", ""ord_qty"": ""5"", ""ord_pric"": ""62000"", ""oso_qty"": ""5"", ""cntr_tot_amt"": ""0"", ""orig_ord_no"": ""0000000"", ""io_tp_nm"": ""-매도"", ""trde_tp"": ""보통"", ""tm"": ""095132"", ""cntr_no"": """", ""cntr_pric"": ""0"", ""cntr_qty"": ""0"", ""cur_prc"": ""-61500"", ""sel_bid"": ""-61600"", ""buy_bid"": ""-61200"", ""unit_cntr_pric"": """", ""unit_cntr_qty"": """", ""tdy_trde_cmsn"": ""0"", ""tdy_trde_tax"": ""0"", ""ind_invsr"": """", ""stex_tp"": ""1"", ""stex_tp_txt"": ""KRX"", ""sor_yn"": ""N"", ""stop_pric"": ""0""}, {""acnt_no"": ""5704609010"", ""ord_no"": ""0134918"", ""mang_empno"": """", ""stk_cd"": ""445680"", ""tsk_tp"": """", ""ord_stt"": ""접수"", ""stk_nm"": ""큐리옥스바이오시스템즈"", ""ord_qty"": ""7"", ""ord_pric"": ""47950"", ""oso_qty"": ""7"", ""cntr_tot_amt"": ""0"", ""orig_ord_no"": ""0000000"", ""io_tp_nm"": ""-매도"", ""trde_tp"": ""보통"", ""tm"": ""095059"", ""cntr_no"": """", ""cntr_pric"": ""0"", ""cntr_qty"": ""0"", ""cur_prc"": ""-47550"", ""sel_bid"": ""-47550"", ""buy_bid"": ""-47450"", ""unit_cntr_pric"": """", ""unit_cntr_qty"": """", ""tdy_trde_cmsn"": ""0"", ""tdy_trde_tax"": ""0"", ""ind_invsr"": """", ""stex_tp"": ""1"", ""stex_tp_txt"": ""KRX"", ""sor_yn"": ""N"", ""stop_pric"": ""0""}]"
2026-09-03,daily_loss_check,410676,1050826,0,1050826,5031,-0.48106942565225497,-3.994850639281429,"[{""ticker"": ""219130"", ""quantity"": 5, ""avg_price"": 61400, ""raw"": {""stk_cd"": ""A219130"", ""stk_nm"": ""타이거일렉"", ""evltv_prft"": ""-00000000000195"", ""prft_rt"": ""-0.06"", ""pur_pric"": ""000000000061400"", ""pred_close_pric"": ""000000061900"", ""rmnd_qty"": ""000000000000005"", ""trde_able_qty"": ""000000000000000"", ""cur_prc"": ""000000061500"", ""pred_buyq"": ""000000000000000"", ""pred_sellq"": ""000000000000000"", ""tdy_buyq"": ""000000000000005"", ""tdy_sellq"": ""000000000000000"", ""pur_amt"": ""000000000307000"", ""pur_cmsn"": ""000000000000040"", ""evlt_amt"": ""000000000307500"", ""sell_cmsn"": ""000000000000040"", ""tax"": ""000000000000615"", ""sum_cmsn"": ""000000000000080"", ""poss_rt"": ""48.14"", ""crd_tp"": ""00"", ""crd_tp_nm"": """", ""crd_loan_dt"": """"}}, {""ticker"": ""445680"", ""quantity"": 7, ""avg_price"": 47250, ""raw"": {""stk_cd"": ""A445680"", ""stk_nm"": ""큐리옥스바이오시스템즈"", ""evltv_prft"": ""000000000001355"", ""prft_rt"": ""0.41"", ""pur_pric"": ""000000000047250"", ""pred_close_pric"": ""000000049350"", ""rmnd_qty"": ""000000000000007"", ""trde_able_qty"": ""000000000000000"", ""cur_prc"": ""000000047550"", ""pred_buyq"": ""000000000000000"", ""pred_sellq"": ""000000000000000"", ""tdy_buyq"": ""000000000000007"", ""tdy_sellq"": ""000000000000000"", ""pur_amt"": ""000000000330750"", ""pur_cmsn"": ""000000000000040"", ""evlt_amt"": ""000000000332850"", ""sell_cmsn"": ""000000000000040"", ""tax"": ""000000000000665"", ""sum_cmsn"": ""000000000000080"", ""poss_rt"": ""51.86"", ""crd_tp"": ""00"", ""crd_tp_nm"": """", ""crd_loan_dt"": """"}}]","[{""acnt_no"": ""5704609010"", ""ord_no"": ""0135629"", ""mang_empno"": """", ""stk_cd"": ""219130"", ""tsk_tp"": """", ""ord_stt"": ""접수"", ""stk_nm"": ""타이거일렉"", ""ord_qty"": ""5"", ""ord_pric"": ""62000"", ""oso_qty"": ""5"", ""cntr_tot_amt"": ""0"", ""orig_ord_no"": ""0000000"", ""io_tp_nm"": ""-매도"", ""trde_tp"": ""보통"", ""tm"": ""095132"", ""cntr_no"": """", ""cntr_pric"": ""0"", ""cntr_qty"": ""0"", ""cur_prc"": ""-61500"", ""sel_bid"": ""-61600"", ""buy_bid"": ""-61200"", ""unit_cntr_pric"": """", ""unit_cntr_qty"": """", ""tdy_trde_cmsn"": ""0"", ""tdy_trde_tax"": ""0"", ""ind_invsr"": """", ""stex_tp"": ""1"", ""stex_tp_txt"": ""KRX"", ""sor_yn"": ""N"", ""stop_pric"": ""0""}, {""acnt_no"": ""5704609010"", ""ord_no"": ""0134918"", ""mang_empno"": """", ""stk_cd"": ""445680"", ""tsk_tp"": """", ""ord_stt"": ""접수"", ""stk_nm"": ""큐리옥스바이오시스템즈"", ""ord_qty"": ""7"", ""ord_pric"": ""47950"", ""oso_qty"": ""7"", ""cntr_tot_amt"": ""0"", ""orig_ord_no"": ""0000000"", ""io_tp_nm"": ""-매도"", ""trde_tp"": ""보통"", ""tm"": ""095059"", ""cntr_no"": """", ""cntr_pric"": ""0"", ""cntr_qty"": ""0"", ""cur_prc"": ""-47550"", ""sel_bid"": ""-47550"", ""buy_bid"": ""-47250"", ""unit_cntr_pric"": """", ""unit_cntr_qty"": """", ""tdy_trde_cmsn"": ""0"", ""tdy_trde_tax"": ""0"", ""ind_invsr"": """", ""stex_tp"": ""1"", ""stex_tp_txt"": ""KRX"", ""sor_yn"": ""N"", ""stop_pric"": ""0""}]"
2026-09-03,daily_loss_check,410676,1052026,0,1052026,6231,-0.595814667310515,-3.994850639281429,"[{""ticker"": ""219130"", ""quantity"": 5, ""avg_price"": 61400, ""raw"": {""stk_cd"": ""A219130"", ""stk_nm"": ""타이거일렉"", ""evltv_prft"": ""-00000000000195"", ""prft_rt"": ""-0.06"", ""pur_pric"": ""000000000061400"", ""pred_close_pric"": ""000000061900"", ""rmnd_qty"": ""000000000000005"", ""trde_able_qty"": ""000000000000000"", ""cur_prc"": ""000000061500"", ""pred_buyq"": ""000000000000000"", ""pred_sellq"": ""000000000000000"", ""tdy_buyq"": ""000000000000005"", ""tdy_sellq"": ""000000000000000"", ""pur_amt"": ""000000000307000"", ""pur_cmsn"": ""000000000000040"", ""evlt_amt"": ""000000000307500"", ""sell_cmsn"": ""000000000000040"", ""tax"": ""000000000000615"", ""sum_cmsn"": ""000000000000080"", ""poss_rt"": ""48.14"", ""crd_tp"": ""00"", ""crd_tp_nm"": """", ""crd_loan_dt"": """"}}, {""ticker"": ""445680"", ""quantity"": 7, ""avg_price"": 47250, ""raw"": {""stk_cd"": ""A445680"", ""stk_nm"": ""큐리옥스바이오시스템즈"", ""evltv_prft"": ""000000000001355"", ""prft_rt"": ""0.41"", ""pur_pric"": ""000000000047250"", ""pred_close_pric"": ""000000049350"", ""rmnd_qty"": ""000000000000007"", ""trde_able_qty"": ""000000000000000"", ""cur_prc"": ""000000047550"", ""pred_buyq"": ""000000000000000"", ""pred_sellq"": ""000000000000000"", ""tdy_buyq"": ""000000000000007"", ""tdy_sellq"": ""000000000000000"", ""pur_amt"": ""000000000330750"", ""pur_cmsn"": ""000000000000040"", ""evlt_amt"": ""000000000332850"", ""sell_cmsn"": ""000000000000040"", ""tax"": ""000000000000665"", ""sum_cmsn"": ""000000000000080"", ""poss_rt"": ""51.86"", ""crd_tp"": ""00"", ""crd_tp_nm"": """", ""crd_loan_dt"": """"}}]","[{""acnt_no"": ""5704609010"", ""ord_no"": ""0135629"", ""mang_empno"": """", ""stk_cd"": ""219130"", ""tsk_tp"": """", ""ord_stt"": ""접수"", ""stk_nm"": ""타이거일렉"", ""ord_qty"": ""5"", ""ord_pric"": ""62000"", ""oso_qty"": ""5"", ""cntr_tot_amt"": ""0"", ""orig_ord_no"": ""0000000"", ""io_tp_nm"": ""-매도"", ""trde_tp"": ""보통"", ""tm"": ""095132"", ""cntr_no"": """", ""cntr_pric"": ""0"", ""cntr_qty"": ""0"", ""cur_prc"": ""-61500"", ""sel_bid"": ""-61600"", ""buy_bid"": ""-61200"", ""unit_cntr_pric"": """", ""unit_cntr_qty"": """", ""tdy_trde_cmsn"": ""0"", ""tdy_trde_tax"": ""0"", ""ind_invsr"": """", ""stex_tp"": ""1"", ""stex_tp_txt"": ""KRX"", ""sor_yn"": ""N"", ""stop_pric"": ""0""}, {""acnt_no"": ""5704609010"", ""ord_no"": ""0134918"", ""mang_empno"": """", ""stk_cd"": ""445680"", ""tsk_tp"": """", ""ord_stt"": ""접수"", ""stk_nm"": ""큐리옥스바이오시스템즈"", ""ord_qty"": ""7"", ""ord_pric"": ""47950"", ""oso_qty"": ""7"", ""cntr_tot_amt"": ""0"", ""orig_ord_no"": ""0000000"", ""io_tp_nm"": ""-매도"", ""trde_tp"": ""보통"", ""tm"": ""095059"", ""cntr_no"": """", ""cntr_pric"": ""0"", ""cntr_qty"": ""0"", ""cur_prc"": ""-47550"", ""sel_bid"": ""-47550"", ""buy_bid"": ""-47450"", ""unit_cntr_pric"": """", ""unit_cntr_qty"": """", ""tdy_trde_cmsn"": ""0"", ""tdy_trde_tax"": ""0"", ""ind_invsr"": """", ""stex_tp"": ""1"", ""stex_tp_txt"": ""KRX"", ""sor_yn"": ""N"", ""stop_pric"": ""0""}]"
2026-09-03,daily_loss_check,410676,1052026,0,1052026,6231,-0.595814667310515,-3.994850639281429,"[{""ticker"": ""219130"", ""quantity"": 5, ""avg_price"": 61400, ""raw"": {""stk_cd"": ""A219130"", ""stk_nm"": ""타이거일렉"", ""evltv_prft"": ""000000000000304"", ""prft_rt"": ""0.10"", ""pur_pric"": ""000000000061400"", ""pred_close_pric"": ""000000061900"", ""rmnd_qty"": ""000000000000005"", ""trde_able_qty"": ""000000000000000"", ""cur_prc"": ""000000061600"", ""pred_buyq"": ""000000000000000"", ""pred_sellq"": ""000000000000000"", ""tdy_buyq"": ""000000000000005"", ""tdy_sellq"": ""000000000000000"", ""pur_amt"": ""000000000307000"", ""pur_cmsn"": ""000000000000040"", ""evlt_amt"": ""000000000308000"", ""sell_cmsn"": ""000000000000040"", ""tax"": ""000000000000616"", ""sum_cmsn"": ""000000000000080"", ""poss_rt"": ""48.14"", ""crd_tp"": ""00"", ""crd_tp_nm"": """", ""crd_loan_dt"": """"}}, {""ticker"": ""445680"", ""quantity"": 7, ""avg_price"": 47250, ""raw"": {""stk_cd"": ""A445680"", ""stk_nm"": ""큐리옥스바이오시스템즈"", ""evltv_prft"": ""000000000001355"", ""prft_rt"": ""0.41"", ""pur_pric"": ""000000000047250"", ""pred_close_pric"": ""000000049350"", ""rmnd_qty"": ""000000000000007"", ""trde_able_qty"": ""000000000000000"", ""cur_prc"": ""000000047550"", ""pred_buyq"": ""000000000000000"", ""pred_sellq"": ""000000000000000"", ""tdy_buyq"": ""000000000000007"", ""tdy_sellq"": ""000000000000000"", ""pur_amt"": ""000000000330750"", ""pur_cmsn"": ""000000000000040"", ""evlt_amt"": ""000000000332850"", ""sell_cmsn"": ""000000000000040"", ""tax"": ""000000000000665"", ""sum_cmsn"": ""000000000000080"", ""poss_rt"": ""51.86"", ""crd_tp"": ""00"", ""crd_tp_nm"": """", ""crd_loan_dt"": """"}}]","[{""acnt_no"": ""5704609010"", ""ord_no"": ""0135629"", ""mang_empno"": """", ""stk_cd"": ""219130"", ""tsk_tp"": """", ""ord_stt"": ""접수"", ""stk_nm"": ""타이거일렉"", ""ord_qty"": ""5"", ""ord_pric"": ""62000"", ""oso_qty"": ""5"", ""cntr_tot_amt"": ""0"", ""orig_ord_no"": ""0000000"", ""io_tp_nm"": ""-매도"", ""trde_tp"": ""보통"", ""tm"": ""095132"", ""cntr_no"": """", ""cntr_pric"": ""0"", ""cntr_qty"": ""0"", ""cur_prc"": ""-61600"", ""sel_bid"": ""-61700"", ""buy_bid"": ""-61200"", ""unit_cntr_pric"": """", ""unit_cntr_qty"": """", ""tdy_trde_cmsn"": ""0"", ""tdy_trde_tax"": ""0"", ""ind_invsr"": """", ""stex_tp"": ""1"", ""stex_tp_txt"": ""KRX"", ""sor_yn"": ""N"", ""stop_pric"": ""0""}, {""acnt_no"": ""5704609010"", ""ord_no"": ""0134918"", ""mang_empno"": """", ""stk_cd"": ""445680"", ""tsk_tp"": """", ""ord_stt"": ""접수"", ""stk_nm"": ""큐리옥스바이오시스템즈"", ""ord_qty"": ""7"", ""ord_pric"": ""47950"", ""oso_qty"": ""7"", ""cntr_tot_amt"": ""0"", ""orig_ord_no"": ""0000000"", ""io_tp_nm"": ""-매도"", ""trde_tp"": ""보통"", ""tm"": ""095059"", ""cntr_no"": """", ""cntr_pric"": ""0"", ""cntr_qty"": ""0"", ""cur_prc"": ""-47550"", ""sel_bid"": ""-47550"", ""buy_bid"": ""-47450"", ""unit_cntr_pric"": """", ""unit_cntr_qty"": """", ""tdy_trde_cmsn"": ""0"", ""tdy_trde_tax"": ""0"", ""ind_invsr"": """", ""stex_tp"": ""1"", ""stex_tp_txt"": ""KRX"", ""sor_yn"": ""N"", ""stop_pric"": ""0""}]"
