session_date,phase,ticker,scan_cycle_at,selected,reason,price,prev_close_price,current_price,best_bid,best_ask,expect_price,expect_revenue_percent,spread_percent,ask_depth_5_amount_krw,market_cap,trading_value,kospi_change_percent,prev_day_change_percent,raw_json
2026-09-10,scan_candidate,005930,2026-09-10T09:30:14.472901,0,main_scan,267500,255500,267500,267000,267500,268500,-0.023448598130832415,0.1869158878504673,23321110500,1493724184344000,3586126499750,4.6084989106069685,4.6966731898238745,"{""bid_req_base_tm"": ""093015"", ""sel_10th_pre_req_pre"": ""0"", ""sel_10th_pre_req"": ""90134"", ""sel_10th_pre_bid"": ""+272000"", ""sel_9th_pre_req_pre"": ""0"", ""sel_9th_pre_req"": ""45380"", ""sel_9th_pre_bid"": ""+271500"", ""sel_8th_pre_req_pre"": ""0"", ""sel_8th_pre_req"": ""40257"", ""sel_8th_pre_bid"": ""+271000"", ""sel_7th_pre_req_pre"": ""0"", ""sel_7th_pre_req"": ""47189"", ""sel_7th_pre_bid"": ""+270500"", ""sel_6th_pre_req_pre"": ""0"", ""sel_6th_pre_req"": ""41998"", ""sel_6th_pre_bid"": ""+270000"", ""sel_5th_pre_req_pre"": ""0"", ""sel_5th_pre_req"": ""32905"", ""sel_5th_pre_bid"": ""269500"", ""sel_4th_pre_req_pre"": ""0"", ""sel_4th_pre_req"": ""23915"", ""sel_4th_pre_bid"": ""-269000"", ""sel_3th_pre_req_pre"": ""0"", ""sel_3th_pre_req"": ""15105"", ""sel_3th_pre_bid"": ""-268500"", ""sel_2th_pre_req_pre"": ""0"", ""sel_2th_pre_req"": ""15482"", ""sel_2th_pre_bid"": ""-268000"", ""sel_1th_pre_req_pre"": ""0"", ""sel_fpr_req"": ""27152"", ""sel_fpr_bid"": ""-267500"", ""buy_fpr_bid"": ""-267000"", ""buy_fpr_req"": ""29004"", ""buy_1th_pre_req_pre"": ""+4"", ""buy_2th_pre_bid"": ""-266500"", ""buy_2th_pre_req"": ""55509"", ""buy_2th_pre_req_pre"": ""0"", ""buy_3th_pre_bid"": ""-266000"", ""buy_3th_pre_req"": ""66783"", ""buy_3th_pre_req_pre"": ""--4"", ""buy_4th_pre_bid"": ""-265500"", ""buy_4th_pre_req"": ""57099"", ""buy_4th_pre_req_pre"": ""0"", ""buy_5th_pre_bid"": ""-265000"", ""buy_5th_pre_req"": ""120003"", ""buy_5th_pre_req_pre"": ""0"", ""buy_6th_pre_bid"": ""-264500"", ""buy_6th_pre_req"": ""36601"", ""buy_6th_pre_req_pre"": ""0"", ""buy_7th_pre_bid"": ""-264000"", ""buy_7th_pre_req"": ""35015"", ""buy_7th_pre_req_pre"": ""0"", ""buy_8th_pre_bid"": ""-263500"", ""buy_8th_pre_req"": ""40837"", ""buy_8th_pre_req_pre"": ""0"", ""buy_9th_pre_bid"": ""-263000"", ""buy_9th_pre_req"": ""46366"", ""buy_9th_pre_req_pre"": ""0"", ""buy_10th_pre_bid"": ""-262500"", ""buy_10th_pre_req"": ""30896"", ""buy_10th_pre_req_pre"": ""0"", ""tot_sel_req_jub_pre"": ""0"", ""tot_sel_req"": ""379517"", ""tot_buy_req"": ""518113"", ""tot_buy_req_jub_pre"": ""0"", ""ovt_sel_req_pre"": ""0"", ""ovt_sel_req"": ""0"", ""ovt_buy_req"": ""0"", ""ovt_buy_req_pre"": ""0"", ""return_code"": 0, ""return_msg"": ""정상적으로 처리되었습니다""}"
2026-09-10,scan_candidate,000660,2026-09-10T09:30:14.472901,0,main_scan,1851000,1647000,1851000,1850000,1851000,1854000,-0.10216099405727892,0.05402485143165856,3226935000,1203120925155000,4660912821500,4.6084989106069685,12.386156648451731,"{""bid_req_base_tm"": ""093016"", ""sel_10th_pre_req_pre"": ""0"", ""sel_10th_pre_req"": ""225"", ""sel_10th_pre_bid"": ""+1860000"", ""sel_9th_pre_req_pre"": ""0"", ""sel_9th_pre_req"": ""175"", ""sel_9th_pre_bid"": ""+1859000"", ""sel_8th_pre_req_pre"": ""0"", ""sel_8th_pre_req"": ""202"", ""sel_8th_pre_bid"": ""+1858000"", ""sel_7th_pre_req_pre"": ""--5"", ""sel_7th_pre_req"": ""21"", ""sel_7th_pre_bid"": ""+1857000"", ""sel_6th_pre_req_pre"": ""0"", ""sel_6th_pre_req"": ""22"", ""sel_6th_pre_bid"": ""1856000"", ""sel_5th_pre_req_pre"": ""0"", ""sel_5th_pre_req"": ""546"", ""sel_5th_pre_bid"": ""-1855000"", ""sel_4th_pre_req_pre"": ""0"", ""sel_4th_pre_req"": ""16"", ""sel_4th_pre_bid"": ""-1854000"", ""sel_3th_pre_req_pre"": ""0"", ""sel_3th_pre_req"": ""594"", ""sel_3th_pre_bid"": ""-1853000"", ""sel_2th_pre_req_pre"": ""0"", ""sel_2th_pre_req"": ""365"", ""sel_2th_pre_bid"": ""-1852000"", ""sel_1th_pre_req_pre"": ""0"", ""sel_fpr_req"": ""642"", ""sel_fpr_bid"": ""-1851000"", ""buy_fpr_bid"": ""-1850000"", ""buy_fpr_req"": ""164"", ""buy_1th_pre_req_pre"": ""+17"", ""buy_2th_pre_bid"": ""-1849000"", ""buy_2th_pre_req"": ""3343"", ""buy_2th_pre_req_pre"": ""--1"", ""buy_3th_pre_bid"": ""-1848000"", ""buy_3th_pre_req"": ""3018"", ""buy_3th_pre_req_pre"": ""+1"", ""buy_4th_pre_bid"": ""-1847000"", ""buy_4th_pre_req"": ""1143"", ""buy_4th_pre_req_pre"": ""0"", ""buy_5th_pre_bid"": ""-1846000"", ""buy_5th_pre_req"": ""1426"", ""buy_5th_pre_req_pre"": ""--1"", ""buy_6th_pre_bid"": ""-1845000"", ""buy_6th_pre_req"": ""2263"", ""buy_6th_pre_req_pre"": ""0"", ""buy_7th_pre_bid"": ""-1844000"", ""buy_7th_pre_req"": ""323"", ""buy_7th_pre_req_pre"": ""0"", ""buy_8th_pre_bid"": ""-1843000"", ""buy_8th_pre_req"": ""746"", ""buy_8th_pre_req_pre"": ""0"", ""buy_9th_pre_bid"": ""-1842000"", ""buy_9th_pre_req"": ""503"", ""buy_9th_pre_req_pre"": ""0"", ""buy_10th_pre_bid"": ""-1841000"", ""buy_10th_pre_req"": ""1516"", ""buy_10th_pre_req_pre"": ""0"", ""tot_sel_req_jub_pre"": ""--5"", ""tot_sel_req"": ""2808"", ""tot_buy_req"": ""14445"", ""tot_buy_req_jub_pre"": ""+16"", ""ovt_sel_req_pre"": ""0"", ""ovt_sel_req"": ""0"", ""ovt_buy_req"": ""0"", ""ovt_buy_req_pre"": ""0"", ""return_code"": 0, ""return_msg"": ""정상적으로 처리되었습니다""}"
2026-09-10,scan_candidate,005935,2026-09-10T09:30:14.472901,0,main_scan,197700,191600,197700,197600,197700,198000,-0.3109661102680971,0.05058168942842691,657345000,153734322494800,475695126800,4.6084989106069685,3.1837160751565765,"{""bid_req_base_tm"": ""093016"", ""sel_10th_pre_req_pre"": ""0"", ""sel_10th_pre_req"": ""760"", ""sel_10th_pre_bid"": ""+198600"", ""sel_9th_pre_req_pre"": ""0"", ""sel_9th_pre_req"": ""6924"", ""sel_9th_pre_bid"": ""+198500"", ""sel_8th_pre_req_pre"": ""0"", ""sel_8th_pre_req"": ""1451"", ""sel_8th_pre_bid"": ""+198400"", ""sel_7th_pre_req_pre"": ""0"", ""sel_7th_pre_req"": ""470"", ""sel_7th_pre_bid"": ""+198300"", ""sel_6th_pre_req_pre"": ""0"", ""sel_6th_pre_req"": ""2103"", ""sel_6th_pre_bid"": ""+198200"", ""sel_5th_pre_req_pre"": ""0"", ""sel_5th_pre_req"": ""465"", ""sel_5th_pre_bid"": ""+198100"", ""sel_4th_pre_req_pre"": ""0"", ""sel_4th_pre_req"": ""1471"", ""sel_4th_pre_bid"": ""+198000"", ""sel_3th_pre_req_pre"": ""0"", ""sel_3th_pre_req"": ""282"", ""sel_3th_pre_bid"": ""+197900"", ""sel_2th_pre_req_pre"": ""0"", ""sel_2th_pre_req"": ""1623"", ""sel_2th_pre_bid"": ""+197800"", ""sel_1th_pre_req_pre"": ""0"", ""sel_fpr_req"": ""421"", ""sel_fpr_bid"": ""+197700"", ""buy_fpr_bid"": ""+197600"", ""buy_fpr_req"": ""3037"", ""buy_1th_pre_req_pre"": ""0"", ""buy_2th_pre_bid"": ""197500"", ""buy_2th_pre_req"": ""1030"", ""buy_2th_pre_req_pre"": ""0"", ""buy_3th_pre_bid"": ""-197400"", ""buy_3th_pre_req"": ""2948"", ""buy_3th_pre_req_pre"": ""0"", ""buy_4th_pre_bid"": ""-197300"", ""buy_4th_pre_req"": ""828"", ""buy_4th_pre_req_pre"": ""0"", ""buy_5th_pre_bid"": ""-197200"", ""buy_5th_pre_req"": ""1434"", ""buy_5th_pre_req_pre"": ""0"", ""buy_6th_pre_bid"": ""-197100"", ""buy_6th_pre_req"": ""2505"", ""buy_6th_pre_req_pre"": ""0"", ""buy_7th_pre_bid"": ""-197000"", ""buy_7th_pre_req"": ""5154"", ""buy_7th_pre_req_pre"": ""0"", ""buy_8th_pre_bid"": ""-196900"", ""buy_8th_pre_req"": ""1276"", ""buy_8th_pre_req_pre"": ""0"", ""buy_9th_pre_bid"": ""-196800"", ""buy_9th_pre_req"": ""2305"", ""buy_9th_pre_req_pre"": ""0"", ""buy_10th_pre_bid"": ""-196700"", ""buy_10th_pre_req"": ""2698"", ""buy_10th_pre_req_pre"": ""0"", ""tot_sel_req_jub_pre"": ""0"", ""tot_sel_req"": ""15970"", ""tot_buy_req"": ""23215"", ""tot_buy_req_jub_pre"": ""0"", ""ovt_sel_req_pre"": ""0"", ""ovt_sel_req"": ""0"", ""ovt_buy_req"": ""0"", ""ovt_buy_req_pre"": ""0"", ""return_code"": 0, ""return_msg"": ""정상적으로 처리되었습니다""}"
2026-09-10,scan_candidate,402340,2026-09-10T09:30:14.472901,0,main_scan,1136000,1041000,1136000,1135000,1136000,1140000,0.05356954225350473,0.08802816901408451,202488000,137332881918000,464723335600,4.6084989106069685,9.125840537944283,"{""bid_req_base_tm"": ""093016"", ""sel_10th_pre_req_pre"": ""0"", ""sel_10th_pre_req"": ""138"", ""sel_10th_pre_bid"": ""+1145000"", ""sel_9th_pre_req_pre"": ""0"", ""sel_9th_pre_req"": ""84"", ""sel_9th_pre_bid"": ""+1144000"", ""sel_8th_pre_req_pre"": ""0"", ""sel_8th_pre_req"": ""55"", ""sel_8th_pre_bid"": ""+1143000"", ""sel_7th_pre_req_pre"": ""0"", ""sel_7th_pre_req"": ""137"", ""sel_7th_pre_bid"": ""+1142000"", ""sel_6th_pre_req_pre"": ""0"", ""sel_6th_pre_req"": ""7"", ""sel_6th_pre_bid"": ""+1141000"", ""sel_5th_pre_req_pre"": ""0"", ""sel_5th_pre_req"": ""13"", ""sel_5th_pre_bid"": ""+1140000"", ""sel_4th_pre_req_pre"": ""0"", ""sel_4th_pre_req"": ""7"", ""sel_4th_pre_bid"": ""+1139000"", ""sel_3th_pre_req_pre"": ""0"", ""sel_3th_pre_req"": ""94"", ""sel_3th_pre_bid"": ""1138000"", ""sel_2th_pre_req_pre"": ""0"", ""sel_2th_pre_req"": ""102"", ""sel_2th_pre_bid"": ""-1137000"", ""sel_1th_pre_req_pre"": ""--4"", ""sel_fpr_req"": ""2"", ""sel_fpr_bid"": ""-1136000"", ""buy_fpr_bid"": ""-1135000"", ""buy_fpr_req"": ""571"", ""buy_1th_pre_req_pre"": ""0"", ""buy_2th_pre_bid"": ""-1134000"", ""buy_2th_pre_req"": ""263"", ""buy_2th_pre_req_pre"": ""0"", ""buy_3th_pre_bid"": ""-1133000"", ""buy_3th_pre_req"": ""174"", ""buy_3th_pre_req_pre"": ""0"", ""buy_4th_pre_bid"": ""-1132000"", ""buy_4th_pre_req"": ""189"", ""buy_4th_pre_req_pre"": ""0"", ""buy_5th_pre_bid"": ""-1131000"", ""buy_5th_pre_req"": ""317"", ""buy_5th_pre_req_pre"": ""0"", ""buy_6th_pre_bid"": ""-1130000"", ""buy_6th_pre_req"": ""826"", ""buy_6th_pre_req_pre"": ""0"", ""buy_7th_pre_bid"": ""-1129000"", ""buy_7th_pre_req"": ""221"", ""buy_7th_pre_req_pre"": ""0"", ""buy_8th_pre_bid"": ""-1128000"", ""buy_8th_pre_req"": ""150"", ""buy_8th_pre_req_pre"": ""0"", ""buy_9th_pre_bid"": ""-1127000"", ""buy_9th_pre_req"": ""131"", ""buy_9th_pre_req_pre"": ""0"", ""buy_10th_pre_bid"": ""-1126000"", ""buy_10th_pre_req"": ""146"", ""buy_10th_pre_req_pre"": ""0"", ""tot_sel_req_jub_pre"": ""--4"", ""tot_sel_req"": ""639"", ""tot_buy_req"": ""2988"", ""tot_buy_req_jub_pre"": ""0"", ""ovt_sel_req_pre"": ""0"", ""ovt_sel_req"": ""0"", ""ovt_buy_req"": ""0"", ""ovt_buy_req_pre"": ""0"", ""return_code"": 0, ""return_msg"": ""정상적으로 처리되었습니다""}"
2026-09-10,scan_candidate,009150,2026-09-10T09:30:14.472901,0,main_scan,1379000,1401000,1379000,1378000,1379000,1382000,-0.0652501812907938,0.0725163161711385,284592000,104645868096000,867415258500,4.6084989106069685,-1.5703069236259815,"{""bid_req_base_tm"": ""093016"", ""sel_10th_pre_req_pre"": ""0"", ""sel_10th_pre_req"": ""89"", ""sel_10th_pre_bid"": ""-1388000"", ""sel_9th_pre_req_pre"": ""0"", ""sel_9th_pre_req"": ""35"", ""sel_9th_pre_bid"": ""-1387000"", ""sel_8th_pre_req_pre"": ""0"", ""sel_8th_pre_req"": ""41"", ""sel_8th_pre_bid"": ""-1386000"", ""sel_7th_pre_req_pre"": ""0"", ""sel_7th_pre_req"": ""46"", ""sel_7th_pre_bid"": ""-1385000"", ""sel_6th_pre_req_pre"": ""0"", ""sel_6th_pre_req"": ""142"", ""sel_6th_pre_bid"": ""-1384000"", ""sel_5th_pre_req_pre"": ""0"", ""sel_5th_pre_req"": ""96"", ""sel_5th_pre_bid"": ""-1383000"", ""sel_4th_pre_req_pre"": ""0"", ""sel_4th_pre_req"": ""67"", ""sel_4th_pre_bid"": ""-1382000"", ""sel_3th_pre_req_pre"": ""0"", ""sel_3th_pre_req"": ""88"", ""sel_3th_pre_bid"": ""-1381000"", ""sel_2th_pre_req_pre"": ""0"", ""sel_2th_pre_req"": ""39"", ""sel_2th_pre_bid"": ""-1380000"", ""sel_1th_pre_req_pre"": ""0"", ""sel_fpr_req"": ""5"", ""sel_fpr_bid"": ""-1379000"", ""buy_fpr_bid"": ""-1378000"", ""buy_fpr_req"": ""76"", ""buy_1th_pre_req_pre"": ""0"", ""buy_2th_pre_bid"": ""-1377000"", ""buy_2th_pre_req"": ""1469"", ""buy_2th_pre_req_pre"": ""0"", ""buy_3th_pre_bid"": ""-1376000"", ""buy_3th_pre_req"": ""1598"", ""buy_3th_pre_req_pre"": ""+1"", ""buy_4th_pre_bid"": ""-1375000"", ""buy_4th_pre_req"": ""1817"", ""buy_4th_pre_req_pre"": ""0"", ""buy_5th_pre_bid"": ""-1374000"", ""buy_5th_pre_req"": ""668"", ""buy_5th_pre_req_pre"": ""0"", ""buy_6th_pre_bid"": ""-1373000"", ""buy_6th_pre_req"": ""502"", ""buy_6th_pre_req_pre"": ""0"", ""buy_7th_pre_bid"": ""-1372000"", ""buy_7th_pre_req"": ""808"", ""buy_7th_pre_req_pre"": ""0"", ""buy_8th_pre_bid"": ""-1371000"", ""buy_8th_pre_req"": ""1114"", ""buy_8th_pre_req_pre"": ""0"", ""buy_9th_pre_bid"": ""-1370000"", ""buy_9th_pre_req"": ""2395"", ""buy_9th_pre_req_pre"": ""0"", ""buy_10th_pre_bid"": ""-1369000"", ""buy_10th_pre_req"": ""408"", ""buy_10th_pre_req_pre"": ""0"", ""tot_sel_req_jub_pre"": ""0"", ""tot_sel_req"": ""648"", ""tot_buy_req"": ""10855"", ""tot_buy_req_jub_pre"": ""+1"", ""ovt_sel_req_pre"": ""0"", ""ovt_sel_req"": ""0"", ""ovt_buy_req"": ""0"", ""ovt_buy_req_pre"": ""0"", ""return_code"": 0, ""return_msg"": ""정상적으로 처리되었습니다""}"
2026-09-10,scan_candidate,373220,2026-09-10T09:30:14.472901,0,main_scan,373000,358500,373000,372500,373000,370500,-1.012721179624668,0.13404825737265416,781702000,83889000000000,104653592250,4.6084989106069685,4.044630404463041,"{""bid_req_base_tm"": ""093016"", ""sel_10th_pre_req_pre"": ""0"", ""sel_10th_pre_req"": ""109"", ""sel_10th_pre_bid"": ""+377500"", ""sel_9th_pre_req_pre"": ""0"", ""sel_9th_pre_req"": ""244"", ""sel_9th_pre_bid"": ""+377000"", ""sel_8th_pre_req_pre"": ""0"", ""sel_8th_pre_req"": ""73"", ""sel_8th_pre_bid"": ""+376500"", ""sel_7th_pre_req_pre"": ""0"", ""sel_7th_pre_req"": ""5314"", ""sel_7th_pre_bid"": ""+376000"", ""sel_6th_pre_req_pre"": ""0"", ""sel_6th_pre_req"": ""832"", ""sel_6th_pre_bid"": ""+375500"", ""sel_5th_pre_req_pre"": ""0"", ""sel_5th_pre_req"": ""1012"", ""sel_5th_pre_bid"": ""+375000"", ""sel_4th_pre_req_pre"": ""0"", ""sel_4th_pre_req"": ""436"", ""sel_4th_pre_bid"": ""+374500"", ""sel_3th_pre_req_pre"": ""0"", ""sel_3th_pre_req"": ""149"", ""sel_3th_pre_bid"": ""+374000"", ""sel_2th_pre_req_pre"": ""0"", ""sel_2th_pre_req"": ""186"", ""sel_2th_pre_bid"": ""+373500"", ""sel_1th_pre_req_pre"": ""0"", ""sel_fpr_req"": ""957"", ""sel_fpr_bid"": ""+373000"", ""buy_fpr_bid"": ""+372500"", ""buy_fpr_req"": ""2"", ""buy_1th_pre_req_pre"": ""--1"", ""buy_2th_pre_bid"": ""+372000"", ""buy_2th_pre_req"": ""398"", ""buy_2th_pre_req_pre"": ""0"", ""buy_3th_pre_bid"": ""+371500"", ""buy_3th_pre_req"": ""545"", ""buy_3th_pre_req_pre"": ""0"", ""buy_4th_pre_bid"": ""371000"", ""buy_4th_pre_req"": ""127"", ""buy_4th_pre_req_pre"": ""0"", ""buy_5th_pre_bid"": ""-370500"", ""buy_5th_pre_req"": ""5"", ""buy_5th_pre_req_pre"": ""0"", ""buy_6th_pre_bid"": ""-370000"", ""buy_6th_pre_req"": ""89"", ""buy_6th_pre_req_pre"": ""0"", ""buy_7th_pre_bid"": ""-369500"", ""buy_7th_pre_req"": ""98"", ""buy_7th_pre_req_pre"": ""0"", ""buy_8th_pre_bid"": ""-369000"", ""buy_8th_pre_req"": ""34"", ""buy_8th_pre_req_pre"": ""0"", ""buy_9th_pre_bid"": ""-368500"", ""buy_9th_pre_req"": ""13"", ""buy_9th_pre_req_pre"": ""0"", ""buy_10th_pre_bid"": ""-368000"", ""buy_10th_pre_req"": ""93"", ""buy_10th_pre_req_pre"": ""0"", ""tot_sel_req_jub_pre"": ""0"", ""tot_sel_req"": ""9312"", ""tot_buy_req"": ""1404"", ""tot_buy_req_jub_pre"": ""--1"", ""ovt_sel_req_pre"": ""0"", ""ovt_sel_req"": ""0"", ""ovt_buy_req"": ""0"", ""ovt_buy_req_pre"": ""0"", ""return_code"": 0, ""return_msg"": ""정상적으로 처리되었습니다""}"
2026-09-10,scan_candidate,005380,2026-09-10T09:30:14.472901,0,main_scan,387500,383500,387500,387000,387500,389000,0.04756129032256262,0.12903225806451613,646526000,78524603261000,137972816750,4.6084989106069685,1.0430247718383312,"{""bid_req_base_tm"": ""093017"", ""sel_10th_pre_req_pre"": ""0"", ""sel_10th_pre_req"": ""2184"", ""sel_10th_pre_bid"": ""+392000"", ""sel_9th_pre_req_pre"": ""0"", ""sel_9th_pre_req"": ""961"", ""sel_9th_pre_bid"": ""+391500"", ""sel_8th_pre_req_pre"": ""0"", ""sel_8th_pre_req"": ""253"", ""sel_8th_pre_bid"": ""+391000"", ""sel_7th_pre_req_pre"": ""0"", ""sel_7th_pre_req"": ""604"", ""sel_7th_pre_bid"": ""+390500"", ""sel_6th_pre_req_pre"": ""0"", ""sel_6th_pre_req"": ""347"", ""sel_6th_pre_bid"": ""+390000"", ""sel_5th_pre_req_pre"": ""0"", ""sel_5th_pre_req"": ""182"", ""sel_5th_pre_bid"": ""+389500"", ""sel_4th_pre_req_pre"": ""0"", ""sel_4th_pre_req"": ""10"", ""sel_4th_pre_bid"": ""+389000"", ""sel_3th_pre_req_pre"": ""0"", ""sel_3th_pre_req"": ""408"", ""sel_3th_pre_bid"": ""+388500"", ""sel_2th_pre_req_pre"": ""0"", ""sel_2th_pre_req"": ""948"", ""sel_2th_pre_bid"": ""388000"", ""sel_1th_pre_req_pre"": ""0"", ""sel_fpr_req"": ""398"", ""sel_fpr_bid"": ""-387500"", ""buy_fpr_bid"": ""-387000"", ""buy_fpr_req"": ""519"", ""buy_1th_pre_req_pre"": ""0"", ""buy_2th_pre_bid"": ""-386500"", ""buy_2th_pre_req"": ""1487"", ""buy_2th_pre_req_pre"": ""0"", ""buy_3th_pre_bid"": ""-386000"", ""buy_3th_pre_req"": ""1546"", ""buy_3th_pre_req_pre"": ""0"", ""buy_4th_pre_bid"": ""-385500"", ""buy_4th_pre_req"": ""716"", ""buy_4th_pre_req_pre"": ""0"", ""buy_5th_pre_bid"": ""-385000"", ""buy_5th_pre_req"": ""1309"", ""buy_5th_pre_req_pre"": ""0"", ""buy_6th_pre_bid"": ""-384500"", ""buy_6th_pre_req"": ""778"", ""buy_6th_pre_req_pre"": ""0"", ""buy_7th_pre_bid"": ""-384000"", ""buy_7th_pre_req"": ""746"", ""buy_7th_pre_req_pre"": ""0"", ""buy_8th_pre_bid"": ""-383500"", ""buy_8th_pre_req"": ""411"", ""buy_8th_pre_req_pre"": ""0"", ""buy_9th_pre_bid"": ""-383000"", ""buy_9th_pre_req"": ""814"", ""buy_9th_pre_req_pre"": ""0"", ""buy_10th_pre_bid"": ""-382500"", ""buy_10th_pre_req"": ""786"", ""buy_10th_pre_req_pre"": ""0"", ""tot_sel_req_jub_pre"": ""0"", ""tot_sel_req"": ""6295"", ""tot_buy_req"": ""9112"", ""tot_buy_req_jub_pre"": ""0"", ""ovt_sel_req_pre"": ""0"", ""ovt_sel_req"": ""0"", ""ovt_buy_req"": ""0"", ""ovt_buy_req_pre"": ""0"", ""return_code"": 0, ""return_msg"": ""정상적으로 처리되었습니다""}"
2026-09-10,scan_candidate,207940,2026-09-10T09:30:14.472901,0,main_scan,1434000,1447000,1434000,1433000,1434000,1440000,0.1379951185495021,0.0697350069735007,239604000,66983006097000,65855449500,4.6084989106069685,-0.8984105044920525,"{""bid_req_base_tm"": ""093012"", ""sel_10th_pre_req_pre"": ""0"", ""sel_10th_pre_req"": ""6"", ""sel_10th_pre_bid"": ""-1447000"", ""sel_9th_pre_req_pre"": ""0"", ""sel_9th_pre_req"": ""55"", ""sel_9th_pre_bid"": ""-1446000"", ""sel_8th_pre_req_pre"": ""0"", ""sel_8th_pre_req"": ""2"", ""sel_8th_pre_bid"": ""-1445000"", ""sel_7th_pre_req_pre"": ""0"", ""sel_7th_pre_req"": ""6"", ""sel_7th_pre_bid"": ""-1442000"", ""sel_6th_pre_req_pre"": ""0"", ""sel_6th_pre_req"": ""10"", ""sel_6th_pre_bid"": ""-1441000"", ""sel_5th_pre_req_pre"": ""0"", ""sel_5th_pre_req"": ""4"", ""sel_5th_pre_bid"": ""-1440000"", ""sel_4th_pre_req_pre"": ""0"", ""sel_4th_pre_req"": ""1"", ""sel_4th_pre_bid"": ""-1438000"", ""sel_3th_pre_req_pre"": ""0"", ""sel_3th_pre_req"": ""53"", ""sel_3th_pre_bid"": ""-1436000"", ""sel_2th_pre_req_pre"": ""0"", ""sel_2th_pre_req"": ""31"", ""sel_2th_pre_bid"": ""-1435000"", ""sel_1th_pre_req_pre"": ""+3"", ""sel_fpr_req"": ""95"", ""sel_fpr_bid"": ""-1434000"", ""buy_fpr_bid"": ""-1433000"", ""buy_fpr_req"": ""184"", ""buy_1th_pre_req_pre"": ""0"", ""buy_2th_pre_bid"": ""-1432000"", ""buy_2th_pre_req"": ""228"", ""buy_2th_pre_req_pre"": ""0"", ""buy_3th_pre_bid"": ""-1431000"", ""buy_3th_pre_req"": ""117"", ""buy_3th_pre_req_pre"": ""0"", ""buy_4th_pre_bid"": ""-1430000"", ""buy_4th_pre_req"": ""218"", ""buy_4th_pre_req_pre"": ""0"", ""buy_5th_pre_bid"": ""-1429000"", ""buy_5th_pre_req"": ""35"", ""buy_5th_pre_req_pre"": ""0"", ""buy_6th_pre_bid"": ""-1428000"", ""buy_6th_pre_req"": ""73"", ""buy_6th_pre_req_pre"": ""0"", ""buy_7th_pre_bid"": ""-1427000"", ""buy_7th_pre_req"": ""18"", ""buy_7th_pre_req_pre"": ""0"", ""buy_8th_pre_bid"": ""-1426000"", ""buy_8th_pre_req"": ""45"", ""buy_8th_pre_req_pre"": ""0"", ""buy_9th_pre_bid"": ""-1425000"", ""buy_9th_pre_req"": ""85"", ""buy_9th_pre_req_pre"": ""0"", ""buy_10th_pre_bid"": ""-1424000"", ""buy_10th_pre_req"": ""7"", ""buy_10th_pre_req_pre"": ""0"", ""tot_sel_req_jub_pre"": ""+3"", ""tot_sel_req"": ""263"", ""tot_buy_req"": ""1010"", ""tot_buy_req_jub_pre"": ""0"", ""ovt_sel_req_pre"": ""0"", ""ovt_sel_req"": ""0"", ""ovt_buy_req"": ""0"", ""ovt_buy_req_pre"": ""0"", ""return_code"": 0, ""return_msg"": ""정상적으로 처리되었습니다""}"
2026-09-10,scan_candidate,105560,2026-09-10T09:30:14.472901,0,main_scan,173700,172000,173700,173500,173700,173000,-0.8994991364421544,0.11514104778353484,468674100,61006290248000,232543894644,4.6084989106069685,0.9883720930232558,"{""bid_req_base_tm"": ""093017"", ""sel_10th_pre_req_pre"": ""0"", ""sel_10th_pre_req"": ""1558"", ""sel_10th_pre_bid"": ""+174600"", ""sel_9th_pre_req_pre"": ""0"", ""sel_9th_pre_req"": ""989"", ""sel_9th_pre_bid"": ""+174500"", ""sel_8th_pre_req_pre"": ""0"", ""sel_8th_pre_req"": ""443"", ""sel_8th_pre_bid"": ""+174400"", ""sel_7th_pre_req_pre"": ""0"", ""sel_7th_pre_req"": ""820"", ""sel_7th_pre_bid"": ""+174300"", ""sel_6th_pre_req_pre"": ""0"", ""sel_6th_pre_req"": ""190"", ""sel_6th_pre_bid"": ""+174200"", ""sel_5th_pre_req_pre"": ""0"", ""sel_5th_pre_req"": ""1077"", ""sel_5th_pre_bid"": ""+174100"", ""sel_4th_pre_req_pre"": ""0"", ""sel_4th_pre_req"": ""505"", ""sel_4th_pre_bid"": ""+174000"", ""sel_3th_pre_req_pre"": ""0"", ""sel_3th_pre_req"": ""678"", ""sel_3th_pre_bid"": ""+173900"", ""sel_2th_pre_req_pre"": ""0"", ""sel_2th_pre_req"": ""1203"", ""sel_2th_pre_bid"": ""+173800"", ""sel_1th_pre_req_pre"": ""--1"", ""sel_fpr_req"": ""164"", ""sel_fpr_bid"": ""+173700"", ""buy_fpr_bid"": ""+173500"", ""buy_fpr_req"": ""332"", ""buy_1th_pre_req_pre"": ""0"", ""buy_2th_pre_bid"": ""+173400"", ""buy_2th_pre_req"": ""543"", ""buy_2th_pre_req_pre"": ""0"", ""buy_3th_pre_bid"": ""+173300"", ""buy_3th_pre_req"": ""102"", ""buy_3th_pre_req_pre"": ""0"", ""buy_4th_pre_bid"": ""+173200"", ""buy_4th_pre_req"": ""504"", ""buy_4th_pre_req_pre"": ""0"", ""buy_5th_pre_bid"": ""+173100"", ""buy_5th_pre_req"": ""877"", ""buy_5th_pre_req_pre"": ""0"", ""buy_6th_pre_bid"": ""+173000"", ""buy_6th_pre_req"": ""47"", ""buy_6th_pre_req_pre"": ""0"", ""buy_7th_pre_bid"": ""+172900"", ""buy_7th_pre_req"": ""11"", ""buy_7th_pre_req_pre"": ""0"", ""buy_8th_pre_bid"": ""+172800"", ""buy_8th_pre_req"": ""129"", ""buy_8th_pre_req_pre"": ""0"", ""buy_9th_pre_bid"": ""+172700"", ""buy_9th_pre_req"": ""20"", ""buy_9th_pre_req_pre"": ""0"", ""buy_10th_pre_bid"": ""+172600"", ""buy_10th_pre_req"": ""30"", ""buy_10th_pre_req_pre"": ""0"", ""tot_sel_req_jub_pre"": ""--1"", ""tot_sel_req"": ""7627"", ""tot_buy_req"": ""2595"", ""tot_buy_req_jub_pre"": ""0"", ""ovt_sel_req_pre"": ""0"", ""ovt_sel_req"": ""0"", ""ovt_buy_req"": ""0"", ""ovt_buy_req_pre"": ""0"", ""return_code"": 0, ""return_msg"": ""정상적으로 처리되었습니다""}"
2026-09-10,scan_candidate,028260,2026-09-10T09:30:14.472901,0,main_scan,373000,367000,373000,372500,373000,375000,0.19136058981232307,0.13404825737265416,87029500,59515502227000,143670487250,4.6084989106069685,1.6348773841961852,"{""bid_req_base_tm"": ""093017"", ""sel_10th_pre_req_pre"": ""0"", ""sel_10th_pre_req"": ""260"", ""sel_10th_pre_bid"": ""+379000"", ""sel_9th_pre_req_pre"": ""0"", ""sel_9th_pre_req"": ""138"", ""sel_9th_pre_bid"": ""+378500"", ""sel_8th_pre_req_pre"": ""0"", ""sel_8th_pre_req"": ""108"", ""sel_8th_pre_bid"": ""+378000"", ""sel_7th_pre_req_pre"": ""0"", ""sel_7th_pre_req"": ""59"", ""sel_7th_pre_bid"": ""+377500"", ""sel_6th_pre_req_pre"": ""0"", ""sel_6th_pre_req"": ""10"", ""sel_6th_pre_bid"": ""+377000"", ""sel_5th_pre_req_pre"": ""0"", ""sel_5th_pre_req"": ""40"", ""sel_5th_pre_bid"": ""-375500"", ""sel_4th_pre_req_pre"": ""0"", ""sel_4th_pre_req"": ""10"", ""sel_4th_pre_bid"": ""-375000"", ""sel_3th_pre_req_pre"": ""0"", ""sel_3th_pre_req"": ""30"", ""sel_3th_pre_bid"": ""-374000"", ""sel_2th_pre_req_pre"": ""0"", ""sel_2th_pre_req"": ""64"", ""sel_2th_pre_bid"": ""-373500"", ""sel_1th_pre_req_pre"": ""0"", ""sel_fpr_req"": ""124"", ""sel_fpr_bid"": ""-373000"", ""buy_fpr_bid"": ""-372500"", ""buy_fpr_req"": ""170"", ""buy_1th_pre_req_pre"": ""0"", ""buy_2th_pre_bid"": ""-372000"", ""buy_2th_pre_req"": ""138"", ""buy_2th_pre_req_pre"": ""0"", ""buy_3th_pre_bid"": ""-371500"", ""buy_3th_pre_req"": ""638"", ""buy_3th_pre_req_pre"": ""--1"", ""buy_4th_pre_bid"": ""-371000"", ""buy_4th_pre_req"": ""215"", ""buy_4th_pre_req_pre"": ""0"", ""buy_5th_pre_bid"": ""-370500"", ""buy_5th_pre_req"": ""96"", ""buy_5th_pre_req_pre"": ""0"", ""buy_6th_pre_bid"": ""-370000"", ""buy_6th_pre_req"": ""1079"", ""buy_6th_pre_req_pre"": ""0"", ""buy_7th_pre_bid"": ""-369500"", ""buy_7th_pre_req"": ""324"", ""buy_7th_pre_req_pre"": ""0"", ""buy_8th_pre_bid"": ""-369000"", ""buy_8th_pre_req"": ""452"", ""buy_8th_pre_req_pre"": ""0"", ""buy_9th_pre_bid"": ""-368500"", ""buy_9th_pre_req"": ""68"", ""buy_9th_pre_req_pre"": ""0"", ""buy_10th_pre_bid"": ""-368000"", ""buy_10th_pre_req"": ""264"", ""buy_10th_pre_req_pre"": ""0"", ""tot_sel_req_jub_pre"": ""0"", ""tot_sel_req"": ""843"", ""tot_buy_req"": ""3444"", ""tot_buy_req_jub_pre"": ""--1"", ""ovt_sel_req_pre"": ""0"", ""ovt_sel_req"": ""0"", ""ovt_buy_req"": ""0"", ""ovt_buy_req_pre"": ""0"", ""return_code"": 0, ""return_msg"": ""정상적으로 처리되었습니다""}"
2026-09-10,scan_candidate,032830,2026-09-10T09:30:14.472901,0,main_scan,308000,297500,308000,307500,308000,307000,-0.6960633116883117,0.16233766233766234,224103500,59500000000000,87219853000,4.6084989106069685,3.5294117647058822,"{""bid_req_base_tm"": ""093017"", ""sel_10th_pre_req_pre"": ""0"", ""sel_10th_pre_req"": ""126"", ""sel_10th_pre_bid"": ""+312500"", ""sel_9th_pre_req_pre"": ""0"", ""sel_9th_pre_req"": ""498"", ""sel_9th_pre_bid"": ""+312000"", ""sel_8th_pre_req_pre"": ""0"", ""sel_8th_pre_req"": ""439"", ""sel_8th_pre_bid"": ""+311500"", ""sel_7th_pre_req_pre"": ""0"", ""sel_7th_pre_req"": ""1225"", ""sel_7th_pre_bid"": ""+311000"", ""sel_6th_pre_req_pre"": ""0"", ""sel_6th_pre_req"": ""149"", ""sel_6th_pre_bid"": ""+310500"", ""sel_5th_pre_req_pre"": ""0"", ""sel_5th_pre_req"": ""371"", ""sel_5th_pre_bid"": ""+310000"", ""sel_4th_pre_req_pre"": ""0"", ""sel_4th_pre_req"": ""217"", ""sel_4th_pre_bid"": ""+309500"", ""sel_3th_pre_req_pre"": ""0"", ""sel_3th_pre_req"": ""109"", ""sel_3th_pre_bid"": ""+309000"", ""sel_2th_pre_req_pre"": ""0"", ""sel_2th_pre_req"": ""200"", ""sel_2th_pre_bid"": ""+308500"", ""sel_1th_pre_req_pre"": ""--33"", ""sel_fpr_req"": ""111"", ""sel_fpr_bid"": ""+308000"", ""buy_fpr_bid"": ""+307500"", ""buy_fpr_req"": ""28"", ""buy_1th_pre_req_pre"": ""0"", ""buy_2th_pre_bid"": ""+307000"", ""buy_2th_pre_req"": ""436"", ""buy_2th_pre_req_pre"": ""0"", ""buy_3th_pre_bid"": ""+306500"", ""buy_3th_pre_req"": ""270"", ""buy_3th_pre_req_pre"": ""0"", ""buy_4th_pre_bid"": ""+306000"", ""buy_4th_pre_req"": ""153"", ""buy_4th_pre_req_pre"": ""0"", ""buy_5th_pre_bid"": ""+305500"", ""buy_5th_pre_req"": ""192"", ""buy_5th_pre_req_pre"": ""0"", ""buy_6th_pre_bid"": ""+305000"", ""buy_6th_pre_req"": ""179"", ""buy_6th_pre_req_pre"": ""0"", ""buy_7th_pre_bid"": ""+304500"", ""buy_7th_pre_req"": ""38"", ""buy_7th_pre_req_pre"": ""0"", ""buy_8th_pre_bid"": ""+304000"", ""buy_8th_pre_req"": ""44"", ""buy_8th_pre_req_pre"": ""0"", ""buy_9th_pre_bid"": ""303500"", ""buy_9th_pre_req"": ""139"", ""buy_9th_pre_req_pre"": ""0"", ""buy_10th_pre_bid"": ""-303000"", ""buy_10th_pre_req"": ""383"", ""buy_10th_pre_req_pre"": ""0"", ""tot_sel_req_jub_pre"": ""--33"", ""tot_sel_req"": ""3445"", ""tot_buy_req"": ""1862"", ""tot_buy_req_jub_pre"": ""0"", ""ovt_sel_req_pre"": ""0"", ""ovt_sel_req"": ""0"", ""ovt_buy_req"": ""0"", ""ovt_buy_req_pre"": ""0"", ""return_code"": 0, ""return_msg"": ""정상적으로 처리되었습니다""}"
2026-09-10,scan_candidate,012450,2026-09-10T09:30:14.472901,0,main_scan,1048000,1055000,1048000,1047000,1048000,1051000,-0.019532442748098268,0.09541984732824427,109225000,54399388055000,65429784500,4.6084989106069685,-0.6635071090047393,"{""bid_req_base_tm"": ""093018"", ""sel_10th_pre_req_pre"": ""0"", ""sel_10th_pre_req"": ""8"", ""sel_10th_pre_bid"": ""+1057000"", ""sel_9th_pre_req_pre"": ""0"", ""sel_9th_pre_req"": ""3"", ""sel_9th_pre_bid"": ""+1056000"", ""sel_8th_pre_req_pre"": ""0"", ""sel_8th_pre_req"": ""56"", ""sel_8th_pre_bid"": ""+1055000"", ""sel_7th_pre_req_pre"": ""0"", ""sel_7th_pre_req"": ""6"", ""sel_7th_pre_bid"": ""+1054000"", ""sel_6th_pre_req_pre"": ""0"", ""sel_6th_pre_req"": ""9"", ""sel_6th_pre_bid"": ""+1053000"", ""sel_5th_pre_req_pre"": ""0"", ""sel_5th_pre_req"": ""11"", ""sel_5th_pre_bid"": ""+1052000"", ""sel_4th_pre_req_pre"": ""0"", ""sel_4th_pre_req"": ""50"", ""sel_4th_pre_bid"": ""+1051000"", ""sel_3th_pre_req_pre"": ""0"", ""sel_3th_pre_req"": ""62"", ""sel_3th_pre_bid"": ""+1050000"", ""sel_2th_pre_req_pre"": ""0"", ""sel_2th_pre_req"": ""16"", ""sel_2th_pre_bid"": ""+1049000"", ""sel_1th_pre_req_pre"": ""0"", ""sel_fpr_req"": ""3"", ""sel_fpr_bid"": ""+1048000"", ""buy_fpr_bid"": ""1047000"", ""buy_fpr_req"": ""83"", ""buy_1th_pre_req_pre"": ""0"", ""buy_2th_pre_bid"": ""-1046000"", ""buy_2th_pre_req"": ""52"", ""buy_2th_pre_req_pre"": ""+1"", ""buy_3th_pre_bid"": ""-1045000"", ""buy_3th_pre_req"": ""20"", ""buy_3th_pre_req_pre"": ""0"", ""buy_4th_pre_bid"": ""-1044000"", ""buy_4th_pre_req"": ""171"", ""buy_4th_pre_req_pre"": ""0"", ""buy_5th_pre_bid"": ""-1043000"", ""buy_5th_pre_req"": ""83"", ""buy_5th_pre_req_pre"": ""0"", ""buy_6th_pre_bid"": ""-1042000"", ""buy_6th_pre_req"": ""101"", ""buy_6th_pre_req_pre"": ""0"", ""buy_7th_pre_bid"": ""-1041000"", ""buy_7th_pre_req"": ""131"", ""buy_7th_pre_req_pre"": ""0"", ""buy_8th_pre_bid"": ""-1040000"", ""buy_8th_pre_req"": ""278"", ""buy_8th_pre_req_pre"": ""0"", ""buy_9th_pre_bid"": ""-1039000"", ""buy_9th_pre_req"": ""71"", ""buy_9th_pre_req_pre"": ""0"", ""buy_10th_pre_bid"": ""-1038000"", ""buy_10th_pre_req"": ""134"", ""buy_10th_pre_req_pre"": ""0"", ""tot_sel_req_jub_pre"": ""0"", ""tot_sel_req"": ""224"", ""tot_buy_req"": ""1124"", ""tot_buy_req_jub_pre"": ""+1"", ""ovt_sel_req_pre"": ""0"", ""ovt_sel_req"": ""0"", ""ovt_buy_req"": ""0"", ""ovt_buy_req_pre"": ""0"", ""return_code"": 0, ""return_msg"": ""정상적으로 처리되었습니다""}"
2026-09-10,scan_candidate,055550,2026-09-10T09:30:14.472901,0,main_scan,111600,110300,111600,111500,111600,111000,-1.1937410394265333,0.08960573476702509,596828300,51780361361700,124404868750,4.6084989106069685,1.1786038077969174,"{""bid_req_base_tm"": ""093017"", ""sel_10th_pre_req_pre"": ""0"", ""sel_10th_pre_req"": ""550"", ""sel_10th_pre_bid"": ""+112500"", ""sel_9th_pre_req_pre"": ""0"", ""sel_9th_pre_req"": ""327"", ""sel_9th_pre_bid"": ""+112400"", ""sel_8th_pre_req_pre"": ""0"", ""sel_8th_pre_req"": ""243"", ""sel_8th_pre_bid"": ""+112300"", ""sel_7th_pre_req_pre"": ""0"", ""sel_7th_pre_req"": ""3034"", ""sel_7th_pre_bid"": ""+112200"", ""sel_6th_pre_req_pre"": ""0"", ""sel_6th_pre_req"": ""482"", ""sel_6th_pre_bid"": ""+112100"", ""sel_5th_pre_req_pre"": ""0"", ""sel_5th_pre_req"": ""5834"", ""sel_5th_pre_bid"": ""+112000"", ""sel_4th_pre_req_pre"": ""0"", ""sel_4th_pre_req"": ""450"", ""sel_4th_pre_bid"": ""+111900"", ""sel_3th_pre_req_pre"": ""0"", ""sel_3th_pre_req"": ""112"", ""sel_3th_pre_bid"": ""+111800"", ""sel_2th_pre_req_pre"": ""0"", ""sel_2th_pre_req"": ""433"", ""sel_2th_pre_bid"": ""+111700"", ""sel_1th_pre_req_pre"": ""0"", ""sel_fpr_req"": ""1322"", ""sel_fpr_bid"": ""+111600"", ""buy_fpr_bid"": ""+111500"", ""buy_fpr_req"": ""329"", ""buy_1th_pre_req_pre"": ""0"", ""buy_2th_pre_bid"": ""+111400"", ""buy_2th_pre_req"": ""389"", ""buy_2th_pre_req_pre"": ""0"", ""buy_3th_pre_bid"": ""+111300"", ""buy_3th_pre_req"": ""215"", ""buy_3th_pre_req_pre"": ""0"", ""buy_4th_pre_bid"": ""+111200"", ""buy_4th_pre_req"": ""921"", ""buy_4th_pre_req_pre"": ""0"", ""buy_5th_pre_bid"": ""+111100"", ""buy_5th_pre_req"": ""376"", ""buy_5th_pre_req_pre"": ""0"", ""buy_6th_pre_bid"": ""+111000"", ""buy_6th_pre_req"": ""96"", ""buy_6th_pre_req_pre"": ""0"", ""buy_7th_pre_bid"": ""+110900"", ""buy_7th_pre_req"": ""2"", ""buy_7th_pre_req_pre"": ""0"", ""buy_8th_pre_bid"": ""+110800"", ""buy_8th_pre_req"": ""150"", ""buy_8th_pre_req_pre"": ""0"", ""buy_9th_pre_bid"": ""+110700"", ""buy_9th_pre_req"": ""467"", ""buy_9th_pre_req_pre"": ""+1"", ""buy_10th_pre_bid"": ""110600"", ""buy_10th_pre_req"": ""228"", ""buy_10th_pre_req_pre"": ""0"", ""tot_sel_req_jub_pre"": ""0"", ""tot_sel_req"": ""12787"", ""tot_buy_req"": ""3173"", ""tot_buy_req_jub_pre"": ""+1"", ""ovt_sel_req_pre"": ""0"", ""ovt_sel_req"": ""0"", ""ovt_buy_req"": ""0"", ""ovt_buy_req_pre"": ""0"", ""return_code"": 0, ""return_msg"": ""정상적으로 처리되었습니다""}"
2026-09-10,scan_candidate,034020,2026-09-10T09:30:14.472901,0,main_scan,89500,79200,89500,89400,89500,89800,0.013027932960897758,0.11173184357541899,287840700,50732442763200,117317996250,4.6084989106069685,13.005050505050505,"{""bid_req_base_tm"": ""093018"", ""sel_10th_pre_req_pre"": ""0"", ""sel_10th_pre_req"": ""1634"", ""sel_10th_pre_bid"": ""-90400"", ""sel_9th_pre_req_pre"": ""0"", ""sel_9th_pre_req"": ""1270"", ""sel_9th_pre_bid"": ""-90300"", ""sel_8th_pre_req_pre"": ""0"", ""sel_8th_pre_req"": ""399"", ""sel_8th_pre_bid"": ""-90200"", ""sel_7th_pre_req_pre"": ""0"", ""sel_7th_pre_req"": ""569"", ""sel_7th_pre_bid"": ""-90100"", ""sel_6th_pre_req_pre"": ""0"", ""sel_6th_pre_req"": ""3513"", ""sel_6th_pre_bid"": ""-90000"", ""sel_5th_pre_req_pre"": ""0"", ""sel_5th_pre_req"": ""1068"", ""sel_5th_pre_bid"": ""-89900"", ""sel_4th_pre_req_pre"": ""0"", ""sel_4th_pre_req"": ""412"", ""sel_4th_pre_bid"": ""-89800"", ""sel_3th_pre_req_pre"": ""0"", ""sel_3th_pre_req"": ""1081"", ""sel_3th_pre_bid"": ""-89700"", ""sel_2th_pre_req_pre"": ""0"", ""sel_2th_pre_req"": ""1657"", ""sel_2th_pre_bid"": ""-89600"", ""sel_1th_pre_req_pre"": ""0"", ""sel_fpr_req"": ""27"", ""sel_fpr_bid"": ""-89500"", ""buy_fpr_bid"": ""-89400"", ""buy_fpr_req"": ""1261"", ""buy_1th_pre_req_pre"": ""0"", ""buy_2th_pre_bid"": ""-89300"", ""buy_2th_pre_req"": ""1472"", ""buy_2th_pre_req_pre"": ""0"", ""buy_3th_pre_bid"": ""-89200"", ""buy_3th_pre_req"": ""4728"", ""buy_3th_pre_req_pre"": ""0"", ""buy_4th_pre_bid"": ""-89100"", ""buy_4th_pre_req"": ""6349"", ""buy_4th_pre_req_pre"": ""0"", ""buy_5th_pre_bid"": ""-89000"", ""buy_5th_pre_req"": ""6398"", ""buy_5th_pre_req_pre"": ""+5"", ""buy_6th_pre_bid"": ""-88900"", ""buy_6th_pre_req"": ""2250"", ""buy_6th_pre_req_pre"": ""0"", ""buy_7th_pre_bid"": ""-88800"", ""buy_7th_pre_req"": ""2266"", ""buy_7th_pre_req_pre"": ""0"", ""buy_8th_pre_bid"": ""-88700"", ""buy_8th_pre_req"": ""3775"", ""buy_8th_pre_req_pre"": ""0"", ""buy_9th_pre_bid"": ""-88600"", ""buy_9th_pre_req"": ""3342"", ""buy_9th_pre_req_pre"": ""0"", ""buy_10th_pre_bid"": ""-88500"", ""buy_10th_pre_req"": ""12589"", ""buy_10th_pre_req_pre"": ""0"", ""tot_sel_req_jub_pre"": ""0"", ""tot_sel_req"": ""11630"", ""tot_buy_req"": ""44430"", ""tot_buy_req_jub_pre"": ""+5"", ""ovt_sel_req_pre"": ""0"", ""ovt_sel_req"": ""0"", ""ovt_buy_req"": ""0"", ""ovt_buy_req_pre"": ""0"", ""return_code"": 0, ""return_msg"": ""정상적으로 처리되었습니다""}"
2026-09-10,scan_candidate,000270,2026-09-10T09:30:14.472901,0,main_scan,126900,126500,126900,126800,126900,127000,-0.5245941686367384,0.07880220646178093,134866700,49387244247000,124480272525,4.6084989106069685,0.31620553359683795,"{""bid_req_base_tm"": ""093017"", ""sel_10th_pre_req_pre"": ""0"", ""sel_10th_pre_req"": ""154"", ""sel_10th_pre_bid"": ""+127800"", ""sel_9th_pre_req_pre"": ""0"", ""sel_9th_pre_req"": ""535"", ""sel_9th_pre_bid"": ""+127700"", ""sel_8th_pre_req_pre"": ""0"", ""sel_8th_pre_req"": ""175"", ""sel_8th_pre_bid"": ""+127600"", ""sel_7th_pre_req_pre"": ""0"", ""sel_7th_pre_req"": ""1223"", ""sel_7th_pre_bid"": ""+127500"", ""sel_6th_pre_req_pre"": ""0"", ""sel_6th_pre_req"": ""493"", ""sel_6th_pre_bid"": ""+127400"", ""sel_5th_pre_req_pre"": ""0"", ""sel_5th_pre_req"": ""122"", ""sel_5th_pre_bid"": ""+127300"", ""sel_4th_pre_req_pre"": ""0"", ""sel_4th_pre_req"": ""47"", ""sel_4th_pre_bid"": ""+127200"", ""sel_3th_pre_req_pre"": ""0"", ""sel_3th_pre_req"": ""202"", ""sel_3th_pre_bid"": ""+127100"", ""sel_2th_pre_req_pre"": ""0"", ""sel_2th_pre_req"": ""349"", ""sel_2th_pre_bid"": ""+127000"", ""sel_1th_pre_req_pre"": ""0"", ""sel_fpr_req"": ""496"", ""sel_fpr_bid"": ""+126900"", ""buy_fpr_bid"": ""126800"", ""buy_fpr_req"": ""479"", ""buy_1th_pre_req_pre"": ""0"", ""buy_2th_pre_bid"": ""-126700"", ""buy_2th_pre_req"": ""940"", ""buy_2th_pre_req_pre"": ""0"", ""buy_3th_pre_bid"": ""-126600"", ""buy_3th_pre_req"": ""744"", ""buy_3th_pre_req_pre"": ""0"", ""buy_4th_pre_bid"": ""-126500"", ""buy_4th_pre_req"": ""275"", ""buy_4th_pre_req_pre"": ""0"", ""buy_5th_pre_bid"": ""-126400"", ""buy_5th_pre_req"": ""94"", ""buy_5th_pre_req_pre"": ""0"", ""buy_6th_pre_bid"": ""-126300"", ""buy_6th_pre_req"": ""50"", ""buy_6th_pre_req_pre"": ""0"", ""buy_7th_pre_bid"": ""-126200"", ""buy_7th_pre_req"": ""25"", ""buy_7th_pre_req_pre"": ""0"", ""buy_8th_pre_bid"": ""-126100"", ""buy_8th_pre_req"": ""760"", ""buy_8th_pre_req_pre"": ""0"", ""buy_9th_pre_bid"": ""-126000"", ""buy_9th_pre_req"": ""303"", ""buy_9th_pre_req_pre"": ""0"", ""buy_10th_pre_bid"": ""-125900"", ""buy_10th_pre_req"": ""76"", ""buy_10th_pre_req_pre"": ""0"", ""tot_sel_req_jub_pre"": ""0"", ""tot_sel_req"": ""3796"", ""tot_buy_req"": ""3746"", ""tot_buy_req_jub_pre"": ""0"", ""ovt_sel_req_pre"": ""0"", ""ovt_sel_req"": ""0"", ""ovt_buy_req"": ""0"", ""ovt_buy_req_pre"": ""0"", ""return_code"": 0, ""return_msg"": ""정상적으로 처리되었습니다""}"
2026-09-10,scan_candidate,329180,2026-09-10T09:30:14.472901,0,main_scan,464500,436500,464500,464000,464500,462500,-0.7471636167922647,0.1076426264800861,531856000,45815574712500,80757764000,4.6084989106069685,6.414662084765177,"{""bid_req_base_tm"": ""093018"", ""sel_10th_pre_req_pre"": ""0"", ""sel_10th_pre_req"": ""27"", ""sel_10th_pre_bid"": ""+469000"", ""sel_9th_pre_req_pre"": ""0"", ""sel_9th_pre_req"": ""23"", ""sel_9th_pre_bid"": ""+468500"", ""sel_8th_pre_req_pre"": ""0"", ""sel_8th_pre_req"": ""192"", ""sel_8th_pre_bid"": ""+468000"", ""sel_7th_pre_req_pre"": ""0"", ""sel_7th_pre_req"": ""80"", ""sel_7th_pre_bid"": ""+467500"", ""sel_6th_pre_req_pre"": ""0"", ""sel_6th_pre_req"": ""48"", ""sel_6th_pre_bid"": ""+467000"", ""sel_5th_pre_req_pre"": ""0"", ""sel_5th_pre_req"": ""108"", ""sel_5th_pre_bid"": ""+466500"", ""sel_4th_pre_req_pre"": ""0"", ""sel_4th_pre_req"": ""170"", ""sel_4th_pre_bid"": ""+466000"", ""sel_3th_pre_req_pre"": ""0"", ""sel_3th_pre_req"": ""640"", ""sel_3th_pre_bid"": ""+465500"", ""sel_2th_pre_req_pre"": ""0"", ""sel_2th_pre_req"": ""326"", ""sel_2th_pre_bid"": ""+465000"", ""sel_1th_pre_req_pre"": ""+1"", ""sel_fpr_req"": ""182"", ""sel_fpr_bid"": ""+464500"", ""buy_fpr_bid"": ""+464000"", ""buy_fpr_req"": ""490"", ""buy_1th_pre_req_pre"": ""0"", ""buy_2th_pre_bid"": ""463500"", ""buy_2th_pre_req"": ""376"", ""buy_2th_pre_req_pre"": ""0"", ""buy_3th_pre_bid"": ""-463000"", ""buy_3th_pre_req"": ""78"", ""buy_3th_pre_req_pre"": ""0"", ""buy_4th_pre_bid"": ""-462500"", ""buy_4th_pre_req"": ""13"", ""buy_4th_pre_req_pre"": ""0"", ""buy_5th_pre_bid"": ""-462000"", ""buy_5th_pre_req"": ""39"", ""buy_5th_pre_req_pre"": ""0"", ""buy_6th_pre_bid"": ""-461500"", ""buy_6th_pre_req"": ""23"", ""buy_6th_pre_req_pre"": ""0"", ""buy_7th_pre_bid"": ""-461000"", ""buy_7th_pre_req"": ""94"", ""buy_7th_pre_req_pre"": ""0"", ""buy_8th_pre_bid"": ""-460500"", ""buy_8th_pre_req"": ""12"", ""buy_8th_pre_req_pre"": ""0"", ""buy_9th_pre_bid"": ""-460000"", ""buy_9th_pre_req"": ""140"", ""buy_9th_pre_req_pre"": ""0"", ""buy_10th_pre_bid"": ""-459500"", ""buy_10th_pre_req"": ""14"", ""buy_10th_pre_req_pre"": ""0"", ""tot_sel_req_jub_pre"": ""+1"", ""tot_sel_req"": ""1796"", ""tot_buy_req"": ""1279"", ""tot_buy_req_jub_pre"": ""0"", ""ovt_sel_req_pre"": ""0"", ""ovt_sel_req"": ""0"", ""ovt_buy_req"": ""0"", ""ovt_buy_req_pre"": ""0"", ""return_code"": 0, ""return_msg"": ""정상적으로 처리되었습니다""}"
2026-09-10,scan_candidate,006400,2026-09-10T09:30:14.472901,0,main_scan,568000,548000,568000,567000,568000,569000,-0.21000000000000818,0.17605633802816903,673840000,44160870440000,142089869000,4.6084989106069685,3.64963503649635,"{""bid_req_base_tm"": ""093019"", ""sel_10th_pre_req_pre"": ""0"", ""sel_10th_pre_req"": ""551"", ""sel_10th_pre_bid"": ""+577000"", ""sel_9th_pre_req_pre"": ""0"", ""sel_9th_pre_req"": ""465"", ""sel_9th_pre_bid"": ""+576000"", ""sel_8th_pre_req_pre"": ""0"", ""sel_8th_pre_req"": ""1246"", ""sel_8th_pre_bid"": ""+575000"", ""sel_7th_pre_req_pre"": ""0"", ""sel_7th_pre_req"": ""1461"", ""sel_7th_pre_bid"": ""574000"", ""sel_6th_pre_req_pre"": ""0"", ""sel_6th_pre_req"": ""1236"", ""sel_6th_pre_bid"": ""-573000"", ""sel_5th_pre_req_pre"": ""0"", ""sel_5th_pre_req"": ""750"", ""sel_5th_pre_bid"": ""-572000"", ""sel_4th_pre_req_pre"": ""0"", ""sel_4th_pre_req"": ""388"", ""sel_4th_pre_bid"": ""-571000"", ""sel_3th_pre_req_pre"": ""0"", ""sel_3th_pre_req"": ""191"", ""sel_3th_pre_bid"": ""-570000"", ""sel_2th_pre_req_pre"": ""0"", ""sel_2th_pre_req"": ""325"", ""sel_2th_pre_bid"": ""-569000"", ""sel_1th_pre_req_pre"": ""0"", ""sel_fpr_req"": ""67"", ""sel_fpr_bid"": ""-568000"", ""buy_fpr_bid"": ""-567000"", ""buy_fpr_req"": ""400"", ""buy_1th_pre_req_pre"": ""0"", ""buy_2th_pre_bid"": ""-566000"", ""buy_2th_pre_req"": ""534"", ""buy_2th_pre_req_pre"": ""0"", ""buy_3th_pre_bid"": ""-565000"", ""buy_3th_pre_req"": ""1065"", ""buy_3th_pre_req_pre"": ""0"", ""buy_4th_pre_bid"": ""-564000"", ""buy_4th_pre_req"": ""230"", ""buy_4th_pre_req_pre"": ""0"", ""buy_5th_pre_bid"": ""-563000"", ""buy_5th_pre_req"": ""430"", ""buy_5th_pre_req_pre"": ""0"", ""buy_6th_pre_bid"": ""-562000"", ""buy_6th_pre_req"": ""1004"", ""buy_6th_pre_req_pre"": ""0"", ""buy_7th_pre_bid"": ""-561000"", ""buy_7th_pre_req"": ""715"", ""buy_7th_pre_req_pre"": ""0"", ""buy_8th_pre_bid"": ""-560000"", ""buy_8th_pre_req"": ""1425"", ""buy_8th_pre_req_pre"": ""0"", ""buy_9th_pre_bid"": ""-559000"", ""buy_9th_pre_req"": ""1150"", ""buy_9th_pre_req_pre"": ""0"", ""buy_10th_pre_bid"": ""-558000"", ""buy_10th_pre_req"": ""1278"", ""buy_10th_pre_req_pre"": ""0"", ""tot_sel_req_jub_pre"": ""0"", ""tot_sel_req"": ""6680"", ""tot_buy_req"": ""8231"", ""tot_buy_req_jub_pre"": ""0"", ""ovt_sel_req_pre"": ""0"", ""ovt_sel_req"": ""0"", ""ovt_buy_req"": ""0"", ""ovt_buy_req_pre"": ""0"", ""return_code"": 0, ""return_msg"": ""정상적으로 처리되었습니다""}"
2026-09-10,scan_candidate,068270,2026-09-10T09:30:14.472901,0,main_scan,182500,188100,182500,182400,182500,182500,-0.48343835616439634,0.0547945205479452,53686500,43755290805600,50813720450,4.6084989106069685,-2.977139819245082,"{""bid_req_base_tm"": ""093018"", ""sel_10th_pre_req_pre"": ""0"", ""sel_10th_pre_req"": ""377"", ""sel_10th_pre_bid"": ""+183400"", ""sel_9th_pre_req_pre"": ""0"", ""sel_9th_pre_req"": ""155"", ""sel_9th_pre_bid"": ""+183300"", ""sel_8th_pre_req_pre"": ""0"", ""sel_8th_pre_req"": ""124"", ""sel_8th_pre_bid"": ""+183200"", ""sel_7th_pre_req_pre"": ""0"", ""sel_7th_pre_req"": ""140"", ""sel_7th_pre_bid"": ""183100"", ""sel_6th_pre_req_pre"": ""0"", ""sel_6th_pre_req"": ""333"", ""sel_6th_pre_bid"": ""-183000"", ""sel_5th_pre_req_pre"": ""0"", ""sel_5th_pre_req"": ""24"", ""sel_5th_pre_bid"": ""-182900"", ""sel_4th_pre_req_pre"": ""0"", ""sel_4th_pre_req"": ""7"", ""sel_4th_pre_bid"": ""-182800"", ""sel_3th_pre_req_pre"": ""0"", ""sel_3th_pre_req"": ""5"", ""sel_3th_pre_bid"": ""-182700"", ""sel_2th_pre_req_pre"": ""0"", ""sel_2th_pre_req"": ""270"", ""sel_2th_pre_bid"": ""-182600"", ""sel_1th_pre_req_pre"": ""--10"", ""sel_fpr_req"": ""32"", ""sel_fpr_bid"": ""-182500"", ""buy_fpr_bid"": ""-182400"", ""buy_fpr_req"": ""201"", ""buy_1th_pre_req_pre"": ""+1"", ""buy_2th_pre_bid"": ""-182300"", ""buy_2th_pre_req"": ""115"", ""buy_2th_pre_req_pre"": ""0"", ""buy_3th_pre_bid"": ""-182200"", ""buy_3th_pre_req"": ""215"", ""buy_3th_pre_req_pre"": ""0"", ""buy_4th_pre_bid"": ""-182100"", ""buy_4th_pre_req"": ""90"", ""buy_4th_pre_req_pre"": ""0"", ""buy_5th_pre_bid"": ""-182000"", ""buy_5th_pre_req"": ""214"", ""buy_5th_pre_req_pre"": ""0"", ""buy_6th_pre_bid"": ""-181900"", ""buy_6th_pre_req"": ""263"", ""buy_6th_pre_req_pre"": ""0"", ""buy_7th_pre_bid"": ""-181800"", ""buy_7th_pre_req"": ""173"", ""buy_7th_pre_req_pre"": ""0"", ""buy_8th_pre_bid"": ""-181700"", ""buy_8th_pre_req"": ""42"", ""buy_8th_pre_req_pre"": ""0"", ""buy_9th_pre_bid"": ""-181600"", ""buy_9th_pre_req"": ""148"", ""buy_9th_pre_req_pre"": ""0"", ""buy_10th_pre_bid"": ""-181500"", ""buy_10th_pre_req"": ""324"", ""buy_10th_pre_req_pre"": ""0"", ""tot_sel_req_jub_pre"": ""--10"", ""tot_sel_req"": ""1467"", ""tot_buy_req"": ""1785"", ""tot_buy_req_jub_pre"": ""+1"", ""ovt_sel_req_pre"": ""0"", ""ovt_sel_req"": ""0"", ""ovt_buy_req"": ""0"", ""ovt_buy_req_pre"": ""0"", ""return_code"": 0, ""return_msg"": ""정상적으로 처리되었습니다""}"
2026-09-10,scan_candidate,034730,2026-09-10T09:30:14.472901,0,main_scan,610000,573000,610000,609000,610000,608000,-0.7008442622950858,0.16393442622950818,221486000,41544048819000,49914992000,4.6084989106069685,6.457242582897033,"{""bid_req_base_tm"": ""093018"", ""sel_10th_pre_req_pre"": ""0"", ""sel_10th_pre_req"": ""333"", ""sel_10th_pre_bid"": ""+619000"", ""sel_9th_pre_req_pre"": ""0"", ""sel_9th_pre_req"": ""231"", ""sel_9th_pre_bid"": ""+618000"", ""sel_8th_pre_req_pre"": ""0"", ""sel_8th_pre_req"": ""130"", ""sel_8th_pre_bid"": ""+617000"", ""sel_7th_pre_req_pre"": ""0"", ""sel_7th_pre_req"": ""142"", ""sel_7th_pre_bid"": ""+616000"", ""sel_6th_pre_req_pre"": ""0"", ""sel_6th_pre_req"": ""372"", ""sel_6th_pre_bid"": ""+615000"", ""sel_5th_pre_req_pre"": ""0"", ""sel_5th_pre_req"": ""145"", ""sel_5th_pre_bid"": ""+614000"", ""sel_4th_pre_req_pre"": ""0"", ""sel_4th_pre_req"": ""99"", ""sel_4th_pre_bid"": ""+613000"", ""sel_3th_pre_req_pre"": ""0"", ""sel_3th_pre_req"": ""44"", ""sel_3th_pre_bid"": ""+612000"", ""sel_2th_pre_req_pre"": ""0"", ""sel_2th_pre_req"": ""86"", ""sel_2th_pre_bid"": ""+611000"", ""sel_1th_pre_req_pre"": ""+11"", ""sel_fpr_req"": ""105"", ""sel_fpr_bid"": ""+610000"", ""buy_fpr_bid"": ""+609000"", ""buy_fpr_req"": ""43"", ""buy_1th_pre_req_pre"": ""0"", ""buy_2th_pre_bid"": ""+608000"", ""buy_2th_pre_req"": ""55"", ""buy_2th_pre_req_pre"": ""0"", ""buy_3th_pre_bid"": ""+607000"", ""buy_3th_pre_req"": ""256"", ""buy_3th_pre_req_pre"": ""0"", ""buy_4th_pre_bid"": ""+606000"", ""buy_4th_pre_req"": ""34"", ""buy_4th_pre_req_pre"": ""0"", ""buy_5th_pre_bid"": ""+605000"", ""buy_5th_pre_req"": ""157"", ""buy_5th_pre_req_pre"": ""0"", ""buy_6th_pre_bid"": ""+604000"", ""buy_6th_pre_req"": ""162"", ""buy_6th_pre_req_pre"": ""0"", ""buy_7th_pre_bid"": ""+603000"", ""buy_7th_pre_req"": ""135"", ""buy_7th_pre_req_pre"": ""0"", ""buy_8th_pre_bid"": ""602000"", ""buy_8th_pre_req"": ""19"", ""buy_8th_pre_req_pre"": ""0"", ""buy_9th_pre_bid"": ""-601000"", ""buy_9th_pre_req"": ""70"", ""buy_9th_pre_req_pre"": ""0"", ""buy_10th_pre_bid"": ""-600000"", ""buy_10th_pre_req"": ""27"", ""buy_10th_pre_req_pre"": ""0"", ""tot_sel_req_jub_pre"": ""+11"", ""tot_sel_req"": ""1687"", ""tot_buy_req"": ""958"", ""tot_buy_req_jub_pre"": ""0"", ""ovt_sel_req_pre"": ""0"", ""ovt_sel_req"": ""0"", ""ovt_buy_req"": ""0"", ""ovt_buy_req_pre"": ""0"", ""return_code"": 0, ""return_msg"": ""정상적으로 처리되었습니다""}"
2026-09-10,scan_candidate,012330,2026-09-10T09:30:14.472901,0,main_scan,416000,422000,416000,415500,416000,418000,0.14987379807691747,0.1201923076923077,161826000,37904286870000,96590757500,4.6084989106069685,-1.4218009478672986,"{""bid_req_base_tm"": ""093019"", ""sel_10th_pre_req_pre"": ""0"", ""sel_10th_pre_req"": ""326"", ""sel_10th_pre_bid"": ""+420500"", ""sel_9th_pre_req_pre"": ""0"", ""sel_9th_pre_req"": ""629"", ""sel_9th_pre_bid"": ""+420000"", ""sel_8th_pre_req_pre"": ""0"", ""sel_8th_pre_req"": ""423"", ""sel_8th_pre_bid"": ""+419500"", ""sel_7th_pre_req_pre"": ""0"", ""sel_7th_pre_req"": ""27"", ""sel_7th_pre_bid"": ""+419000"", ""sel_6th_pre_req_pre"": ""0"", ""sel_6th_pre_req"": ""4"", ""sel_6th_pre_bid"": ""+418500"", ""sel_5th_pre_req_pre"": ""0"", ""sel_5th_pre_req"": ""251"", ""sel_5th_pre_bid"": ""+418000"", ""sel_4th_pre_req_pre"": ""0"", ""sel_4th_pre_req"": ""59"", ""sel_4th_pre_bid"": ""417500"", ""sel_3th_pre_req_pre"": ""0"", ""sel_3th_pre_req"": ""75"", ""sel_3th_pre_bid"": ""-417000"", ""sel_2th_pre_req_pre"": ""0"", ""sel_2th_pre_req"": ""53"", ""sel_2th_pre_bid"": ""-416500"", ""sel_1th_pre_req_pre"": ""0"", ""sel_fpr_req"": ""105"", ""sel_fpr_bid"": ""-416000"", ""buy_fpr_bid"": ""-415500"", ""buy_fpr_req"": ""636"", ""buy_1th_pre_req_pre"": ""0"", ""buy_2th_pre_bid"": ""-415000"", ""buy_2th_pre_req"": ""394"", ""buy_2th_pre_req_pre"": ""0"", ""buy_3th_pre_bid"": ""-414500"", ""buy_3th_pre_req"": ""193"", ""buy_3th_pre_req_pre"": ""0"", ""buy_4th_pre_bid"": ""-414000"", ""buy_4th_pre_req"": ""244"", ""buy_4th_pre_req_pre"": ""0"", ""buy_5th_pre_bid"": ""-413500"", ""buy_5th_pre_req"": ""279"", ""buy_5th_pre_req_pre"": ""0"", ""buy_6th_pre_bid"": ""-413000"", ""buy_6th_pre_req"": ""740"", ""buy_6th_pre_req_pre"": ""0"", ""buy_7th_pre_bid"": ""-412500"", ""buy_7th_pre_req"": ""464"", ""buy_7th_pre_req_pre"": ""0"", ""buy_8th_pre_bid"": ""-412000"", ""buy_8th_pre_req"": ""867"", ""buy_8th_pre_req_pre"": ""0"", ""buy_9th_pre_bid"": ""-411500"", ""buy_9th_pre_req"": ""398"", ""buy_9th_pre_req_pre"": ""0"", ""buy_10th_pre_bid"": ""-411000"", ""buy_10th_pre_req"": ""529"", ""buy_10th_pre_req_pre"": ""0"", ""tot_sel_req_jub_pre"": ""0"", ""tot_sel_req"": ""1952"", ""tot_buy_req"": ""4744"", ""tot_buy_req_jub_pre"": ""0"", ""ovt_sel_req_pre"": ""0"", ""ovt_sel_req"": ""0"", ""ovt_buy_req"": ""0"", ""ovt_buy_req_pre"": ""0"", ""return_code"": 0, ""return_msg"": ""정상적으로 처리되었습니다""}"
2026-09-10,scan_candidate,086790,2026-09-10T09:30:14.472901,0,main_scan,135300,134300,135300,135200,135300,135000,-0.8001256467110177,0.07390983000739099,130078200,36847588556400,119964694600,4.6084989106069685,0.7446016381236039,"{""bid_req_base_tm"": ""093019"", ""sel_10th_pre_req_pre"": ""0"", ""sel_10th_pre_req"": ""180"", ""sel_10th_pre_bid"": ""+136200"", ""sel_9th_pre_req_pre"": ""0"", ""sel_9th_pre_req"": ""50"", ""sel_9th_pre_bid"": ""+136100"", ""sel_8th_pre_req_pre"": ""0"", ""sel_8th_pre_req"": ""3441"", ""sel_8th_pre_bid"": ""+136000"", ""sel_7th_pre_req_pre"": ""0"", ""sel_7th_pre_req"": ""221"", ""sel_7th_pre_bid"": ""+135900"", ""sel_6th_pre_req_pre"": ""0"", ""sel_6th_pre_req"": ""194"", ""sel_6th_pre_bid"": ""+135800"", ""sel_5th_pre_req_pre"": ""0"", ""sel_5th_pre_req"": ""186"", ""sel_5th_pre_bid"": ""+135700"", ""sel_4th_pre_req_pre"": ""0"", ""sel_4th_pre_req"": ""615"", ""sel_4th_pre_bid"": ""+135600"", ""sel_3th_pre_req_pre"": ""0"", ""sel_3th_pre_req"": ""52"", ""sel_3th_pre_bid"": ""+135500"", ""sel_2th_pre_req_pre"": ""0"", ""sel_2th_pre_req"": ""202"", ""sel_2th_pre_bid"": ""+135400"", ""sel_1th_pre_req_pre"": ""0"", ""sel_fpr_req"": ""227"", ""sel_fpr_bid"": ""+135300"", ""buy_fpr_bid"": ""+135200"", ""buy_fpr_req"": ""522"", ""buy_1th_pre_req_pre"": ""+9"", ""buy_2th_pre_bid"": ""+135100"", ""buy_2th_pre_req"": ""4"", ""buy_2th_pre_req_pre"": ""0"", ""buy_3th_pre_bid"": ""+135000"", ""buy_3th_pre_req"": ""639"", ""buy_3th_pre_req_pre"": ""0"", ""buy_4th_pre_bid"": ""+134900"", ""buy_4th_pre_req"": ""388"", ""buy_4th_pre_req_pre"": ""0"", ""buy_5th_pre_bid"": ""+134800"", ""buy_5th_pre_req"": ""763"", ""buy_5th_pre_req_pre"": ""0"", ""buy_6th_pre_bid"": ""+134700"", ""buy_6th_pre_req"": ""492"", ""buy_6th_pre_req_pre"": ""0"", ""buy_7th_pre_bid"": ""+134600"", ""buy_7th_pre_req"": ""429"", ""buy_7th_pre_req_pre"": ""0"", ""buy_8th_pre_bid"": ""+134500"", ""buy_8th_pre_req"": ""107"", ""buy_8th_pre_req_pre"": ""0"", ""buy_9th_pre_bid"": ""+134400"", ""buy_9th_pre_req"": ""34"", ""buy_9th_pre_req_pre"": ""0"", ""buy_10th_pre_bid"": ""+134300"", ""buy_10th_pre_req"": ""177"", ""buy_10th_pre_req_pre"": ""0"", ""tot_sel_req_jub_pre"": ""0"", ""tot_sel_req"": ""5368"", ""tot_buy_req"": ""3555"", ""tot_buy_req_jub_pre"": ""+9"", ""ovt_sel_req_pre"": ""0"", ""ovt_sel_req"": ""0"", ""ovt_buy_req"": ""0"", ""ovt_buy_req_pre"": ""0"", ""return_code"": 0, ""return_msg"": ""정상적으로 처리되었습니다""}"
2026-09-10,scan_candidate,066570,2026-09-10T09:30:14.472901,0,main_scan,208500,201500,208500,208000,208500,206500,-1.4067026378897052,0.2398081534772182,2300512000,32821254557000,84206416000,4.6084989106069685,3.4739454094292808,"{""bid_req_base_tm"": ""093020"", ""sel_10th_pre_req_pre"": ""0"", ""sel_10th_pre_req"": ""2226"", ""sel_10th_pre_bid"": ""+213000"", ""sel_9th_pre_req_pre"": ""0"", ""sel_9th_pre_req"": ""1449"", ""sel_9th_pre_bid"": ""+212500"", ""sel_8th_pre_req_pre"": ""0"", ""sel_8th_pre_req"": ""6034"", ""sel_8th_pre_bid"": ""+212000"", ""sel_7th_pre_req_pre"": ""0"", ""sel_7th_pre_req"": ""2822"", ""sel_7th_pre_bid"": ""+211500"", ""sel_6th_pre_req_pre"": ""0"", ""sel_6th_pre_req"": ""4248"", ""sel_6th_pre_bid"": ""+211000"", ""sel_5th_pre_req_pre"": ""0"", ""sel_5th_pre_req"": ""2281"", ""sel_5th_pre_bid"": ""+210500"", ""sel_4th_pre_req_pre"": ""0"", ""sel_4th_pre_req"": ""5868"", ""sel_4th_pre_bid"": ""+210000"", ""sel_3th_pre_req_pre"": ""0"", ""sel_3th_pre_req"": ""3247"", ""sel_3th_pre_bid"": ""+209500"", ""sel_2th_pre_req_pre"": ""0"", ""sel_2th_pre_req"": ""2450"", ""sel_2th_pre_bid"": ""+209000"", ""sel_1th_pre_req_pre"": ""+1"", ""sel_fpr_req"": ""1094"", ""sel_fpr_bid"": ""+208500"", ""buy_fpr_bid"": ""+208000"", ""buy_fpr_req"": ""252"", ""buy_1th_pre_req_pre"": ""--13"", ""buy_2th_pre_bid"": ""+207500"", ""buy_2th_pre_req"": ""526"", ""buy_2th_pre_req_pre"": ""0"", ""buy_3th_pre_bid"": ""+207000"", ""buy_3th_pre_req"": ""1293"", ""buy_3th_pre_req_pre"": ""0"", ""buy_4th_pre_bid"": ""+206500"", ""buy_4th_pre_req"": ""1750"", ""buy_4th_pre_req_pre"": ""0"", ""buy_5th_pre_bid"": ""+206000"", ""buy_5th_pre_req"": ""1032"", ""buy_5th_pre_req_pre"": ""0"", ""buy_6th_pre_bid"": ""+205500"", ""buy_6th_pre_req"": ""2464"", ""buy_6th_pre_req_pre"": ""0"", ""buy_7th_pre_bid"": ""+205000"", ""buy_7th_pre_req"": ""3264"", ""buy_7th_pre_req_pre"": ""0"", ""buy_8th_pre_bid"": ""204500"", ""buy_8th_pre_req"": ""3132"", ""buy_8th_pre_req_pre"": ""0"", ""buy_9th_pre_bid"": ""-204000"", ""buy_9th_pre_req"": ""4523"", ""buy_9th_pre_req_pre"": ""0"", ""buy_10th_pre_bid"": ""-203500"", ""buy_10th_pre_req"": ""2390"", ""buy_10th_pre_req_pre"": ""0"", ""tot_sel_req_jub_pre"": ""+1"", ""tot_sel_req"": ""31719"", ""tot_buy_req"": ""20626"", ""tot_buy_req_jub_pre"": ""--13"", ""ovt_sel_req_pre"": ""0"", ""ovt_sel_req"": ""0"", ""ovt_buy_req"": ""0"", ""ovt_buy_req_pre"": ""0"", ""return_code"": 0, ""return_msg"": ""정상적으로 처리되었습니다""}"
2026-09-10,scan_candidate,035420,2026-09-10T09:30:14.472901,0,main_scan,208000,213500,208000,207500,208000,209500,0.2698317307692308,0.2403846153846154,1368551500,32468330828500,138236649250,4.6084989106069685,-2.576112412177986,"{""bid_req_base_tm"": ""093020"", ""sel_10th_pre_req_pre"": ""0"", ""sel_10th_pre_req"": ""1143"", ""sel_10th_pre_bid"": ""+212500"", ""sel_9th_pre_req_pre"": ""0"", ""sel_9th_pre_req"": ""1454"", ""sel_9th_pre_bid"": ""+212000"", ""sel_8th_pre_req_pre"": ""0"", ""sel_8th_pre_req"": ""616"", ""sel_8th_pre_bid"": ""+211500"", ""sel_7th_pre_req_pre"": ""0"", ""sel_7th_pre_req"": ""1369"", ""sel_7th_pre_bid"": ""+211000"", ""sel_6th_pre_req_pre"": ""0"", ""sel_6th_pre_req"": ""1379"", ""sel_6th_pre_bid"": ""+210500"", ""sel_5th_pre_req_pre"": ""0"", ""sel_5th_pre_req"": ""951"", ""sel_5th_pre_bid"": ""210000"", ""sel_4th_pre_req_pre"": ""0"", ""sel_4th_pre_req"": ""793"", ""sel_4th_pre_bid"": ""-209500"", ""sel_3th_pre_req_pre"": ""0"", ""sel_3th_pre_req"": ""498"", ""sel_3th_pre_bid"": ""-209000"", ""sel_2th_pre_req_pre"": ""0"", ""sel_2th_pre_req"": ""3193"", ""sel_2th_pre_bid"": ""-208500"", ""sel_1th_pre_req_pre"": ""--1"", ""sel_fpr_req"": ""2280"", ""sel_fpr_bid"": ""-208000"", ""buy_fpr_bid"": ""-207500"", ""buy_fpr_req"": ""5537"", ""buy_1th_pre_req_pre"": ""0"", ""buy_2th_pre_bid"": ""-207000"", ""buy_2th_pre_req"": ""8284"", ""buy_2th_pre_req_pre"": ""0"", ""buy_3th_pre_bid"": ""-206500"", ""buy_3th_pre_req"": ""8343"", ""buy_3th_pre_req_pre"": ""0"", ""buy_4th_pre_bid"": ""-206000"", ""buy_4th_pre_req"": ""5936"", ""buy_4th_pre_req_pre"": ""0"", ""buy_5th_pre_bid"": ""-205500"", ""buy_5th_pre_req"": ""5555"", ""buy_5th_pre_req_pre"": ""0"", ""buy_6th_pre_bid"": ""-205000"", ""buy_6th_pre_req"": ""11018"", ""buy_6th_pre_req_pre"": ""0"", ""buy_7th_pre_bid"": ""-204500"", ""buy_7th_pre_req"": ""4509"", ""buy_7th_pre_req_pre"": ""0"", ""buy_8th_pre_bid"": ""-204000"", ""buy_8th_pre_req"": ""17595"", ""buy_8th_pre_req_pre"": ""0"", ""buy_9th_pre_bid"": ""-203500"", ""buy_9th_pre_req"": ""3410"", ""buy_9th_pre_req_pre"": ""0"", ""buy_10th_pre_bid"": ""-203000"", ""buy_10th_pre_req"": ""3417"", ""buy_10th_pre_req_pre"": ""0"", ""tot_sel_req_jub_pre"": ""--1"", ""tot_sel_req"": ""13676"", ""tot_buy_req"": ""73604"", ""tot_buy_req_jub_pre"": ""0"", ""ovt_sel_req_pre"": ""0"", ""ovt_sel_req"": ""0"", ""ovt_buy_req"": ""0"", ""ovt_buy_req_pre"": ""0"", ""return_code"": 0, ""return_msg"": ""정상적으로 처리되었습니다""}"
2026-09-10,scan_candidate,000810,2026-09-10T09:30:14.472901,0,main_scan,647000,663000,647000,646000,647000,643000,-0.9812905718701809,0.1545595054095827,334104000,29601274599000,92461667000,4.6084989106069685,-2.413273001508296,"{""bid_req_base_tm"": ""093020"", ""sel_10th_pre_req_pre"": ""0"", ""sel_10th_pre_req"": ""27"", ""sel_10th_pre_bid"": ""+656000"", ""sel_9th_pre_req_pre"": ""0"", ""sel_9th_pre_req"": ""92"", ""sel_9th_pre_bid"": ""+655000"", ""sel_8th_pre_req_pre"": ""0"", ""sel_8th_pre_req"": ""42"", ""sel_8th_pre_bid"": ""+654000"", ""sel_7th_pre_req_pre"": ""0"", ""sel_7th_pre_req"": ""20"", ""sel_7th_pre_bid"": ""+653000"", ""sel_6th_pre_req_pre"": ""0"", ""sel_6th_pre_req"": ""152"", ""sel_6th_pre_bid"": ""+652000"", ""sel_5th_pre_req_pre"": ""0"", ""sel_5th_pre_req"": ""314"", ""sel_5th_pre_bid"": ""+651000"", ""sel_4th_pre_req_pre"": ""0"", ""sel_4th_pre_req"": ""344"", ""sel_4th_pre_bid"": ""+650000"", ""sel_3th_pre_req_pre"": ""0"", ""sel_3th_pre_req"": ""100"", ""sel_3th_pre_bid"": ""+649000"", ""sel_2th_pre_req_pre"": ""0"", ""sel_2th_pre_req"": ""8"", ""sel_2th_pre_bid"": ""+648000"", ""sel_1th_pre_req_pre"": ""0"", ""sel_fpr_req"": ""26"", ""sel_fpr_bid"": ""+647000"", ""buy_fpr_bid"": ""+646000"", ""buy_fpr_req"": ""49"", ""buy_1th_pre_req_pre"": ""+3"", ""buy_2th_pre_bid"": ""+645000"", ""buy_2th_pre_req"": ""73"", ""buy_2th_pre_req_pre"": ""0"", ""buy_3th_pre_bid"": ""+644000"", ""buy_3th_pre_req"": ""71"", ""buy_3th_pre_req_pre"": ""0"", ""buy_4th_pre_bid"": ""+643000"", ""buy_4th_pre_req"": ""24"", ""buy_4th_pre_req_pre"": ""0"", ""buy_5th_pre_bid"": ""+642000"", ""buy_5th_pre_req"": ""40"", ""buy_5th_pre_req_pre"": ""0"", ""buy_6th_pre_bid"": ""641000"", ""buy_6th_pre_req"": ""18"", ""buy_6th_pre_req_pre"": ""0"", ""buy_7th_pre_bid"": ""-640000"", ""buy_7th_pre_req"": ""68"", ""buy_7th_pre_req_pre"": ""0"", ""buy_8th_pre_bid"": ""-639000"", ""buy_8th_pre_req"": ""238"", ""buy_8th_pre_req_pre"": ""0"", ""buy_9th_pre_bid"": ""-638000"", ""buy_9th_pre_req"": ""44"", ""buy_9th_pre_req_pre"": ""0"", ""buy_10th_pre_bid"": ""-637000"", ""buy_10th_pre_req"": ""28"", ""buy_10th_pre_req_pre"": ""0"", ""tot_sel_req_jub_pre"": ""0"", ""tot_sel_req"": ""1125"", ""tot_buy_req"": ""653"", ""tot_buy_req_jub_pre"": ""+3"", ""ovt_sel_req_pre"": ""0"", ""ovt_sel_req"": ""0"", ""ovt_buy_req"": ""0"", ""ovt_buy_req_pre"": ""0"", ""return_code"": 0, ""return_msg"": ""정상적으로 처리되었습니다""}"
2026-09-10,scan_candidate,010120,2026-09-10T09:30:14.472901,0,main_scan,205500,195300,205500,205000,205500,207000,0.275669099756691,0.24330900243309003,260310000,29295000000000,82565048300,4.6084989106069685,5.22273425499232,"{""bid_req_base_tm"": ""093020"", ""sel_10th_pre_req_pre"": ""0"", ""sel_10th_pre_req"": ""1312"", ""sel_10th_pre_bid"": ""-210000"", ""sel_9th_pre_req_pre"": ""0"", ""sel_9th_pre_req"": ""925"", ""sel_9th_pre_bid"": ""-209500"", ""sel_8th_pre_req_pre"": ""0"", ""sel_8th_pre_req"": ""718"", ""sel_8th_pre_bid"": ""-209000"", ""sel_7th_pre_req_pre"": ""0"", ""sel_7th_pre_req"": ""320"", ""sel_7th_pre_bid"": ""-208500"", ""sel_6th_pre_req_pre"": ""0"", ""sel_6th_pre_req"": ""1262"", ""sel_6th_pre_bid"": ""-208000"", ""sel_5th_pre_req_pre"": ""0"", ""sel_5th_pre_req"": ""110"", ""sel_5th_pre_bid"": ""-207500"", ""sel_4th_pre_req_pre"": ""0"", ""sel_4th_pre_req"": ""754"", ""sel_4th_pre_bid"": ""-207000"", ""sel_3th_pre_req_pre"": ""0"", ""sel_3th_pre_req"": ""269"", ""sel_3th_pre_bid"": ""-206500"", ""sel_2th_pre_req_pre"": ""0"", ""sel_2th_pre_req"": ""200"", ""sel_2th_pre_bid"": ""-206000"", ""sel_1th_pre_req_pre"": ""0"", ""sel_fpr_req"": ""310"", ""sel_fpr_bid"": ""-205500"", ""buy_fpr_bid"": ""-205000"", ""buy_fpr_req"": ""157"", ""buy_1th_pre_req_pre"": ""--20"", ""buy_2th_pre_bid"": ""-204500"", ""buy_2th_pre_req"": ""1649"", ""buy_2th_pre_req_pre"": ""--9"", ""buy_3th_pre_bid"": ""-204000"", ""buy_3th_pre_req"": ""2187"", ""buy_3th_pre_req_pre"": ""0"", ""buy_4th_pre_bid"": ""-203500"", ""buy_4th_pre_req"": ""3071"", ""buy_4th_pre_req_pre"": ""+147"", ""buy_5th_pre_bid"": ""-203000"", ""buy_5th_pre_req"": ""3148"", ""buy_5th_pre_req_pre"": ""0"", ""buy_6th_pre_bid"": ""-202500"", ""buy_6th_pre_req"": ""1704"", ""buy_6th_pre_req_pre"": ""0"", ""buy_7th_pre_bid"": ""-202000"", ""buy_7th_pre_req"": ""2367"", ""buy_7th_pre_req_pre"": ""0"", ""buy_8th_pre_bid"": ""-201500"", ""buy_8th_pre_req"": ""1247"", ""buy_8th_pre_req_pre"": ""0"", ""buy_9th_pre_bid"": ""-201000"", ""buy_9th_pre_req"": ""4175"", ""buy_9th_pre_req_pre"": ""0"", ""buy_10th_pre_bid"": ""-200500"", ""buy_10th_pre_req"": ""3078"", ""buy_10th_pre_req_pre"": ""0"", ""tot_sel_req_jub_pre"": ""0"", ""tot_sel_req"": ""6180"", ""tot_buy_req"": ""22783"", ""tot_buy_req_jub_pre"": ""+118"", ""ovt_sel_req_pre"": ""0"", ""ovt_sel_req"": ""0"", ""ovt_buy_req"": ""0"", ""ovt_buy_req_pre"": ""0"", ""return_code"": 0, ""return_msg"": ""정상적으로 처리되었습니다""}"
2026-09-10,scan_candidate,005490,2026-09-10T09:30:14.472901,0,main_scan,339500,337000,339500,339000,339500,338000,-0.7979528718704113,0.14727540500736377,355333000,26704394599000,75266532250,4.6084989106069685,0.741839762611276,"{""bid_req_base_tm"": ""093020"", ""sel_10th_pre_req_pre"": ""0"", ""sel_10th_pre_req"": ""627"", ""sel_10th_pre_bid"": ""+344000"", ""sel_9th_pre_req_pre"": ""0"", ""sel_9th_pre_req"": ""659"", ""sel_9th_pre_bid"": ""+343500"", ""sel_8th_pre_req_pre"": ""0"", ""sel_8th_pre_req"": ""808"", ""sel_8th_pre_bid"": ""+343000"", ""sel_7th_pre_req_pre"": ""0"", ""sel_7th_pre_req"": ""595"", ""sel_7th_pre_bid"": ""+342500"", ""sel_6th_pre_req_pre"": ""+5"", ""sel_6th_pre_req"": ""1065"", ""sel_6th_pre_bid"": ""+342000"", ""sel_5th_pre_req_pre"": ""0"", ""sel_5th_pre_req"": ""493"", ""sel_5th_pre_bid"": ""+341500"", ""sel_4th_pre_req_pre"": ""0"", ""sel_4th_pre_req"": ""327"", ""sel_4th_pre_bid"": ""+341000"", ""sel_3th_pre_req_pre"": ""0"", ""sel_3th_pre_req"": ""313"", ""sel_3th_pre_bid"": ""+340500"", ""sel_2th_pre_req_pre"": ""0"", ""sel_2th_pre_req"": ""262"", ""sel_2th_pre_bid"": ""+340000"", ""sel_1th_pre_req_pre"": ""+45"", ""sel_fpr_req"": ""75"", ""sel_fpr_bid"": ""+339500"", ""buy_fpr_bid"": ""+339000"", ""buy_fpr_req"": ""890"", ""buy_1th_pre_req_pre"": ""0"", ""buy_2th_pre_bid"": ""+338500"", ""buy_2th_pre_req"": ""179"", ""buy_2th_pre_req_pre"": ""0"", ""buy_3th_pre_bid"": ""+338000"", ""buy_3th_pre_req"": ""142"", ""buy_3th_pre_req_pre"": ""0"", ""buy_4th_pre_bid"": ""+337500"", ""buy_4th_pre_req"": ""85"", ""buy_4th_pre_req_pre"": ""0"", ""buy_5th_pre_bid"": ""337000"", ""buy_5th_pre_req"": ""116"", ""buy_5th_pre_req_pre"": ""0"", ""buy_6th_pre_bid"": ""-336500"", ""buy_6th_pre_req"": ""95"", ""buy_6th_pre_req_pre"": ""0"", ""buy_7th_pre_bid"": ""-336000"", ""buy_7th_pre_req"": ""77"", ""buy_7th_pre_req_pre"": ""0"", ""buy_8th_pre_bid"": ""-335500"", ""buy_8th_pre_req"": ""74"", ""buy_8th_pre_req_pre"": ""0"", ""buy_9th_pre_bid"": ""-335000"", ""buy_9th_pre_req"": ""191"", ""buy_9th_pre_req_pre"": ""0"", ""buy_10th_pre_bid"": ""-334500"", ""buy_10th_pre_req"": ""41"", ""buy_10th_pre_req_pre"": ""0"", ""tot_sel_req_jub_pre"": ""+50"", ""tot_sel_req"": ""5224"", ""tot_buy_req"": ""1890"", ""tot_buy_req_jub_pre"": ""0"", ""ovt_sel_req_pre"": ""0"", ""ovt_sel_req"": ""0"", ""ovt_buy_req"": ""0"", ""ovt_buy_req_pre"": ""0"", ""return_code"": 0, ""return_msg"": ""정상적으로 처리되었습니다""}"
2026-09-10,scan_candidate,042660,2026-09-10T09:30:14.472901,0,main_scan,86200,86800,86200,86100,86200,86600,0.13734918793502265,0.11600928074245939,205599200,26596682599200,33435862350,4.6084989106069685,-0.6912442396313364,"{""bid_req_base_tm"": ""093021"", ""sel_10th_pre_req_pre"": ""0"", ""sel_10th_pre_req"": ""1742"", ""sel_10th_pre_bid"": ""-87200"", ""sel_9th_pre_req_pre"": ""0"", ""sel_9th_pre_req"": ""360"", ""sel_9th_pre_bid"": ""-87100"", ""sel_8th_pre_req_pre"": ""0"", ""sel_8th_pre_req"": ""887"", ""sel_8th_pre_bid"": ""-87000"", ""sel_7th_pre_req_pre"": ""0"", ""sel_7th_pre_req"": ""215"", ""sel_7th_pre_bid"": ""-86900"", ""sel_6th_pre_req_pre"": ""0"", ""sel_6th_pre_req"": ""251"", ""sel_6th_pre_bid"": ""-86800"", ""sel_5th_pre_req_pre"": ""0"", ""sel_5th_pre_req"": ""165"", ""sel_5th_pre_bid"": ""-86700"", ""sel_4th_pre_req_pre"": ""0"", ""sel_4th_pre_req"": ""240"", ""sel_4th_pre_bid"": ""-86600"", ""sel_3th_pre_req_pre"": ""0"", ""sel_3th_pre_req"": ""320"", ""sel_3th_pre_bid"": ""-86400"", ""sel_2th_pre_req_pre"": ""0"", ""sel_2th_pre_req"": ""279"", ""sel_2th_pre_bid"": ""-86300"", ""sel_1th_pre_req_pre"": ""0"", ""sel_fpr_req"": ""1634"", ""sel_fpr_bid"": ""-86200"", ""buy_fpr_bid"": ""-86100"", ""buy_fpr_req"": ""1225"", ""buy_1th_pre_req_pre"": ""0"", ""buy_2th_pre_bid"": ""-86000"", ""buy_2th_pre_req"": ""3332"", ""buy_2th_pre_req_pre"": ""0"", ""buy_3th_pre_bid"": ""-85900"", ""buy_3th_pre_req"": ""1928"", ""buy_3th_pre_req_pre"": ""0"", ""buy_4th_pre_bid"": ""-85800"", ""buy_4th_pre_req"": ""2494"", ""buy_4th_pre_req_pre"": ""0"", ""buy_5th_pre_bid"": ""-85700"", ""buy_5th_pre_req"": ""1399"", ""buy_5th_pre_req_pre"": ""0"", ""buy_6th_pre_bid"": ""-85600"", ""buy_6th_pre_req"": ""2394"", ""buy_6th_pre_req_pre"": ""0"", ""buy_7th_pre_bid"": ""-85500"", ""buy_7th_pre_req"": ""5087"", ""buy_7th_pre_req_pre"": ""0"", ""buy_8th_pre_bid"": ""-85400"", ""buy_8th_pre_req"": ""2399"", ""buy_8th_pre_req_pre"": ""0"", ""buy_9th_pre_bid"": ""-85300"", ""buy_9th_pre_req"": ""1297"", ""buy_9th_pre_req_pre"": ""0"", ""buy_10th_pre_bid"": ""-85200"", ""buy_10th_pre_req"": ""1474"", ""buy_10th_pre_req_pre"": ""0"", ""tot_sel_req_jub_pre"": ""0"", ""tot_sel_req"": ""6093"", ""tot_buy_req"": ""23029"", ""tot_buy_req_jub_pre"": ""0"", ""ovt_sel_req_pre"": ""0"", ""ovt_sel_req"": ""0"", ""ovt_buy_req"": ""0"", ""ovt_buy_req_pre"": ""0"", ""return_code"": 0, ""return_msg"": ""정상적으로 처리되었습니다""}"
2026-09-10,scan_candidate,267260,2026-09-10T09:30:14.472901,0,main_scan,736000,714000,736000,735000,736000,740000,0.1968138586956427,0.1358695652173913,108392000,25737654390000,55236654000,4.6084989106069685,3.081232492997199,"{""bid_req_base_tm"": ""093020"", ""sel_10th_pre_req_pre"": ""0"", ""sel_10th_pre_req"": ""11"", ""sel_10th_pre_bid"": ""-745000"", ""sel_9th_pre_req_pre"": ""0"", ""sel_9th_pre_req"": ""33"", ""sel_9th_pre_bid"": ""-744000"", ""sel_8th_pre_req_pre"": ""0"", ""sel_8th_pre_req"": ""26"", ""sel_8th_pre_bid"": ""-743000"", ""sel_7th_pre_req_pre"": ""0"", ""sel_7th_pre_req"": ""36"", ""sel_7th_pre_bid"": ""-742000"", ""sel_6th_pre_req_pre"": ""0"", ""sel_6th_pre_req"": ""18"", ""sel_6th_pre_bid"": ""-741000"", ""sel_5th_pre_req_pre"": ""0"", ""sel_5th_pre_req"": ""6"", ""sel_5th_pre_bid"": ""-740000"", ""sel_4th_pre_req_pre"": ""0"", ""sel_4th_pre_req"": ""54"", ""sel_4th_pre_bid"": ""-739000"", ""sel_3th_pre_req_pre"": ""0"", ""sel_3th_pre_req"": ""28"", ""sel_3th_pre_bid"": ""-738000"", ""sel_2th_pre_req_pre"": ""0"", ""sel_2th_pre_req"": ""40"", ""sel_2th_pre_bid"": ""-737000"", ""sel_1th_pre_req_pre"": ""0"", ""sel_fpr_req"": ""50"", ""sel_fpr_bid"": ""-736000"", ""buy_fpr_bid"": ""-735000"", ""buy_fpr_req"": ""598"", ""buy_1th_pre_req_pre"": ""0"", ""buy_2th_pre_bid"": ""-734000"", ""buy_2th_pre_req"": ""313"", ""buy_2th_pre_req_pre"": ""+17"", ""buy_3th_pre_bid"": ""-733000"", ""buy_3th_pre_req"": ""111"", ""buy_3th_pre_req_pre"": ""0"", ""buy_4th_pre_bid"": ""-732000"", ""buy_4th_pre_req"": ""224"", ""buy_4th_pre_req_pre"": ""0"", ""buy_5th_pre_bid"": ""-731000"", ""buy_5th_pre_req"": ""421"", ""buy_5th_pre_req_pre"": ""0"", ""buy_6th_pre_bid"": ""-730000"", ""buy_6th_pre_req"": ""441"", ""buy_6th_pre_req_pre"": ""0"", ""buy_7th_pre_bid"": ""-729000"", ""buy_7th_pre_req"": ""50"", ""buy_7th_pre_req_pre"": ""0"", ""buy_8th_pre_bid"": ""-728000"", ""buy_8th_pre_req"": ""123"", ""buy_8th_pre_req_pre"": ""0"", ""buy_9th_pre_bid"": ""-727000"", ""buy_9th_pre_req"": ""44"", ""buy_9th_pre_req_pre"": ""0"", ""buy_10th_pre_bid"": ""-726000"", ""buy_10th_pre_req"": ""63"", ""buy_10th_pre_req_pre"": ""0"", ""tot_sel_req_jub_pre"": ""0"", ""tot_sel_req"": ""302"", ""tot_buy_req"": ""2388"", ""tot_buy_req_jub_pre"": ""+17"", ""ovt_sel_req_pre"": ""0"", ""ovt_sel_req"": ""0"", ""ovt_buy_req"": ""0"", ""ovt_buy_req_pre"": ""0"", ""return_code"": 0, ""return_msg"": ""정상적으로 처리되었습니다""}"
2026-09-10,scan_candidate,010130,2026-09-10T09:30:14.472901,0,main_scan,1212000,1222000,1212000,1211000,1212000,1216000,0.03704207920791695,0.08250825082508251,46120000,25506768118000,16852873500,4.6084989106069685,-0.8183306055646482,"{""bid_req_base_tm"": ""093021"", ""sel_10th_pre_req_pre"": ""0"", ""sel_10th_pre_req"": ""2"", ""sel_10th_pre_bid"": ""-1224000"", ""sel_9th_pre_req_pre"": ""0"", ""sel_9th_pre_req"": ""8"", ""sel_9th_pre_bid"": ""-1222000"", ""sel_8th_pre_req_pre"": ""0"", ""sel_8th_pre_req"": ""8"", ""sel_8th_pre_bid"": ""-1221000"", ""sel_7th_pre_req_pre"": ""0"", ""sel_7th_pre_req"": ""6"", ""sel_7th_pre_bid"": ""-1220000"", ""sel_6th_pre_req_pre"": ""0"", ""sel_6th_pre_req"": ""2"", ""sel_6th_pre_bid"": ""-1219000"", ""sel_5th_pre_req_pre"": ""0"", ""sel_5th_pre_req"": ""2"", ""sel_5th_pre_bid"": ""-1218000"", ""sel_4th_pre_req_pre"": ""0"", ""sel_4th_pre_req"": ""6"", ""sel_4th_pre_bid"": ""-1216000"", ""sel_3th_pre_req_pre"": ""0"", ""sel_3th_pre_req"": ""10"", ""sel_3th_pre_bid"": ""-1215000"", ""sel_2th_pre_req_pre"": ""0"", ""sel_2th_pre_req"": ""10"", ""sel_2th_pre_bid"": ""-1214000"", ""sel_1th_pre_req_pre"": ""--1"", ""sel_fpr_req"": ""16"", ""sel_fpr_bid"": ""-1212000"", ""buy_fpr_bid"": ""-1211000"", ""buy_fpr_req"": ""4"", ""buy_1th_pre_req_pre"": ""0"", ""buy_2th_pre_bid"": ""-1210000"", ""buy_2th_pre_req"": ""32"", ""buy_2th_pre_req_pre"": ""0"", ""buy_3th_pre_bid"": ""-1209000"", ""buy_3th_pre_req"": ""5"", ""buy_3th_pre_req_pre"": ""0"", ""buy_4th_pre_bid"": ""-1208000"", ""buy_4th_pre_req"": ""16"", ""buy_4th_pre_req_pre"": ""0"", ""buy_5th_pre_bid"": ""-1207000"", ""buy_5th_pre_req"": ""37"", ""buy_5th_pre_req_pre"": ""0"", ""buy_6th_pre_bid"": ""-1206000"", ""buy_6th_pre_req"": ""5"", ""buy_6th_pre_req_pre"": ""0"", ""buy_7th_pre_bid"": ""-1205000"", ""buy_7th_pre_req"": ""27"", ""buy_7th_pre_req_pre"": ""0"", ""buy_8th_pre_bid"": ""-1204000"", ""buy_8th_pre_req"": ""5"", ""buy_8th_pre_req_pre"": ""0"", ""buy_9th_pre_bid"": ""-1203000"", ""buy_9th_pre_req"": ""11"", ""buy_9th_pre_req_pre"": ""0"", ""buy_10th_pre_bid"": ""-1202000"", ""buy_10th_pre_req"": ""20"", ""buy_10th_pre_req_pre"": ""0"", ""tot_sel_req_jub_pre"": ""0"", ""tot_sel_req"": ""70"", ""tot_buy_req"": ""162"", ""tot_buy_req_jub_pre"": ""--67"", ""ovt_sel_req_pre"": ""0"", ""ovt_sel_req"": ""0"", ""ovt_buy_req"": ""0"", ""ovt_buy_req_pre"": ""0"", ""return_code"": 0, ""return_msg"": ""정상적으로 처리되었습니다""}"
2026-09-10,scan_candidate,298040,2026-09-10T09:30:14.472901,0,main_scan,2880000,2732000,2880000,2878000,2880000,2881000,-0.21000000000001617,0.06944444444444445,25946000,25474665136000,102124227000,4.6084989106069685,5.417276720351391,"{""bid_req_base_tm"": ""093021"", ""sel_10th_pre_req_pre"": ""0"", ""sel_10th_pre_req"": ""1"", ""sel_10th_pre_bid"": ""-2891000"", ""sel_9th_pre_req_pre"": ""0"", ""sel_9th_pre_req"": ""13"", ""sel_9th_pre_bid"": ""-2890000"", ""sel_8th_pre_req_pre"": ""0"", ""sel_8th_pre_req"": ""6"", ""sel_8th_pre_bid"": ""-2889000"", ""sel_7th_pre_req_pre"": ""0"", ""sel_7th_pre_req"": ""2"", ""sel_7th_pre_bid"": ""-2888000"", ""sel_6th_pre_req_pre"": ""0"", ""sel_6th_pre_req"": ""7"", ""sel_6th_pre_bid"": ""-2887000"", ""sel_5th_pre_req_pre"": ""0"", ""sel_5th_pre_req"": ""6"", ""sel_5th_pre_bid"": ""-2885000"", ""sel_4th_pre_req_pre"": ""0"", ""sel_4th_pre_req"": ""2"", ""sel_4th_pre_bid"": ""-2884000"", ""sel_3th_pre_req_pre"": ""0"", ""sel_3th_pre_req"": ""2"", ""sel_3th_pre_bid"": ""-2883000"", ""sel_2th_pre_req_pre"": ""0"", ""sel_2th_pre_req"": ""1"", ""sel_2th_pre_bid"": ""-2881000"", ""sel_1th_pre_req_pre"": ""--1"", ""sel_fpr_req"": ""2"", ""sel_fpr_bid"": ""-2880000"", ""buy_fpr_bid"": ""-2878000"", ""buy_fpr_req"": ""2"", ""buy_1th_pre_req_pre"": ""0"", ""buy_2th_pre_bid"": ""-2876000"", ""buy_2th_pre_req"": ""2"", ""buy_2th_pre_req_pre"": ""0"", ""buy_3th_pre_bid"": ""-2875000"", ""buy_3th_pre_req"": ""5"", ""buy_3th_pre_req_pre"": ""0"", ""buy_4th_pre_bid"": ""-2872000"", ""buy_4th_pre_req"": ""4"", ""buy_4th_pre_req_pre"": ""0"", ""buy_5th_pre_bid"": ""-2871000"", ""buy_5th_pre_req"": ""23"", ""buy_5th_pre_req_pre"": ""0"", ""buy_6th_pre_bid"": ""-2870000"", ""buy_6th_pre_req"": ""1"", ""buy_6th_pre_req_pre"": ""0"", ""buy_7th_pre_bid"": ""-2869000"", ""buy_7th_pre_req"": ""1"", ""buy_7th_pre_req_pre"": ""0"", ""buy_8th_pre_bid"": ""-2866000"", ""buy_8th_pre_req"": ""4"", ""buy_8th_pre_req_pre"": ""0"", ""buy_9th_pre_bid"": ""-2865000"", ""buy_9th_pre_req"": ""12"", ""buy_9th_pre_req_pre"": ""0"", ""buy_10th_pre_bid"": ""-2864000"", ""buy_10th_pre_req"": ""20"", ""buy_10th_pre_req_pre"": ""0"", ""tot_sel_req_jub_pre"": ""--1"", ""tot_sel_req"": ""42"", ""tot_buy_req"": ""74"", ""tot_buy_req_jub_pre"": ""0"", ""ovt_sel_req_pre"": ""0"", ""ovt_sel_req"": ""0"", ""ovt_buy_req"": ""0"", ""ovt_buy_req_pre"": ""0"", ""return_code"": 0, ""return_msg"": ""정상적으로 처리되었습니다""}"
2026-09-10,scan_candidate,009540,2026-09-10T09:30:14.472901,0,main_scan,354000,348500,354000,353500,354000,352000,-0.9148375706214755,0.14124293785310735,204864000,24664430926000,36899184750,4.6084989106069685,1.5781922525107603,"{""bid_req_base_tm"": ""093019"", ""sel_10th_pre_req_pre"": ""0"", ""sel_10th_pre_req"": ""5"", ""sel_10th_pre_bid"": ""+358500"", ""sel_9th_pre_req_pre"": ""0"", ""sel_9th_pre_req"": ""100"", ""sel_9th_pre_bid"": ""+358000"", ""sel_8th_pre_req_pre"": ""0"", ""sel_8th_pre_req"": ""61"", ""sel_8th_pre_bid"": ""+357500"", ""sel_7th_pre_req_pre"": ""0"", ""sel_7th_pre_req"": ""198"", ""sel_7th_pre_bid"": ""+357000"", ""sel_6th_pre_req_pre"": ""0"", ""sel_6th_pre_req"": ""40"", ""sel_6th_pre_bid"": ""+356500"", ""sel_5th_pre_req_pre"": ""0"", ""sel_5th_pre_req"": ""13"", ""sel_5th_pre_bid"": ""356000"", ""sel_4th_pre_req_pre"": ""0"", ""sel_4th_pre_req"": ""128"", ""sel_4th_pre_bid"": ""-355500"", ""sel_3th_pre_req_pre"": ""0"", ""sel_3th_pre_req"": ""118"", ""sel_3th_pre_bid"": ""-355000"", ""sel_2th_pre_req_pre"": ""0"", ""sel_2th_pre_req"": ""42"", ""sel_2th_pre_bid"": ""-354500"", ""sel_1th_pre_req_pre"": ""0"", ""sel_fpr_req"": ""357"", ""sel_fpr_bid"": ""-354000"", ""buy_fpr_bid"": ""-353500"", ""buy_fpr_req"": ""53"", ""buy_1th_pre_req_pre"": ""--1"", ""buy_2th_pre_bid"": ""-353000"", ""buy_2th_pre_req"": ""43"", ""buy_2th_pre_req_pre"": ""0"", ""buy_3th_pre_bid"": ""-352500"", ""buy_3th_pre_req"": ""226"", ""buy_3th_pre_req_pre"": ""0"", ""buy_4th_pre_bid"": ""-352000"", ""buy_4th_pre_req"": ""95"", ""buy_4th_pre_req_pre"": ""0"", ""buy_5th_pre_bid"": ""-351500"", ""buy_5th_pre_req"": ""49"", ""buy_5th_pre_req_pre"": ""0"", ""buy_6th_pre_bid"": ""-351000"", ""buy_6th_pre_req"": ""38"", ""buy_6th_pre_req_pre"": ""0"", ""buy_7th_pre_bid"": ""-350500"", ""buy_7th_pre_req"": ""60"", ""buy_7th_pre_req_pre"": ""0"", ""buy_8th_pre_bid"": ""-350000"", ""buy_8th_pre_req"": ""100"", ""buy_8th_pre_req_pre"": ""0"", ""buy_9th_pre_bid"": ""-349500"", ""buy_9th_pre_req"": ""39"", ""buy_9th_pre_req_pre"": ""0"", ""buy_10th_pre_bid"": ""-349000"", ""buy_10th_pre_req"": ""58"", ""buy_10th_pre_req_pre"": ""0"", ""tot_sel_req_jub_pre"": ""0"", ""tot_sel_req"": ""1062"", ""tot_buy_req"": ""761"", ""tot_buy_req_jub_pre"": ""--1"", ""ovt_sel_req_pre"": ""0"", ""ovt_sel_req"": ""0"", ""ovt_buy_req"": ""0"", ""ovt_buy_req_pre"": ""0"", ""return_code"": 0, ""return_msg"": ""정상적으로 처리되었습니다""}"
2026-09-10,scan_candidate,316140,2026-09-10T09:30:14.472901,0,main_scan,34000,33200,34000,33950,34000,33900,-0.6503161764706046,0.14705882352941177,418582350,24461313692400,103792593875,4.6084989106069685,2.4096385542168677,"{""bid_req_base_tm"": ""093018"", ""sel_10th_pre_req_pre"": ""0"", ""sel_10th_pre_req"": ""2625"", ""sel_10th_pre_bid"": ""+34450"", ""sel_9th_pre_req_pre"": ""0"", ""sel_9th_pre_req"": ""3998"", ""sel_9th_pre_bid"": ""+34400"", ""sel_8th_pre_req_pre"": ""0"", ""sel_8th_pre_req"": ""4652"", ""sel_8th_pre_bid"": ""+34350"", ""sel_7th_pre_req_pre"": ""0"", ""sel_7th_pre_req"": ""4200"", ""sel_7th_pre_bid"": ""+34300"", ""sel_6th_pre_req_pre"": ""0"", ""sel_6th_pre_req"": ""4019"", ""sel_6th_pre_bid"": ""+34250"", ""sel_5th_pre_req_pre"": ""0"", ""sel_5th_pre_req"": ""2922"", ""sel_5th_pre_bid"": ""+34200"", ""sel_4th_pre_req_pre"": ""0"", ""sel_4th_pre_req"": ""3737"", ""sel_4th_pre_bid"": ""+34150"", ""sel_3th_pre_req_pre"": ""0"", ""sel_3th_pre_req"": ""3960"", ""sel_3th_pre_bid"": ""+34100"", ""sel_2th_pre_req_pre"": ""0"", ""sel_2th_pre_req"": ""2027"", ""sel_2th_pre_bid"": ""+34050"", ""sel_1th_pre_req_pre"": ""0"", ""sel_fpr_req"": ""3283"", ""sel_fpr_bid"": ""+34000"", ""buy_fpr_bid"": ""+33950"", ""buy_fpr_req"": ""4215"", ""buy_1th_pre_req_pre"": ""--32"", ""buy_2th_pre_bid"": ""+33900"", ""buy_2th_pre_req"": ""2471"", ""buy_2th_pre_req_pre"": ""0"", ""buy_3th_pre_bid"": ""+33850"", ""buy_3th_pre_req"": ""4608"", ""buy_3th_pre_req_pre"": ""0"", ""buy_4th_pre_bid"": ""+33800"", ""buy_4th_pre_req"": ""6558"", ""buy_4th_pre_req_pre"": ""0"", ""buy_5th_pre_bid"": ""+33750"", ""buy_5th_pre_req"": ""150"", ""buy_5th_pre_req_pre"": ""0"", ""buy_6th_pre_bid"": ""+33700"", ""buy_6th_pre_req"": ""148"", ""buy_6th_pre_req_pre"": ""0"", ""buy_7th_pre_bid"": ""+33650"", ""buy_7th_pre_req"": ""226"", ""buy_7th_pre_req_pre"": ""0"", ""buy_8th_pre_bid"": ""+33600"", ""buy_8th_pre_req"": ""476"", ""buy_8th_pre_req_pre"": ""0"", ""buy_9th_pre_bid"": ""+33550"", ""buy_9th_pre_req"": ""604"", ""buy_9th_pre_req_pre"": ""0"", ""buy_10th_pre_bid"": ""33500"", ""buy_10th_pre_req"": ""1181"", ""buy_10th_pre_req_pre"": ""0"", ""tot_sel_req_jub_pre"": ""0"", ""tot_sel_req"": ""35423"", ""tot_buy_req"": ""20637"", ""tot_buy_req_jub_pre"": ""--32"", ""ovt_sel_req_pre"": ""0"", ""ovt_sel_req"": ""0"", ""ovt_buy_req"": ""0"", ""ovt_buy_req_pre"": ""0"", ""return_code"": 0, ""return_msg"": ""정상적으로 처리되었습니다""}"
2026-09-10,scan_candidate,096770,2026-09-10T09:30:14.472901,0,main_scan,162900,138300,162900,162800,162900,163000,-0.45507059545735223,0.06138735420503376,130818200,23380000580400,176360451550,4.6084989106069685,17.787418655097614,"{""bid_req_base_tm"": ""093022"", ""sel_10th_pre_req_pre"": ""0"", ""sel_10th_pre_req"": ""110"", ""sel_10th_pre_bid"": ""+163800"", ""sel_9th_pre_req_pre"": ""0"", ""sel_9th_pre_req"": ""265"", ""sel_9th_pre_bid"": ""+163700"", ""sel_8th_pre_req_pre"": ""0"", ""sel_8th_pre_req"": ""995"", ""sel_8th_pre_bid"": ""+163600"", ""sel_7th_pre_req_pre"": ""0"", ""sel_7th_pre_req"": ""1048"", ""sel_7th_pre_bid"": ""+163500"", ""sel_6th_pre_req_pre"": ""0"", ""sel_6th_pre_req"": ""256"", ""sel_6th_pre_bid"": ""+163400"", ""sel_5th_pre_req_pre"": ""0"", ""sel_5th_pre_req"": ""231"", ""sel_5th_pre_bid"": ""+163300"", ""sel_4th_pre_req_pre"": ""0"", ""sel_4th_pre_req"": ""158"", ""sel_4th_pre_bid"": ""+163200"", ""sel_3th_pre_req_pre"": ""0"", ""sel_3th_pre_req"": ""438"", ""sel_3th_pre_bid"": ""+163100"", ""sel_2th_pre_req_pre"": ""0"", ""sel_2th_pre_req"": ""242"", ""sel_2th_pre_bid"": ""+163000"", ""sel_1th_pre_req_pre"": ""--4"", ""sel_fpr_req"": ""13"", ""sel_fpr_bid"": ""+162900"", ""buy_fpr_bid"": ""+162800"", ""buy_fpr_req"": ""1149"", ""buy_1th_pre_req_pre"": ""+10"", ""buy_2th_pre_bid"": ""+162700"", ""buy_2th_pre_req"": ""475"", ""buy_2th_pre_req_pre"": ""0"", ""buy_3th_pre_bid"": ""+162600"", ""buy_3th_pre_req"": ""704"", ""buy_3th_pre_req_pre"": ""0"", ""buy_4th_pre_bid"": ""+162500"", ""buy_4th_pre_req"": ""743"", ""buy_4th_pre_req_pre"": ""0"", ""buy_5th_pre_bid"": ""+162400"", ""buy_5th_pre_req"": ""681"", ""buy_5th_pre_req_pre"": ""0"", ""buy_6th_pre_bid"": ""+162300"", ""buy_6th_pre_req"": ""852"", ""buy_6th_pre_req_pre"": ""0"", ""buy_7th_pre_bid"": ""+162200"", ""buy_7th_pre_req"": ""631"", ""buy_7th_pre_req_pre"": ""0"", ""buy_8th_pre_bid"": ""+162100"", ""buy_8th_pre_req"": ""631"", ""buy_8th_pre_req_pre"": ""0"", ""buy_9th_pre_bid"": ""+162000"", ""buy_9th_pre_req"": ""1631"", ""buy_9th_pre_req_pre"": ""0"", ""buy_10th_pre_bid"": ""+161900"", ""buy_10th_pre_req"": ""1133"", ""buy_10th_pre_req_pre"": ""0"", ""tot_sel_req_jub_pre"": ""--4"", ""tot_sel_req"": ""3756"", ""tot_buy_req"": ""8630"", ""tot_buy_req_jub_pre"": ""+10"", ""ovt_sel_req_pre"": ""0"", ""ovt_sel_req"": ""0"", ""ovt_buy_req"": ""0"", ""ovt_buy_req_pre"": ""0"", ""return_code"": 0, ""return_msg"": ""정상적으로 처리되었습니다""}"
2026-09-10,scan_candidate,138040,2026-09-10T09:30:14.472901,0,main_scan,126400,135500,126400,126300,126400,126500,-0.5258386075949395,0.07911392405063292,33775500,22675555491500,28892006650,4.6084989106069685,-6.715867158671587,"{""bid_req_base_tm"": ""093015"", ""sel_10th_pre_req_pre"": ""0"", ""sel_10th_pre_req"": ""705"", ""sel_10th_pre_bid"": ""+127300"", ""sel_9th_pre_req_pre"": ""0"", ""sel_9th_pre_req"": ""246"", ""sel_9th_pre_bid"": ""+127200"", ""sel_8th_pre_req_pre"": ""0"", ""sel_8th_pre_req"": ""111"", ""sel_8th_pre_bid"": ""+127100"", ""sel_7th_pre_req_pre"": ""0"", ""sel_7th_pre_req"": ""78"", ""sel_7th_pre_bid"": ""+127000"", ""sel_6th_pre_req_pre"": ""0"", ""sel_6th_pre_req"": ""11"", ""sel_6th_pre_bid"": ""+126900"", ""sel_5th_pre_req_pre"": ""0"", ""sel_5th_pre_req"": ""23"", ""sel_5th_pre_bid"": ""+126800"", ""sel_4th_pre_req_pre"": ""0"", ""sel_4th_pre_req"": ""28"", ""sel_4th_pre_bid"": ""+126700"", ""sel_3th_pre_req_pre"": ""0"", ""sel_3th_pre_req"": ""63"", ""sel_3th_pre_bid"": ""+126600"", ""sel_2th_pre_req_pre"": ""0"", ""sel_2th_pre_req"": ""68"", ""sel_2th_pre_bid"": ""+126500"", ""sel_1th_pre_req_pre"": ""--1"", ""sel_fpr_req"": ""126"", ""sel_fpr_bid"": ""+126400"", ""buy_fpr_bid"": ""+126300"", ""buy_fpr_req"": ""575"", ""buy_1th_pre_req_pre"": ""0"", ""buy_2th_pre_bid"": ""+126200"", ""buy_2th_pre_req"": ""122"", ""buy_2th_pre_req_pre"": ""0"", ""buy_3th_pre_bid"": ""+126100"", ""buy_3th_pre_req"": ""131"", ""buy_3th_pre_req_pre"": ""0"", ""buy_4th_pre_bid"": ""+126000"", ""buy_4th_pre_req"": ""120"", ""buy_4th_pre_req_pre"": ""0"", ""buy_5th_pre_bid"": ""+125900"", ""buy_5th_pre_req"": ""344"", ""buy_5th_pre_req_pre"": ""0"", ""buy_6th_pre_bid"": ""+125800"", ""buy_6th_pre_req"": ""2"", ""buy_6th_pre_req_pre"": ""0"", ""buy_7th_pre_bid"": ""+125700"", ""buy_7th_pre_req"": ""21"", ""buy_7th_pre_req_pre"": ""0"", ""buy_8th_pre_bid"": ""+125600"", ""buy_8th_pre_req"": ""40"", ""buy_8th_pre_req_pre"": ""0"", ""buy_9th_pre_bid"": ""+125500"", ""buy_9th_pre_req"": ""38"", ""buy_9th_pre_req_pre"": ""0"", ""buy_10th_pre_bid"": ""+125400"", ""buy_10th_pre_req"": ""1005"", ""buy_10th_pre_req_pre"": ""0"", ""tot_sel_req_jub_pre"": ""--1"", ""tot_sel_req"": ""1459"", ""tot_buy_req"": ""2398"", ""tot_buy_req_jub_pre"": ""0"", ""ovt_sel_req_pre"": ""0"", ""ovt_sel_req"": ""0"", ""ovt_buy_req"": ""0"", ""ovt_buy_req_pre"": ""0"", ""return_code"": 0, ""return_msg"": ""정상적으로 처리되었습니다""}"
2026-09-10,scan_candidate,042700,2026-09-10T09:30:14.472901,0,main_scan,248500,230000,248500,248000,248500,248500,-0.4108148893360278,0.2012072434607646,706633000,21921806000000,217909372500,4.6084989106069685,8.043478260869565,"{""bid_req_base_tm"": ""093022"", ""sel_10th_pre_req_pre"": ""0"", ""sel_10th_pre_req"": ""1378"", ""sel_10th_pre_bid"": ""+253000"", ""sel_9th_pre_req_pre"": ""0"", ""sel_9th_pre_req"": ""562"", ""sel_9th_pre_bid"": ""+252500"", ""sel_8th_pre_req_pre"": ""0"", ""sel_8th_pre_req"": ""1075"", ""sel_8th_pre_bid"": ""+252000"", ""sel_7th_pre_req_pre"": ""0"", ""sel_7th_pre_req"": ""786"", ""sel_7th_pre_bid"": ""+251500"", ""sel_6th_pre_req_pre"": ""0"", ""sel_6th_pre_req"": ""1281"", ""sel_6th_pre_bid"": ""+251000"", ""sel_5th_pre_req_pre"": ""0"", ""sel_5th_pre_req"": ""902"", ""sel_5th_pre_bid"": ""250500"", ""sel_4th_pre_req_pre"": ""0"", ""sel_4th_pre_req"": ""1048"", ""sel_4th_pre_bid"": ""-250000"", ""sel_3th_pre_req_pre"": ""0"", ""sel_3th_pre_req"": ""574"", ""sel_3th_pre_bid"": ""-249500"", ""sel_2th_pre_req_pre"": ""0"", ""sel_2th_pre_req"": ""306"", ""sel_2th_pre_bid"": ""-249000"", ""sel_1th_pre_req_pre"": ""0"", ""sel_fpr_req"": ""915"", ""sel_fpr_bid"": ""-248500"", ""buy_fpr_bid"": ""-248000"", ""buy_fpr_req"": ""359"", ""buy_1th_pre_req_pre"": ""+16"", ""buy_2th_pre_bid"": ""-247500"", ""buy_2th_pre_req"": ""1569"", ""buy_2th_pre_req_pre"": ""0"", ""buy_3th_pre_bid"": ""-247000"", ""buy_3th_pre_req"": ""892"", ""buy_3th_pre_req_pre"": ""0"", ""buy_4th_pre_bid"": ""-246500"", ""buy_4th_pre_req"": ""215"", ""buy_4th_pre_req_pre"": ""0"", ""buy_5th_pre_bid"": ""-246000"", ""buy_5th_pre_req"": ""700"", ""buy_5th_pre_req_pre"": ""0"", ""buy_6th_pre_bid"": ""-245500"", ""buy_6th_pre_req"": ""517"", ""buy_6th_pre_req_pre"": ""0"", ""buy_7th_pre_bid"": ""-245000"", ""buy_7th_pre_req"": ""1224"", ""buy_7th_pre_req_pre"": ""0"", ""buy_8th_pre_bid"": ""-244500"", ""buy_8th_pre_req"": ""4703"", ""buy_8th_pre_req_pre"": ""0"", ""buy_9th_pre_bid"": ""-244000"", ""buy_9th_pre_req"": ""2534"", ""buy_9th_pre_req_pre"": ""0"", ""buy_10th_pre_bid"": ""-243500"", ""buy_10th_pre_req"": ""685"", ""buy_10th_pre_req_pre"": ""0"", ""tot_sel_req_jub_pre"": ""0"", ""tot_sel_req"": ""8827"", ""tot_buy_req"": ""13398"", ""tot_buy_req_jub_pre"": ""+16"", ""ovt_sel_req_pre"": ""0"", ""ovt_sel_req"": ""0"", ""ovt_buy_req"": ""0"", ""ovt_buy_req_pre"": ""0"", ""return_code"": 0, ""return_msg"": ""정상적으로 처리되었습니다""}"
2026-09-10,scan_candidate,015760,2026-09-10T09:30:14.472901,0,main_scan,33150,32150,33150,33100,33150,33300,0.09107088989440439,0.1508295625942685,218083600,20639145075550,27758353750,4.6084989106069685,3.1104199066874028,"{""bid_req_base_tm"": ""093022"", ""sel_10th_pre_req_pre"": ""0"", ""sel_10th_pre_req"": ""118"", ""sel_10th_pre_bid"": ""-33600"", ""sel_9th_pre_req_pre"": ""0"", ""sel_9th_pre_req"": ""506"", ""sel_9th_pre_bid"": ""-33550"", ""sel_8th_pre_req_pre"": ""0"", ""sel_8th_pre_req"": ""2514"", ""sel_8th_pre_bid"": ""-33500"", ""sel_7th_pre_req_pre"": ""0"", ""sel_7th_pre_req"": ""389"", ""sel_7th_pre_bid"": ""-33450"", ""sel_6th_pre_req_pre"": ""0"", ""sel_6th_pre_req"": ""689"", ""sel_6th_pre_bid"": ""-33400"", ""sel_5th_pre_req_pre"": ""0"", ""sel_5th_pre_req"": ""1781"", ""sel_5th_pre_bid"": ""-33350"", ""sel_4th_pre_req_pre"": ""0"", ""sel_4th_pre_req"": ""606"", ""sel_4th_pre_bid"": ""-33300"", ""sel_3th_pre_req_pre"": ""0"", ""sel_3th_pre_req"": ""4883"", ""sel_3th_pre_bid"": ""-33250"", ""sel_2th_pre_req_pre"": ""0"", ""sel_2th_pre_req"": ""1073"", ""sel_2th_pre_bid"": ""-33200"", ""sel_1th_pre_req_pre"": ""0"", ""sel_fpr_req"": ""413"", ""sel_fpr_bid"": ""-33150"", ""buy_fpr_bid"": ""-33100"", ""buy_fpr_req"": ""3220"", ""buy_1th_pre_req_pre"": ""0"", ""buy_2th_pre_bid"": ""-33050"", ""buy_2th_pre_req"": ""5795"", ""buy_2th_pre_req_pre"": ""0"", ""buy_3th_pre_bid"": ""-33000"", ""buy_3th_pre_req"": ""4053"", ""buy_3th_pre_req_pre"": ""0"", ""buy_4th_pre_bid"": ""-32950"", ""buy_4th_pre_req"": ""1090"", ""buy_4th_pre_req_pre"": ""0"", ""buy_5th_pre_bid"": ""-32900"", ""buy_5th_pre_req"": ""1212"", ""buy_5th_pre_req_pre"": ""0"", ""buy_6th_pre_bid"": ""-32850"", ""buy_6th_pre_req"": ""1164"", ""buy_6th_pre_req_pre"": ""0"", ""buy_7th_pre_bid"": ""-32800"", ""buy_7th_pre_req"": ""2908"", ""buy_7th_pre_req_pre"": ""+20"", ""buy_8th_pre_bid"": ""-32750"", ""buy_8th_pre_req"": ""5494"", ""buy_8th_pre_req_pre"": ""0"", ""buy_9th_pre_bid"": ""-32700"", ""buy_9th_pre_req"": ""7534"", ""buy_9th_pre_req_pre"": ""0"", ""buy_10th_pre_bid"": ""-32650"", ""buy_10th_pre_req"": ""2896"", ""buy_10th_pre_req_pre"": ""0"", ""tot_sel_req_jub_pre"": ""0"", ""tot_sel_req"": ""12972"", ""tot_buy_req"": ""35366"", ""tot_buy_req_jub_pre"": ""+20"", ""ovt_sel_req_pre"": ""0"", ""ovt_sel_req"": ""0"", ""ovt_buy_req"": ""0"", ""ovt_buy_req_pre"": ""0"", ""return_code"": 0, ""return_msg"": ""정상적으로 처리되었습니다""}"
2026-09-10,scan_candidate,051910,2026-09-10T09:30:14.472901,0,main_scan,295000,282000,295000,294500,295000,294000,-0.7174830508474616,0.1694915254237288,135179500,19907040726000,51093224250,4.6084989106069685,4.609929078014184,"{""bid_req_base_tm"": ""093022"", ""sel_10th_pre_req_pre"": ""0"", ""sel_10th_pre_req"": ""2839"", ""sel_10th_pre_bid"": ""+299500"", ""sel_9th_pre_req_pre"": ""0"", ""sel_9th_pre_req"": ""2262"", ""sel_9th_pre_bid"": ""+299000"", ""sel_8th_pre_req_pre"": ""0"", ""sel_8th_pre_req"": ""1937"", ""sel_8th_pre_bid"": ""+298500"", ""sel_7th_pre_req_pre"": ""0"", ""sel_7th_pre_req"": ""829"", ""sel_7th_pre_bid"": ""+298000"", ""sel_6th_pre_req_pre"": ""0"", ""sel_6th_pre_req"": ""343"", ""sel_6th_pre_bid"": ""+297500"", ""sel_5th_pre_req_pre"": ""0"", ""sel_5th_pre_req"": ""149"", ""sel_5th_pre_bid"": ""+297000"", ""sel_4th_pre_req_pre"": ""0"", ""sel_4th_pre_req"": ""52"", ""sel_4th_pre_bid"": ""+296500"", ""sel_3th_pre_req_pre"": ""0"", ""sel_3th_pre_req"": ""98"", ""sel_3th_pre_bid"": ""+296000"", ""sel_2th_pre_req_pre"": ""0"", ""sel_2th_pre_req"": ""158"", ""sel_2th_pre_bid"": ""+295500"", ""sel_1th_pre_req_pre"": ""+5"", ""sel_fpr_req"": ""123"", ""sel_fpr_bid"": ""+295000"", ""buy_fpr_bid"": ""+294500"", ""buy_fpr_req"": ""302"", ""buy_1th_pre_req_pre"": ""0"", ""buy_2th_pre_bid"": ""+294000"", ""buy_2th_pre_req"": ""424"", ""buy_2th_pre_req_pre"": ""0"", ""buy_3th_pre_bid"": ""+293500"", ""buy_3th_pre_req"": ""528"", ""buy_3th_pre_req_pre"": ""0"", ""buy_4th_pre_bid"": ""+293000"", ""buy_4th_pre_req"": ""103"", ""buy_4th_pre_req_pre"": ""0"", ""buy_5th_pre_bid"": ""+292500"", ""buy_5th_pre_req"": ""80"", ""buy_5th_pre_req_pre"": ""0"", ""buy_6th_pre_bid"": ""+292000"", ""buy_6th_pre_req"": ""67"", ""buy_6th_pre_req_pre"": ""0"", ""buy_7th_pre_bid"": ""+291500"", ""buy_7th_pre_req"": ""25"", ""buy_7th_pre_req_pre"": ""0"", ""buy_8th_pre_bid"": ""+291000"", ""buy_8th_pre_req"": ""50"", ""buy_8th_pre_req_pre"": ""0"", ""buy_9th_pre_bid"": ""+290500"", ""buy_9th_pre_req"": ""32"", ""buy_9th_pre_req_pre"": ""0"", ""buy_10th_pre_bid"": ""+290000"", ""buy_10th_pre_req"": ""88"", ""buy_10th_pre_req_pre"": ""0"", ""tot_sel_req_jub_pre"": ""+5"", ""tot_sel_req"": ""8790"", ""tot_buy_req"": ""1699"", ""tot_buy_req_jub_pre"": ""0"", ""ovt_sel_req_pre"": ""0"", ""ovt_sel_req"": ""0"", ""ovt_buy_req"": ""0"", ""ovt_buy_req_pre"": ""0"", ""return_code"": 0, ""return_msg"": ""정상적으로 처리되었습니다""}"
2026-09-10,scan_candidate,017670,2026-09-10T09:30:14.472901,0,main_scan,90500,92500,90500,90400,90500,90800,0.010563535911583558,0.11049723756906078,163081900,19868079902500,83894875450,4.6084989106069685,-2.1621621621621623,"{""bid_req_base_tm"": ""093023"", ""sel_10th_pre_req_pre"": ""0"", ""sel_10th_pre_req"": ""342"", ""sel_10th_pre_bid"": ""+91400"", ""sel_9th_pre_req_pre"": ""0"", ""sel_9th_pre_req"": ""3072"", ""sel_9th_pre_bid"": ""91300"", ""sel_8th_pre_req_pre"": ""0"", ""sel_8th_pre_req"": ""921"", ""sel_8th_pre_bid"": ""-91200"", ""sel_7th_pre_req_pre"": ""0"", ""sel_7th_pre_req"": ""302"", ""sel_7th_pre_bid"": ""-91100"", ""sel_6th_pre_req_pre"": ""0"", ""sel_6th_pre_req"": ""1336"", ""sel_6th_pre_bid"": ""-91000"", ""sel_5th_pre_req_pre"": ""0"", ""sel_5th_pre_req"": ""571"", ""sel_5th_pre_bid"": ""-90900"", ""sel_4th_pre_req_pre"": ""0"", ""sel_4th_pre_req"": ""440"", ""sel_4th_pre_bid"": ""-90800"", ""sel_3th_pre_req_pre"": ""0"", ""sel_3th_pre_req"": ""299"", ""sel_3th_pre_bid"": ""-90700"", ""sel_2th_pre_req_pre"": ""--7"", ""sel_2th_pre_req"": ""125"", ""sel_2th_pre_bid"": ""-90600"", ""sel_1th_pre_req_pre"": ""+8"", ""sel_fpr_req"": ""845"", ""sel_fpr_bid"": ""-90500"", ""buy_fpr_bid"": ""-90400"", ""buy_fpr_req"": ""1338"", ""buy_1th_pre_req_pre"": ""0"", ""buy_2th_pre_bid"": ""-90300"", ""buy_2th_pre_req"": ""918"", ""buy_2th_pre_req_pre"": ""0"", ""buy_3th_pre_bid"": ""-90200"", ""buy_3th_pre_req"": ""1609"", ""buy_3th_pre_req_pre"": ""0"", ""buy_4th_pre_bid"": ""-90100"", ""buy_4th_pre_req"": ""1664"", ""buy_4th_pre_req_pre"": ""0"", ""buy_5th_pre_bid"": ""-90000"", ""buy_5th_pre_req"": ""6306"", ""buy_5th_pre_req_pre"": ""0"", ""buy_6th_pre_bid"": ""-89900"", ""buy_6th_pre_req"": ""1112"", ""buy_6th_pre_req_pre"": ""0"", ""buy_7th_pre_bid"": ""-89800"", ""buy_7th_pre_req"": ""2474"", ""buy_7th_pre_req_pre"": ""0"", ""buy_8th_pre_bid"": ""-89700"", ""buy_8th_pre_req"": ""1235"", ""buy_8th_pre_req_pre"": ""0"", ""buy_9th_pre_bid"": ""-89600"", ""buy_9th_pre_req"": ""1734"", ""buy_9th_pre_req_pre"": ""0"", ""buy_10th_pre_bid"": ""-89500"", ""buy_10th_pre_req"": ""5387"", ""buy_10th_pre_req_pre"": ""0"", ""tot_sel_req_jub_pre"": ""+1"", ""tot_sel_req"": ""8253"", ""tot_buy_req"": ""23777"", ""tot_buy_req_jub_pre"": ""0"", ""ovt_sel_req_pre"": ""0"", ""ovt_sel_req"": ""0"", ""ovt_buy_req"": ""0"", ""ovt_buy_req_pre"": ""0"", ""return_code"": 0, ""return_msg"": ""정상적으로 처리되었습니다""}"
2026-09-10,scan_candidate,011200,2026-09-10T09:30:14.472901,0,main_scan,21050,21050,21050,21000,21050,20900,-1.1582660332541679,0.23752969121140144,331993500,19855159268500,18511901550,4.6084989106069685,0.0,"{""bid_req_base_tm"": ""093023"", ""sel_10th_pre_req_pre"": ""0"", ""sel_10th_pre_req"": ""8225"", ""sel_10th_pre_bid"": ""+21500"", ""sel_9th_pre_req_pre"": ""0"", ""sel_9th_pre_req"": ""7456"", ""sel_9th_pre_bid"": ""+21450"", ""sel_8th_pre_req_pre"": ""0"", ""sel_8th_pre_req"": ""6232"", ""sel_8th_pre_bid"": ""+21400"", ""sel_7th_pre_req_pre"": ""0"", ""sel_7th_pre_req"": ""12747"", ""sel_7th_pre_bid"": ""+21350"", ""sel_6th_pre_req_pre"": ""0"", ""sel_6th_pre_req"": ""9559"", ""sel_6th_pre_bid"": ""+21300"", ""sel_5th_pre_req_pre"": ""+27"", ""sel_5th_pre_req"": ""7099"", ""sel_5th_pre_bid"": ""+21250"", ""sel_4th_pre_req_pre"": ""--27"", ""sel_4th_pre_req"": ""4975"", ""sel_4th_pre_bid"": ""+21200"", ""sel_3th_pre_req_pre"": ""0"", ""sel_3th_pre_req"": ""6513"", ""sel_3th_pre_bid"": ""+21150"", ""sel_2th_pre_req_pre"": ""0"", ""sel_2th_pre_req"": ""3072"", ""sel_2th_pre_bid"": ""+21100"", ""sel_1th_pre_req_pre"": ""0"", ""sel_fpr_req"": ""622"", ""sel_fpr_bid"": ""+21050"", ""buy_fpr_bid"": ""+21000"", ""buy_fpr_req"": ""628"", ""buy_1th_pre_req_pre"": ""0"", ""buy_2th_pre_bid"": ""+20950"", ""buy_2th_pre_req"": ""1343"", ""buy_2th_pre_req_pre"": ""0"", ""buy_3th_pre_bid"": ""+20900"", ""buy_3th_pre_req"": ""3812"", ""buy_3th_pre_req_pre"": ""0"", ""buy_4th_pre_bid"": ""20850"", ""buy_4th_pre_req"": ""702"", ""buy_4th_pre_req_pre"": ""0"", ""buy_5th_pre_bid"": ""-20800"", ""buy_5th_pre_req"": ""2881"", ""buy_5th_pre_req_pre"": ""0"", ""buy_6th_pre_bid"": ""-20750"", ""buy_6th_pre_req"": ""4348"", ""buy_6th_pre_req_pre"": ""0"", ""buy_7th_pre_bid"": ""-20700"", ""buy_7th_pre_req"": ""5234"", ""buy_7th_pre_req_pre"": ""0"", ""buy_8th_pre_bid"": ""-20650"", ""buy_8th_pre_req"": ""4942"", ""buy_8th_pre_req_pre"": ""0"", ""buy_9th_pre_bid"": ""-20600"", ""buy_9th_pre_req"": ""7958"", ""buy_9th_pre_req_pre"": ""0"", ""buy_10th_pre_bid"": ""-20550"", ""buy_10th_pre_req"": ""16429"", ""buy_10th_pre_req_pre"": ""0"", ""tot_sel_req_jub_pre"": ""0"", ""tot_sel_req"": ""66500"", ""tot_buy_req"": ""48277"", ""tot_buy_req_jub_pre"": ""0"", ""ovt_sel_req_pre"": ""0"", ""ovt_sel_req"": ""0"", ""ovt_buy_req"": ""0"", ""ovt_buy_req_pre"": ""0"", ""return_code"": 0, ""return_msg"": ""정상적으로 처리되었습니다""}"
2026-09-10,scan_candidate,267250,2026-09-10T09:30:14.472901,0,main_scan,257500,240500,257500,256500,257500,255000,-1.3727766990291352,0.3883495145631068,89013000,18997836942500,64246430250,4.6084989106069685,7.0686070686070686,"{""bid_req_base_tm"": ""093022"", ""sel_10th_pre_req_pre"": ""0"", ""sel_10th_pre_req"": ""260"", ""sel_10th_pre_bid"": ""+262000"", ""sel_9th_pre_req_pre"": ""0"", ""sel_9th_pre_req"": ""82"", ""sel_9th_pre_bid"": ""+261500"", ""sel_8th_pre_req_pre"": ""0"", ""sel_8th_pre_req"": ""672"", ""sel_8th_pre_bid"": ""+261000"", ""sel_7th_pre_req_pre"": ""0"", ""sel_7th_pre_req"": ""198"", ""sel_7th_pre_bid"": ""+260500"", ""sel_6th_pre_req_pre"": ""0"", ""sel_6th_pre_req"": ""83"", ""sel_6th_pre_bid"": ""+260000"", ""sel_5th_pre_req_pre"": ""0"", ""sel_5th_pre_req"": ""14"", ""sel_5th_pre_bid"": ""+259500"", ""sel_4th_pre_req_pre"": ""0"", ""sel_4th_pre_req"": ""25"", ""sel_4th_pre_bid"": ""+259000"", ""sel_3th_pre_req_pre"": ""0"", ""sel_3th_pre_req"": ""51"", ""sel_3th_pre_bid"": ""+258500"", ""sel_2th_pre_req_pre"": ""0"", ""sel_2th_pre_req"": ""212"", ""sel_2th_pre_bid"": ""+258000"", ""sel_1th_pre_req_pre"": ""+1"", ""sel_fpr_req"": ""92"", ""sel_fpr_bid"": ""+257500"", ""buy_fpr_bid"": ""+256500"", ""buy_fpr_req"": ""102"", ""buy_1th_pre_req_pre"": ""0"", ""buy_2th_pre_bid"": ""+256000"", ""buy_2th_pre_req"": ""15"", ""buy_2th_pre_req_pre"": ""0"", ""buy_3th_pre_bid"": ""+255500"", ""buy_3th_pre_req"": ""44"", ""buy_3th_pre_req_pre"": ""0"", ""buy_4th_pre_bid"": ""255000"", ""buy_4th_pre_req"": ""66"", ""buy_4th_pre_req_pre"": ""0"", ""buy_5th_pre_bid"": ""-254500"", ""buy_5th_pre_req"": ""52"", ""buy_5th_pre_req_pre"": ""0"", ""buy_6th_pre_bid"": ""-254000"", ""buy_6th_pre_req"": ""48"", ""buy_6th_pre_req_pre"": ""0"", ""buy_7th_pre_bid"": ""-253500"", ""buy_7th_pre_req"": ""54"", ""buy_7th_pre_req_pre"": ""0"", ""buy_8th_pre_bid"": ""-253000"", ""buy_8th_pre_req"": ""25"", ""buy_8th_pre_req_pre"": ""0"", ""buy_9th_pre_bid"": ""-252500"", ""buy_9th_pre_req"": ""143"", ""buy_9th_pre_req_pre"": ""0"", ""buy_10th_pre_bid"": ""-252000"", ""buy_10th_pre_req"": ""54"", ""buy_10th_pre_req_pre"": ""0"", ""tot_sel_req_jub_pre"": ""+1"", ""tot_sel_req"": ""1689"", ""tot_buy_req"": ""603"", ""tot_buy_req_jub_pre"": ""0"", ""ovt_sel_req_pre"": ""0"", ""ovt_sel_req"": ""0"", ""ovt_buy_req"": ""0"", ""ovt_buy_req_pre"": ""0"", ""return_code"": 0, ""return_msg"": ""정상적으로 처리되었습니다""}"
2026-09-10,scan_candidate,010140,2026-09-10T09:30:14.472901,0,main_scan,21400,21400,21400,21350,21400,21500,0.0231892523364384,0.23364485981308408,380758650,18832000000000,71941017800,4.6084989106069685,0.0,"{""bid_req_base_tm"": ""093023"", ""sel_10th_pre_req_pre"": ""0"", ""sel_10th_pre_req"": ""9010"", ""sel_10th_pre_bid"": ""+21850"", ""sel_9th_pre_req_pre"": ""0"", ""sel_9th_pre_req"": ""28774"", ""sel_9th_pre_bid"": ""+21800"", ""sel_8th_pre_req_pre"": ""0"", ""sel_8th_pre_req"": ""28191"", ""sel_8th_pre_bid"": ""+21750"", ""sel_7th_pre_req_pre"": ""0"", ""sel_7th_pre_req"": ""12559"", ""sel_7th_pre_bid"": ""+21700"", ""sel_6th_pre_req_pre"": ""0"", ""sel_6th_pre_req"": ""6986"", ""sel_6th_pre_bid"": ""+21650"", ""sel_5th_pre_req_pre"": ""0"", ""sel_5th_pre_req"": ""503"", ""sel_5th_pre_bid"": ""21600"", ""sel_4th_pre_req_pre"": ""0"", ""sel_4th_pre_req"": ""1114"", ""sel_4th_pre_bid"": ""-21550"", ""sel_3th_pre_req_pre"": ""0"", ""sel_3th_pre_req"": ""4169"", ""sel_3th_pre_bid"": ""-21500"", ""sel_2th_pre_req_pre"": ""0"", ""sel_2th_pre_req"": ""7940"", ""sel_2th_pre_bid"": ""-21450"", ""sel_1th_pre_req_pre"": ""--2"", ""sel_fpr_req"": ""6430"", ""sel_fpr_bid"": ""-21400"", ""buy_fpr_bid"": ""-21350"", ""buy_fpr_req"": ""6387"", ""buy_1th_pre_req_pre"": ""0"", ""buy_2th_pre_bid"": ""-21300"", ""buy_2th_pre_req"": ""16452"", ""buy_2th_pre_req_pre"": ""0"", ""buy_3th_pre_bid"": ""-21250"", ""buy_3th_pre_req"": ""13770"", ""buy_3th_pre_req_pre"": ""0"", ""buy_4th_pre_bid"": ""-21200"", ""buy_4th_pre_req"": ""15445"", ""buy_4th_pre_req_pre"": ""0"", ""buy_5th_pre_bid"": ""-21150"", ""buy_5th_pre_req"": ""10235"", ""buy_5th_pre_req_pre"": ""0"", ""buy_6th_pre_bid"": ""-21100"", ""buy_6th_pre_req"": ""11664"", ""buy_6th_pre_req_pre"": ""0"", ""buy_7th_pre_bid"": ""-21050"", ""buy_7th_pre_req"": ""11690"", ""buy_7th_pre_req_pre"": ""0"", ""buy_8th_pre_bid"": ""-21000"", ""buy_8th_pre_req"": ""22531"", ""buy_8th_pre_req_pre"": ""0"", ""buy_9th_pre_bid"": ""-20950"", ""buy_9th_pre_req"": ""9883"", ""buy_9th_pre_req_pre"": ""0"", ""buy_10th_pre_bid"": ""-20900"", ""buy_10th_pre_req"": ""6297"", ""buy_10th_pre_req_pre"": ""0"", ""tot_sel_req_jub_pre"": ""--2"", ""tot_sel_req"": ""105676"", ""tot_buy_req"": ""124354"", ""tot_buy_req_jub_pre"": ""0"", ""ovt_sel_req_pre"": ""0"", ""ovt_sel_req"": ""0"", ""ovt_buy_req"": ""0"", ""ovt_buy_req_pre"": ""0"", ""return_code"": 0, ""return_msg"": ""정상적으로 처리되었습니다""}"
2026-09-10,scan_candidate,006800,2026-09-10T09:30:14.472901,0,main_scan,34450,34450,34450,34400,34450,34500,-0.21000000000000338,0.14513788098693758,271848950,18707075206950,36546092175,4.6084989106069685,0.0,"{""bid_req_base_tm"": ""093023"", ""sel_10th_pre_req_pre"": ""0"", ""sel_10th_pre_req"": ""1711"", ""sel_10th_pre_bid"": ""-34900"", ""sel_9th_pre_req_pre"": ""0"", ""sel_9th_pre_req"": ""1017"", ""sel_9th_pre_bid"": ""-34850"", ""sel_8th_pre_req_pre"": ""0"", ""sel_8th_pre_req"": ""353"", ""sel_8th_pre_bid"": ""-34800"", ""sel_7th_pre_req_pre"": ""0"", ""sel_7th_pre_req"": ""1832"", ""sel_7th_pre_bid"": ""-34750"", ""sel_6th_pre_req_pre"": ""0"", ""sel_6th_pre_req"": ""1028"", ""sel_6th_pre_bid"": ""-34700"", ""sel_5th_pre_req_pre"": ""0"", ""sel_5th_pre_req"": ""633"", ""sel_5th_pre_bid"": ""-34650"", ""sel_4th_pre_req_pre"": ""0"", ""sel_4th_pre_req"": ""6531"", ""sel_4th_pre_bid"": ""-34600"", ""sel_3th_pre_req_pre"": ""0"", ""sel_3th_pre_req"": ""246"", ""sel_3th_pre_bid"": ""-34550"", ""sel_2th_pre_req_pre"": ""0"", ""sel_2th_pre_req"": ""1209"", ""sel_2th_pre_bid"": ""-34500"", ""sel_1th_pre_req_pre"": ""0"", ""sel_fpr_req"": ""1896"", ""sel_fpr_bid"": ""-34450"", ""buy_fpr_bid"": ""-34400"", ""buy_fpr_req"": ""1196"", ""buy_1th_pre_req_pre"": ""0"", ""buy_2th_pre_bid"": ""-34350"", ""buy_2th_pre_req"": ""1735"", ""buy_2th_pre_req_pre"": ""0"", ""buy_3th_pre_bid"": ""-34300"", ""buy_3th_pre_req"": ""1201"", ""buy_3th_pre_req_pre"": ""0"", ""buy_4th_pre_bid"": ""-34250"", ""buy_4th_pre_req"": ""3516"", ""buy_4th_pre_req_pre"": ""0"", ""buy_5th_pre_bid"": ""-34200"", ""buy_5th_pre_req"": ""2271"", ""buy_5th_pre_req_pre"": ""0"", ""buy_6th_pre_bid"": ""-34150"", ""buy_6th_pre_req"": ""1436"", ""buy_6th_pre_req_pre"": ""0"", ""buy_7th_pre_bid"": ""-34100"", ""buy_7th_pre_req"": ""3737"", ""buy_7th_pre_req_pre"": ""0"", ""buy_8th_pre_bid"": ""-34050"", ""buy_8th_pre_req"": ""4719"", ""buy_8th_pre_req_pre"": ""0"", ""buy_9th_pre_bid"": ""-34000"", ""buy_9th_pre_req"": ""6565"", ""buy_9th_pre_req_pre"": ""0"", ""buy_10th_pre_bid"": ""-33950"", ""buy_10th_pre_req"": ""631"", ""buy_10th_pre_req_pre"": ""0"", ""tot_sel_req_jub_pre"": ""0"", ""tot_sel_req"": ""16456"", ""tot_buy_req"": ""27007"", ""tot_buy_req_jub_pre"": ""0"", ""ovt_sel_req_pre"": ""0"", ""ovt_sel_req"": ""0"", ""ovt_buy_req"": ""0"", ""ovt_buy_req_pre"": ""0"", ""return_code"": 0, ""return_msg"": ""정상적으로 처리되었습니다""}"
2026-09-10,scan_candidate,000150,2026-09-10T09:30:14.472901,0,main_scan,1284000,1142000,1284000,1280000,1284000,1283000,-0.3654595015576324,0.3115264797507788,89985000,18493359570000,34251980500,4.6084989106069685,12.43432574430823,"{""bid_req_base_tm"": ""093022"", ""sel_10th_pre_req_pre"": ""0"", ""sel_10th_pre_req"": ""6"", ""sel_10th_pre_bid"": ""-1293000"", ""sel_9th_pre_req_pre"": ""0"", ""sel_9th_pre_req"": ""2"", ""sel_9th_pre_bid"": ""-1292000"", ""sel_8th_pre_req_pre"": ""0"", ""sel_8th_pre_req"": ""38"", ""sel_8th_pre_bid"": ""-1291000"", ""sel_7th_pre_req_pre"": ""0"", ""sel_7th_pre_req"": ""15"", ""sel_7th_pre_bid"": ""-1290000"", ""sel_6th_pre_req_pre"": ""0"", ""sel_6th_pre_req"": ""12"", ""sel_6th_pre_bid"": ""-1289000"", ""sel_5th_pre_req_pre"": ""0"", ""sel_5th_pre_req"": ""1"", ""sel_5th_pre_bid"": ""-1288000"", ""sel_4th_pre_req_pre"": ""0"", ""sel_4th_pre_req"": ""12"", ""sel_4th_pre_bid"": ""-1287000"", ""sel_3th_pre_req_pre"": ""0"", ""sel_3th_pre_req"": ""32"", ""sel_3th_pre_bid"": ""-1286000"", ""sel_2th_pre_req_pre"": ""0"", ""sel_2th_pre_req"": ""30"", ""sel_2th_pre_bid"": ""-1285000"", ""sel_1th_pre_req_pre"": ""0"", ""sel_fpr_req"": ""9"", ""sel_fpr_bid"": ""-1284000"", ""buy_fpr_bid"": ""-1280000"", ""buy_fpr_req"": ""31"", ""buy_1th_pre_req_pre"": ""+15"", ""buy_2th_pre_bid"": ""-1279000"", ""buy_2th_pre_req"": ""1"", ""buy_2th_pre_req_pre"": ""0"", ""buy_3th_pre_bid"": ""-1278000"", ""buy_3th_pre_req"": ""12"", ""buy_3th_pre_req_pre"": ""0"", ""buy_4th_pre_bid"": ""-1277000"", ""buy_4th_pre_req"": ""7"", ""buy_4th_pre_req_pre"": ""0"", ""buy_5th_pre_bid"": ""-1276000"", ""buy_5th_pre_req"": ""20"", ""buy_5th_pre_req_pre"": ""0"", ""buy_6th_pre_bid"": ""-1275000"", ""buy_6th_pre_req"": ""55"", ""buy_6th_pre_req_pre"": ""0"", ""buy_7th_pre_bid"": ""-1274000"", ""buy_7th_pre_req"": ""9"", ""buy_7th_pre_req_pre"": ""0"", ""buy_8th_pre_bid"": ""-1273000"", ""buy_8th_pre_req"": ""21"", ""buy_8th_pre_req_pre"": ""0"", ""buy_9th_pre_bid"": ""-1272000"", ""buy_9th_pre_req"": ""12"", ""buy_9th_pre_req_pre"": ""0"", ""buy_10th_pre_bid"": ""-1271000"", ""buy_10th_pre_req"": ""52"", ""buy_10th_pre_req_pre"": ""0"", ""tot_sel_req_jub_pre"": ""0"", ""tot_sel_req"": ""157"", ""tot_buy_req"": ""220"", ""tot_buy_req_jub_pre"": ""+52"", ""ovt_sel_req_pre"": ""0"", ""ovt_sel_req"": ""0"", ""ovt_buy_req"": ""0"", ""ovt_buy_req_pre"": ""0"", ""return_code"": 0, ""return_msg"": ""정상적으로 처리되었습니다""}"
2026-09-10,scan_candidate,018260,2026-09-10T09:30:14.472901,0,main_scan,221000,238000,221000,220500,221000,222500,0.24160633484162108,0.22624434389140274,200886000,18415916400000,50517313250,4.6084989106069685,-7.142857142857142,"{""bid_req_base_tm"": ""093023"", ""sel_10th_pre_req_pre"": ""0"", ""sel_10th_pre_req"": ""169"", ""sel_10th_pre_bid"": ""+225500"", ""sel_9th_pre_req_pre"": ""0"", ""sel_9th_pre_req"": ""169"", ""sel_9th_pre_bid"": ""+225000"", ""sel_8th_pre_req_pre"": ""0"", ""sel_8th_pre_req"": ""338"", ""sel_8th_pre_bid"": ""224500"", ""sel_7th_pre_req_pre"": ""0"", ""sel_7th_pre_req"": ""139"", ""sel_7th_pre_bid"": ""-224000"", ""sel_6th_pre_req_pre"": ""0"", ""sel_6th_pre_req"": ""73"", ""sel_6th_pre_bid"": ""-223500"", ""sel_5th_pre_req_pre"": ""0"", ""sel_5th_pre_req"": ""20"", ""sel_5th_pre_bid"": ""-223000"", ""sel_4th_pre_req_pre"": ""0"", ""sel_4th_pre_req"": ""32"", ""sel_4th_pre_bid"": ""-222500"", ""sel_3th_pre_req_pre"": ""0"", ""sel_3th_pre_req"": ""93"", ""sel_3th_pre_bid"": ""-222000"", ""sel_2th_pre_req_pre"": ""0"", ""sel_2th_pre_req"": ""208"", ""sel_2th_pre_bid"": ""-221500"", ""sel_1th_pre_req_pre"": ""0"", ""sel_fpr_req"": ""619"", ""sel_fpr_bid"": ""-221000"", ""buy_fpr_bid"": ""-220500"", ""buy_fpr_req"": ""829"", ""buy_1th_pre_req_pre"": ""+100"", ""buy_2th_pre_bid"": ""-220000"", ""buy_2th_pre_req"": ""3051"", ""buy_2th_pre_req_pre"": ""0"", ""buy_3th_pre_bid"": ""-219500"", ""buy_3th_pre_req"": ""886"", ""buy_3th_pre_req_pre"": ""0"", ""buy_4th_pre_bid"": ""-219000"", ""buy_4th_pre_req"": ""967"", ""buy_4th_pre_req_pre"": ""0"", ""buy_5th_pre_bid"": ""-218500"", ""buy_5th_pre_req"": ""1599"", ""buy_5th_pre_req_pre"": ""0"", ""buy_6th_pre_bid"": ""-218000"", ""buy_6th_pre_req"": ""832"", ""buy_6th_pre_req_pre"": ""0"", ""buy_7th_pre_bid"": ""-217500"", ""buy_7th_pre_req"": ""927"", ""buy_7th_pre_req_pre"": ""0"", ""buy_8th_pre_bid"": ""-217000"", ""buy_8th_pre_req"": ""533"", ""buy_8th_pre_req_pre"": ""0"", ""buy_9th_pre_bid"": ""-216500"", ""buy_9th_pre_req"": ""327"", ""buy_9th_pre_req_pre"": ""0"", ""buy_10th_pre_bid"": ""-216000"", ""buy_10th_pre_req"": ""232"", ""buy_10th_pre_req_pre"": ""0"", ""tot_sel_req_jub_pre"": ""0"", ""tot_sel_req"": ""1860"", ""tot_buy_req"": ""10183"", ""tot_buy_req_jub_pre"": ""+100"", ""ovt_sel_req_pre"": ""0"", ""ovt_sel_req"": ""0"", ""ovt_buy_req"": ""0"", ""ovt_buy_req_pre"": ""0"", ""return_code"": 0, ""return_msg"": ""정상적으로 처리되었습니다""}"
2026-09-10,scan_candidate,003550,2026-09-10T09:30:14.472901,0,main_scan,119200,121100,119200,119100,119200,119500,-0.3774580536912815,0.08389261744966443,27776900,18309351684400,42875212550,4.6084989106069685,-1.568951279933939,"{""bid_req_base_tm"": ""093024"", ""sel_10th_pre_req_pre"": ""0"", ""sel_10th_pre_req"": ""220"", ""sel_10th_pre_bid"": ""+120500"", ""sel_9th_pre_req_pre"": ""0"", ""sel_9th_pre_req"": ""202"", ""sel_9th_pre_bid"": ""+120400"", ""sel_8th_pre_req_pre"": ""0"", ""sel_8th_pre_req"": ""124"", ""sel_8th_pre_bid"": ""+120300"", ""sel_7th_pre_req_pre"": ""0"", ""sel_7th_pre_req"": ""1"", ""sel_7th_pre_bid"": ""+120200"", ""sel_6th_pre_req_pre"": ""0"", ""sel_6th_pre_req"": ""9"", ""sel_6th_pre_bid"": ""+120100"", ""sel_5th_pre_req_pre"": ""0"", ""sel_5th_pre_req"": ""241"", ""sel_5th_pre_bid"": ""+120000"", ""sel_4th_pre_req_pre"": ""0"", ""sel_4th_pre_req"": ""14"", ""sel_4th_pre_bid"": ""+119800"", ""sel_3th_pre_req_pre"": ""0"", ""sel_3th_pre_req"": ""25"", ""sel_3th_pre_bid"": ""+119500"", ""sel_2th_pre_req_pre"": ""+8"", ""sel_2th_pre_req"": ""47"", ""sel_2th_pre_bid"": ""+119300"", ""sel_1th_pre_req_pre"": ""0"", ""sel_fpr_req"": ""28"", ""sel_fpr_bid"": ""+119200"", ""buy_fpr_bid"": ""119100"", ""buy_fpr_req"": ""669"", ""buy_1th_pre_req_pre"": ""0"", ""buy_2th_pre_bid"": ""-119000"", ""buy_2th_pre_req"": ""733"", ""buy_2th_pre_req_pre"": ""0"", ""buy_3th_pre_bid"": ""-118900"", ""buy_3th_pre_req"": ""46"", ""buy_3th_pre_req_pre"": ""0"", ""buy_4th_pre_bid"": ""-118800"", ""buy_4th_pre_req"": ""60"", ""buy_4th_pre_req_pre"": ""0"", ""buy_5th_pre_bid"": ""-118700"", ""buy_5th_pre_req"": ""148"", ""buy_5th_pre_req_pre"": ""0"", ""buy_6th_pre_bid"": ""-118600"", ""buy_6th_pre_req"": ""4"", ""buy_6th_pre_req_pre"": ""0"", ""buy_7th_pre_bid"": ""-118500"", ""buy_7th_pre_req"": ""10"", ""buy_7th_pre_req_pre"": ""0"", ""buy_8th_pre_bid"": ""-118400"", ""buy_8th_pre_req"": ""6"", ""buy_8th_pre_req_pre"": ""0"", ""buy_9th_pre_bid"": ""-118300"", ""buy_9th_pre_req"": ""2"", ""buy_9th_pre_req_pre"": ""0"", ""buy_10th_pre_bid"": ""-118200"", ""buy_10th_pre_req"": ""5"", ""buy_10th_pre_req_pre"": ""0"", ""tot_sel_req_jub_pre"": ""+8"", ""tot_sel_req"": ""911"", ""tot_buy_req"": ""1683"", ""tot_buy_req_jub_pre"": ""0"", ""ovt_sel_req_pre"": ""0"", ""ovt_sel_req"": ""0"", ""ovt_buy_req"": ""0"", ""ovt_buy_req_pre"": ""0"", ""return_code"": 0, ""return_msg"": ""정상적으로 처리되었습니다""}"
2026-09-10,scan_candidate,033780,2026-09-10T09:30:14.472901,0,main_scan,168900,172500,168900,168800,168900,169000,-0.4463647128478582,0.059206631142687975,42121000,17907303660000,27834948650,4.6084989106069685,-2.086956521739131,"{""bid_req_base_tm"": ""093023"", ""sel_10th_pre_req_pre"": ""0"", ""sel_10th_pre_req"": ""22"", ""sel_10th_pre_bid"": ""+169900"", ""sel_9th_pre_req_pre"": ""0"", ""sel_9th_pre_req"": ""255"", ""sel_9th_pre_bid"": ""+169800"", ""sel_8th_pre_req_pre"": ""0"", ""sel_8th_pre_req"": ""82"", ""sel_8th_pre_bid"": ""+169700"", ""sel_7th_pre_req_pre"": ""0"", ""sel_7th_pre_req"": ""275"", ""sel_7th_pre_bid"": ""+169500"", ""sel_6th_pre_req_pre"": ""0"", ""sel_6th_pre_req"": ""218"", ""sel_6th_pre_bid"": ""+169400"", ""sel_5th_pre_req_pre"": ""0"", ""sel_5th_pre_req"": ""136"", ""sel_5th_pre_bid"": ""+169300"", ""sel_4th_pre_req_pre"": ""0"", ""sel_4th_pre_req"": ""137"", ""sel_4th_pre_bid"": ""+169200"", ""sel_3th_pre_req_pre"": ""0"", ""sel_3th_pre_req"": ""33"", ""sel_3th_pre_bid"": ""+169100"", ""sel_2th_pre_req_pre"": ""0"", ""sel_2th_pre_req"": ""22"", ""sel_2th_pre_bid"": ""+169000"", ""sel_1th_pre_req_pre"": ""0"", ""sel_fpr_req"": ""36"", ""sel_fpr_bid"": ""+168900"", ""buy_fpr_bid"": ""+168800"", ""buy_fpr_req"": ""187"", ""buy_1th_pre_req_pre"": ""0"", ""buy_2th_pre_bid"": ""+168700"", ""buy_2th_pre_req"": ""202"", ""buy_2th_pre_req_pre"": ""0"", ""buy_3th_pre_bid"": ""+168600"", ""buy_3th_pre_req"": ""592"", ""buy_3th_pre_req_pre"": ""0"", ""buy_4th_pre_bid"": ""+168500"", ""buy_4th_pre_req"": ""43"", ""buy_4th_pre_req_pre"": ""0"", ""buy_5th_pre_bid"": ""168400"", ""buy_5th_pre_req"": ""126"", ""buy_5th_pre_req_pre"": ""0"", ""buy_6th_pre_bid"": ""-168300"", ""buy_6th_pre_req"": ""95"", ""buy_6th_pre_req_pre"": ""0"", ""buy_7th_pre_bid"": ""-168200"", ""buy_7th_pre_req"": ""35"", ""buy_7th_pre_req_pre"": ""0"", ""buy_8th_pre_bid"": ""-168100"", ""buy_8th_pre_req"": ""15"", ""buy_8th_pre_req_pre"": ""0"", ""buy_9th_pre_bid"": ""-168000"", ""buy_9th_pre_req"": ""36"", ""buy_9th_pre_req_pre"": ""0"", ""buy_10th_pre_bid"": ""-167900"", ""buy_10th_pre_req"": ""108"", ""buy_10th_pre_req_pre"": ""0"", ""tot_sel_req_jub_pre"": ""0"", ""tot_sel_req"": ""1216"", ""tot_buy_req"": ""1439"", ""tot_buy_req_jub_pre"": ""0"", ""ovt_sel_req_pre"": ""0"", ""ovt_sel_req"": ""0"", ""ovt_buy_req"": ""0"", ""ovt_buy_req_pre"": ""0"", ""return_code"": 0, ""return_msg"": ""정상적으로 처리되었습니다""}"
2026-09-10,scan_candidate,010950,2026-09-10T09:30:14.472901,0,main_scan,165100,157300,165100,165000,165100,164500,-0.8749636583888566,0.06056935190793458,47924600,17709273181600,147265732700,4.6084989106069685,4.958677685950414,"{""bid_req_base_tm"": ""093025"", ""sel_10th_pre_req_pre"": ""+3"", ""sel_10th_pre_req"": ""18"", ""sel_10th_pre_bid"": ""+166000"", ""sel_9th_pre_req_pre"": ""0"", ""sel_9th_pre_req"": ""112"", ""sel_9th_pre_bid"": ""165900"", ""sel_8th_pre_req_pre"": ""0"", ""sel_8th_pre_req"": ""24"", ""sel_8th_pre_bid"": ""-165800"", ""sel_7th_pre_req_pre"": ""0"", ""sel_7th_pre_req"": ""9"", ""sel_7th_pre_bid"": ""-165700"", ""sel_6th_pre_req_pre"": ""0"", ""sel_6th_pre_req"": ""293"", ""sel_6th_pre_bid"": ""-165600"", ""sel_5th_pre_req_pre"": ""0"", ""sel_5th_pre_req"": ""84"", ""sel_5th_pre_bid"": ""-165500"", ""sel_4th_pre_req_pre"": ""0"", ""sel_4th_pre_req"": ""8"", ""sel_4th_pre_bid"": ""-165400"", ""sel_3th_pre_req_pre"": ""0"", ""sel_3th_pre_req"": ""48"", ""sel_3th_pre_bid"": ""-165300"", ""sel_2th_pre_req_pre"": ""0"", ""sel_2th_pre_req"": ""201"", ""sel_2th_pre_bid"": ""-165200"", ""sel_1th_pre_req_pre"": ""0"", ""sel_fpr_req"": ""22"", ""sel_fpr_bid"": ""-165100"", ""buy_fpr_bid"": ""-165000"", ""buy_fpr_req"": ""75"", ""buy_1th_pre_req_pre"": ""0"", ""buy_2th_pre_bid"": ""-164900"", ""buy_2th_pre_req"": ""168"", ""buy_2th_pre_req_pre"": ""0"", ""buy_3th_pre_bid"": ""-164800"", ""buy_3th_pre_req"": ""25"", ""buy_3th_pre_req_pre"": ""0"", ""buy_4th_pre_bid"": ""-164700"", ""buy_4th_pre_req"": ""61"", ""buy_4th_pre_req_pre"": ""0"", ""buy_5th_pre_bid"": ""-164600"", ""buy_5th_pre_req"": ""37"", ""buy_5th_pre_req_pre"": ""0"", ""buy_6th_pre_bid"": ""-164500"", ""buy_6th_pre_req"": ""16"", ""buy_6th_pre_req_pre"": ""0"", ""buy_7th_pre_bid"": ""-164400"", ""buy_7th_pre_req"": ""59"", ""buy_7th_pre_req_pre"": ""0"", ""buy_8th_pre_bid"": ""-164300"", ""buy_8th_pre_req"": ""19"", ""buy_8th_pre_req_pre"": ""0"", ""buy_9th_pre_bid"": ""-164200"", ""buy_9th_pre_req"": ""3"", ""buy_9th_pre_req_pre"": ""0"", ""buy_10th_pre_bid"": ""-164100"", ""buy_10th_pre_req"": ""3"", ""buy_10th_pre_req_pre"": ""0"", ""tot_sel_req_jub_pre"": ""+3"", ""tot_sel_req"": ""819"", ""tot_buy_req"": ""466"", ""tot_buy_req_jub_pre"": ""0"", ""ovt_sel_req_pre"": ""0"", ""ovt_sel_req"": ""0"", ""ovt_buy_req"": ""0"", ""ovt_buy_req_pre"": ""0"", ""return_code"": 0, ""return_msg"": ""정상적으로 처리되었습니다""}"
2026-09-10,scan_candidate,024110,2026-09-10T09:30:14.472901,0,main_scan,20700,20700,20700,20650,20700,20850,0.27214975845408446,0.24154589371980675,374944750,16506715488300,23078676575,4.6084989106069685,0.0,"{""bid_req_base_tm"": ""093023"", ""sel_10th_pre_req_pre"": ""0"", ""sel_10th_pre_req"": ""933"", ""sel_10th_pre_bid"": ""+21150"", ""sel_9th_pre_req_pre"": ""0"", ""sel_9th_pre_req"": ""2027"", ""sel_9th_pre_bid"": ""+21100"", ""sel_8th_pre_req_pre"": ""0"", ""sel_8th_pre_req"": ""2120"", ""sel_8th_pre_bid"": ""+21050"", ""sel_7th_pre_req_pre"": ""0"", ""sel_7th_pre_req"": ""8290"", ""sel_7th_pre_bid"": ""+21000"", ""sel_6th_pre_req_pre"": ""0"", ""sel_6th_pre_req"": ""8224"", ""sel_6th_pre_bid"": ""+20950"", ""sel_5th_pre_req_pre"": ""0"", ""sel_5th_pre_req"": ""6013"", ""sel_5th_pre_bid"": ""+20900"", ""sel_4th_pre_req_pre"": ""0"", ""sel_4th_pre_req"": ""5139"", ""sel_4th_pre_bid"": ""+20850"", ""sel_3th_pre_req_pre"": ""0"", ""sel_3th_pre_req"": ""5907"", ""sel_3th_pre_bid"": ""+20800"", ""sel_2th_pre_req_pre"": ""0"", ""sel_2th_pre_req"": ""5577"", ""sel_2th_pre_bid"": ""+20750"", ""sel_1th_pre_req_pre"": ""0"", ""sel_fpr_req"": ""1704"", ""sel_fpr_bid"": ""+20700"", ""buy_fpr_bid"": ""+20650"", ""buy_fpr_req"": ""40"", ""buy_1th_pre_req_pre"": ""0"", ""buy_2th_pre_bid"": ""20600"", ""buy_2th_pre_req"": ""35951"", ""buy_2th_pre_req_pre"": ""0"", ""buy_3th_pre_bid"": ""-20550"", ""buy_3th_pre_req"": ""6631"", ""buy_3th_pre_req_pre"": ""0"", ""buy_4th_pre_bid"": ""-20500"", ""buy_4th_pre_req"": ""9678"", ""buy_4th_pre_req_pre"": ""0"", ""buy_5th_pre_bid"": ""-20450"", ""buy_5th_pre_req"": ""9378"", ""buy_5th_pre_req_pre"": ""0"", ""buy_6th_pre_bid"": ""-20400"", ""buy_6th_pre_req"": ""13578"", ""buy_6th_pre_req_pre"": ""0"", ""buy_7th_pre_bid"": ""-20350"", ""buy_7th_pre_req"": ""9107"", ""buy_7th_pre_req_pre"": ""0"", ""buy_8th_pre_bid"": ""-20300"", ""buy_8th_pre_req"": ""5004"", ""buy_8th_pre_req_pre"": ""0"", ""buy_9th_pre_bid"": ""-20250"", ""buy_9th_pre_req"": ""6354"", ""buy_9th_pre_req_pre"": ""0"", ""buy_10th_pre_bid"": ""-20200"", ""buy_10th_pre_req"": ""16467"", ""buy_10th_pre_req_pre"": ""0"", ""tot_sel_req_jub_pre"": ""0"", ""tot_sel_req"": ""45934"", ""tot_buy_req"": ""112188"", ""tot_buy_req_jub_pre"": ""0"", ""ovt_sel_req_pre"": ""0"", ""ovt_sel_req"": ""0"", ""ovt_buy_req"": ""0"", ""ovt_buy_req_pre"": ""0"", ""return_code"": 0, ""return_msg"": ""정상적으로 처리되었습니다""}"
2026-09-10,scan_candidate,003670,2026-09-10T09:30:14.472901,0,main_scan,195900,183600,195900,195800,195900,196000,-0.413787646758558,0.05104645227156713,71372000,16330525992000,46132015550,4.6084989106069685,6.699346405228758,"{""bid_req_base_tm"": ""093025"", ""sel_10th_pre_req_pre"": ""0"", ""sel_10th_pre_req"": ""103"", ""sel_10th_pre_bid"": ""+196900"", ""sel_9th_pre_req_pre"": ""0"", ""sel_9th_pre_req"": ""52"", ""sel_9th_pre_bid"": ""+196800"", ""sel_8th_pre_req_pre"": ""0"", ""sel_8th_pre_req"": ""81"", ""sel_8th_pre_bid"": ""+196700"", ""sel_7th_pre_req_pre"": ""0"", ""sel_7th_pre_req"": ""11"", ""sel_7th_pre_bid"": ""+196600"", ""sel_6th_pre_req_pre"": ""0"", ""sel_6th_pre_req"": ""165"", ""sel_6th_pre_bid"": ""+196500"", ""sel_5th_pre_req_pre"": ""0"", ""sel_5th_pre_req"": ""17"", ""sel_5th_pre_bid"": ""+196400"", ""sel_4th_pre_req_pre"": ""0"", ""sel_4th_pre_req"": ""245"", ""sel_4th_pre_bid"": ""+196200"", ""sel_3th_pre_req_pre"": ""0"", ""sel_3th_pre_req"": ""19"", ""sel_3th_pre_bid"": ""+196100"", ""sel_2th_pre_req_pre"": ""0"", ""sel_2th_pre_req"": ""90"", ""sel_2th_pre_bid"": ""+196000"", ""sel_1th_pre_req_pre"": ""0"", ""sel_fpr_req"": ""97"", ""sel_fpr_bid"": ""+195900"", ""buy_fpr_bid"": ""+195800"", ""buy_fpr_req"": ""19"", ""buy_1th_pre_req_pre"": ""0"", ""buy_2th_pre_bid"": ""+195700"", ""buy_2th_pre_req"": ""90"", ""buy_2th_pre_req_pre"": ""0"", ""buy_3th_pre_bid"": ""+195600"", ""buy_3th_pre_req"": ""222"", ""buy_3th_pre_req_pre"": ""0"", ""buy_4th_pre_bid"": ""+195500"", ""buy_4th_pre_req"": ""435"", ""buy_4th_pre_req_pre"": ""0"", ""buy_5th_pre_bid"": ""+195400"", ""buy_5th_pre_req"": ""120"", ""buy_5th_pre_req_pre"": ""0"", ""buy_6th_pre_bid"": ""+195300"", ""buy_6th_pre_req"": ""42"", ""buy_6th_pre_req_pre"": ""0"", ""buy_7th_pre_bid"": ""+195200"", ""buy_7th_pre_req"": ""46"", ""buy_7th_pre_req_pre"": ""0"", ""buy_8th_pre_bid"": ""+195100"", ""buy_8th_pre_req"": ""121"", ""buy_8th_pre_req_pre"": ""0"", ""buy_9th_pre_bid"": ""+195000"", ""buy_9th_pre_req"": ""165"", ""buy_9th_pre_req_pre"": ""0"", ""buy_10th_pre_bid"": ""+194900"", ""buy_10th_pre_req"": ""33"", ""buy_10th_pre_req_pre"": ""0"", ""tot_sel_req_jub_pre"": ""0"", ""tot_sel_req"": ""880"", ""tot_buy_req"": ""1293"", ""tot_buy_req_jub_pre"": ""0"", ""ovt_sel_req_pre"": ""0"", ""ovt_sel_req"": ""0"", ""ovt_buy_req"": ""0"", ""ovt_buy_req_pre"": ""0"", ""return_code"": 0, ""return_msg"": ""정상적으로 처리되었습니다""}"
2026-09-10,scan_candidate,035720,2026-09-10T09:30:14.472901,0,main_scan,34900,36200,34900,34850,34900,35000,-0.06701289398282054,0.14326647564469913,416501550,16036596488600,55006325675,4.6084989106069685,-3.591160220994475,"{""bid_req_base_tm"": ""093025"", ""sel_10th_pre_req_pre"": ""0"", ""sel_10th_pre_req"": ""370"", ""sel_10th_pre_bid"": ""+35350"", ""sel_9th_pre_req_pre"": ""0"", ""sel_9th_pre_req"": ""2891"", ""sel_9th_pre_bid"": ""+35300"", ""sel_8th_pre_req_pre"": ""0"", ""sel_8th_pre_req"": ""369"", ""sel_8th_pre_bid"": ""+35250"", ""sel_7th_pre_req_pre"": ""0"", ""sel_7th_pre_req"": ""1766"", ""sel_7th_pre_bid"": ""+35200"", ""sel_6th_pre_req_pre"": ""0"", ""sel_6th_pre_req"": ""765"", ""sel_6th_pre_bid"": ""+35150"", ""sel_5th_pre_req_pre"": ""0"", ""sel_5th_pre_req"": ""1438"", ""sel_5th_pre_bid"": ""+35100"", ""sel_4th_pre_req_pre"": ""0"", ""sel_4th_pre_req"": ""1197"", ""sel_4th_pre_bid"": ""35050"", ""sel_3th_pre_req_pre"": ""0"", ""sel_3th_pre_req"": ""4741"", ""sel_3th_pre_bid"": ""-35000"", ""sel_2th_pre_req_pre"": ""0"", ""sel_2th_pre_req"": ""2017"", ""sel_2th_pre_bid"": ""-34950"", ""sel_1th_pre_req_pre"": ""0"", ""sel_fpr_req"": ""4836"", ""sel_fpr_bid"": ""-34900"", ""buy_fpr_bid"": ""-34850"", ""buy_fpr_req"": ""2183"", ""buy_1th_pre_req_pre"": ""0"", ""buy_2th_pre_bid"": ""-34800"", ""buy_2th_pre_req"": ""6303"", ""buy_2th_pre_req_pre"": ""0"", ""buy_3th_pre_bid"": ""-34750"", ""buy_3th_pre_req"": ""5231"", ""buy_3th_pre_req_pre"": ""0"", ""buy_4th_pre_bid"": ""-34700"", ""buy_4th_pre_req"": ""5627"", ""buy_4th_pre_req_pre"": ""0"", ""buy_5th_pre_bid"": ""-34650"", ""buy_5th_pre_req"": ""8373"", ""buy_5th_pre_req_pre"": ""0"", ""buy_6th_pre_bid"": ""-34600"", ""buy_6th_pre_req"": ""15678"", ""buy_6th_pre_req_pre"": ""0"", ""buy_7th_pre_bid"": ""-34550"", ""buy_7th_pre_req"": ""11219"", ""buy_7th_pre_req_pre"": ""0"", ""buy_8th_pre_bid"": ""-34500"", ""buy_8th_pre_req"": ""43606"", ""buy_8th_pre_req_pre"": ""0"", ""buy_9th_pre_bid"": ""-34450"", ""buy_9th_pre_req"": ""13240"", ""buy_9th_pre_req_pre"": ""0"", ""buy_10th_pre_bid"": ""-34400"", ""buy_10th_pre_req"": ""8502"", ""buy_10th_pre_req_pre"": ""0"", ""tot_sel_req_jub_pre"": ""0"", ""tot_sel_req"": ""20390"", ""tot_buy_req"": ""119962"", ""tot_buy_req_jub_pre"": ""0"", ""ovt_sel_req_pre"": ""0"", ""ovt_sel_req"": ""0"", ""ovt_buy_req"": ""0"", ""ovt_buy_req_pre"": ""0"", ""return_code"": 0, ""return_msg"": ""정상적으로 처리되었습니다""}"
2026-09-10,scan_candidate,086280,2026-09-10T09:30:14.472901,0,main_scan,204000,206000,204000,203500,204000,205500,0.27924019607842854,0.24509803921568626,70506500,15450000000000,26215930500,4.6084989106069685,-0.9708737864077669,"{""bid_req_base_tm"": ""093025"", ""sel_10th_pre_req_pre"": ""0"", ""sel_10th_pre_req"": ""230"", ""sel_10th_pre_bid"": ""+208500"", ""sel_9th_pre_req_pre"": ""0"", ""sel_9th_pre_req"": ""566"", ""sel_9th_pre_bid"": ""+208000"", ""sel_8th_pre_req_pre"": ""0"", ""sel_8th_pre_req"": ""294"", ""sel_8th_pre_bid"": ""+207500"", ""sel_7th_pre_req_pre"": ""0"", ""sel_7th_pre_req"": ""435"", ""sel_7th_pre_bid"": ""+207000"", ""sel_6th_pre_req_pre"": ""0"", ""sel_6th_pre_req"": ""177"", ""sel_6th_pre_bid"": ""+206500"", ""sel_5th_pre_req_pre"": ""0"", ""sel_5th_pre_req"": ""40"", ""sel_5th_pre_bid"": ""+206000"", ""sel_4th_pre_req_pre"": ""0"", ""sel_4th_pre_req"": ""54"", ""sel_4th_pre_bid"": ""+205500"", ""sel_3th_pre_req_pre"": ""0"", ""sel_3th_pre_req"": ""23"", ""sel_3th_pre_bid"": ""+205000"", ""sel_2th_pre_req_pre"": ""0"", ""sel_2th_pre_req"": ""24"", ""sel_2th_pre_bid"": ""+204500"", ""sel_1th_pre_req_pre"": ""+13"", ""sel_fpr_req"": ""248"", ""sel_fpr_bid"": ""+204000"", ""buy_fpr_bid"": ""+203500"", ""buy_fpr_req"": ""156"", ""buy_1th_pre_req_pre"": ""0"", ""buy_2th_pre_bid"": ""+203000"", ""buy_2th_pre_req"": ""297"", ""buy_2th_pre_req_pre"": ""0"", ""buy_3th_pre_bid"": ""202500"", ""buy_3th_pre_req"": ""464"", ""buy_3th_pre_req_pre"": ""0"", ""buy_4th_pre_bid"": ""-202000"", ""buy_4th_pre_req"": ""463"", ""buy_4th_pre_req_pre"": ""0"", ""buy_5th_pre_bid"": ""-201500"", ""buy_5th_pre_req"": ""602"", ""buy_5th_pre_req_pre"": ""0"", ""buy_6th_pre_bid"": ""-201000"", ""buy_6th_pre_req"": ""761"", ""buy_6th_pre_req_pre"": ""0"", ""buy_7th_pre_bid"": ""-200500"", ""buy_7th_pre_req"": ""663"", ""buy_7th_pre_req_pre"": ""0"", ""buy_8th_pre_bid"": ""-200000"", ""buy_8th_pre_req"": ""1007"", ""buy_8th_pre_req_pre"": ""0"", ""buy_9th_pre_bid"": ""-199900"", ""buy_9th_pre_req"": ""90"", ""buy_9th_pre_req_pre"": ""0"", ""buy_10th_pre_bid"": ""-199800"", ""buy_10th_pre_req"": ""47"", ""buy_10th_pre_req_pre"": ""0"", ""tot_sel_req_jub_pre"": ""+13"", ""tot_sel_req"": ""2091"", ""tot_buy_req"": ""4550"", ""tot_buy_req_jub_pre"": ""0"", ""ovt_sel_req_pre"": ""0"", ""ovt_sel_req"": ""0"", ""ovt_buy_req"": ""0"", ""ovt_buy_req_pre"": ""0"", ""return_code"": 0, ""return_msg"": ""정상적으로 처리되었습니다""}"
2026-09-10,scan_candidate,278470,2026-09-10T09:30:14.472901,0,main_scan,359000,394000,359000,358500,359000,361000,0.20701253481893828,0.1392757660167131,162148500,14750633070000,88944499000,4.6084989106069685,-8.883248730964468,"{""bid_req_base_tm"": ""093026"", ""sel_10th_pre_req_pre"": ""0"", ""sel_10th_pre_req"": ""26"", ""sel_10th_pre_bid"": ""-363500"", ""sel_9th_pre_req_pre"": ""0"", ""sel_9th_pre_req"": ""28"", ""sel_9th_pre_bid"": ""-363000"", ""sel_8th_pre_req_pre"": ""0"", ""sel_8th_pre_req"": ""130"", ""sel_8th_pre_bid"": ""-362500"", ""sel_7th_pre_req_pre"": ""0"", ""sel_7th_pre_req"": ""4"", ""sel_7th_pre_bid"": ""-362000"", ""sel_6th_pre_req_pre"": ""0"", ""sel_6th_pre_req"": ""147"", ""sel_6th_pre_bid"": ""-361500"", ""sel_5th_pre_req_pre"": ""0"", ""sel_5th_pre_req"": ""11"", ""sel_5th_pre_bid"": ""-361000"", ""sel_4th_pre_req_pre"": ""0"", ""sel_4th_pre_req"": ""105"", ""sel_4th_pre_bid"": ""-360500"", ""sel_3th_pre_req_pre"": ""0"", ""sel_3th_pre_req"": ""46"", ""sel_3th_pre_bid"": ""-360000"", ""sel_2th_pre_req_pre"": ""0"", ""sel_2th_pre_req"": ""195"", ""sel_2th_pre_bid"": ""-359500"", ""sel_1th_pre_req_pre"": ""0"", ""sel_fpr_req"": ""166"", ""sel_fpr_bid"": ""-359000"", ""buy_fpr_bid"": ""-358500"", ""buy_fpr_req"": ""712"", ""buy_1th_pre_req_pre"": ""0"", ""buy_2th_pre_bid"": ""-358000"", ""buy_2th_pre_req"": ""1078"", ""buy_2th_pre_req_pre"": ""0"", ""buy_3th_pre_bid"": ""-357500"", ""buy_3th_pre_req"": ""1428"", ""buy_3th_pre_req_pre"": ""0"", ""buy_4th_pre_bid"": ""-357000"", ""buy_4th_pre_req"": ""502"", ""buy_4th_pre_req_pre"": ""0"", ""buy_5th_pre_bid"": ""-356500"", ""buy_5th_pre_req"": ""283"", ""buy_5th_pre_req_pre"": ""+1"", ""buy_6th_pre_bid"": ""-356000"", ""buy_6th_pre_req"": ""671"", ""buy_6th_pre_req_pre"": ""0"", ""buy_7th_pre_bid"": ""-355500"", ""buy_7th_pre_req"": ""397"", ""buy_7th_pre_req_pre"": ""0"", ""buy_8th_pre_bid"": ""-355000"", ""buy_8th_pre_req"": ""1155"", ""buy_8th_pre_req_pre"": ""0"", ""buy_9th_pre_bid"": ""-354500"", ""buy_9th_pre_req"": ""20"", ""buy_9th_pre_req_pre"": ""0"", ""buy_10th_pre_bid"": ""-354000"", ""buy_10th_pre_req"": ""177"", ""buy_10th_pre_req_pre"": ""0"", ""tot_sel_req_jub_pre"": ""0"", ""tot_sel_req"": ""858"", ""tot_buy_req"": ""6423"", ""tot_buy_req_jub_pre"": ""+1"", ""ovt_sel_req_pre"": ""0"", ""ovt_sel_req"": ""0"", ""ovt_buy_req"": ""0"", ""ovt_buy_req_pre"": ""0"", ""return_code"": 0, ""return_msg"": ""정상적으로 처리되었습니다""}"
2026-09-10,scan_candidate,079550,2026-09-10T09:30:14.472901,0,main_scan,675000,652000,675000,674000,675000,673000,-0.6535777777777985,0.14814814814814814,234556000,14344000000000,38688275744,4.6084989106069685,3.52760736196319,"{""bid_req_base_tm"": ""093026"", ""sel_10th_pre_req_pre"": ""0"", ""sel_10th_pre_req"": ""138"", ""sel_10th_pre_bid"": ""+684000"", ""sel_9th_pre_req_pre"": ""0"", ""sel_9th_pre_req"": ""137"", ""sel_9th_pre_bid"": ""+683000"", ""sel_8th_pre_req_pre"": ""0"", ""sel_8th_pre_req"": ""115"", ""sel_8th_pre_bid"": ""+682000"", ""sel_7th_pre_req_pre"": ""0"", ""sel_7th_pre_req"": ""239"", ""sel_7th_pre_bid"": ""+681000"", ""sel_6th_pre_req_pre"": ""--10"", ""sel_6th_pre_req"": ""291"", ""sel_6th_pre_bid"": ""+680000"", ""sel_5th_pre_req_pre"": ""0"", ""sel_5th_pre_req"": ""133"", ""sel_5th_pre_bid"": ""+679000"", ""sel_4th_pre_req_pre"": ""0"", ""sel_4th_pre_req"": ""306"", ""sel_4th_pre_bid"": ""+678000"", ""sel_3th_pre_req_pre"": ""0"", ""sel_3th_pre_req"": ""51"", ""sel_3th_pre_bid"": ""+677000"", ""sel_2th_pre_req_pre"": ""+10"", ""sel_2th_pre_req"": ""20"", ""sel_2th_pre_bid"": ""+676000"", ""sel_1th_pre_req_pre"": ""0"", ""sel_fpr_req"": ""10"", ""sel_fpr_bid"": ""+675000"", ""buy_fpr_bid"": ""+674000"", ""buy_fpr_req"": ""59"", ""buy_1th_pre_req_pre"": ""0"", ""buy_2th_pre_bid"": ""+673000"", ""buy_2th_pre_req"": ""126"", ""buy_2th_pre_req_pre"": ""0"", ""buy_3th_pre_bid"": ""+672000"", ""buy_3th_pre_req"": ""294"", ""buy_3th_pre_req_pre"": ""0"", ""buy_4th_pre_bid"": ""+671000"", ""buy_4th_pre_req"": ""52"", ""buy_4th_pre_req_pre"": ""0"", ""buy_5th_pre_bid"": ""670000"", ""buy_5th_pre_req"": ""72"", ""buy_5th_pre_req_pre"": ""0"", ""buy_6th_pre_bid"": ""-669000"", ""buy_6th_pre_req"": ""6"", ""buy_6th_pre_req_pre"": ""0"", ""buy_7th_pre_bid"": ""-668000"", ""buy_7th_pre_req"": ""5"", ""buy_7th_pre_req_pre"": ""0"", ""buy_8th_pre_bid"": ""-667000"", ""buy_8th_pre_req"": ""37"", ""buy_8th_pre_req_pre"": ""0"", ""buy_9th_pre_bid"": ""-666000"", ""buy_9th_pre_req"": ""19"", ""buy_9th_pre_req_pre"": ""0"", ""buy_10th_pre_bid"": ""-665000"", ""buy_10th_pre_req"": ""181"", ""buy_10th_pre_req_pre"": ""0"", ""tot_sel_req_jub_pre"": ""0"", ""tot_sel_req"": ""1440"", ""tot_buy_req"": ""851"", ""tot_buy_req_jub_pre"": ""0"", ""ovt_sel_req_pre"": ""0"", ""ovt_sel_req"": ""0"", ""ovt_buy_req"": ""0"", ""ovt_buy_req_pre"": ""0"", ""return_code"": 0, ""return_msg"": ""정상적으로 처리되었습니다""}"
2026-09-10,scan_candidate,064350,2026-09-10T09:30:14.472901,0,main_scan,123000,126800,123000,122900,123000,123000,-0.6157113821138306,0.08130081300813008,70018700,13839242752400,20564869200,4.6084989106069685,-2.996845425867508,"{""bid_req_base_tm"": ""093026"", ""sel_10th_pre_req_pre"": ""0"", ""sel_10th_pre_req"": ""282"", ""sel_10th_pre_bid"": ""-124100"", ""sel_9th_pre_req_pre"": ""0"", ""sel_9th_pre_req"": ""13"", ""sel_9th_pre_bid"": ""-124000"", ""sel_8th_pre_req_pre"": ""0"", ""sel_8th_pre_req"": ""8"", ""sel_8th_pre_bid"": ""-123900"", ""sel_7th_pre_req_pre"": ""0"", ""sel_7th_pre_req"": ""100"", ""sel_7th_pre_bid"": ""-123800"", ""sel_6th_pre_req_pre"": ""0"", ""sel_6th_pre_req"": ""5"", ""sel_6th_pre_bid"": ""-123600"", ""sel_5th_pre_req_pre"": ""0"", ""sel_5th_pre_req"": ""105"", ""sel_5th_pre_bid"": ""-123400"", ""sel_4th_pre_req_pre"": ""0"", ""sel_4th_pre_req"": ""11"", ""sel_4th_pre_bid"": ""-123300"", ""sel_3th_pre_req_pre"": ""0"", ""sel_3th_pre_req"": ""25"", ""sel_3th_pre_bid"": ""-123200"", ""sel_2th_pre_req_pre"": ""0"", ""sel_2th_pre_req"": ""29"", ""sel_2th_pre_bid"": ""-123100"", ""sel_1th_pre_req_pre"": ""0"", ""sel_fpr_req"": ""459"", ""sel_fpr_bid"": ""-123000"", ""buy_fpr_bid"": ""-122900"", ""buy_fpr_req"": ""497"", ""buy_1th_pre_req_pre"": ""+49"", ""buy_2th_pre_bid"": ""-122800"", ""buy_2th_pre_req"": ""1156"", ""buy_2th_pre_req_pre"": ""0"", ""buy_3th_pre_bid"": ""-122700"", ""buy_3th_pre_req"": ""1303"", ""buy_3th_pre_req_pre"": ""0"", ""buy_4th_pre_bid"": ""-122600"", ""buy_4th_pre_req"": ""2042"", ""buy_4th_pre_req_pre"": ""0"", ""buy_5th_pre_bid"": ""-122500"", ""buy_5th_pre_req"": ""2201"", ""buy_5th_pre_req_pre"": ""0"", ""buy_6th_pre_bid"": ""-122400"", ""buy_6th_pre_req"": ""1007"", ""buy_6th_pre_req_pre"": ""0"", ""buy_7th_pre_bid"": ""-122300"", ""buy_7th_pre_req"": ""185"", ""buy_7th_pre_req_pre"": ""0"", ""buy_8th_pre_bid"": ""-122200"", ""buy_8th_pre_req"": ""619"", ""buy_8th_pre_req_pre"": ""0"", ""buy_9th_pre_bid"": ""-122100"", ""buy_9th_pre_req"": ""1080"", ""buy_9th_pre_req_pre"": ""0"", ""buy_10th_pre_bid"": ""-122000"", ""buy_10th_pre_req"": ""2207"", ""buy_10th_pre_req_pre"": ""0"", ""tot_sel_req_jub_pre"": ""0"", ""tot_sel_req"": ""1037"", ""tot_buy_req"": ""12297"", ""tot_buy_req_jub_pre"": ""+49"", ""ovt_sel_req_pre"": ""0"", ""ovt_sel_req"": ""0"", ""ovt_buy_req"": ""0"", ""ovt_buy_req_pre"": ""0"", ""return_code"": 0, ""return_msg"": ""정상적으로 처리되었습니다""}"
2026-09-10,scan_candidate,030200,2026-09-10T09:30:14.472901,0,main_scan,53300,54300,53300,53200,53300,53100,-0.7717542213883699,0.18761726078799248,342192500,13684777495500,9470413300,4.6084989106069685,-1.841620626151013,"{""bid_req_base_tm"": ""093026"", ""sel_10th_pre_req_pre"": ""0"", ""sel_10th_pre_req"": ""2081"", ""sel_10th_pre_bid"": ""+54200"", ""sel_9th_pre_req_pre"": ""0"", ""sel_9th_pre_req"": ""1355"", ""sel_9th_pre_bid"": ""+54100"", ""sel_8th_pre_req_pre"": ""0"", ""sel_8th_pre_req"": ""2996"", ""sel_8th_pre_bid"": ""+54000"", ""sel_7th_pre_req_pre"": ""0"", ""sel_7th_pre_req"": ""2303"", ""sel_7th_pre_bid"": ""+53900"", ""sel_6th_pre_req_pre"": ""0"", ""sel_6th_pre_req"": ""1117"", ""sel_6th_pre_bid"": ""+53800"", ""sel_5th_pre_req_pre"": ""0"", ""sel_5th_pre_req"": ""1620"", ""sel_5th_pre_bid"": ""+53700"", ""sel_4th_pre_req_pre"": ""0"", ""sel_4th_pre_req"": ""859"", ""sel_4th_pre_bid"": ""+53600"", ""sel_3th_pre_req_pre"": ""0"", ""sel_3th_pre_req"": ""1742"", ""sel_3th_pre_bid"": ""+53500"", ""sel_2th_pre_req_pre"": ""0"", ""sel_2th_pre_req"": ""35"", ""sel_2th_pre_bid"": ""+53400"", ""sel_1th_pre_req_pre"": ""0"", ""sel_fpr_req"": ""3546"", ""sel_fpr_bid"": ""+53300"", ""buy_fpr_bid"": ""+53200"", ""buy_fpr_req"": ""1937"", ""buy_1th_pre_req_pre"": ""--1000"", ""buy_2th_pre_bid"": ""53100"", ""buy_2th_pre_req"": ""152"", ""buy_2th_pre_req_pre"": ""0"", ""buy_3th_pre_bid"": ""-53000"", ""buy_3th_pre_req"": ""577"", ""buy_3th_pre_req_pre"": ""0"", ""buy_4th_pre_bid"": ""-52900"", ""buy_4th_pre_req"": ""944"", ""buy_4th_pre_req_pre"": ""0"", ""buy_5th_pre_bid"": ""-52800"", ""buy_5th_pre_req"": ""1322"", ""buy_5th_pre_req_pre"": ""0"", ""buy_6th_pre_bid"": ""-52700"", ""buy_6th_pre_req"": ""2528"", ""buy_6th_pre_req_pre"": ""0"", ""buy_7th_pre_bid"": ""-52600"", ""buy_7th_pre_req"": ""4720"", ""buy_7th_pre_req_pre"": ""0"", ""buy_8th_pre_bid"": ""-52500"", ""buy_8th_pre_req"": ""3065"", ""buy_8th_pre_req_pre"": ""0"", ""buy_9th_pre_bid"": ""-52400"", ""buy_9th_pre_req"": ""2113"", ""buy_9th_pre_req_pre"": ""0"", ""buy_10th_pre_bid"": ""-52300"", ""buy_10th_pre_req"": ""1772"", ""buy_10th_pre_req_pre"": ""0"", ""tot_sel_req_jub_pre"": ""0"", ""tot_sel_req"": ""17654"", ""tot_buy_req"": ""19130"", ""tot_buy_req_jub_pre"": ""--1000"", ""ovt_sel_req_pre"": ""0"", ""ovt_sel_req"": ""0"", ""ovt_buy_req"": ""0"", ""ovt_buy_req_pre"": ""0"", ""return_code"": 0, ""return_msg"": ""정상적으로 처리되었습니다""}"
2026-09-10,scan_candidate,000720,2026-09-10T09:30:14.472901,0,main_scan,129200,119700,129200,129100,129200,129000,-0.7507391640866999,0.07739938080495357,91195000,13329285070500,51580561200,4.6084989106069685,7.936507936507936,"{""bid_req_base_tm"": ""093027"", ""sel_10th_pre_req_pre"": ""0"", ""sel_10th_pre_req"": ""178"", ""sel_10th_pre_bid"": ""-130100"", ""sel_9th_pre_req_pre"": ""0"", ""sel_9th_pre_req"": ""425"", ""sel_9th_pre_bid"": ""-130000"", ""sel_8th_pre_req_pre"": ""0"", ""sel_8th_pre_req"": ""207"", ""sel_8th_pre_bid"": ""-129900"", ""sel_7th_pre_req_pre"": ""0"", ""sel_7th_pre_req"": ""180"", ""sel_7th_pre_bid"": ""-129800"", ""sel_6th_pre_req_pre"": ""0"", ""sel_6th_pre_req"": ""245"", ""sel_6th_pre_bid"": ""-129700"", ""sel_5th_pre_req_pre"": ""0"", ""sel_5th_pre_req"": ""191"", ""sel_5th_pre_bid"": ""-129600"", ""sel_4th_pre_req_pre"": ""0"", ""sel_4th_pre_req"": ""166"", ""sel_4th_pre_bid"": ""-129500"", ""sel_3th_pre_req_pre"": ""0"", ""sel_3th_pre_req"": ""106"", ""sel_3th_pre_bid"": ""-129400"", ""sel_2th_pre_req_pre"": ""0"", ""sel_2th_pre_req"": ""190"", ""sel_2th_pre_bid"": ""-129300"", ""sel_1th_pre_req_pre"": ""0"", ""sel_fpr_req"": ""237"", ""sel_fpr_bid"": ""-129200"", ""buy_fpr_bid"": ""-129100"", ""buy_fpr_req"": ""28"", ""buy_1th_pre_req_pre"": ""0"", ""buy_2th_pre_bid"": ""-129000"", ""buy_2th_pre_req"": ""596"", ""buy_2th_pre_req_pre"": ""0"", ""buy_3th_pre_bid"": ""-128900"", ""buy_3th_pre_req"": ""19"", ""buy_3th_pre_req_pre"": ""0"", ""buy_4th_pre_bid"": ""-128800"", ""buy_4th_pre_req"": ""414"", ""buy_4th_pre_req_pre"": ""0"", ""buy_5th_pre_bid"": ""-128700"", ""buy_5th_pre_req"": ""471"", ""buy_5th_pre_req_pre"": ""0"", ""buy_6th_pre_bid"": ""-128600"", ""buy_6th_pre_req"": ""248"", ""buy_6th_pre_req_pre"": ""0"", ""buy_7th_pre_bid"": ""-128500"", ""buy_7th_pre_req"": ""306"", ""buy_7th_pre_req_pre"": ""0"", ""buy_8th_pre_bid"": ""-128400"", ""buy_8th_pre_req"": ""441"", ""buy_8th_pre_req_pre"": ""0"", ""buy_9th_pre_bid"": ""-128300"", ""buy_9th_pre_req"": ""109"", ""buy_9th_pre_req_pre"": ""0"", ""buy_10th_pre_bid"": ""-128200"", ""buy_10th_pre_req"": ""302"", ""buy_10th_pre_req_pre"": ""0"", ""tot_sel_req_jub_pre"": ""0"", ""tot_sel_req"": ""2125"", ""tot_buy_req"": ""2934"", ""tot_buy_req_jub_pre"": ""0"", ""ovt_sel_req_pre"": ""0"", ""ovt_sel_req"": ""0"", ""ovt_buy_req"": ""0"", ""ovt_buy_req_pre"": ""0"", ""return_code"": 0, ""return_msg"": ""정상적으로 처리되었습니다""}"
2026-09-10,scan_candidate,011070,2026-09-10T09:30:14.472901,0,main_scan,560000,562000,560000,559000,560000,556000,-1.1011160714285715,0.17857142857142858,1009316000,13300914134000,100176904500,4.6084989106069685,-0.3558718861209964,"{""bid_req_base_tm"": ""093027"", ""sel_10th_pre_req_pre"": ""0"", ""sel_10th_pre_req"": ""585"", ""sel_10th_pre_bid"": ""+569000"", ""sel_9th_pre_req_pre"": ""0"", ""sel_9th_pre_req"": ""382"", ""sel_9th_pre_bid"": ""+568000"", ""sel_8th_pre_req_pre"": ""0"", ""sel_8th_pre_req"": ""255"", ""sel_8th_pre_bid"": ""+567000"", ""sel_7th_pre_req_pre"": ""0"", ""sel_7th_pre_req"": ""942"", ""sel_7th_pre_bid"": ""+566000"", ""sel_6th_pre_req_pre"": ""0"", ""sel_6th_pre_req"": ""1052"", ""sel_6th_pre_bid"": ""+565000"", ""sel_5th_pre_req_pre"": ""0"", ""sel_5th_pre_req"": ""631"", ""sel_5th_pre_bid"": ""+564000"", ""sel_4th_pre_req_pre"": ""0"", ""sel_4th_pre_req"": ""524"", ""sel_4th_pre_bid"": ""+563000"", ""sel_3th_pre_req_pre"": ""0"", ""sel_3th_pre_req"": ""819"", ""sel_3th_pre_bid"": ""+562000"", ""sel_2th_pre_req_pre"": ""--1"", ""sel_2th_pre_req"": ""440"", ""sel_2th_pre_bid"": ""+561000"", ""sel_1th_pre_req_pre"": ""+1"", ""sel_fpr_req"": ""67"", ""sel_fpr_bid"": ""+560000"", ""buy_fpr_bid"": ""+559000"", ""buy_fpr_req"": ""166"", ""buy_1th_pre_req_pre"": ""0"", ""buy_2th_pre_bid"": ""+558000"", ""buy_2th_pre_req"": ""167"", ""buy_2th_pre_req_pre"": ""0"", ""buy_3th_pre_bid"": ""+557000"", ""buy_3th_pre_req"": ""301"", ""buy_3th_pre_req_pre"": ""0"", ""buy_4th_pre_bid"": ""+556000"", ""buy_4th_pre_req"": ""149"", ""buy_4th_pre_req_pre"": ""0"", ""buy_5th_pre_bid"": ""+555000"", ""buy_5th_pre_req"": ""95"", ""buy_5th_pre_req_pre"": ""0"", ""buy_6th_pre_bid"": ""+554000"", ""buy_6th_pre_req"": ""138"", ""buy_6th_pre_req_pre"": ""0"", ""buy_7th_pre_bid"": ""553000"", ""buy_7th_pre_req"": ""138"", ""buy_7th_pre_req_pre"": ""0"", ""buy_8th_pre_bid"": ""-552000"", ""buy_8th_pre_req"": ""144"", ""buy_8th_pre_req_pre"": ""0"", ""buy_9th_pre_bid"": ""-551000"", ""buy_9th_pre_req"": ""182"", ""buy_9th_pre_req_pre"": ""0"", ""buy_10th_pre_bid"": ""-550000"", ""buy_10th_pre_req"": ""314"", ""buy_10th_pre_req_pre"": ""0"", ""tot_sel_req_jub_pre"": ""0"", ""tot_sel_req"": ""5697"", ""tot_buy_req"": ""1794"", ""tot_buy_req_jub_pre"": ""0"", ""ovt_sel_req_pre"": ""0"", ""ovt_sel_req"": ""0"", ""ovt_buy_req"": ""0"", ""ovt_buy_req_pre"": ""0"", ""return_code"": 0, ""return_msg"": ""정상적으로 처리되었습니다""}"
2026-09-10,scan_candidate,272210,2026-09-10T09:30:14.472901,0,main_scan,70700,68800,70700,70600,70700,71000,0.07233380480903093,0.14144271570014144,51730900,12997653963200,10569898050,4.6084989106069685,2.761627906976744,"{""bid_req_base_tm"": ""093026"", ""sel_10th_pre_req_pre"": ""0"", ""sel_10th_pre_req"": ""36"", ""sel_10th_pre_bid"": ""+71600"", ""sel_9th_pre_req_pre"": ""0"", ""sel_9th_pre_req"": ""205"", ""sel_9th_pre_bid"": ""+71500"", ""sel_8th_pre_req_pre"": ""0"", ""sel_8th_pre_req"": ""894"", ""sel_8th_pre_bid"": ""+71400"", ""sel_7th_pre_req_pre"": ""0"", ""sel_7th_pre_req"": ""595"", ""sel_7th_pre_bid"": ""+71300"", ""sel_6th_pre_req_pre"": ""0"", ""sel_6th_pre_req"": ""706"", ""sel_6th_pre_bid"": ""+71200"", ""sel_5th_pre_req_pre"": ""0"", ""sel_5th_pre_req"": ""437"", ""sel_5th_pre_bid"": ""71100"", ""sel_4th_pre_req_pre"": ""0"", ""sel_4th_pre_req"": ""84"", ""sel_4th_pre_bid"": ""-71000"", ""sel_3th_pre_req_pre"": ""0"", ""sel_3th_pre_req"": ""6"", ""sel_3th_pre_bid"": ""-70900"", ""sel_2th_pre_req_pre"": ""0"", ""sel_2th_pre_req"": ""55"", ""sel_2th_pre_bid"": ""-70800"", ""sel_1th_pre_req_pre"": ""0"", ""sel_fpr_req"": ""377"", ""sel_fpr_bid"": ""-70700"", ""buy_fpr_bid"": ""-70600"", ""buy_fpr_req"": ""463"", ""buy_1th_pre_req_pre"": ""0"", ""buy_2th_pre_bid"": ""-70500"", ""buy_2th_pre_req"": ""429"", ""buy_2th_pre_req_pre"": ""0"", ""buy_3th_pre_bid"": ""-70400"", ""buy_3th_pre_req"": ""969"", ""buy_3th_pre_req_pre"": ""0"", ""buy_4th_pre_bid"": ""-70300"", ""buy_4th_pre_req"": ""273"", ""buy_4th_pre_req_pre"": ""0"", ""buy_5th_pre_bid"": ""-70200"", ""buy_5th_pre_req"": ""37"", ""buy_5th_pre_req_pre"": ""0"", ""buy_6th_pre_bid"": ""-70100"", ""buy_6th_pre_req"": ""532"", ""buy_6th_pre_req_pre"": ""0"", ""buy_7th_pre_bid"": ""-70000"", ""buy_7th_pre_req"": ""924"", ""buy_7th_pre_req_pre"": ""0"", ""buy_8th_pre_bid"": ""-69900"", ""buy_8th_pre_req"": ""289"", ""buy_8th_pre_req_pre"": ""0"", ""buy_9th_pre_bid"": ""-69800"", ""buy_9th_pre_req"": ""615"", ""buy_9th_pre_req_pre"": ""0"", ""buy_10th_pre_bid"": ""-69700"", ""buy_10th_pre_req"": ""322"", ""buy_10th_pre_req_pre"": ""0"", ""tot_sel_req_jub_pre"": ""0"", ""tot_sel_req"": ""3395"", ""tot_buy_req"": ""4853"", ""tot_buy_req_jub_pre"": ""0"", ""ovt_sel_req_pre"": ""0"", ""ovt_sel_req"": ""0"", ""ovt_buy_req"": ""0"", ""ovt_buy_req_pre"": ""0"", ""return_code"": 0, ""return_msg"": ""정상적으로 처리되었습니다""}"
2026-09-10,scan_candidate,005830,2026-09-10T09:30:14.472901,0,main_scan,187900,195700,187900,187500,187900,187500,-0.688044172432156,0.21287919105907396,25241500,12818418299300,43093960200,4.6084989106069685,-3.98569238630557,"{""bid_req_base_tm"": ""093026"", ""sel_10th_pre_req_pre"": ""0"", ""sel_10th_pre_req"": ""52"", ""sel_10th_pre_bid"": ""+189500"", ""sel_9th_pre_req_pre"": ""0"", ""sel_9th_pre_req"": ""1"", ""sel_9th_pre_bid"": ""+189300"", ""sel_8th_pre_req_pre"": ""0"", ""sel_8th_pre_req"": ""101"", ""sel_8th_pre_bid"": ""+189000"", ""sel_7th_pre_req_pre"": ""0"", ""sel_7th_pre_req"": ""8"", ""sel_7th_pre_bid"": ""+188800"", ""sel_6th_pre_req_pre"": ""0"", ""sel_6th_pre_req"": ""540"", ""sel_6th_pre_bid"": ""+188700"", ""sel_5th_pre_req_pre"": ""0"", ""sel_5th_pre_req"": ""120"", ""sel_5th_pre_bid"": ""+188600"", ""sel_4th_pre_req_pre"": ""0"", ""sel_4th_pre_req"": ""20"", ""sel_4th_pre_bid"": ""+188500"", ""sel_3th_pre_req_pre"": ""0"", ""sel_3th_pre_req"": ""18"", ""sel_3th_pre_bid"": ""+188400"", ""sel_2th_pre_req_pre"": ""0"", ""sel_2th_pre_req"": ""13"", ""sel_2th_pre_bid"": ""+188000"", ""sel_1th_pre_req_pre"": ""--1"", ""sel_fpr_req"": ""28"", ""sel_fpr_bid"": ""+187900"", ""buy_fpr_bid"": ""+187500"", ""buy_fpr_req"": ""15"", ""buy_1th_pre_req_pre"": ""0"", ""buy_2th_pre_bid"": ""+187400"", ""buy_2th_pre_req"": ""11"", ""buy_2th_pre_req_pre"": ""0"", ""buy_3th_pre_bid"": ""+187300"", ""buy_3th_pre_req"": ""35"", ""buy_3th_pre_req_pre"": ""0"", ""buy_4th_pre_bid"": ""+187200"", ""buy_4th_pre_req"": ""34"", ""buy_4th_pre_req_pre"": ""0"", ""buy_5th_pre_bid"": ""+187100"", ""buy_5th_pre_req"": ""23"", ""buy_5th_pre_req_pre"": ""0"", ""buy_6th_pre_bid"": ""+187000"", ""buy_6th_pre_req"": ""171"", ""buy_6th_pre_req_pre"": ""0"", ""buy_7th_pre_bid"": ""+186900"", ""buy_7th_pre_req"": ""20"", ""buy_7th_pre_req_pre"": ""0"", ""buy_8th_pre_bid"": ""+186800"", ""buy_8th_pre_req"": ""20"", ""buy_8th_pre_req_pre"": ""0"", ""buy_9th_pre_bid"": ""+186700"", ""buy_9th_pre_req"": ""20"", ""buy_9th_pre_req_pre"": ""0"", ""buy_10th_pre_bid"": ""+186600"", ""buy_10th_pre_req"": ""21"", ""buy_10th_pre_req_pre"": ""0"", ""tot_sel_req_jub_pre"": ""--1"", ""tot_sel_req"": ""901"", ""tot_buy_req"": ""370"", ""tot_buy_req_jub_pre"": ""0"", ""ovt_sel_req_pre"": ""0"", ""ovt_sel_req"": ""0"", ""ovt_buy_req"": ""0"", ""ovt_buy_req_pre"": ""0"", ""return_code"": 0, ""return_msg"": ""정상적으로 처리되었습니다""}"
2026-09-10,scan_candidate,047810,2026-09-10T09:30:14.472901,0,main_scan,129900,126500,129900,129800,129900,129000,-1.2856505003849208,0.07698229407236336,218870200,12330601035500,17688513100,4.6084989106069685,2.6877470355731226,"{""bid_req_base_tm"": ""093027"", ""sel_10th_pre_req_pre"": ""0"", ""sel_10th_pre_req"": ""267"", ""sel_10th_pre_bid"": ""+130800"", ""sel_9th_pre_req_pre"": ""0"", ""sel_9th_pre_req"": ""242"", ""sel_9th_pre_bid"": ""+130700"", ""sel_8th_pre_req_pre"": ""0"", ""sel_8th_pre_req"": ""400"", ""sel_8th_pre_bid"": ""+130600"", ""sel_7th_pre_req_pre"": ""0"", ""sel_7th_pre_req"": ""345"", ""sel_7th_pre_bid"": ""+130500"", ""sel_6th_pre_req_pre"": ""0"", ""sel_6th_pre_req"": ""157"", ""sel_6th_pre_bid"": ""+130400"", ""sel_5th_pre_req_pre"": ""0"", ""sel_5th_pre_req"": ""217"", ""sel_5th_pre_bid"": ""+130300"", ""sel_4th_pre_req_pre"": ""0"", ""sel_4th_pre_req"": ""58"", ""sel_4th_pre_bid"": ""+130200"", ""sel_3th_pre_req_pre"": ""0"", ""sel_3th_pre_req"": ""505"", ""sel_3th_pre_bid"": ""+130100"", ""sel_2th_pre_req_pre"": ""0"", ""sel_2th_pre_req"": ""1235"", ""sel_2th_pre_bid"": ""+130000"", ""sel_1th_pre_req_pre"": ""0"", ""sel_fpr_req"": ""32"", ""sel_fpr_bid"": ""+129900"", ""buy_fpr_bid"": ""+129800"", ""buy_fpr_req"": ""337"", ""buy_1th_pre_req_pre"": ""0"", ""buy_2th_pre_bid"": ""+129700"", ""buy_2th_pre_req"": ""121"", ""buy_2th_pre_req_pre"": ""0"", ""buy_3th_pre_bid"": ""+129600"", ""buy_3th_pre_req"": ""95"", ""buy_3th_pre_req_pre"": ""0"", ""buy_4th_pre_bid"": ""+129500"", ""buy_4th_pre_req"": ""406"", ""buy_4th_pre_req_pre"": ""0"", ""buy_5th_pre_bid"": ""+129400"", ""buy_5th_pre_req"": ""3"", ""buy_5th_pre_req_pre"": ""0"", ""buy_6th_pre_bid"": ""+129300"", ""buy_6th_pre_req"": ""1"", ""buy_6th_pre_req_pre"": ""0"", ""buy_7th_pre_bid"": ""+129200"", ""buy_7th_pre_req"": ""11"", ""buy_7th_pre_req_pre"": ""0"", ""buy_8th_pre_bid"": ""129100"", ""buy_8th_pre_req"": ""17"", ""buy_8th_pre_req_pre"": ""0"", ""buy_9th_pre_bid"": ""-129000"", ""buy_9th_pre_req"": ""27"", ""buy_9th_pre_req_pre"": ""0"", ""buy_10th_pre_bid"": ""-128900"", ""buy_10th_pre_req"": ""19"", ""buy_10th_pre_req_pre"": ""0"", ""tot_sel_req_jub_pre"": ""0"", ""tot_sel_req"": ""3458"", ""tot_buy_req"": ""1037"", ""tot_buy_req_jub_pre"": ""0"", ""ovt_sel_req_pre"": ""0"", ""ovt_sel_req"": ""0"", ""ovt_buy_req"": ""0"", ""ovt_buy_req_pre"": ""0"", ""return_code"": 0, ""return_msg"": ""정상적으로 처리되었습니다""}"
2026-09-10,scan_candidate,078930,2026-09-10T09:30:14.472901,0,main_scan,123800,123900,123800,123700,123800,123500,-0.8549434571890249,0.08077544426494346,63760200,11509751830500,63479541000,4.6084989106069685,-0.08071025020177562,"{""bid_req_base_tm"": ""093027"", ""sel_10th_pre_req_pre"": ""0"", ""sel_10th_pre_req"": ""324"", ""sel_10th_pre_bid"": ""+124700"", ""sel_9th_pre_req_pre"": ""0"", ""sel_9th_pre_req"": ""79"", ""sel_9th_pre_bid"": ""+124600"", ""sel_8th_pre_req_pre"": ""0"", ""sel_8th_pre_req"": ""581"", ""sel_8th_pre_bid"": ""+124500"", ""sel_7th_pre_req_pre"": ""0"", ""sel_7th_pre_req"": ""360"", ""sel_7th_pre_bid"": ""+124400"", ""sel_6th_pre_req_pre"": ""0"", ""sel_6th_pre_req"": ""156"", ""sel_6th_pre_bid"": ""+124300"", ""sel_5th_pre_req_pre"": ""0"", ""sel_5th_pre_req"": ""247"", ""sel_5th_pre_bid"": ""+124200"", ""sel_4th_pre_req_pre"": ""0"", ""sel_4th_pre_req"": ""183"", ""sel_4th_pre_bid"": ""+124100"", ""sel_3th_pre_req_pre"": ""0"", ""sel_3th_pre_req"": ""141"", ""sel_3th_pre_bid"": ""+124000"", ""sel_2th_pre_req_pre"": ""0"", ""sel_2th_pre_req"": ""153"", ""sel_2th_pre_bid"": ""+123900"", ""sel_1th_pre_req_pre"": ""--1"", ""sel_fpr_req"": ""9"", ""sel_fpr_bid"": ""+123800"", ""buy_fpr_bid"": ""+123700"", ""buy_fpr_req"": ""186"", ""buy_1th_pre_req_pre"": ""0"", ""buy_2th_pre_bid"": ""+123600"", ""buy_2th_pre_req"": ""114"", ""buy_2th_pre_req_pre"": ""0"", ""buy_3th_pre_bid"": ""+123500"", ""buy_3th_pre_req"": ""216"", ""buy_3th_pre_req_pre"": ""0"", ""buy_4th_pre_bid"": ""+123400"", ""buy_4th_pre_req"": ""21"", ""buy_4th_pre_req_pre"": ""0"", ""buy_5th_pre_bid"": ""+123300"", ""buy_5th_pre_req"": ""30"", ""buy_5th_pre_req_pre"": ""0"", ""buy_6th_pre_bid"": ""+123200"", ""buy_6th_pre_req"": ""83"", ""buy_6th_pre_req_pre"": ""0"", ""buy_7th_pre_bid"": ""+123100"", ""buy_7th_pre_req"": ""28"", ""buy_7th_pre_req_pre"": ""0"", ""buy_8th_pre_bid"": ""+123000"", ""buy_8th_pre_req"": ""200"", ""buy_8th_pre_req_pre"": ""0"", ""buy_9th_pre_bid"": ""+122900"", ""buy_9th_pre_req"": ""1"", ""buy_9th_pre_req_pre"": ""0"", ""buy_10th_pre_bid"": ""+122700"", ""buy_10th_pre_req"": ""163"", ""buy_10th_pre_req_pre"": ""0"", ""tot_sel_req_jub_pre"": ""--1"", ""tot_sel_req"": ""2233"", ""tot_buy_req"": ""1042"", ""tot_buy_req_jub_pre"": ""0"", ""ovt_sel_req_pre"": ""0"", ""ovt_sel_req"": ""0"", ""ovt_buy_req"": ""0"", ""ovt_buy_req_pre"": ""0"", ""return_code"": 0, ""return_msg"": ""정상적으로 처리되었습니다""}"
2026-09-10,scan_candidate,003490,2026-09-10T09:30:14.472901,0,main_scan,29250,30200,29250,29200,29250,29100,-0.8924273504273624,0.17094017094017094,1018685550,11120263962200,145479859350,4.6084989106069685,-3.145695364238411,"{""bid_req_base_tm"": ""093028"", ""sel_10th_pre_req_pre"": ""0"", ""sel_10th_pre_req"": ""4232"", ""sel_10th_pre_bid"": ""-29700"", ""sel_9th_pre_req_pre"": ""0"", ""sel_9th_pre_req"": ""2895"", ""sel_9th_pre_bid"": ""-29650"", ""sel_8th_pre_req_pre"": ""0"", ""sel_8th_pre_req"": ""4897"", ""sel_8th_pre_bid"": ""-29600"", ""sel_7th_pre_req_pre"": ""0"", ""sel_7th_pre_req"": ""4652"", ""sel_7th_pre_bid"": ""-29550"", ""sel_6th_pre_req_pre"": ""0"", ""sel_6th_pre_req"": ""7652"", ""sel_6th_pre_bid"": ""-29500"", ""sel_5th_pre_req_pre"": ""0"", ""sel_5th_pre_req"": ""17654"", ""sel_5th_pre_bid"": ""-29450"", ""sel_4th_pre_req_pre"": ""0"", ""sel_4th_pre_req"": ""7369"", ""sel_4th_pre_bid"": ""-29400"", ""sel_3th_pre_req_pre"": ""0"", ""sel_3th_pre_req"": ""3783"", ""sel_3th_pre_bid"": ""-29350"", ""sel_2th_pre_req_pre"": ""0"", ""sel_2th_pre_req"": ""2330"", ""sel_2th_pre_bid"": ""-29300"", ""sel_1th_pre_req_pre"": ""0"", ""sel_fpr_req"": ""14987"", ""sel_fpr_bid"": ""-29250"", ""buy_fpr_bid"": ""-29200"", ""buy_fpr_req"": ""6117"", ""buy_1th_pre_req_pre"": ""0"", ""buy_2th_pre_bid"": ""-29150"", ""buy_2th_pre_req"": ""4124"", ""buy_2th_pre_req_pre"": ""+20"", ""buy_3th_pre_bid"": ""-29100"", ""buy_3th_pre_req"": ""6576"", ""buy_3th_pre_req_pre"": ""0"", ""buy_4th_pre_bid"": ""-29050"", ""buy_4th_pre_req"": ""3123"", ""buy_4th_pre_req_pre"": ""0"", ""buy_5th_pre_bid"": ""-29000"", ""buy_5th_pre_req"": ""10218"", ""buy_5th_pre_req_pre"": ""0"", ""buy_6th_pre_bid"": ""-28950"", ""buy_6th_pre_req"": ""11423"", ""buy_6th_pre_req_pre"": ""0"", ""buy_7th_pre_bid"": ""-28900"", ""buy_7th_pre_req"": ""9503"", ""buy_7th_pre_req_pre"": ""0"", ""buy_8th_pre_bid"": ""-28850"", ""buy_8th_pre_req"": ""8254"", ""buy_8th_pre_req_pre"": ""0"", ""buy_9th_pre_bid"": ""-28800"", ""buy_9th_pre_req"": ""12415"", ""buy_9th_pre_req_pre"": ""0"", ""buy_10th_pre_bid"": ""-28750"", ""buy_10th_pre_req"": ""7322"", ""buy_10th_pre_req_pre"": ""0"", ""tot_sel_req_jub_pre"": ""0"", ""tot_sel_req"": ""70451"", ""tot_buy_req"": ""79075"", ""tot_buy_req_jub_pre"": ""+20"", ""ovt_sel_req_pre"": ""0"", ""ovt_sel_req"": ""0"", ""ovt_buy_req"": ""0"", ""ovt_buy_req_pre"": ""0"", ""return_code"": 0, ""return_msg"": ""정상적으로 처리되었습니다""}"
2026-09-10,scan_candidate,307950,2026-09-10T09:30:14.472901,0,main_scan,394000,395000,394000,393500,394000,394500,-0.21000000000000593,0.12690355329949238,118895000,10832472890000,22599463250,4.6084989106069685,-0.25316455696202533,"{""bid_req_base_tm"": ""093027"", ""sel_10th_pre_req_pre"": ""+1"", ""sel_10th_pre_req"": ""120"", ""sel_10th_pre_bid"": ""+398500"", ""sel_9th_pre_req_pre"": ""0"", ""sel_9th_pre_req"": ""81"", ""sel_9th_pre_bid"": ""+398000"", ""sel_8th_pre_req_pre"": ""0"", ""sel_8th_pre_req"": ""134"", ""sel_8th_pre_bid"": ""+397500"", ""sel_7th_pre_req_pre"": ""0"", ""sel_7th_pre_req"": ""47"", ""sel_7th_pre_bid"": ""+397000"", ""sel_6th_pre_req_pre"": ""0"", ""sel_6th_pre_req"": ""14"", ""sel_6th_pre_bid"": ""+396500"", ""sel_5th_pre_req_pre"": ""0"", ""sel_5th_pre_req"": ""28"", ""sel_5th_pre_bid"": ""+396000"", ""sel_4th_pre_req_pre"": ""0"", ""sel_4th_pre_req"": ""11"", ""sel_4th_pre_bid"": ""+395500"", ""sel_3th_pre_req_pre"": ""0"", ""sel_3th_pre_req"": ""311"", ""sel_3th_pre_bid"": ""+395000"", ""sel_2th_pre_req_pre"": ""0"", ""sel_2th_pre_req"": ""37"", ""sel_2th_pre_bid"": ""+394500"", ""sel_1th_pre_req_pre"": ""0"", ""sel_fpr_req"": ""3"", ""sel_fpr_bid"": ""+394000"", ""buy_fpr_bid"": ""+393500"", ""buy_fpr_req"": ""29"", ""buy_1th_pre_req_pre"": ""0"", ""buy_2th_pre_bid"": ""+393000"", ""buy_2th_pre_req"": ""48"", ""buy_2th_pre_req_pre"": ""0"", ""buy_3th_pre_bid"": ""392500"", ""buy_3th_pre_req"": ""95"", ""buy_3th_pre_req_pre"": ""0"", ""buy_4th_pre_bid"": ""-392000"", ""buy_4th_pre_req"": ""116"", ""buy_4th_pre_req_pre"": ""0"", ""buy_5th_pre_bid"": ""-391500"", ""buy_5th_pre_req"": ""144"", ""buy_5th_pre_req_pre"": ""0"", ""buy_6th_pre_bid"": ""-391000"", ""buy_6th_pre_req"": ""49"", ""buy_6th_pre_req_pre"": ""0"", ""buy_7th_pre_bid"": ""-390500"", ""buy_7th_pre_req"": ""117"", ""buy_7th_pre_req_pre"": ""0"", ""buy_8th_pre_bid"": ""-390000"", ""buy_8th_pre_req"": ""143"", ""buy_8th_pre_req_pre"": ""0"", ""buy_9th_pre_bid"": ""-389500"", ""buy_9th_pre_req"": ""44"", ""buy_9th_pre_req_pre"": ""0"", ""buy_10th_pre_bid"": ""-389000"", ""buy_10th_pre_req"": ""88"", ""buy_10th_pre_req_pre"": ""0"", ""tot_sel_req_jub_pre"": ""+1"", ""tot_sel_req"": ""786"", ""tot_buy_req"": ""873"", ""tot_buy_req_jub_pre"": ""0"", ""ovt_sel_req_pre"": ""0"", ""ovt_sel_req"": ""0"", ""ovt_buy_req"": ""0"", ""ovt_buy_req_pre"": ""0"", ""return_code"": 0, ""return_msg"": ""정상적으로 처리되었습니다""}"
2026-09-10,scan_candidate,003230,2026-09-10T09:30:14.472901,0,main_scan,1258000,1417000,1258000,1257000,1258000,1262000,0.028008744038144694,0.0794912559618442,71867000,10674282255000,55273754000,4.6084989106069685,-11.22088920254058,"{""bid_req_base_tm"": ""093025"", ""sel_10th_pre_req_pre"": ""0"", ""sel_10th_pre_req"": ""3"", ""sel_10th_pre_bid"": ""+1269000"", ""sel_9th_pre_req_pre"": ""0"", ""sel_9th_pre_req"": ""11"", ""sel_9th_pre_bid"": ""+1268000"", ""sel_8th_pre_req_pre"": ""0"", ""sel_8th_pre_req"": ""1"", ""sel_8th_pre_bid"": ""+1267000"", ""sel_7th_pre_req_pre"": ""0"", ""sel_7th_pre_req"": ""4"", ""sel_7th_pre_bid"": ""+1266000"", ""sel_6th_pre_req_pre"": ""0"", ""sel_6th_pre_req"": ""18"", ""sel_6th_pre_bid"": ""1265000"", ""sel_5th_pre_req_pre"": ""0"", ""sel_5th_pre_req"": ""5"", ""sel_5th_pre_bid"": ""-1264000"", ""sel_4th_pre_req_pre"": ""0"", ""sel_4th_pre_req"": ""26"", ""sel_4th_pre_bid"": ""-1263000"", ""sel_3th_pre_req_pre"": ""0"", ""sel_3th_pre_req"": ""2"", ""sel_3th_pre_bid"": ""-1262000"", ""sel_2th_pre_req_pre"": ""0"", ""sel_2th_pre_req"": ""28"", ""sel_2th_pre_bid"": ""-1260000"", ""sel_1th_pre_req_pre"": ""0"", ""sel_fpr_req"": ""10"", ""sel_fpr_bid"": ""-1258000"", ""buy_fpr_bid"": ""-1257000"", ""buy_fpr_req"": ""12"", ""buy_1th_pre_req_pre"": ""0"", ""buy_2th_pre_bid"": ""-1256000"", ""buy_2th_pre_req"": ""34"", ""buy_2th_pre_req_pre"": ""0"", ""buy_3th_pre_bid"": ""-1255000"", ""buy_3th_pre_req"": ""67"", ""buy_3th_pre_req_pre"": ""+4"", ""buy_4th_pre_bid"": ""-1254000"", ""buy_4th_pre_req"": ""36"", ""buy_4th_pre_req_pre"": ""0"", ""buy_5th_pre_bid"": ""-1253000"", ""buy_5th_pre_req"": ""90"", ""buy_5th_pre_req_pre"": ""0"", ""buy_6th_pre_bid"": ""-1252000"", ""buy_6th_pre_req"": ""127"", ""buy_6th_pre_req_pre"": ""0"", ""buy_7th_pre_bid"": ""-1251000"", ""buy_7th_pre_req"": ""119"", ""buy_7th_pre_req_pre"": ""0"", ""buy_8th_pre_bid"": ""-1250000"", ""buy_8th_pre_req"": ""383"", ""buy_8th_pre_req_pre"": ""+1"", ""buy_9th_pre_bid"": ""-1249000"", ""buy_9th_pre_req"": ""39"", ""buy_9th_pre_req_pre"": ""0"", ""buy_10th_pre_bid"": ""-1248000"", ""buy_10th_pre_req"": ""37"", ""buy_10th_pre_req_pre"": ""0"", ""tot_sel_req_jub_pre"": ""0"", ""tot_sel_req"": ""108"", ""tot_buy_req"": ""944"", ""tot_buy_req_jub_pre"": ""+5"", ""ovt_sel_req_pre"": ""0"", ""ovt_sel_req"": ""0"", ""ovt_buy_req"": ""0"", ""ovt_buy_req_pre"": ""0"", ""return_code"": 0, ""return_msg"": ""정상적으로 처리되었습니다""}"
2026-09-10,scan_candidate,071050,2026-09-10T09:30:14.472901,0,main_scan,191400,188800,191400,191300,191400,191500,-0.41857889237201285,0.052246603970741906,14559600,10521067289600,35908676650,4.6084989106069685,1.3771186440677965,"{""bid_req_base_tm"": ""093028"", ""sel_10th_pre_req_pre"": ""0"", ""sel_10th_pre_req"": ""4"", ""sel_10th_pre_bid"": ""-192600"", ""sel_9th_pre_req_pre"": ""0"", ""sel_9th_pre_req"": ""25"", ""sel_9th_pre_bid"": ""-192500"", ""sel_8th_pre_req_pre"": ""0"", ""sel_8th_pre_req"": ""56"", ""sel_8th_pre_bid"": ""-192400"", ""sel_7th_pre_req_pre"": ""0"", ""sel_7th_pre_req"": ""77"", ""sel_7th_pre_bid"": ""-192300"", ""sel_6th_pre_req_pre"": ""0"", ""sel_6th_pre_req"": ""1"", ""sel_6th_pre_bid"": ""-192200"", ""sel_5th_pre_req_pre"": ""0"", ""sel_5th_pre_req"": ""19"", ""sel_5th_pre_bid"": ""-192100"", ""sel_4th_pre_req_pre"": ""0"", ""sel_4th_pre_req"": ""2"", ""sel_4th_pre_bid"": ""-191900"", ""sel_3th_pre_req_pre"": ""0"", ""sel_3th_pre_req"": ""3"", ""sel_3th_pre_bid"": ""-191800"", ""sel_2th_pre_req_pre"": ""0"", ""sel_2th_pre_req"": ""47"", ""sel_2th_pre_bid"": ""-191500"", ""sel_1th_pre_req_pre"": ""0"", ""sel_fpr_req"": ""20"", ""sel_fpr_bid"": ""-191400"", ""buy_fpr_bid"": ""-191300"", ""buy_fpr_req"": ""2"", ""buy_1th_pre_req_pre"": ""0"", ""buy_2th_pre_bid"": ""-191200"", ""buy_2th_pre_req"": ""695"", ""buy_2th_pre_req_pre"": ""0"", ""buy_3th_pre_bid"": ""-191100"", ""buy_3th_pre_req"": ""102"", ""buy_3th_pre_req_pre"": ""0"", ""buy_4th_pre_bid"": ""-191000"", ""buy_4th_pre_req"": ""1"", ""buy_4th_pre_req_pre"": ""0"", ""buy_5th_pre_bid"": ""-190800"", ""buy_5th_pre_req"": ""25"", ""buy_5th_pre_req_pre"": ""0"", ""buy_6th_pre_bid"": ""-190700"", ""buy_6th_pre_req"": ""3"", ""buy_6th_pre_req_pre"": ""0"", ""buy_7th_pre_bid"": ""-190600"", ""buy_7th_pre_req"": ""335"", ""buy_7th_pre_req_pre"": ""0"", ""buy_8th_pre_bid"": ""-190500"", ""buy_8th_pre_req"": ""119"", ""buy_8th_pre_req_pre"": ""0"", ""buy_9th_pre_bid"": ""-190400"", ""buy_9th_pre_req"": ""328"", ""buy_9th_pre_req_pre"": ""0"", ""buy_10th_pre_bid"": ""-190300"", ""buy_10th_pre_req"": ""110"", ""buy_10th_pre_req_pre"": ""0"", ""tot_sel_req_jub_pre"": ""--4"", ""tot_sel_req"": ""254"", ""tot_buy_req"": ""1720"", ""tot_buy_req_jub_pre"": ""--37"", ""ovt_sel_req_pre"": ""0"", ""ovt_sel_req"": ""0"", ""ovt_buy_req"": ""0"", ""ovt_buy_req_pre"": ""0"", ""return_code"": 0, ""return_msg"": ""정상적으로 처리되었습니다""}"
2026-09-10,scan_candidate,323410,2026-09-10T09:30:14.472901,0,main_scan,21550,21950,21550,21500,21550,21600,-0.2100000000000047,0.23201856148491878,359677600,10472793592150,12117442900,4.6084989106069685,-1.8223234624145785,"{""bid_req_base_tm"": ""093029"", ""sel_10th_pre_req_pre"": ""0"", ""sel_10th_pre_req"": ""3933"", ""sel_10th_pre_bid"": ""+22000"", ""sel_9th_pre_req_pre"": ""0"", ""sel_9th_pre_req"": ""1237"", ""sel_9th_pre_bid"": ""+21950"", ""sel_8th_pre_req_pre"": ""0"", ""sel_8th_pre_req"": ""9389"", ""sel_8th_pre_bid"": ""+21900"", ""sel_7th_pre_req_pre"": ""0"", ""sel_7th_pre_req"": ""3742"", ""sel_7th_pre_bid"": ""+21850"", ""sel_6th_pre_req_pre"": ""0"", ""sel_6th_pre_req"": ""3365"", ""sel_6th_pre_bid"": ""+21800"", ""sel_5th_pre_req_pre"": ""0"", ""sel_5th_pre_req"": ""7516"", ""sel_5th_pre_bid"": ""+21750"", ""sel_4th_pre_req_pre"": ""0"", ""sel_4th_pre_req"": ""6072"", ""sel_4th_pre_bid"": ""+21700"", ""sel_3th_pre_req_pre"": ""0"", ""sel_3th_pre_req"": ""3516"", ""sel_3th_pre_bid"": ""+21650"", ""sel_2th_pre_req_pre"": ""0"", ""sel_2th_pre_req"": ""3274"", ""sel_2th_pre_bid"": ""21600"", ""sel_1th_pre_req_pre"": ""0"", ""sel_fpr_req"": ""2735"", ""sel_fpr_bid"": ""-21550"", ""buy_fpr_bid"": ""-21500"", ""buy_fpr_req"": ""67"", ""buy_1th_pre_req_pre"": ""0"", ""buy_2th_pre_bid"": ""-21450"", ""buy_2th_pre_req"": ""4753"", ""buy_2th_pre_req_pre"": ""+500"", ""buy_3th_pre_bid"": ""-21400"", ""buy_3th_pre_req"": ""7513"", ""buy_3th_pre_req_pre"": ""0"", ""buy_4th_pre_bid"": ""-21350"", ""buy_4th_pre_req"": ""7290"", ""buy_4th_pre_req_pre"": ""0"", ""buy_5th_pre_bid"": ""-21300"", ""buy_5th_pre_req"": ""11193"", ""buy_5th_pre_req_pre"": ""0"", ""buy_6th_pre_bid"": ""-21250"", ""buy_6th_pre_req"": ""11575"", ""buy_6th_pre_req_pre"": ""0"", ""buy_7th_pre_bid"": ""-21200"", ""buy_7th_pre_req"": ""10969"", ""buy_7th_pre_req_pre"": ""0"", ""buy_8th_pre_bid"": ""-21150"", ""buy_8th_pre_req"": ""7765"", ""buy_8th_pre_req_pre"": ""0"", ""buy_9th_pre_bid"": ""-21100"", ""buy_9th_pre_req"": ""4101"", ""buy_9th_pre_req_pre"": ""0"", ""buy_10th_pre_bid"": ""-21050"", ""buy_10th_pre_req"": ""2659"", ""buy_10th_pre_req_pre"": ""0"", ""tot_sel_req_jub_pre"": ""0"", ""tot_sel_req"": ""44779"", ""tot_buy_req"": ""67885"", ""tot_buy_req_jub_pre"": ""+500"", ""ovt_sel_req_pre"": ""0"", ""ovt_sel_req"": ""0"", ""ovt_buy_req"": ""0"", ""ovt_buy_req_pre"": ""0"", ""return_code"": 0, ""return_msg"": ""정상적으로 처리되었습니다""}"
2026-09-10,scan_candidate,259960,2026-09-10T09:30:14.472901,0,main_scan,208000,216500,208000,207500,208000,209000,0.029915865384604192,0.2403846153846154,156335500,9904429659500,15831226750,4.6084989106069685,-3.9260969976905313,"{""bid_req_base_tm"": ""093026"", ""sel_10th_pre_req_pre"": ""0"", ""sel_10th_pre_req"": ""246"", ""sel_10th_pre_bid"": ""+212500"", ""sel_9th_pre_req_pre"": ""0"", ""sel_9th_pre_req"": ""137"", ""sel_9th_pre_bid"": ""+212000"", ""sel_8th_pre_req_pre"": ""0"", ""sel_8th_pre_req"": ""176"", ""sel_8th_pre_bid"": ""+211500"", ""sel_7th_pre_req_pre"": ""0"", ""sel_7th_pre_req"": ""116"", ""sel_7th_pre_bid"": ""+211000"", ""sel_6th_pre_req_pre"": ""0"", ""sel_6th_pre_req"": ""146"", ""sel_6th_pre_bid"": ""+210500"", ""sel_5th_pre_req_pre"": ""0"", ""sel_5th_pre_req"": ""46"", ""sel_5th_pre_bid"": ""+210000"", ""sel_4th_pre_req_pre"": ""--11"", ""sel_4th_pre_req"": ""45"", ""sel_4th_pre_bid"": ""+209500"", ""sel_3th_pre_req_pre"": ""0"", ""sel_3th_pre_req"": ""261"", ""sel_3th_pre_bid"": ""209000"", ""sel_2th_pre_req_pre"": ""0"", ""sel_2th_pre_req"": ""80"", ""sel_2th_pre_bid"": ""-208500"", ""sel_1th_pre_req_pre"": ""0"", ""sel_fpr_req"": ""420"", ""sel_fpr_bid"": ""-208000"", ""buy_fpr_bid"": ""-207500"", ""buy_fpr_req"": ""134"", ""buy_1th_pre_req_pre"": ""0"", ""buy_2th_pre_bid"": ""-207000"", ""buy_2th_pre_req"": ""298"", ""buy_2th_pre_req_pre"": ""0"", ""buy_3th_pre_bid"": ""-206500"", ""buy_3th_pre_req"": ""365"", ""buy_3th_pre_req_pre"": ""0"", ""buy_4th_pre_bid"": ""-206000"", ""buy_4th_pre_req"": ""324"", ""buy_4th_pre_req_pre"": ""0"", ""buy_5th_pre_bid"": ""-205500"", ""buy_5th_pre_req"": ""326"", ""buy_5th_pre_req_pre"": ""0"", ""buy_6th_pre_bid"": ""-205000"", ""buy_6th_pre_req"": ""336"", ""buy_6th_pre_req_pre"": ""0"", ""buy_7th_pre_bid"": ""-204500"", ""buy_7th_pre_req"": ""299"", ""buy_7th_pre_req_pre"": ""0"", ""buy_8th_pre_bid"": ""-204000"", ""buy_8th_pre_req"": ""295"", ""buy_8th_pre_req_pre"": ""0"", ""buy_9th_pre_bid"": ""-203500"", ""buy_9th_pre_req"": ""150"", ""buy_9th_pre_req_pre"": ""0"", ""buy_10th_pre_bid"": ""-203000"", ""buy_10th_pre_req"": ""755"", ""buy_10th_pre_req_pre"": ""0"", ""tot_sel_req_jub_pre"": ""--11"", ""tot_sel_req"": ""1673"", ""tot_buy_req"": ""3282"", ""tot_buy_req_jub_pre"": ""0"", ""ovt_sel_req_pre"": ""0"", ""ovt_sel_req"": ""0"", ""ovt_buy_req"": ""0"", ""ovt_buy_req_pre"": ""0"", ""return_code"": 0, ""return_msg"": ""정상적으로 처리되었습니다""}"
2026-09-10,scan_candidate,005940,2026-09-10T09:30:14.472901,0,main_scan,26250,26650,26250,26200,26250,26350,-0.0198952380952514,0.19047619047619047,128199900,9839342698250,7391758125,4.6084989106069685,-1.5009380863039399,"{""bid_req_base_tm"": ""093029"", ""sel_10th_pre_req_pre"": ""0"", ""sel_10th_pre_req"": ""149"", ""sel_10th_pre_bid"": ""+26700"", ""sel_9th_pre_req_pre"": ""0"", ""sel_9th_pre_req"": ""400"", ""sel_9th_pre_bid"": ""+26650"", ""sel_8th_pre_req_pre"": ""0"", ""sel_8th_pre_req"": ""635"", ""sel_8th_pre_bid"": ""+26600"", ""sel_7th_pre_req_pre"": ""0"", ""sel_7th_pre_req"": ""636"", ""sel_7th_pre_bid"": ""26550"", ""sel_6th_pre_req_pre"": ""0"", ""sel_6th_pre_req"": ""427"", ""sel_6th_pre_bid"": ""-26500"", ""sel_5th_pre_req_pre"": ""0"", ""sel_5th_pre_req"": ""48"", ""sel_5th_pre_bid"": ""-26450"", ""sel_4th_pre_req_pre"": ""0"", ""sel_4th_pre_req"": ""305"", ""sel_4th_pre_bid"": ""-26400"", ""sel_3th_pre_req_pre"": ""0"", ""sel_3th_pre_req"": ""242"", ""sel_3th_pre_bid"": ""-26350"", ""sel_2th_pre_req_pre"": ""0"", ""sel_2th_pre_req"": ""427"", ""sel_2th_pre_bid"": ""-26300"", ""sel_1th_pre_req_pre"": ""--3"", ""sel_fpr_req"": ""4083"", ""sel_fpr_bid"": ""-26250"", ""buy_fpr_bid"": ""-26200"", ""buy_fpr_req"": ""1645"", ""buy_1th_pre_req_pre"": ""0"", ""buy_2th_pre_bid"": ""-26150"", ""buy_2th_pre_req"": ""1888"", ""buy_2th_pre_req_pre"": ""0"", ""buy_3th_pre_bid"": ""-26100"", ""buy_3th_pre_req"": ""1773"", ""buy_3th_pre_req_pre"": ""0"", ""buy_4th_pre_bid"": ""-26050"", ""buy_4th_pre_req"": ""1303"", ""buy_4th_pre_req_pre"": ""0"", ""buy_5th_pre_bid"": ""-26000"", ""buy_5th_pre_req"": ""2209"", ""buy_5th_pre_req_pre"": ""0"", ""buy_6th_pre_bid"": ""-25950"", ""buy_6th_pre_req"": ""1150"", ""buy_6th_pre_req_pre"": ""0"", ""buy_7th_pre_bid"": ""-25900"", ""buy_7th_pre_req"": ""2393"", ""buy_7th_pre_req_pre"": ""0"", ""buy_8th_pre_bid"": ""-25850"", ""buy_8th_pre_req"": ""2370"", ""buy_8th_pre_req_pre"": ""0"", ""buy_9th_pre_bid"": ""-25800"", ""buy_9th_pre_req"": ""3917"", ""buy_9th_pre_req_pre"": ""0"", ""buy_10th_pre_bid"": ""-25750"", ""buy_10th_pre_req"": ""1471"", ""buy_10th_pre_req_pre"": ""0"", ""tot_sel_req_jub_pre"": ""--3"", ""tot_sel_req"": ""7352"", ""tot_buy_req"": ""20119"", ""tot_buy_req_jub_pre"": ""0"", ""ovt_sel_req_pre"": ""0"", ""ovt_sel_req"": ""0"", ""ovt_buy_req"": ""0"", ""ovt_buy_req_pre"": ""0"", ""return_code"": 0, ""return_msg"": ""정상적으로 처리되었습니다""}"
2026-09-10,scan_candidate,180640,2026-09-10T09:30:14.472901,0,main_scan,137800,146000,137800,137700,137800,138500,-0.06514513788100046,0.07256894049346879,13805300,9747292734000,17700604400,4.6084989106069685,-5.616438356164384,"{""bid_req_base_tm"": ""093028"", ""sel_10th_pre_req_pre"": ""+10"", ""sel_10th_pre_req"": ""25"", ""sel_10th_pre_bid"": ""-139700"", ""sel_9th_pre_req_pre"": ""0"", ""sel_9th_pre_req"": ""19"", ""sel_9th_pre_bid"": ""-139600"", ""sel_8th_pre_req_pre"": ""0"", ""sel_8th_pre_req"": ""32"", ""sel_8th_pre_bid"": ""-139500"", ""sel_7th_pre_req_pre"": ""0"", ""sel_7th_pre_req"": ""10"", ""sel_7th_pre_bid"": ""-139400"", ""sel_6th_pre_req_pre"": ""0"", ""sel_6th_pre_req"": ""19"", ""sel_6th_pre_bid"": ""-139300"", ""sel_5th_pre_req_pre"": ""0"", ""sel_5th_pre_req"": ""25"", ""sel_5th_pre_bid"": ""-138400"", ""sel_4th_pre_req_pre"": ""0"", ""sel_4th_pre_req"": ""30"", ""sel_4th_pre_bid"": ""-138100"", ""sel_3th_pre_req_pre"": ""0"", ""sel_3th_pre_req"": ""64"", ""sel_3th_pre_bid"": ""-138000"", ""sel_2th_pre_req_pre"": ""0"", ""sel_2th_pre_req"": ""10"", ""sel_2th_pre_bid"": ""-137900"", ""sel_1th_pre_req_pre"": ""0"", ""sel_fpr_req"": ""7"", ""sel_fpr_bid"": ""-137800"", ""buy_fpr_bid"": ""-137700"", ""buy_fpr_req"": ""111"", ""buy_1th_pre_req_pre"": ""0"", ""buy_2th_pre_bid"": ""-137600"", ""buy_2th_pre_req"": ""59"", ""buy_2th_pre_req_pre"": ""0"", ""buy_3th_pre_bid"": ""-137500"", ""buy_3th_pre_req"": ""69"", ""buy_3th_pre_req_pre"": ""0"", ""buy_4th_pre_bid"": ""-137400"", ""buy_4th_pre_req"": ""17"", ""buy_4th_pre_req_pre"": ""0"", ""buy_5th_pre_bid"": ""-137300"", ""buy_5th_pre_req"": ""25"", ""buy_5th_pre_req_pre"": ""0"", ""buy_6th_pre_bid"": ""-137200"", ""buy_6th_pre_req"": ""17"", ""buy_6th_pre_req_pre"": ""0"", ""buy_7th_pre_bid"": ""-137100"", ""buy_7th_pre_req"": ""50"", ""buy_7th_pre_req_pre"": ""0"", ""buy_8th_pre_bid"": ""-137000"", ""buy_8th_pre_req"": ""532"", ""buy_8th_pre_req_pre"": ""0"", ""buy_9th_pre_bid"": ""-136900"", ""buy_9th_pre_req"": ""13"", ""buy_9th_pre_req_pre"": ""0"", ""buy_10th_pre_bid"": ""-136800"", ""buy_10th_pre_req"": ""83"", ""buy_10th_pre_req_pre"": ""0"", ""tot_sel_req_jub_pre"": ""+10"", ""tot_sel_req"": ""241"", ""tot_buy_req"": ""976"", ""tot_buy_req_jub_pre"": ""0"", ""ovt_sel_req_pre"": ""0"", ""ovt_sel_req"": ""0"", ""ovt_buy_req"": ""0"", ""ovt_buy_req_pre"": ""0"", ""return_code"": 0, ""return_msg"": ""정상적으로 처리되었습니다""}"
2026-09-10,scan_candidate,047050,2026-09-10T09:30:14.472901,0,main_scan,58400,54700,58400,58300,58400,58500,-0.209999999999999,0.17123287671232876,74499000,9622976503600,29538347350,4.6084989106069685,6.764168190127971,"{""bid_req_base_tm"": ""093030"", ""sel_10th_pre_req_pre"": ""0"", ""sel_10th_pre_req"": ""767"", ""sel_10th_pre_bid"": ""+59300"", ""sel_9th_pre_req_pre"": ""0"", ""sel_9th_pre_req"": ""755"", ""sel_9th_pre_bid"": ""+59200"", ""sel_8th_pre_req_pre"": ""0"", ""sel_8th_pre_req"": ""1183"", ""sel_8th_pre_bid"": ""+59100"", ""sel_7th_pre_req_pre"": ""0"", ""sel_7th_pre_req"": ""1924"", ""sel_7th_pre_bid"": ""+59000"", ""sel_6th_pre_req_pre"": ""0"", ""sel_6th_pre_req"": ""744"", ""sel_6th_pre_bid"": ""+58900"", ""sel_5th_pre_req_pre"": ""0"", ""sel_5th_pre_req"": ""187"", ""sel_5th_pre_bid"": ""+58800"", ""sel_4th_pre_req_pre"": ""0"", ""sel_4th_pre_req"": ""159"", ""sel_4th_pre_bid"": ""+58700"", ""sel_3th_pre_req_pre"": ""0"", ""sel_3th_pre_req"": ""141"", ""sel_3th_pre_bid"": ""+58600"", ""sel_2th_pre_req_pre"": ""0"", ""sel_2th_pre_req"": ""680"", ""sel_2th_pre_bid"": ""+58500"", ""sel_1th_pre_req_pre"": ""0"", ""sel_fpr_req"": ""349"", ""sel_fpr_bid"": ""+58400"", ""buy_fpr_bid"": ""+58300"", ""buy_fpr_req"": ""183"", ""buy_1th_pre_req_pre"": ""+5"", ""buy_2th_pre_bid"": ""+58200"", ""buy_2th_pre_req"": ""891"", ""buy_2th_pre_req_pre"": ""--5"", ""buy_3th_pre_bid"": ""+58100"", ""buy_3th_pre_req"": ""1187"", ""buy_3th_pre_req_pre"": ""0"", ""buy_4th_pre_bid"": ""58000"", ""buy_4th_pre_req"": ""374"", ""buy_4th_pre_req_pre"": ""0"", ""buy_5th_pre_bid"": ""-57900"", ""buy_5th_pre_req"": ""318"", ""buy_5th_pre_req_pre"": ""0"", ""buy_6th_pre_bid"": ""-57800"", ""buy_6th_pre_req"": ""464"", ""buy_6th_pre_req_pre"": ""0"", ""buy_7th_pre_bid"": ""-57700"", ""buy_7th_pre_req"": ""396"", ""buy_7th_pre_req_pre"": ""0"", ""buy_8th_pre_bid"": ""-57600"", ""buy_8th_pre_req"": ""650"", ""buy_8th_pre_req_pre"": ""0"", ""buy_9th_pre_bid"": ""-57500"", ""buy_9th_pre_req"": ""237"", ""buy_9th_pre_req_pre"": ""0"", ""buy_10th_pre_bid"": ""-57400"", ""buy_10th_pre_req"": ""129"", ""buy_10th_pre_req_pre"": ""0"", ""tot_sel_req_jub_pre"": ""0"", ""tot_sel_req"": ""6889"", ""tot_buy_req"": ""4829"", ""tot_buy_req_jub_pre"": ""0"", ""ovt_sel_req_pre"": ""0"", ""ovt_sel_req"": ""0"", ""ovt_buy_req"": ""0"", ""ovt_buy_req_pre"": ""0"", ""return_code"": 0, ""return_msg"": ""정상적으로 처리되었습니다""}"
2026-09-10,scan_candidate,443060,2026-09-10T09:30:14.472901,0,main_scan,210500,210500,210500,210000,210500,208500,-1.3953325415677043,0.23752969121140144,138273500,9437443330000,8731158000,4.6084989106069685,0.0,"{""bid_req_base_tm"": ""093030"", ""sel_10th_pre_req_pre"": ""0"", ""sel_10th_pre_req"": ""4"", ""sel_10th_pre_bid"": ""+215000"", ""sel_9th_pre_req_pre"": ""0"", ""sel_9th_pre_req"": ""284"", ""sel_9th_pre_bid"": ""+214500"", ""sel_8th_pre_req_pre"": ""0"", ""sel_8th_pre_req"": ""6"", ""sel_8th_pre_bid"": ""+214000"", ""sel_7th_pre_req_pre"": ""0"", ""sel_7th_pre_req"": ""66"", ""sel_7th_pre_bid"": ""+213500"", ""sel_6th_pre_req_pre"": ""0"", ""sel_6th_pre_req"": ""33"", ""sel_6th_pre_bid"": ""+213000"", ""sel_5th_pre_req_pre"": ""0"", ""sel_5th_pre_req"": ""337"", ""sel_5th_pre_bid"": ""+212500"", ""sel_4th_pre_req_pre"": ""0"", ""sel_4th_pre_req"": ""288"", ""sel_4th_pre_bid"": ""+212000"", ""sel_3th_pre_req_pre"": ""0"", ""sel_3th_pre_req"": ""148"", ""sel_3th_pre_bid"": ""+211500"", ""sel_2th_pre_req_pre"": ""0"", ""sel_2th_pre_req"": ""90"", ""sel_2th_pre_bid"": ""+211000"", ""sel_1th_pre_req_pre"": ""0"", ""sel_fpr_req"": ""79"", ""sel_fpr_bid"": ""210500"", ""buy_fpr_bid"": ""-210000"", ""buy_fpr_req"": ""46"", ""buy_1th_pre_req_pre"": ""+1"", ""buy_2th_pre_bid"": ""-209500"", ""buy_2th_pre_req"": ""113"", ""buy_2th_pre_req_pre"": ""0"", ""buy_3th_pre_bid"": ""-209000"", ""buy_3th_pre_req"": ""44"", ""buy_3th_pre_req_pre"": ""0"", ""buy_4th_pre_bid"": ""-208500"", ""buy_4th_pre_req"": ""42"", ""buy_4th_pre_req_pre"": ""0"", ""buy_5th_pre_bid"": ""-208000"", ""buy_5th_pre_req"": ""64"", ""buy_5th_pre_req_pre"": ""0"", ""buy_6th_pre_bid"": ""-207500"", ""buy_6th_pre_req"": ""66"", ""buy_6th_pre_req_pre"": ""0"", ""buy_7th_pre_bid"": ""-207000"", ""buy_7th_pre_req"": ""346"", ""buy_7th_pre_req_pre"": ""0"", ""buy_8th_pre_bid"": ""-206500"", ""buy_8th_pre_req"": ""260"", ""buy_8th_pre_req_pre"": ""0"", ""buy_9th_pre_bid"": ""-206000"", ""buy_9th_pre_req"": ""13"", ""buy_9th_pre_req_pre"": ""0"", ""buy_10th_pre_bid"": ""-205500"", ""buy_10th_pre_req"": ""21"", ""buy_10th_pre_req_pre"": ""0"", ""tot_sel_req_jub_pre"": ""0"", ""tot_sel_req"": ""1335"", ""tot_buy_req"": ""1015"", ""tot_buy_req_jub_pre"": ""+1"", ""ovt_sel_req_pre"": ""0"", ""ovt_sel_req"": ""0"", ""ovt_buy_req"": ""0"", ""ovt_buy_req_pre"": ""0"", ""return_code"": 0, ""return_msg"": ""정상적으로 처리되었습니다""}"
2026-09-10,scan_candidate,006260,2026-09-10T09:30:14.472901,0,main_scan,319500,299500,319500,319000,319500,321000,0.10237871674490664,0.1564945226917058,51543000,9344400000000,33093670750,4.6084989106069685,6.67779632721202,"{""bid_req_base_tm"": ""093031"", ""sel_10th_pre_req_pre"": ""0"", ""sel_10th_pre_req"": ""12"", ""sel_10th_pre_bid"": ""-324000"", ""sel_9th_pre_req_pre"": ""0"", ""sel_9th_pre_req"": ""4"", ""sel_9th_pre_bid"": ""-323500"", ""sel_8th_pre_req_pre"": ""0"", ""sel_8th_pre_req"": ""78"", ""sel_8th_pre_bid"": ""-323000"", ""sel_7th_pre_req_pre"": ""0"", ""sel_7th_pre_req"": ""81"", ""sel_7th_pre_bid"": ""-322500"", ""sel_6th_pre_req_pre"": ""0"", ""sel_6th_pre_req"": ""15"", ""sel_6th_pre_bid"": ""-322000"", ""sel_5th_pre_req_pre"": ""0"", ""sel_5th_pre_req"": ""10"", ""sel_5th_pre_bid"": ""-321500"", ""sel_4th_pre_req_pre"": ""0"", ""sel_4th_pre_req"": ""19"", ""sel_4th_pre_bid"": ""-321000"", ""sel_3th_pre_req_pre"": ""0"", ""sel_3th_pre_req"": ""80"", ""sel_3th_pre_bid"": ""-320500"", ""sel_2th_pre_req_pre"": ""0"", ""sel_2th_pre_req"": ""23"", ""sel_2th_pre_bid"": ""-320000"", ""sel_1th_pre_req_pre"": ""0"", ""sel_fpr_req"": ""60"", ""sel_fpr_bid"": ""-319500"", ""buy_fpr_bid"": ""-319000"", ""buy_fpr_req"": ""121"", ""buy_1th_pre_req_pre"": ""0"", ""buy_2th_pre_bid"": ""-318500"", ""buy_2th_pre_req"": ""189"", ""buy_2th_pre_req_pre"": ""0"", ""buy_3th_pre_bid"": ""-318000"", ""buy_3th_pre_req"": ""600"", ""buy_3th_pre_req_pre"": ""0"", ""buy_4th_pre_bid"": ""-317500"", ""buy_4th_pre_req"": ""202"", ""buy_4th_pre_req_pre"": ""0"", ""buy_5th_pre_bid"": ""-317000"", ""buy_5th_pre_req"": ""406"", ""buy_5th_pre_req_pre"": ""0"", ""buy_6th_pre_bid"": ""-316500"", ""buy_6th_pre_req"": ""402"", ""buy_6th_pre_req_pre"": ""0"", ""buy_7th_pre_bid"": ""-316000"", ""buy_7th_pre_req"": ""276"", ""buy_7th_pre_req_pre"": ""0"", ""buy_8th_pre_bid"": ""-315500"", ""buy_8th_pre_req"": ""126"", ""buy_8th_pre_req_pre"": ""0"", ""buy_9th_pre_bid"": ""-315000"", ""buy_9th_pre_req"": ""331"", ""buy_9th_pre_req_pre"": ""0"", ""buy_10th_pre_bid"": ""-314500"", ""buy_10th_pre_req"": ""50"", ""buy_10th_pre_req_pre"": ""0"", ""tot_sel_req_jub_pre"": ""0"", ""tot_sel_req"": ""382"", ""tot_buy_req"": ""2703"", ""tot_buy_req_jub_pre"": ""0"", ""ovt_sel_req_pre"": ""0"", ""ovt_sel_req"": ""0"", ""ovt_buy_req"": ""0"", ""ovt_buy_req_pre"": ""0"", ""return_code"": 0, ""return_msg"": ""정상적으로 처리되었습니다""}"
2026-09-10,scan_candidate,028050,2026-09-10T09:30:14.472901,0,main_scan,49700,45850,49700,49650,49700,49900,0.09122233400402707,0.1006036217303823,310289400,8986600000000,41738549850,4.6084989106069685,8.396946564885496,"{""bid_req_base_tm"": ""093031"", ""sel_10th_pre_req_pre"": ""0"", ""sel_10th_pre_req"": ""1453"", ""sel_10th_pre_bid"": ""-50300"", ""sel_9th_pre_req_pre"": ""0"", ""sel_9th_pre_req"": ""981"", ""sel_9th_pre_bid"": ""-50200"", ""sel_8th_pre_req_pre"": ""0"", ""sel_8th_pre_req"": ""578"", ""sel_8th_pre_bid"": ""-50100"", ""sel_7th_pre_req_pre"": ""0"", ""sel_7th_pre_req"": ""2386"", ""sel_7th_pre_bid"": ""-50000"", ""sel_6th_pre_req_pre"": ""0"", ""sel_6th_pre_req"": ""744"", ""sel_6th_pre_bid"": ""-49950"", ""sel_5th_pre_req_pre"": ""0"", ""sel_5th_pre_req"": ""525"", ""sel_5th_pre_bid"": ""-49900"", ""sel_4th_pre_req_pre"": ""0"", ""sel_4th_pre_req"": ""1402"", ""sel_4th_pre_bid"": ""-49850"", ""sel_3th_pre_req_pre"": ""0"", ""sel_3th_pre_req"": ""1769"", ""sel_3th_pre_bid"": ""-49800"", ""sel_2th_pre_req_pre"": ""0"", ""sel_2th_pre_req"": ""1657"", ""sel_2th_pre_bid"": ""-49750"", ""sel_1th_pre_req_pre"": ""0"", ""sel_fpr_req"": ""2159"", ""sel_fpr_bid"": ""-49700"", ""buy_fpr_bid"": ""-49650"", ""buy_fpr_req"": ""1845"", ""buy_1th_pre_req_pre"": ""0"", ""buy_2th_pre_bid"": ""-49600"", ""buy_2th_pre_req"": ""2460"", ""buy_2th_pre_req_pre"": ""+10"", ""buy_3th_pre_bid"": ""-49550"", ""buy_3th_pre_req"": ""5243"", ""buy_3th_pre_req_pre"": ""--10"", ""buy_4th_pre_bid"": ""-49500"", ""buy_4th_pre_req"": ""8442"", ""buy_4th_pre_req_pre"": ""0"", ""buy_5th_pre_bid"": ""-49450"", ""buy_5th_pre_req"": ""3486"", ""buy_5th_pre_req_pre"": ""0"", ""buy_6th_pre_bid"": ""-49400"", ""buy_6th_pre_req"": ""1901"", ""buy_6th_pre_req_pre"": ""0"", ""buy_7th_pre_bid"": ""-49350"", ""buy_7th_pre_req"": ""1617"", ""buy_7th_pre_req_pre"": ""0"", ""buy_8th_pre_bid"": ""-49300"", ""buy_8th_pre_req"": ""2941"", ""buy_8th_pre_req_pre"": ""0"", ""buy_9th_pre_bid"": ""-49250"", ""buy_9th_pre_req"": ""1248"", ""buy_9th_pre_req_pre"": ""0"", ""buy_10th_pre_bid"": ""-49200"", ""buy_10th_pre_req"": ""3776"", ""buy_10th_pre_req_pre"": ""0"", ""tot_sel_req_jub_pre"": ""0"", ""tot_sel_req"": ""13654"", ""tot_buy_req"": ""32959"", ""tot_buy_req_jub_pre"": ""0"", ""ovt_sel_req_pre"": ""0"", ""ovt_sel_req"": ""0"", ""ovt_buy_req"": ""0"", ""ovt_buy_req_pre"": ""0"", ""return_code"": 0, ""return_msg"": ""정상적으로 처리되었습니다""}"
2026-09-10,scan_candidate,0126Z0,2026-09-10T09:30:14.472901,0,main_scan,345500,356000,345500,345000,345500,347500,0.22330680173660347,0.1447178002894356,41531000,8858365444000,10185312750,4.6084989106069685,-2.9494382022471908,"{""bid_req_base_tm"": ""093031"", ""sel_10th_pre_req_pre"": ""0"", ""sel_10th_pre_req"": ""36"", ""sel_10th_pre_bid"": ""+350000"", ""sel_9th_pre_req_pre"": ""0"", ""sel_9th_pre_req"": ""1"", ""sel_9th_pre_bid"": ""+349500"", ""sel_8th_pre_req_pre"": ""0"", ""sel_8th_pre_req"": ""17"", ""sel_8th_pre_bid"": ""+349000"", ""sel_7th_pre_req_pre"": ""0"", ""sel_7th_pre_req"": ""6"", ""sel_7th_pre_bid"": ""+348500"", ""sel_6th_pre_req_pre"": ""0"", ""sel_6th_pre_req"": ""16"", ""sel_6th_pre_bid"": ""348000"", ""sel_5th_pre_req_pre"": ""0"", ""sel_5th_pre_req"": ""26"", ""sel_5th_pre_bid"": ""-347500"", ""sel_4th_pre_req_pre"": ""0"", ""sel_4th_pre_req"": ""2"", ""sel_4th_pre_bid"": ""-347000"", ""sel_3th_pre_req_pre"": ""0"", ""sel_3th_pre_req"": ""29"", ""sel_3th_pre_bid"": ""-346500"", ""sel_2th_pre_req_pre"": ""0"", ""sel_2th_pre_req"": ""42"", ""sel_2th_pre_bid"": ""-346000"", ""sel_1th_pre_req_pre"": ""0"", ""sel_fpr_req"": ""45"", ""sel_fpr_bid"": ""-345500"", ""buy_fpr_bid"": ""-345000"", ""buy_fpr_req"": ""250"", ""buy_1th_pre_req_pre"": ""0"", ""buy_2th_pre_bid"": ""-344500"", ""buy_2th_pre_req"": ""330"", ""buy_2th_pre_req_pre"": ""+58"", ""buy_3th_pre_bid"": ""-344000"", ""buy_3th_pre_req"": ""239"", ""buy_3th_pre_req_pre"": ""0"", ""buy_4th_pre_bid"": ""-343500"", ""buy_4th_pre_req"": ""221"", ""buy_4th_pre_req_pre"": ""0"", ""buy_5th_pre_bid"": ""-343000"", ""buy_5th_pre_req"": ""445"", ""buy_5th_pre_req_pre"": ""0"", ""buy_6th_pre_bid"": ""-342500"", ""buy_6th_pre_req"": ""315"", ""buy_6th_pre_req_pre"": ""0"", ""buy_7th_pre_bid"": ""-342000"", ""buy_7th_pre_req"": ""300"", ""buy_7th_pre_req_pre"": ""0"", ""buy_8th_pre_bid"": ""-341500"", ""buy_8th_pre_req"": ""248"", ""buy_8th_pre_req_pre"": ""0"", ""buy_9th_pre_bid"": ""-341000"", ""buy_9th_pre_req"": ""316"", ""buy_9th_pre_req_pre"": ""0"", ""buy_10th_pre_bid"": ""-340500"", ""buy_10th_pre_req"": ""284"", ""buy_10th_pre_req_pre"": ""0"", ""tot_sel_req_jub_pre"": ""0"", ""tot_sel_req"": ""220"", ""tot_buy_req"": ""2948"", ""tot_buy_req_jub_pre"": ""+58"", ""ovt_sel_req_pre"": ""0"", ""ovt_sel_req"": ""0"", ""ovt_buy_req"": ""0"", ""ovt_buy_req_pre"": ""0"", ""return_code"": 0, ""return_msg"": ""정상적으로 처리되었습니다""}"
2026-09-10,scan_candidate,090430,2026-09-10T09:30:14.472901,0,main_scan,138400,143300,138400,138300,138400,138000,-0.8590209537572322,0.0722543352601156,40730200,8382012364700,18227450850,4.6084989106069685,-3.4193998604326583,"{""bid_req_base_tm"": ""093033"", ""sel_10th_pre_req_pre"": ""0"", ""sel_10th_pre_req"": ""131"", ""sel_10th_pre_bid"": ""+139500"", ""sel_9th_pre_req_pre"": ""0"", ""sel_9th_pre_req"": ""60"", ""sel_9th_pre_bid"": ""+139400"", ""sel_8th_pre_req_pre"": ""0"", ""sel_8th_pre_req"": ""296"", ""sel_8th_pre_bid"": ""+139300"", ""sel_7th_pre_req_pre"": ""0"", ""sel_7th_pre_req"": ""88"", ""sel_7th_pre_bid"": ""+139200"", ""sel_6th_pre_req_pre"": ""0"", ""sel_6th_pre_req"": ""524"", ""sel_6th_pre_bid"": ""+139100"", ""sel_5th_pre_req_pre"": ""0"", ""sel_5th_pre_req"": ""23"", ""sel_5th_pre_bid"": ""+139000"", ""sel_4th_pre_req_pre"": ""0"", ""sel_4th_pre_req"": ""92"", ""sel_4th_pre_bid"": ""+138900"", ""sel_3th_pre_req_pre"": ""0"", ""sel_3th_pre_req"": ""8"", ""sel_3th_pre_bid"": ""+138600"", ""sel_2th_pre_req_pre"": ""0"", ""sel_2th_pre_req"": ""12"", ""sel_2th_pre_bid"": ""+138500"", ""sel_1th_pre_req_pre"": ""+20"", ""sel_fpr_req"": ""203"", ""sel_fpr_bid"": ""+138400"", ""buy_fpr_bid"": ""138300"", ""buy_fpr_req"": ""151"", ""buy_1th_pre_req_pre"": ""--7"", ""buy_2th_pre_bid"": ""-138200"", ""buy_2th_pre_req"": ""223"", ""buy_2th_pre_req_pre"": ""0"", ""buy_3th_pre_bid"": ""-138100"", ""buy_3th_pre_req"": ""150"", ""buy_3th_pre_req_pre"": ""0"", ""buy_4th_pre_bid"": ""-138000"", ""buy_4th_pre_req"": ""3"", ""buy_4th_pre_req_pre"": ""0"", ""buy_5th_pre_bid"": ""-137900"", ""buy_5th_pre_req"": ""50"", ""buy_5th_pre_req_pre"": ""0"", ""buy_6th_pre_bid"": ""-137800"", ""buy_6th_pre_req"": ""64"", ""buy_6th_pre_req_pre"": ""0"", ""buy_7th_pre_bid"": ""-137700"", ""buy_7th_pre_req"": ""1"", ""buy_7th_pre_req_pre"": ""0"", ""buy_8th_pre_bid"": ""-137500"", ""buy_8th_pre_req"": ""15"", ""buy_8th_pre_req_pre"": ""0"", ""buy_9th_pre_bid"": ""-137300"", ""buy_9th_pre_req"": ""17"", ""buy_9th_pre_req_pre"": ""0"", ""buy_10th_pre_bid"": ""-137200"", ""buy_10th_pre_req"": ""29"", ""buy_10th_pre_req_pre"": ""0"", ""tot_sel_req_jub_pre"": ""+20"", ""tot_sel_req"": ""1437"", ""tot_buy_req"": ""703"", ""tot_buy_req_jub_pre"": ""--7"", ""ovt_sel_req_pre"": ""0"", ""ovt_sel_req"": ""0"", ""ovt_buy_req"": ""0"", ""ovt_buy_req_pre"": ""0"", ""return_code"": 0, ""return_msg"": ""정상적으로 처리되었습니다""}"
2026-09-10,scan_candidate,007660,2026-09-10T09:30:14.472901,0,main_scan,110000,111100,110000,109900,110000,110000,-0.6636590909090989,0.09090909090909091,30279900,8155764230900,41212630450,4.6084989106069685,-0.9900990099009901,"{""bid_req_base_tm"": ""093033"", ""sel_10th_pre_req_pre"": ""0"", ""sel_10th_pre_req"": ""14"", ""sel_10th_pre_bid"": ""-110900"", ""sel_9th_pre_req_pre"": ""0"", ""sel_9th_pre_req"": ""8"", ""sel_9th_pre_bid"": ""-110800"", ""sel_8th_pre_req_pre"": ""0"", ""sel_8th_pre_req"": ""60"", ""sel_8th_pre_bid"": ""-110700"", ""sel_7th_pre_req_pre"": ""0"", ""sel_7th_pre_req"": ""56"", ""sel_7th_pre_bid"": ""-110600"", ""sel_6th_pre_req_pre"": ""0"", ""sel_6th_pre_req"": ""7"", ""sel_6th_pre_bid"": ""-110500"", ""sel_5th_pre_req_pre"": ""0"", ""sel_5th_pre_req"": ""83"", ""sel_5th_pre_bid"": ""-110400"", ""sel_4th_pre_req_pre"": ""0"", ""sel_4th_pre_req"": ""11"", ""sel_4th_pre_bid"": ""-110300"", ""sel_3th_pre_req_pre"": ""0"", ""sel_3th_pre_req"": ""51"", ""sel_3th_pre_bid"": ""-110200"", ""sel_2th_pre_req_pre"": ""0"", ""sel_2th_pre_req"": ""16"", ""sel_2th_pre_bid"": ""-110100"", ""sel_1th_pre_req_pre"": ""--9"", ""sel_fpr_req"": ""168"", ""sel_fpr_bid"": ""-110000"", ""buy_fpr_bid"": ""-109900"", ""buy_fpr_req"": ""152"", ""buy_1th_pre_req_pre"": ""--2"", ""buy_2th_pre_bid"": ""-109800"", ""buy_2th_pre_req"": ""376"", ""buy_2th_pre_req_pre"": ""0"", ""buy_3th_pre_bid"": ""-109700"", ""buy_3th_pre_req"": ""158"", ""buy_3th_pre_req_pre"": ""0"", ""buy_4th_pre_bid"": ""-109600"", ""buy_4th_pre_req"": ""117"", ""buy_4th_pre_req_pre"": ""0"", ""buy_5th_pre_bid"": ""-109500"", ""buy_5th_pre_req"": ""226"", ""buy_5th_pre_req_pre"": ""0"", ""buy_6th_pre_bid"": ""-109400"", ""buy_6th_pre_req"": ""229"", ""buy_6th_pre_req_pre"": ""0"", ""buy_7th_pre_bid"": ""-109300"", ""buy_7th_pre_req"": ""393"", ""buy_7th_pre_req_pre"": ""0"", ""buy_8th_pre_bid"": ""-109200"", ""buy_8th_pre_req"": ""1114"", ""buy_8th_pre_req_pre"": ""0"", ""buy_9th_pre_bid"": ""-109100"", ""buy_9th_pre_req"": ""806"", ""buy_9th_pre_req_pre"": ""0"", ""buy_10th_pre_bid"": ""-109000"", ""buy_10th_pre_req"": ""2424"", ""buy_10th_pre_req_pre"": ""0"", ""tot_sel_req_jub_pre"": ""--9"", ""tot_sel_req"": ""474"", ""tot_buy_req"": ""5995"", ""tot_buy_req_jub_pre"": ""--2"", ""ovt_sel_req_pre"": ""0"", ""ovt_sel_req"": ""0"", ""ovt_buy_req"": ""0"", ""ovt_buy_req_pre"": ""0"", ""return_code"": 0, ""return_msg"": ""정상적으로 처리되었습니다""}"
2026-09-10,scan_candidate,161390,2026-09-10T09:30:14.472901,0,main_scan,62400,65400,62400,62300,62400,62600,-0.05005608974360233,0.16025641025641024,27500300,8101429512600,8297965950,4.6084989106069685,-4.587155963302752,"{""bid_req_base_tm"": ""093033"", ""sel_10th_pre_req_pre"": ""0"", ""sel_10th_pre_req"": ""640"", ""sel_10th_pre_bid"": ""+63300"", ""sel_9th_pre_req_pre"": ""0"", ""sel_9th_pre_req"": ""71"", ""sel_9th_pre_bid"": ""+63200"", ""sel_8th_pre_req_pre"": ""0"", ""sel_8th_pre_req"": ""308"", ""sel_8th_pre_bid"": ""63100"", ""sel_7th_pre_req_pre"": ""0"", ""sel_7th_pre_req"": ""258"", ""sel_7th_pre_bid"": ""-63000"", ""sel_6th_pre_req_pre"": ""0"", ""sel_6th_pre_req"": ""191"", ""sel_6th_pre_bid"": ""-62900"", ""sel_5th_pre_req_pre"": ""0"", ""sel_5th_pre_req"": ""267"", ""sel_5th_pre_bid"": ""-62800"", ""sel_4th_pre_req_pre"": ""0"", ""sel_4th_pre_req"": ""78"", ""sel_4th_pre_bid"": ""-62700"", ""sel_3th_pre_req_pre"": ""0"", ""sel_3th_pre_req"": ""196"", ""sel_3th_pre_bid"": ""-62600"", ""sel_2th_pre_req_pre"": ""0"", ""sel_2th_pre_req"": ""17"", ""sel_2th_pre_bid"": ""-62500"", ""sel_1th_pre_req_pre"": ""+7"", ""sel_fpr_req"": ""72"", ""sel_fpr_bid"": ""-62400"", ""buy_fpr_bid"": ""-62300"", ""buy_fpr_req"": ""142"", ""buy_1th_pre_req_pre"": ""0"", ""buy_2th_pre_bid"": ""-62200"", ""buy_2th_pre_req"": ""276"", ""buy_2th_pre_req_pre"": ""0"", ""buy_3th_pre_bid"": ""-62100"", ""buy_3th_pre_req"": ""178"", ""buy_3th_pre_req_pre"": ""0"", ""buy_4th_pre_bid"": ""-62000"", ""buy_4th_pre_req"": ""363"", ""buy_4th_pre_req_pre"": ""0"", ""buy_5th_pre_bid"": ""-61900"", ""buy_5th_pre_req"": ""221"", ""buy_5th_pre_req_pre"": ""0"", ""buy_6th_pre_bid"": ""-61800"", ""buy_6th_pre_req"": ""698"", ""buy_6th_pre_req_pre"": ""0"", ""buy_7th_pre_bid"": ""-61700"", ""buy_7th_pre_req"": ""247"", ""buy_7th_pre_req_pre"": ""0"", ""buy_8th_pre_bid"": ""-61600"", ""buy_8th_pre_req"": ""433"", ""buy_8th_pre_req_pre"": ""0"", ""buy_9th_pre_bid"": ""-61500"", ""buy_9th_pre_req"": ""339"", ""buy_9th_pre_req_pre"": ""0"", ""buy_10th_pre_bid"": ""-61400"", ""buy_10th_pre_req"": ""54"", ""buy_10th_pre_req_pre"": ""0"", ""tot_sel_req_jub_pre"": ""+7"", ""tot_sel_req"": ""2098"", ""tot_buy_req"": ""2951"", ""tot_buy_req_jub_pre"": ""0"", ""ovt_sel_req_pre"": ""0"", ""ovt_sel_req"": ""0"", ""ovt_buy_req"": ""0"", ""ovt_buy_req_pre"": ""0"", ""return_code"": 0, ""return_msg"": ""정상적으로 처리되었습니다""}"
2026-09-10,scan_candidate,016360,2026-09-10T09:30:14.472901,0,main_scan,86400,86800,86400,86300,86400,86700,0.02103009259259057,0.11574074074074073,16559500,7751240000000,13611450400,4.6084989106069685,-0.4608294930875576,"{""bid_req_base_tm"": ""093035"", ""sel_10th_pre_req_pre"": ""0"", ""sel_10th_pre_req"": ""364"", ""sel_10th_pre_bid"": ""+87300"", ""sel_9th_pre_req_pre"": ""0"", ""sel_9th_pre_req"": ""341"", ""sel_9th_pre_bid"": ""87200"", ""sel_8th_pre_req_pre"": ""0"", ""sel_8th_pre_req"": ""306"", ""sel_8th_pre_bid"": ""-87100"", ""sel_7th_pre_req_pre"": ""0"", ""sel_7th_pre_req"": ""343"", ""sel_7th_pre_bid"": ""-87000"", ""sel_6th_pre_req_pre"": ""0"", ""sel_6th_pre_req"": ""314"", ""sel_6th_pre_bid"": ""-86900"", ""sel_5th_pre_req_pre"": ""0"", ""sel_5th_pre_req"": ""124"", ""sel_5th_pre_bid"": ""-86800"", ""sel_4th_pre_req_pre"": ""0"", ""sel_4th_pre_req"": ""106"", ""sel_4th_pre_bid"": ""-86700"", ""sel_3th_pre_req_pre"": ""0"", ""sel_3th_pre_req"": ""45"", ""sel_3th_pre_bid"": ""-86600"", ""sel_2th_pre_req_pre"": ""0"", ""sel_2th_pre_req"": ""14"", ""sel_2th_pre_bid"": ""-86500"", ""sel_1th_pre_req_pre"": ""0"", ""sel_fpr_req"": ""4"", ""sel_fpr_bid"": ""-86400"", ""buy_fpr_bid"": ""-86300"", ""buy_fpr_req"": ""72"", ""buy_1th_pre_req_pre"": ""0"", ""buy_2th_pre_bid"": ""-86200"", ""buy_2th_pre_req"": ""1102"", ""buy_2th_pre_req_pre"": ""--1"", ""buy_3th_pre_bid"": ""-86100"", ""buy_3th_pre_req"": ""916"", ""buy_3th_pre_req_pre"": ""0"", ""buy_4th_pre_bid"": ""-86000"", ""buy_4th_pre_req"": ""1861"", ""buy_4th_pre_req_pre"": ""0"", ""buy_5th_pre_bid"": ""-85900"", ""buy_5th_pre_req"": ""708"", ""buy_5th_pre_req_pre"": ""0"", ""buy_6th_pre_bid"": ""-85800"", ""buy_6th_pre_req"": ""313"", ""buy_6th_pre_req_pre"": ""0"", ""buy_7th_pre_bid"": ""-85700"", ""buy_7th_pre_req"": ""434"", ""buy_7th_pre_req_pre"": ""0"", ""buy_8th_pre_bid"": ""-85600"", ""buy_8th_pre_req"": ""787"", ""buy_8th_pre_req_pre"": ""0"", ""buy_9th_pre_bid"": ""-85500"", ""buy_9th_pre_req"": ""600"", ""buy_9th_pre_req_pre"": ""0"", ""buy_10th_pre_bid"": ""-85400"", ""buy_10th_pre_req"": ""140"", ""buy_10th_pre_req_pre"": ""0"", ""tot_sel_req_jub_pre"": ""0"", ""tot_sel_req"": ""1961"", ""tot_buy_req"": ""6933"", ""tot_buy_req_jub_pre"": ""--1"", ""ovt_sel_req_pre"": ""0"", ""ovt_sel_req"": ""0"", ""ovt_buy_req"": ""0"", ""ovt_buy_req_pre"": ""0"", ""return_code"": 0, ""return_msg"": ""정상적으로 처리되었습니다""}"
2026-09-10,scan_candidate,352820,2026-09-10T09:30:14.472901,0,main_scan,172600,178500,172600,172500,172600,172500,-0.5569466975666327,0.057937427578215524,17094800,7694570226000,25623589600,4.6084989106069685,-3.305322128851541,"{""bid_req_base_tm"": ""093034"", ""sel_10th_pre_req_pre"": ""0"", ""sel_10th_pre_req"": ""58"", ""sel_10th_pre_bid"": ""-173500"", ""sel_9th_pre_req_pre"": ""0"", ""sel_9th_pre_req"": ""28"", ""sel_9th_pre_bid"": ""-173400"", ""sel_8th_pre_req_pre"": ""0"", ""sel_8th_pre_req"": ""6"", ""sel_8th_pre_bid"": ""-173300"", ""sel_7th_pre_req_pre"": ""0"", ""sel_7th_pre_req"": ""8"", ""sel_7th_pre_bid"": ""-173200"", ""sel_6th_pre_req_pre"": ""0"", ""sel_6th_pre_req"": ""3"", ""sel_6th_pre_bid"": ""-173100"", ""sel_5th_pre_req_pre"": ""0"", ""sel_5th_pre_req"": ""5"", ""sel_5th_pre_bid"": ""-173000"", ""sel_4th_pre_req_pre"": ""0"", ""sel_4th_pre_req"": ""5"", ""sel_4th_pre_bid"": ""-172900"", ""sel_3th_pre_req_pre"": ""0"", ""sel_3th_pre_req"": ""10"", ""sel_3th_pre_bid"": ""-172800"", ""sel_2th_pre_req_pre"": ""0"", ""sel_2th_pre_req"": ""42"", ""sel_2th_pre_bid"": ""-172700"", ""sel_1th_pre_req_pre"": ""--6"", ""sel_fpr_req"": ""48"", ""sel_fpr_bid"": ""-172600"", ""buy_fpr_bid"": ""-172500"", ""buy_fpr_req"": ""24"", ""buy_1th_pre_req_pre"": ""0"", ""buy_2th_pre_bid"": ""-172400"", ""buy_2th_pre_req"": ""150"", ""buy_2th_pre_req_pre"": ""0"", ""buy_3th_pre_bid"": ""-172300"", ""buy_3th_pre_req"": ""100"", ""buy_3th_pre_req_pre"": ""0"", ""buy_4th_pre_bid"": ""-172200"", ""buy_4th_pre_req"": ""173"", ""buy_4th_pre_req_pre"": ""0"", ""buy_5th_pre_bid"": ""-172100"", ""buy_5th_pre_req"": ""749"", ""buy_5th_pre_req_pre"": ""0"", ""buy_6th_pre_bid"": ""-172000"", ""buy_6th_pre_req"": ""1273"", ""buy_6th_pre_req_pre"": ""0"", ""buy_7th_pre_bid"": ""-171900"", ""buy_7th_pre_req"": ""283"", ""buy_7th_pre_req_pre"": ""0"", ""buy_8th_pre_bid"": ""-171800"", ""buy_8th_pre_req"": ""261"", ""buy_8th_pre_req_pre"": ""0"", ""buy_9th_pre_bid"": ""-171700"", ""buy_9th_pre_req"": ""494"", ""buy_9th_pre_req_pre"": ""0"", ""buy_10th_pre_bid"": ""-171600"", ""buy_10th_pre_req"": ""739"", ""buy_10th_pre_req_pre"": ""0"", ""tot_sel_req_jub_pre"": ""--6"", ""tot_sel_req"": ""213"", ""tot_buy_req"": ""4246"", ""tot_buy_req_jub_pre"": ""0"", ""ovt_sel_req_pre"": ""0"", ""ovt_sel_req"": ""0"", ""ovt_buy_req"": ""0"", ""ovt_buy_req_pre"": ""0"", ""return_code"": 0, ""return_msg"": ""정상적으로 처리되었습니다""}"
2026-09-10,scan_candidate,000880,2026-09-10T09:30:14.472901,0,main_scan,137600,137400,137600,137500,137600,137500,-0.6451962209302384,0.07267441860465117,39664900,7327390447800,21976105750,4.6084989106069685,0.1455604075691412,"{""bid_req_base_tm"": ""093035"", ""sel_10th_pre_req_pre"": ""0"", ""sel_10th_pre_req"": ""7"", ""sel_10th_pre_bid"": ""-138800"", ""sel_9th_pre_req_pre"": ""0"", ""sel_9th_pre_req"": ""33"", ""sel_9th_pre_bid"": ""-138600"", ""sel_8th_pre_req_pre"": ""0"", ""sel_8th_pre_req"": ""5"", ""sel_8th_pre_bid"": ""-138500"", ""sel_7th_pre_req_pre"": ""0"", ""sel_7th_pre_req"": ""5"", ""sel_7th_pre_bid"": ""-138400"", ""sel_6th_pre_req_pre"": ""0"", ""sel_6th_pre_req"": ""3"", ""sel_6th_pre_bid"": ""-138300"", ""sel_5th_pre_req_pre"": ""0"", ""sel_5th_pre_req"": ""42"", ""sel_5th_pre_bid"": ""-138100"", ""sel_4th_pre_req_pre"": ""0"", ""sel_4th_pre_req"": ""18"", ""sel_4th_pre_bid"": ""-138000"", ""sel_3th_pre_req_pre"": ""0"", ""sel_3th_pre_req"": ""29"", ""sel_3th_pre_bid"": ""-137900"", ""sel_2th_pre_req_pre"": ""0"", ""sel_2th_pre_req"": ""145"", ""sel_2th_pre_bid"": ""-137700"", ""sel_1th_pre_req_pre"": ""0"", ""sel_fpr_req"": ""101"", ""sel_fpr_bid"": ""-137600"", ""buy_fpr_bid"": ""-137500"", ""buy_fpr_req"": ""2"", ""buy_1th_pre_req_pre"": ""0"", ""buy_2th_pre_bid"": ""-137400"", ""buy_2th_pre_req"": ""84"", ""buy_2th_pre_req_pre"": ""+1"", ""buy_3th_pre_bid"": ""-137300"", ""buy_3th_pre_req"": ""32"", ""buy_3th_pre_req_pre"": ""0"", ""buy_4th_pre_bid"": ""-137200"", ""buy_4th_pre_req"": ""57"", ""buy_4th_pre_req_pre"": ""0"", ""buy_5th_pre_bid"": ""-137100"", ""buy_5th_pre_req"": ""70"", ""buy_5th_pre_req_pre"": ""0"", ""buy_6th_pre_bid"": ""-137000"", ""buy_6th_pre_req"": ""492"", ""buy_6th_pre_req_pre"": ""0"", ""buy_7th_pre_bid"": ""-136900"", ""buy_7th_pre_req"": ""26"", ""buy_7th_pre_req_pre"": ""0"", ""buy_8th_pre_bid"": ""-136800"", ""buy_8th_pre_req"": ""36"", ""buy_8th_pre_req_pre"": ""0"", ""buy_9th_pre_bid"": ""-136700"", ""buy_9th_pre_req"": ""12"", ""buy_9th_pre_req_pre"": ""0"", ""buy_10th_pre_bid"": ""-136600"", ""buy_10th_pre_req"": ""4"", ""buy_10th_pre_req_pre"": ""0"", ""tot_sel_req_jub_pre"": ""0"", ""tot_sel_req"": ""388"", ""tot_buy_req"": ""815"", ""tot_buy_req_jub_pre"": ""+1"", ""ovt_sel_req_pre"": ""0"", ""ovt_sel_req"": ""0"", ""ovt_buy_req"": ""0"", ""ovt_buy_req_pre"": ""0"", ""return_code"": 0, ""return_msg"": ""정상적으로 처리되었습니다""}"
2026-09-10,scan_candidate,064400,2026-09-10T09:30:14.472901,0,main_scan,72100,74100,72100,72000,72100,72300,-0.07157420249652695,0.13869625520110956,320631000,7179248746800,35867298100,4.6084989106069685,-2.699055330634278,"{""bid_req_base_tm"": ""093035"", ""sel_10th_pre_req_pre"": ""0"", ""sel_10th_pre_req"": ""2811"", ""sel_10th_pre_bid"": ""+73000"", ""sel_9th_pre_req_pre"": ""0"", ""sel_9th_pre_req"": ""784"", ""sel_9th_pre_bid"": ""+72900"", ""sel_8th_pre_req_pre"": ""0"", ""sel_8th_pre_req"": ""1172"", ""sel_8th_pre_bid"": ""+72800"", ""sel_7th_pre_req_pre"": ""0"", ""sel_7th_pre_req"": ""1133"", ""sel_7th_pre_bid"": ""+72700"", ""sel_6th_pre_req_pre"": ""0"", ""sel_6th_pre_req"": ""665"", ""sel_6th_pre_bid"": ""+72600"", ""sel_5th_pre_req_pre"": ""0"", ""sel_5th_pre_req"": ""2542"", ""sel_5th_pre_bid"": ""+72500"", ""sel_4th_pre_req_pre"": ""0"", ""sel_4th_pre_req"": ""1181"", ""sel_4th_pre_bid"": ""+72400"", ""sel_3th_pre_req_pre"": ""0"", ""sel_3th_pre_req"": ""646"", ""sel_3th_pre_bid"": ""+72300"", ""sel_2th_pre_req_pre"": ""0"", ""sel_2th_pre_req"": ""1242"", ""sel_2th_pre_bid"": ""+72200"", ""sel_1th_pre_req_pre"": ""0"", ""sel_fpr_req"": ""628"", ""sel_fpr_bid"": ""72100"", ""buy_fpr_bid"": ""-72000"", ""buy_fpr_req"": ""2419"", ""buy_1th_pre_req_pre"": ""0"", ""buy_2th_pre_bid"": ""-71900"", ""buy_2th_pre_req"": ""1234"", ""buy_2th_pre_req_pre"": ""0"", ""buy_3th_pre_bid"": ""-71800"", ""buy_3th_pre_req"": ""1748"", ""buy_3th_pre_req_pre"": ""0"", ""buy_4th_pre_bid"": ""-71700"", ""buy_4th_pre_req"": ""2706"", ""buy_4th_pre_req_pre"": ""0"", ""buy_5th_pre_bid"": ""-71600"", ""buy_5th_pre_req"": ""1982"", ""buy_5th_pre_req_pre"": ""0"", ""buy_6th_pre_bid"": ""-71500"", ""buy_6th_pre_req"": ""3885"", ""buy_6th_pre_req_pre"": ""+1"", ""buy_7th_pre_bid"": ""-71400"", ""buy_7th_pre_req"": ""2308"", ""buy_7th_pre_req_pre"": ""0"", ""buy_8th_pre_bid"": ""-71300"", ""buy_8th_pre_req"": ""1673"", ""buy_8th_pre_req_pre"": ""0"", ""buy_9th_pre_bid"": ""-71200"", ""buy_9th_pre_req"": ""2849"", ""buy_9th_pre_req_pre"": ""0"", ""buy_10th_pre_bid"": ""-71100"", ""buy_10th_pre_req"": ""2298"", ""buy_10th_pre_req_pre"": ""0"", ""tot_sel_req_jub_pre"": ""0"", ""tot_sel_req"": ""12804"", ""tot_buy_req"": ""23102"", ""tot_buy_req_jub_pre"": ""+1"", ""ovt_sel_req_pre"": ""0"", ""ovt_sel_req"": ""0"", ""ovt_buy_req"": ""0"", ""ovt_buy_req_pre"": ""0"", ""return_code"": 0, ""return_msg"": ""정상적으로 처리되었습니다""}"
2026-09-10,scan_candidate,039490,2026-09-10T09:30:14.472901,0,main_scan,272000,270500,272000,271500,272000,274000,0.3403952205882139,0.1838235294117647,50546000,7094759478000,12173793000,4.6084989106069685,0.5545286506469501,"{""bid_req_base_tm"": ""093036"", ""sel_10th_pre_req_pre"": ""0"", ""sel_10th_pre_req"": ""91"", ""sel_10th_pre_bid"": ""+277000"", ""sel_9th_pre_req_pre"": ""0"", ""sel_9th_pre_req"": ""85"", ""sel_9th_pre_bid"": ""+276500"", ""sel_8th_pre_req_pre"": ""0"", ""sel_8th_pre_req"": ""94"", ""sel_8th_pre_bid"": ""+276000"", ""sel_7th_pre_req_pre"": ""0"", ""sel_7th_pre_req"": ""16"", ""sel_7th_pre_bid"": ""+275500"", ""sel_6th_pre_req_pre"": ""0"", ""sel_6th_pre_req"": ""72"", ""sel_6th_pre_bid"": ""+275000"", ""sel_5th_pre_req_pre"": ""0"", ""sel_5th_pre_req"": ""41"", ""sel_5th_pre_bid"": ""+274500"", ""sel_4th_pre_req_pre"": ""0"", ""sel_4th_pre_req"": ""40"", ""sel_4th_pre_bid"": ""+274000"", ""sel_3th_pre_req_pre"": ""0"", ""sel_3th_pre_req"": ""60"", ""sel_3th_pre_bid"": ""273500"", ""sel_2th_pre_req_pre"": ""0"", ""sel_2th_pre_req"": ""49"", ""sel_2th_pre_bid"": ""-273000"", ""sel_1th_pre_req_pre"": ""0"", ""sel_fpr_req"": ""44"", ""sel_fpr_bid"": ""-272000"", ""buy_fpr_bid"": ""-271500"", ""buy_fpr_req"": ""406"", ""buy_1th_pre_req_pre"": ""--2"", ""buy_2th_pre_bid"": ""-271000"", ""buy_2th_pre_req"": ""130"", ""buy_2th_pre_req_pre"": ""0"", ""buy_3th_pre_bid"": ""-270500"", ""buy_3th_pre_req"": ""35"", ""buy_3th_pre_req_pre"": ""0"", ""buy_4th_pre_bid"": ""-270000"", ""buy_4th_pre_req"": ""163"", ""buy_4th_pre_req_pre"": ""0"", ""buy_5th_pre_bid"": ""-269500"", ""buy_5th_pre_req"": ""267"", ""buy_5th_pre_req_pre"": ""0"", ""buy_6th_pre_bid"": ""-269000"", ""buy_6th_pre_req"": ""52"", ""buy_6th_pre_req_pre"": ""0"", ""buy_7th_pre_bid"": ""-268500"", ""buy_7th_pre_req"": ""57"", ""buy_7th_pre_req_pre"": ""0"", ""buy_8th_pre_bid"": ""-268000"", ""buy_8th_pre_req"": ""47"", ""buy_8th_pre_req_pre"": ""0"", ""buy_9th_pre_bid"": ""-267500"", ""buy_9th_pre_req"": ""28"", ""buy_9th_pre_req_pre"": ""0"", ""buy_10th_pre_bid"": ""-267000"", ""buy_10th_pre_req"": ""74"", ""buy_10th_pre_req_pre"": ""0"", ""tot_sel_req_jub_pre"": ""0"", ""tot_sel_req"": ""592"", ""tot_buy_req"": ""1259"", ""tot_buy_req_jub_pre"": ""--2"", ""ovt_sel_req_pre"": ""0"", ""ovt_sel_req"": ""0"", ""ovt_buy_req"": ""0"", ""ovt_buy_req_pre"": ""0"", ""return_code"": 0, ""return_msg"": ""정상적으로 처리되었습니다""}"
2026-09-10,scan_candidate,021240,2026-09-10T09:30:14.472901,0,main_scan,96700,99400,96700,96500,96700,96900,-0.10678903826266745,0.2068252326783868,11259500,7034282144400,11000482000,4.6084989106069685,-2.716297786720322,"{""bid_req_base_tm"": ""093035"", ""sel_10th_pre_req_pre"": ""0"", ""sel_10th_pre_req"": ""52"", ""sel_10th_pre_bid"": ""+97900"", ""sel_9th_pre_req_pre"": ""0"", ""sel_9th_pre_req"": ""202"", ""sel_9th_pre_bid"": ""97800"", ""sel_8th_pre_req_pre"": ""0"", ""sel_8th_pre_req"": ""74"", ""sel_8th_pre_bid"": ""-97700"", ""sel_7th_pre_req_pre"": ""0"", ""sel_7th_pre_req"": ""53"", ""sel_7th_pre_bid"": ""-97600"", ""sel_6th_pre_req_pre"": ""0"", ""sel_6th_pre_req"": ""50"", ""sel_6th_pre_bid"": ""-97500"", ""sel_5th_pre_req_pre"": ""0"", ""sel_5th_pre_req"": ""50"", ""sel_5th_pre_bid"": ""-97400"", ""sel_4th_pre_req_pre"": ""0"", ""sel_4th_pre_req"": ""51"", ""sel_4th_pre_bid"": ""-97300"", ""sel_3th_pre_req_pre"": ""0"", ""sel_3th_pre_req"": ""5"", ""sel_3th_pre_bid"": ""-97200"", ""sel_2th_pre_req_pre"": ""0"", ""sel_2th_pre_req"": ""1"", ""sel_2th_pre_bid"": ""-97000"", ""sel_1th_pre_req_pre"": ""0"", ""sel_fpr_req"": ""49"", ""sel_fpr_bid"": ""-96700"", ""buy_fpr_bid"": ""-96500"", ""buy_fpr_req"": ""27"", ""buy_1th_pre_req_pre"": ""0"", ""buy_2th_pre_bid"": ""-96400"", ""buy_2th_pre_req"": ""2"", ""buy_2th_pre_req_pre"": ""+1"", ""buy_3th_pre_bid"": ""-96300"", ""buy_3th_pre_req"": ""3"", ""buy_3th_pre_req_pre"": ""0"", ""buy_4th_pre_bid"": ""-96200"", ""buy_4th_pre_req"": ""80"", ""buy_4th_pre_req_pre"": ""0"", ""buy_5th_pre_bid"": ""-96100"", ""buy_5th_pre_req"": ""158"", ""buy_5th_pre_req_pre"": ""0"", ""buy_6th_pre_bid"": ""-96000"", ""buy_6th_pre_req"": ""177"", ""buy_6th_pre_req_pre"": ""0"", ""buy_7th_pre_bid"": ""-95900"", ""buy_7th_pre_req"": ""18"", ""buy_7th_pre_req_pre"": ""0"", ""buy_8th_pre_bid"": ""-95800"", ""buy_8th_pre_req"": ""10"", ""buy_8th_pre_req_pre"": ""0"", ""buy_9th_pre_bid"": ""-95700"", ""buy_9th_pre_req"": ""4"", ""buy_9th_pre_req_pre"": ""0"", ""buy_10th_pre_bid"": ""-95600"", ""buy_10th_pre_req"": ""15"", ""buy_10th_pre_req_pre"": ""0"", ""tot_sel_req_jub_pre"": ""0"", ""tot_sel_req"": ""587"", ""tot_buy_req"": ""494"", ""tot_buy_req_jub_pre"": ""+1"", ""ovt_sel_req_pre"": ""0"", ""ovt_sel_req"": ""0"", ""ovt_buy_req"": ""0"", ""ovt_buy_req_pre"": ""0"", ""return_code"": 0, ""return_msg"": ""정상적으로 처리되었습니다""}"
2026-09-10,scan_candidate,047040,2026-09-10T09:30:14.472901,0,main_scan,18980,16850,18980,18970,18980,19000,-0.3677528977871496,0.052687038988408846,79264870,6923793700300,67239316945,4.6084989106069685,12.640949554896142,"{""bid_req_base_tm"": ""093036"", ""sel_10th_pre_req_pre"": ""0"", ""sel_10th_pre_req"": ""1"", ""sel_10th_pre_bid"": ""-19080"", ""sel_9th_pre_req_pre"": ""0"", ""sel_9th_pre_req"": ""263"", ""sel_9th_pre_bid"": ""-19060"", ""sel_8th_pre_req_pre"": ""0"", ""sel_8th_pre_req"": ""3308"", ""sel_8th_pre_bid"": ""-19050"", ""sel_7th_pre_req_pre"": ""+20"", ""sel_7th_pre_req"": ""757"", ""sel_7th_pre_bid"": ""-19040"", ""sel_6th_pre_req_pre"": ""0"", ""sel_6th_pre_req"": ""2672"", ""sel_6th_pre_bid"": ""-19030"", ""sel_5th_pre_req_pre"": ""0"", ""sel_5th_pre_req"": ""2260"", ""sel_5th_pre_bid"": ""-19020"", ""sel_4th_pre_req_pre"": ""0"", ""sel_4th_pre_req"": ""2919"", ""sel_4th_pre_bid"": ""-19010"", ""sel_3th_pre_req_pre"": ""0"", ""sel_3th_pre_req"": ""578"", ""sel_3th_pre_bid"": ""-19000"", ""sel_2th_pre_req_pre"": ""0"", ""sel_2th_pre_req"": ""73"", ""sel_2th_pre_bid"": ""-18990"", ""sel_1th_pre_req_pre"": ""--1"", ""sel_fpr_req"": ""453"", ""sel_fpr_bid"": ""-18980"", ""buy_fpr_bid"": ""-18970"", ""buy_fpr_req"": ""1360"", ""buy_1th_pre_req_pre"": ""0"", ""buy_2th_pre_bid"": ""-18960"", ""buy_2th_pre_req"": ""4116"", ""buy_2th_pre_req_pre"": ""0"", ""buy_3th_pre_bid"": ""-18950"", ""buy_3th_pre_req"": ""2930"", ""buy_3th_pre_req_pre"": ""0"", ""buy_4th_pre_bid"": ""-18940"", ""buy_4th_pre_req"": ""1126"", ""buy_4th_pre_req_pre"": ""0"", ""buy_5th_pre_bid"": ""-18930"", ""buy_5th_pre_req"": ""2344"", ""buy_5th_pre_req_pre"": ""0"", ""buy_6th_pre_bid"": ""-18920"", ""buy_6th_pre_req"": ""11599"", ""buy_6th_pre_req_pre"": ""0"", ""buy_7th_pre_bid"": ""-18910"", ""buy_7th_pre_req"": ""3524"", ""buy_7th_pre_req_pre"": ""0"", ""buy_8th_pre_bid"": ""-18900"", ""buy_8th_pre_req"": ""8890"", ""buy_8th_pre_req_pre"": ""0"", ""buy_9th_pre_bid"": ""-18890"", ""buy_9th_pre_req"": ""673"", ""buy_9th_pre_req_pre"": ""0"", ""buy_10th_pre_bid"": ""-18880"", ""buy_10th_pre_req"": ""1896"", ""buy_10th_pre_req_pre"": ""0"", ""tot_sel_req_jub_pre"": ""+19"", ""tot_sel_req"": ""13284"", ""tot_buy_req"": ""38458"", ""tot_buy_req_jub_pre"": ""0"", ""ovt_sel_req_pre"": ""0"", ""ovt_sel_req"": ""0"", ""ovt_buy_req"": ""0"", ""ovt_buy_req_pre"": ""0"", ""return_code"": 0, ""return_msg"": ""정상적으로 처리되었습니다""}"
2026-09-10,scan_candidate,326030,2026-09-10T09:30:14.472901,0,main_scan,82800,86600,82800,82600,82800,83100,0.031074879227030644,0.24154589371980675,28035500,6781927450000,5727426600,4.6084989106069685,-4.387990762124711,"{""bid_req_base_tm"": ""093037"", ""sel_10th_pre_req_pre"": ""0"", ""sel_10th_pre_req"": ""62"", ""sel_10th_pre_bid"": ""83800"", ""sel_9th_pre_req_pre"": ""0"", ""sel_9th_pre_req"": ""51"", ""sel_9th_pre_bid"": ""-83700"", ""sel_8th_pre_req_pre"": ""0"", ""sel_8th_pre_req"": ""11"", ""sel_8th_pre_bid"": ""-83600"", ""sel_7th_pre_req_pre"": ""0"", ""sel_7th_pre_req"": ""15"", ""sel_7th_pre_bid"": ""-83500"", ""sel_6th_pre_req_pre"": ""0"", ""sel_6th_pre_req"": ""200"", ""sel_6th_pre_bid"": ""-83400"", ""sel_5th_pre_req_pre"": ""0"", ""sel_5th_pre_req"": ""5"", ""sel_5th_pre_bid"": ""-83300"", ""sel_4th_pre_req_pre"": ""0"", ""sel_4th_pre_req"": ""59"", ""sel_4th_pre_bid"": ""-83100"", ""sel_3th_pre_req_pre"": ""0"", ""sel_3th_pre_req"": ""160"", ""sel_3th_pre_bid"": ""-83000"", ""sel_2th_pre_req_pre"": ""+5"", ""sel_2th_pre_req"": ""125"", ""sel_2th_pre_bid"": ""-82900"", ""sel_1th_pre_req_pre"": ""0"", ""sel_fpr_req"": ""61"", ""sel_fpr_bid"": ""-82800"", ""buy_fpr_bid"": ""-82600"", ""buy_fpr_req"": ""118"", ""buy_1th_pre_req_pre"": ""0"", ""buy_2th_pre_bid"": ""-82500"", ""buy_2th_pre_req"": ""1130"", ""buy_2th_pre_req_pre"": ""0"", ""buy_3th_pre_bid"": ""-82400"", ""buy_3th_pre_req"": ""578"", ""buy_3th_pre_req_pre"": ""0"", ""buy_4th_pre_bid"": ""-82300"", ""buy_4th_pre_req"": ""404"", ""buy_4th_pre_req_pre"": ""0"", ""buy_5th_pre_bid"": ""-82200"", ""buy_5th_pre_req"": ""786"", ""buy_5th_pre_req_pre"": ""0"", ""buy_6th_pre_bid"": ""-82100"", ""buy_6th_pre_req"": ""1130"", ""buy_6th_pre_req_pre"": ""0"", ""buy_7th_pre_bid"": ""-82000"", ""buy_7th_pre_req"": ""2516"", ""buy_7th_pre_req_pre"": ""0"", ""buy_8th_pre_bid"": ""-81900"", ""buy_8th_pre_req"": ""87"", ""buy_8th_pre_req_pre"": ""0"", ""buy_9th_pre_bid"": ""-81800"", ""buy_9th_pre_req"": ""98"", ""buy_9th_pre_req_pre"": ""0"", ""buy_10th_pre_bid"": ""-81700"", ""buy_10th_pre_req"": ""112"", ""buy_10th_pre_req_pre"": ""0"", ""tot_sel_req_jub_pre"": ""+5"", ""tot_sel_req"": ""749"", ""tot_buy_req"": ""6959"", ""tot_buy_req_jub_pre"": ""0"", ""ovt_sel_req_pre"": ""0"", ""ovt_sel_req"": ""0"", ""ovt_buy_req"": ""0"", ""ovt_buy_req_pre"": ""0"", ""return_code"": 0, ""return_msg"": ""정상적으로 처리되었습니다""}"
2026-09-10,scan_candidate,009830,2026-09-10T09:30:14.472901,0,main_scan,31350,30050,31350,31300,31350,31150,-1.0058931419457846,0.1594896331738437,350638800,6758020706800,35889484575,4.6084989106069685,4.326123128119801,"{""bid_req_base_tm"": ""093037"", ""sel_10th_pre_req_pre"": ""0"", ""sel_10th_pre_req"": ""5776"", ""sel_10th_pre_bid"": ""+31800"", ""sel_9th_pre_req_pre"": ""0"", ""sel_9th_pre_req"": ""1749"", ""sel_9th_pre_bid"": ""+31750"", ""sel_8th_pre_req_pre"": ""0"", ""sel_8th_pre_req"": ""1872"", ""sel_8th_pre_bid"": ""+31700"", ""sel_7th_pre_req_pre"": ""0"", ""sel_7th_pre_req"": ""716"", ""sel_7th_pre_bid"": ""+31650"", ""sel_6th_pre_req_pre"": ""0"", ""sel_6th_pre_req"": ""1236"", ""sel_6th_pre_bid"": ""+31600"", ""sel_5th_pre_req_pre"": ""0"", ""sel_5th_pre_req"": ""484"", ""sel_5th_pre_bid"": ""+31550"", ""sel_4th_pre_req_pre"": ""0"", ""sel_4th_pre_req"": ""7995"", ""sel_4th_pre_bid"": ""+31500"", ""sel_3th_pre_req_pre"": ""0"", ""sel_3th_pre_req"": ""4075"", ""sel_3th_pre_bid"": ""+31450"", ""sel_2th_pre_req_pre"": ""0"", ""sel_2th_pre_req"": ""2344"", ""sel_2th_pre_bid"": ""+31400"", ""sel_1th_pre_req_pre"": ""--70"", ""sel_fpr_req"": ""292"", ""sel_fpr_bid"": ""+31350"", ""buy_fpr_bid"": ""+31300"", ""buy_fpr_req"": ""955"", ""buy_1th_pre_req_pre"": ""0"", ""buy_2th_pre_bid"": ""+31250"", ""buy_2th_pre_req"": ""891"", ""buy_2th_pre_req_pre"": ""+13"", ""buy_3th_pre_bid"": ""+31200"", ""buy_3th_pre_req"": ""2337"", ""buy_3th_pre_req_pre"": ""0"", ""buy_4th_pre_bid"": ""+31150"", ""buy_4th_pre_req"": ""2305"", ""buy_4th_pre_req_pre"": ""0"", ""buy_5th_pre_bid"": ""+31100"", ""buy_5th_pre_req"": ""2541"", ""buy_5th_pre_req_pre"": ""0"", ""buy_6th_pre_bid"": ""+31050"", ""buy_6th_pre_req"": ""6557"", ""buy_6th_pre_req_pre"": ""0"", ""buy_7th_pre_bid"": ""+31000"", ""buy_7th_pre_req"": ""678"", ""buy_7th_pre_req_pre"": ""0"", ""buy_8th_pre_bid"": ""+30950"", ""buy_8th_pre_req"": ""901"", ""buy_8th_pre_req_pre"": ""0"", ""buy_9th_pre_bid"": ""+30900"", ""buy_9th_pre_req"": ""1034"", ""buy_9th_pre_req_pre"": ""0"", ""buy_10th_pre_bid"": ""+30850"", ""buy_10th_pre_req"": ""728"", ""buy_10th_pre_req_pre"": ""0"", ""tot_sel_req_jub_pre"": ""--70"", ""tot_sel_req"": ""26539"", ""tot_buy_req"": ""18927"", ""tot_buy_req_jub_pre"": ""+13"", ""ovt_sel_req_pre"": ""0"", ""ovt_sel_req"": ""0"", ""ovt_buy_req"": ""0"", ""ovt_buy_req_pre"": ""0"", ""return_code"": 0, ""return_msg"": ""정상적으로 처리되었습니다""}"
2026-09-10,scan_candidate,267270,2026-09-10T09:30:14.472901,0,main_scan,140700,140000,140700,140400,140700,140000,-1.0612153518123701,0.21321961620469082,91502500,6709065580000,39896189600,4.6084989106069685,0.5,"{""bid_req_base_tm"": ""093036"", ""sel_10th_pre_req_pre"": ""0"", ""sel_10th_pre_req"": ""88"", ""sel_10th_pre_bid"": ""-141800"", ""sel_9th_pre_req_pre"": ""0"", ""sel_9th_pre_req"": ""54"", ""sel_9th_pre_bid"": ""-141700"", ""sel_8th_pre_req_pre"": ""0"", ""sel_8th_pre_req"": ""1"", ""sel_8th_pre_bid"": ""-141600"", ""sel_7th_pre_req_pre"": ""0"", ""sel_7th_pre_req"": ""1"", ""sel_7th_pre_bid"": ""-141400"", ""sel_6th_pre_req_pre"": ""0"", ""sel_6th_pre_req"": ""2"", ""sel_6th_pre_bid"": ""-141200"", ""sel_5th_pre_req_pre"": ""0"", ""sel_5th_pre_req"": ""14"", ""sel_5th_pre_bid"": ""-141100"", ""sel_4th_pre_req_pre"": ""0"", ""sel_4th_pre_req"": ""907"", ""sel_4th_pre_bid"": ""-141000"", ""sel_3th_pre_req_pre"": ""0"", ""sel_3th_pre_req"": ""14"", ""sel_3th_pre_bid"": ""-140900"", ""sel_2th_pre_req_pre"": ""0"", ""sel_2th_pre_req"": ""15"", ""sel_2th_pre_bid"": ""-140800"", ""sel_1th_pre_req_pre"": ""0"", ""sel_fpr_req"": ""12"", ""sel_fpr_bid"": ""-140700"", ""buy_fpr_bid"": ""-140400"", ""buy_fpr_req"": ""23"", ""buy_1th_pre_req_pre"": ""0"", ""buy_2th_pre_bid"": ""-140300"", ""buy_2th_pre_req"": ""48"", ""buy_2th_pre_req_pre"": ""+4"", ""buy_3th_pre_bid"": ""-140200"", ""buy_3th_pre_req"": ""28"", ""buy_3th_pre_req_pre"": ""0"", ""buy_4th_pre_bid"": ""-140100"", ""buy_4th_pre_req"": ""300"", ""buy_4th_pre_req_pre"": ""--4"", ""buy_5th_pre_bid"": ""-140000"", ""buy_5th_pre_req"": ""108"", ""buy_5th_pre_req_pre"": ""0"", ""buy_6th_pre_bid"": ""-139900"", ""buy_6th_pre_req"": ""1"", ""buy_6th_pre_req_pre"": ""0"", ""buy_7th_pre_bid"": ""-139800"", ""buy_7th_pre_req"": ""19"", ""buy_7th_pre_req_pre"": ""0"", ""buy_8th_pre_bid"": ""-139700"", ""buy_8th_pre_req"": ""18"", ""buy_8th_pre_req_pre"": ""0"", ""buy_9th_pre_bid"": ""-139600"", ""buy_9th_pre_req"": ""5"", ""buy_9th_pre_req_pre"": ""0"", ""buy_10th_pre_bid"": ""-139500"", ""buy_10th_pre_req"": ""14"", ""buy_10th_pre_req_pre"": ""0"", ""tot_sel_req_jub_pre"": ""0"", ""tot_sel_req"": ""1108"", ""tot_buy_req"": ""564"", ""tot_buy_req_jub_pre"": ""0"", ""ovt_sel_req_pre"": ""0"", ""ovt_sel_req"": ""0"", ""ovt_buy_req"": ""0"", ""ovt_buy_req_pre"": ""0"", ""return_code"": 0, ""return_msg"": ""정상적으로 처리되었습니다""}"
2026-09-10,scan_candidate,005387,2026-09-10T09:30:14.472901,0,main_scan,184700,184800,184700,184500,184700,184500,-0.5882539252842472,0.10828370330265295,38796300,6461334264000,13271909800,4.6084989106069685,-0.05411255411255411,"{""bid_req_base_tm"": ""093037"", ""sel_10th_pre_req_pre"": ""0"", ""sel_10th_pre_req"": ""105"", ""sel_10th_pre_bid"": ""+185600"", ""sel_9th_pre_req_pre"": ""0"", ""sel_9th_pre_req"": ""52"", ""sel_9th_pre_bid"": ""+185500"", ""sel_8th_pre_req_pre"": ""0"", ""sel_8th_pre_req"": ""54"", ""sel_8th_pre_bid"": ""+185400"", ""sel_7th_pre_req_pre"": ""0"", ""sel_7th_pre_req"": ""27"", ""sel_7th_pre_bid"": ""+185300"", ""sel_6th_pre_req_pre"": ""0"", ""sel_6th_pre_req"": ""20"", ""sel_6th_pre_bid"": ""+185200"", ""sel_5th_pre_req_pre"": ""0"", ""sel_5th_pre_req"": ""8"", ""sel_5th_pre_bid"": ""+185100"", ""sel_4th_pre_req_pre"": ""+10"", ""sel_4th_pre_req"": ""15"", ""sel_4th_pre_bid"": ""+185000"", ""sel_3th_pre_req_pre"": ""0"", ""sel_3th_pre_req"": ""3"", ""sel_3th_pre_bid"": ""+184900"", ""sel_2th_pre_req_pre"": ""0"", ""sel_2th_pre_req"": ""48"", ""sel_2th_pre_bid"": ""+184800"", ""sel_1th_pre_req_pre"": ""0"", ""sel_fpr_req"": ""151"", ""sel_fpr_bid"": ""184700"", ""buy_fpr_bid"": ""-184500"", ""buy_fpr_req"": ""75"", ""buy_1th_pre_req_pre"": ""0"", ""buy_2th_pre_bid"": ""-184400"", ""buy_2th_pre_req"": ""13"", ""buy_2th_pre_req_pre"": ""0"", ""buy_3th_pre_bid"": ""-184300"", ""buy_3th_pre_req"": ""31"", ""buy_3th_pre_req_pre"": ""0"", ""buy_4th_pre_bid"": ""-184200"", ""buy_4th_pre_req"": ""49"", ""buy_4th_pre_req_pre"": ""0"", ""buy_5th_pre_bid"": ""-184100"", ""buy_5th_pre_req"": ""111"", ""buy_5th_pre_req_pre"": ""0"", ""buy_6th_pre_bid"": ""-184000"", ""buy_6th_pre_req"": ""47"", ""buy_6th_pre_req_pre"": ""0"", ""buy_7th_pre_bid"": ""-183900"", ""buy_7th_pre_req"": ""111"", ""buy_7th_pre_req_pre"": ""0"", ""buy_8th_pre_bid"": ""-183800"", ""buy_8th_pre_req"": ""30"", ""buy_8th_pre_req_pre"": ""0"", ""buy_9th_pre_bid"": ""-183700"", ""buy_9th_pre_req"": ""66"", ""buy_9th_pre_req_pre"": ""0"", ""buy_10th_pre_bid"": ""-183600"", ""buy_10th_pre_req"": ""50"", ""buy_10th_pre_req_pre"": ""0"", ""tot_sel_req_jub_pre"": ""+10"", ""tot_sel_req"": ""483"", ""tot_buy_req"": ""583"", ""tot_buy_req_jub_pre"": ""0"", ""ovt_sel_req_pre"": ""0"", ""ovt_sel_req"": ""0"", ""ovt_buy_req"": ""0"", ""ovt_buy_req_pre"": ""0"", ""return_code"": 0, ""return_msg"": ""정상적으로 처리되었습니다""}"
2026-09-10,scan_candidate,377300,2026-09-10T09:30:14.472901,0,main_scan,46500,47300,46500,46450,46500,46550,-0.21000000000001875,0.10752688172043011,14606050,6398398000500,23385999025,4.6084989106069685,-1.6913319238900635,"{""bid_req_base_tm"": ""093036"", ""sel_10th_pre_req_pre"": ""0"", ""sel_10th_pre_req"": ""272"", ""sel_10th_pre_bid"": ""+47000"", ""sel_9th_pre_req_pre"": ""0"", ""sel_9th_pre_req"": ""170"", ""sel_9th_pre_bid"": ""46950"", ""sel_8th_pre_req_pre"": ""0"", ""sel_8th_pre_req"": ""202"", ""sel_8th_pre_bid"": ""-46900"", ""sel_7th_pre_req_pre"": ""0"", ""sel_7th_pre_req"": ""41"", ""sel_7th_pre_bid"": ""-46850"", ""sel_6th_pre_req_pre"": ""0"", ""sel_6th_pre_req"": ""186"", ""sel_6th_pre_bid"": ""-46800"", ""sel_5th_pre_req_pre"": ""0"", ""sel_5th_pre_req"": ""67"", ""sel_5th_pre_bid"": ""-46750"", ""sel_4th_pre_req_pre"": ""0"", ""sel_4th_pre_req"": ""198"", ""sel_4th_pre_bid"": ""-46700"", ""sel_3th_pre_req_pre"": ""0"", ""sel_3th_pre_req"": ""106"", ""sel_3th_pre_bid"": ""-46650"", ""sel_2th_pre_req_pre"": ""0"", ""sel_2th_pre_req"": ""41"", ""sel_2th_pre_bid"": ""-46600"", ""sel_1th_pre_req_pre"": ""0"", ""sel_fpr_req"": ""26"", ""sel_fpr_bid"": ""-46500"", ""buy_fpr_bid"": ""-46450"", ""buy_fpr_req"": ""119"", ""buy_1th_pre_req_pre"": ""0"", ""buy_2th_pre_bid"": ""-46400"", ""buy_2th_pre_req"": ""60"", ""buy_2th_pre_req_pre"": ""0"", ""buy_3th_pre_bid"": ""-46350"", ""buy_3th_pre_req"": ""14"", ""buy_3th_pre_req_pre"": ""0"", ""buy_4th_pre_bid"": ""-46300"", ""buy_4th_pre_req"": ""56"", ""buy_4th_pre_req_pre"": ""0"", ""buy_5th_pre_bid"": ""-46250"", ""buy_5th_pre_req"": ""47"", ""buy_5th_pre_req_pre"": ""0"", ""buy_6th_pre_bid"": ""-46200"", ""buy_6th_pre_req"": ""259"", ""buy_6th_pre_req_pre"": ""0"", ""buy_7th_pre_bid"": ""-46150"", ""buy_7th_pre_req"": ""393"", ""buy_7th_pre_req_pre"": ""0"", ""buy_8th_pre_bid"": ""-46100"", ""buy_8th_pre_req"": ""439"", ""buy_8th_pre_req_pre"": ""0"", ""buy_9th_pre_bid"": ""-46050"", ""buy_9th_pre_req"": ""600"", ""buy_9th_pre_req_pre"": ""0"", ""buy_10th_pre_bid"": ""-46000"", ""buy_10th_pre_req"": ""1739"", ""buy_10th_pre_req_pre"": ""0"", ""tot_sel_req_jub_pre"": ""0"", ""tot_sel_req"": ""1309"", ""tot_buy_req"": ""3726"", ""tot_buy_req_jub_pre"": ""0"", ""ovt_sel_req_pre"": ""0"", ""ovt_sel_req"": ""0"", ""ovt_buy_req"": ""0"", ""ovt_buy_req_pre"": ""0"", ""return_code"": 0, ""return_msg"": ""정상적으로 처리되었습니다""}"
2026-09-10,scan_candidate,000500,2026-09-10T09:30:14.472901,0,main_scan,246500,212000,246500,246000,246500,248000,0.1948884381338601,0.2028397565922921,190324000,6312852684000,66758903250,4.6084989106069685,16.27358490566038,"{""bid_req_base_tm"": ""093039"", ""sel_10th_pre_req_pre"": ""0"", ""sel_10th_pre_req"": ""344"", ""sel_10th_pre_bid"": ""-251000"", ""sel_9th_pre_req_pre"": ""0"", ""sel_9th_pre_req"": ""126"", ""sel_9th_pre_bid"": ""-250500"", ""sel_8th_pre_req_pre"": ""0"", ""sel_8th_pre_req"": ""1093"", ""sel_8th_pre_bid"": ""-250000"", ""sel_7th_pre_req_pre"": ""0"", ""sel_7th_pre_req"": ""432"", ""sel_7th_pre_bid"": ""-249500"", ""sel_6th_pre_req_pre"": ""0"", ""sel_6th_pre_req"": ""117"", ""sel_6th_pre_bid"": ""-249000"", ""sel_5th_pre_req_pre"": ""0"", ""sel_5th_pre_req"": ""260"", ""sel_5th_pre_bid"": ""-248500"", ""sel_4th_pre_req_pre"": ""0"", ""sel_4th_pre_req"": ""139"", ""sel_4th_pre_bid"": ""-248000"", ""sel_3th_pre_req_pre"": ""0"", ""sel_3th_pre_req"": ""63"", ""sel_3th_pre_bid"": ""-247500"", ""sel_2th_pre_req_pre"": ""0"", ""sel_2th_pre_req"": ""96"", ""sel_2th_pre_bid"": ""-247000"", ""sel_1th_pre_req_pre"": ""0"", ""sel_fpr_req"": ""399"", ""sel_fpr_bid"": ""-246500"", ""buy_fpr_bid"": ""-246000"", ""buy_fpr_req"": ""367"", ""buy_1th_pre_req_pre"": ""+6"", ""buy_2th_pre_bid"": ""-245500"", ""buy_2th_pre_req"": ""866"", ""buy_2th_pre_req_pre"": ""0"", ""buy_3th_pre_bid"": ""-245000"", ""buy_3th_pre_req"": ""4989"", ""buy_3th_pre_req_pre"": ""0"", ""buy_4th_pre_bid"": ""-244500"", ""buy_4th_pre_req"": ""1025"", ""buy_4th_pre_req_pre"": ""0"", ""buy_5th_pre_bid"": ""-244000"", ""buy_5th_pre_req"": ""934"", ""buy_5th_pre_req_pre"": ""0"", ""buy_6th_pre_bid"": ""-243500"", ""buy_6th_pre_req"": ""531"", ""buy_6th_pre_req_pre"": ""0"", ""buy_7th_pre_bid"": ""-243000"", ""buy_7th_pre_req"": ""787"", ""buy_7th_pre_req_pre"": ""0"", ""buy_8th_pre_bid"": ""-242500"", ""buy_8th_pre_req"": ""514"", ""buy_8th_pre_req_pre"": ""0"", ""buy_9th_pre_bid"": ""-242000"", ""buy_9th_pre_req"": ""1030"", ""buy_9th_pre_req_pre"": ""0"", ""buy_10th_pre_bid"": ""-241500"", ""buy_10th_pre_req"": ""758"", ""buy_10th_pre_req_pre"": ""0"", ""tot_sel_req_jub_pre"": ""0"", ""tot_sel_req"": ""3069"", ""tot_buy_req"": ""11801"", ""tot_buy_req_jub_pre"": ""+6"", ""ovt_sel_req_pre"": ""0"", ""ovt_sel_req"": ""0"", ""ovt_buy_req"": ""0"", ""ovt_buy_req_pre"": ""0"", ""return_code"": 0, ""return_msg"": ""정상적으로 처리되었습니다""}"
2026-09-10,scan_candidate,032640,2026-09-10T09:30:14.472901,0,main_scan,14930,14760,14930,14920,14930,14950,-0.4105458807769712,0.06697923643670461,42512660,6264553324320,11063572555,4.6084989106069685,1.151761517615176,"{""bid_req_base_tm"": ""093038"", ""sel_10th_pre_req_pre"": ""0"", ""sel_10th_pre_req"": ""1213"", ""sel_10th_pre_bid"": ""+15020"", ""sel_9th_pre_req_pre"": ""0"", ""sel_9th_pre_req"": ""1640"", ""sel_9th_pre_bid"": ""+15010"", ""sel_8th_pre_req_pre"": ""0"", ""sel_8th_pre_req"": ""5957"", ""sel_8th_pre_bid"": ""+15000"", ""sel_7th_pre_req_pre"": ""0"", ""sel_7th_pre_req"": ""379"", ""sel_7th_pre_bid"": ""+14990"", ""sel_6th_pre_req_pre"": ""0"", ""sel_6th_pre_req"": ""90"", ""sel_6th_pre_bid"": ""+14980"", ""sel_5th_pre_req_pre"": ""0"", ""sel_5th_pre_req"": ""29"", ""sel_5th_pre_bid"": ""+14970"", ""sel_4th_pre_req_pre"": ""0"", ""sel_4th_pre_req"": ""165"", ""sel_4th_pre_bid"": ""+14960"", ""sel_3th_pre_req_pre"": ""0"", ""sel_3th_pre_req"": ""148"", ""sel_3th_pre_bid"": ""+14950"", ""sel_2th_pre_req_pre"": ""0"", ""sel_2th_pre_req"": ""80"", ""sel_2th_pre_bid"": ""+14940"", ""sel_1th_pre_req_pre"": ""0"", ""sel_fpr_req"": ""2535"", ""sel_fpr_bid"": ""+14930"", ""buy_fpr_bid"": ""+14920"", ""buy_fpr_req"": ""1463"", ""buy_1th_pre_req_pre"": ""--31"", ""buy_2th_pre_bid"": ""14910"", ""buy_2th_pre_req"": ""1014"", ""buy_2th_pre_req_pre"": ""0"", ""buy_3th_pre_bid"": ""-14900"", ""buy_3th_pre_req"": ""5609"", ""buy_3th_pre_req_pre"": ""0"", ""buy_4th_pre_bid"": ""-14890"", ""buy_4th_pre_req"": ""5270"", ""buy_4th_pre_req_pre"": ""0"", ""buy_5th_pre_bid"": ""-14880"", ""buy_5th_pre_req"": ""5352"", ""buy_5th_pre_req_pre"": ""0"", ""buy_6th_pre_bid"": ""-14870"", ""buy_6th_pre_req"": ""2100"", ""buy_6th_pre_req_pre"": ""0"", ""buy_7th_pre_bid"": ""-14860"", ""buy_7th_pre_req"": ""201"", ""buy_7th_pre_req_pre"": ""0"", ""buy_8th_pre_bid"": ""-14850"", ""buy_8th_pre_req"": ""919"", ""buy_8th_pre_req_pre"": ""0"", ""buy_9th_pre_bid"": ""-14840"", ""buy_9th_pre_req"": ""394"", ""buy_9th_pre_req_pre"": ""0"", ""buy_10th_pre_bid"": ""-14830"", ""buy_10th_pre_req"": ""2387"", ""buy_10th_pre_req_pre"": ""0"", ""tot_sel_req_jub_pre"": ""0"", ""tot_sel_req"": ""12236"", ""tot_buy_req"": ""24709"", ""tot_buy_req_jub_pre"": ""--31"", ""ovt_sel_req_pre"": ""0"", ""ovt_sel_req"": ""0"", ""ovt_buy_req"": ""0"", ""ovt_buy_req_pre"": ""0"", ""return_code"": 0, ""return_msg"": ""정상적으로 처리되었습니다""}"
2026-09-10,scan_candidate,128940,2026-09-10T09:30:14.472901,0,main_scan,487000,473500,487000,486500,487000,486000,-0.5174075975359391,0.10266940451745381,88905000,6066004238500,71182039250,4.6084989106069685,2.851108764519535,"{""bid_req_base_tm"": ""093038"", ""sel_10th_pre_req_pre"": ""0"", ""sel_10th_pre_req"": ""21"", ""sel_10th_pre_bid"": ""-491500"", ""sel_9th_pre_req_pre"": ""0"", ""sel_9th_pre_req"": ""27"", ""sel_9th_pre_bid"": ""-491000"", ""sel_8th_pre_req_pre"": ""0"", ""sel_8th_pre_req"": ""183"", ""sel_8th_pre_bid"": ""-490500"", ""sel_7th_pre_req_pre"": ""0"", ""sel_7th_pre_req"": ""177"", ""sel_7th_pre_bid"": ""-490000"", ""sel_6th_pre_req_pre"": ""0"", ""sel_6th_pre_req"": ""19"", ""sel_6th_pre_bid"": ""-489500"", ""sel_5th_pre_req_pre"": ""0"", ""sel_5th_pre_req"": ""163"", ""sel_5th_pre_bid"": ""-489000"", ""sel_4th_pre_req_pre"": ""0"", ""sel_4th_pre_req"": ""36"", ""sel_4th_pre_bid"": ""-488500"", ""sel_3th_pre_req_pre"": ""0"", ""sel_3th_pre_req"": ""51"", ""sel_3th_pre_bid"": ""-488000"", ""sel_2th_pre_req_pre"": ""0"", ""sel_2th_pre_req"": ""29"", ""sel_2th_pre_bid"": ""-487500"", ""sel_1th_pre_req_pre"": ""0"", ""sel_fpr_req"": ""1"", ""sel_fpr_bid"": ""-487000"", ""buy_fpr_bid"": ""-486500"", ""buy_fpr_req"": ""6"", ""buy_1th_pre_req_pre"": ""+5"", ""buy_2th_pre_bid"": ""-486000"", ""buy_2th_pre_req"": ""29"", ""buy_2th_pre_req_pre"": ""0"", ""buy_3th_pre_bid"": ""-485500"", ""buy_3th_pre_req"": ""18"", ""buy_3th_pre_req_pre"": ""0"", ""buy_4th_pre_bid"": ""-485000"", ""buy_4th_pre_req"": ""128"", ""buy_4th_pre_req_pre"": ""0"", ""buy_5th_pre_bid"": ""-484500"", ""buy_5th_pre_req"": ""41"", ""buy_5th_pre_req_pre"": ""0"", ""buy_6th_pre_bid"": ""-484000"", ""buy_6th_pre_req"": ""49"", ""buy_6th_pre_req_pre"": ""0"", ""buy_7th_pre_bid"": ""-483500"", ""buy_7th_pre_req"": ""20"", ""buy_7th_pre_req_pre"": ""0"", ""buy_8th_pre_bid"": ""-483000"", ""buy_8th_pre_req"": ""49"", ""buy_8th_pre_req_pre"": ""0"", ""buy_9th_pre_bid"": ""-482500"", ""buy_9th_pre_req"": ""64"", ""buy_9th_pre_req_pre"": ""0"", ""buy_10th_pre_bid"": ""-482000"", ""buy_10th_pre_req"": ""111"", ""buy_10th_pre_req_pre"": ""0"", ""tot_sel_req_jub_pre"": ""0"", ""tot_sel_req"": ""707"", ""tot_buy_req"": ""515"", ""tot_buy_req_jub_pre"": ""+5"", ""ovt_sel_req_pre"": ""0"", ""ovt_sel_req"": ""0"", ""ovt_buy_req"": ""0"", ""ovt_buy_req_pre"": ""0"", ""return_code"": 0, ""return_msg"": ""정상적으로 처리되었습니다""}"
2026-09-10,scan_candidate,241560,2026-09-10T09:30:14.472901,0,main_scan,63000,62800,63000,62800,63000,63200,-0.051579365079369235,0.31746031746031744,36444300,6019760882000,4353740300,4.6084989106069685,0.3184713375796179,"{""bid_req_base_tm"": ""093035"", ""sel_10th_pre_req_pre"": ""0"", ""sel_10th_pre_req"": ""165"", ""sel_10th_pre_bid"": ""+64000"", ""sel_9th_pre_req_pre"": ""0"", ""sel_9th_pre_req"": ""14"", ""sel_9th_pre_bid"": ""+63900"", ""sel_8th_pre_req_pre"": ""0"", ""sel_8th_pre_req"": ""12"", ""sel_8th_pre_bid"": ""+63800"", ""sel_7th_pre_req_pre"": ""0"", ""sel_7th_pre_req"": ""2"", ""sel_7th_pre_bid"": ""+63700"", ""sel_6th_pre_req_pre"": ""0"", ""sel_6th_pre_req"": ""183"", ""sel_6th_pre_bid"": ""63600"", ""sel_5th_pre_req_pre"": ""0"", ""sel_5th_pre_req"": ""253"", ""sel_5th_pre_bid"": ""-63500"", ""sel_4th_pre_req_pre"": ""0"", ""sel_4th_pre_req"": ""149"", ""sel_4th_pre_bid"": ""-63400"", ""sel_3th_pre_req_pre"": ""0"", ""sel_3th_pre_req"": ""134"", ""sel_3th_pre_bid"": ""-63300"", ""sel_2th_pre_req_pre"": ""0"", ""sel_2th_pre_req"": ""169"", ""sel_2th_pre_bid"": ""-63100"", ""sel_1th_pre_req_pre"": ""0"", ""sel_fpr_req"": ""82"", ""sel_fpr_bid"": ""-63000"", ""buy_fpr_bid"": ""-62800"", ""buy_fpr_req"": ""3"", ""buy_1th_pre_req_pre"": ""0"", ""buy_2th_pre_bid"": ""-62700"", ""buy_2th_pre_req"": ""344"", ""buy_2th_pre_req_pre"": ""0"", ""buy_3th_pre_bid"": ""-62600"", ""buy_3th_pre_req"": ""211"", ""buy_3th_pre_req_pre"": ""0"", ""buy_4th_pre_bid"": ""-62500"", ""buy_4th_pre_req"": ""552"", ""buy_4th_pre_req_pre"": ""0"", ""buy_5th_pre_bid"": ""-62400"", ""buy_5th_pre_req"": ""32"", ""buy_5th_pre_req_pre"": ""0"", ""buy_6th_pre_bid"": ""-62300"", ""buy_6th_pre_req"": ""147"", ""buy_6th_pre_req_pre"": ""0"", ""buy_7th_pre_bid"": ""-62200"", ""buy_7th_pre_req"": ""43"", ""buy_7th_pre_req_pre"": ""0"", ""buy_8th_pre_bid"": ""-62100"", ""buy_8th_pre_req"": ""184"", ""buy_8th_pre_req_pre"": ""0"", ""buy_9th_pre_bid"": ""-62000"", ""buy_9th_pre_req"": ""127"", ""buy_9th_pre_req_pre"": ""0"", ""buy_10th_pre_bid"": ""-61900"", ""buy_10th_pre_req"": ""20"", ""buy_10th_pre_req_pre"": ""0"", ""tot_sel_req_jub_pre"": ""0"", ""tot_sel_req"": ""1163"", ""tot_buy_req"": ""1663"", ""tot_buy_req_jub_pre"": ""0"", ""ovt_sel_req_pre"": ""0"", ""ovt_sel_req"": ""0"", ""ovt_buy_req"": ""0"", ""ovt_buy_req_pre"": ""0"", ""return_code"": 0, ""return_msg"": ""정상적으로 처리되었습니다""}"
2026-09-10,scan_candidate,000100,2026-09-10T09:30:14.472901,0,main_scan,79200,81400,79200,78900,79200,79400,-0.08398358585858512,0.3787878787878788,58159500,5992324573400,8873175350,4.6084989106069685,-2.7027027027027026,"{""bid_req_base_tm"": ""093040"", ""sel_10th_pre_req_pre"": ""0"", ""sel_10th_pre_req"": ""80"", ""sel_10th_pre_bid"": ""+80100"", ""sel_9th_pre_req_pre"": ""0"", ""sel_9th_pre_req"": ""61"", ""sel_9th_pre_bid"": ""80000"", ""sel_8th_pre_req_pre"": ""0"", ""sel_8th_pre_req"": ""213"", ""sel_8th_pre_bid"": ""-79900"", ""sel_7th_pre_req_pre"": ""0"", ""sel_7th_pre_req"": ""113"", ""sel_7th_pre_bid"": ""-79800"", ""sel_6th_pre_req_pre"": ""0"", ""sel_6th_pre_req"": ""34"", ""sel_6th_pre_bid"": ""-79700"", ""sel_5th_pre_req_pre"": ""0"", ""sel_5th_pre_req"": ""85"", ""sel_5th_pre_bid"": ""-79600"", ""sel_4th_pre_req_pre"": ""0"", ""sel_4th_pre_req"": ""256"", ""sel_4th_pre_bid"": ""-79500"", ""sel_3th_pre_req_pre"": ""0"", ""sel_3th_pre_req"": ""6"", ""sel_3th_pre_bid"": ""-79400"", ""sel_2th_pre_req_pre"": ""0"", ""sel_2th_pre_req"": ""392"", ""sel_2th_pre_bid"": ""-79300"", ""sel_1th_pre_req_pre"": ""0"", ""sel_fpr_req"": ""162"", ""sel_fpr_bid"": ""-79200"", ""buy_fpr_bid"": ""-78900"", ""buy_fpr_req"": ""91"", ""buy_1th_pre_req_pre"": ""+4"", ""buy_2th_pre_bid"": ""-78800"", ""buy_2th_pre_req"": ""294"", ""buy_2th_pre_req_pre"": ""0"", ""buy_3th_pre_bid"": ""-78700"", ""buy_3th_pre_req"": ""634"", ""buy_3th_pre_req_pre"": ""--18"", ""buy_4th_pre_bid"": ""-78600"", ""buy_4th_pre_req"": ""598"", ""buy_4th_pre_req_pre"": ""0"", ""buy_5th_pre_bid"": ""-78500"", ""buy_5th_pre_req"": ""1561"", ""buy_5th_pre_req_pre"": ""0"", ""buy_6th_pre_bid"": ""-78400"", ""buy_6th_pre_req"": ""200"", ""buy_6th_pre_req_pre"": ""0"", ""buy_7th_pre_bid"": ""-78300"", ""buy_7th_pre_req"": ""290"", ""buy_7th_pre_req_pre"": ""0"", ""buy_8th_pre_bid"": ""-78200"", ""buy_8th_pre_req"": ""444"", ""buy_8th_pre_req_pre"": ""0"", ""buy_9th_pre_bid"": ""-78100"", ""buy_9th_pre_req"": ""1325"", ""buy_9th_pre_req_pre"": ""0"", ""buy_10th_pre_bid"": ""-78000"", ""buy_10th_pre_req"": ""1647"", ""buy_10th_pre_req_pre"": ""0"", ""tot_sel_req_jub_pre"": ""0"", ""tot_sel_req"": ""1402"", ""tot_buy_req"": ""7084"", ""tot_buy_req_jub_pre"": ""--14"", ""ovt_sel_req_pre"": ""0"", ""ovt_sel_req"": ""0"", ""ovt_buy_req"": ""0"", ""ovt_buy_req_pre"": ""0"", ""return_code"": 0, ""return_msg"": ""정상적으로 처리되었습니다""}"
2026-09-10,scan_candidate,062040,2026-09-10T09:30:14.472901,0,main_scan,198500,191700,198500,198400,198500,198500,-0.4613979848866645,0.05037783375314861,117211600,5874234345000,52223812000,4.6084989106069685,3.5472091810119983,"{""bid_req_base_tm"": ""093040"", ""sel_10th_pre_req_pre"": ""0"", ""sel_10th_pre_req"": ""140"", ""sel_10th_pre_bid"": ""-199700"", ""sel_9th_pre_req_pre"": ""0"", ""sel_9th_pre_req"": ""90"", ""sel_9th_pre_bid"": ""-199600"", ""sel_8th_pre_req_pre"": ""0"", ""sel_8th_pre_req"": ""127"", ""sel_8th_pre_bid"": ""-199500"", ""sel_7th_pre_req_pre"": ""0"", ""sel_7th_pre_req"": ""77"", ""sel_7th_pre_bid"": ""-199400"", ""sel_6th_pre_req_pre"": ""0"", ""sel_6th_pre_req"": ""262"", ""sel_6th_pre_bid"": ""-199300"", ""sel_5th_pre_req_pre"": ""0"", ""sel_5th_pre_req"": ""150"", ""sel_5th_pre_bid"": ""-199200"", ""sel_4th_pre_req_pre"": ""0"", ""sel_4th_pre_req"": ""70"", ""sel_4th_pre_bid"": ""-198800"", ""sel_3th_pre_req_pre"": ""0"", ""sel_3th_pre_req"": ""11"", ""sel_3th_pre_bid"": ""-198700"", ""sel_2th_pre_req_pre"": ""0"", ""sel_2th_pre_req"": ""254"", ""sel_2th_pre_bid"": ""-198600"", ""sel_1th_pre_req_pre"": ""0"", ""sel_fpr_req"": ""225"", ""sel_fpr_bid"": ""-198500"", ""buy_fpr_bid"": ""-198400"", ""buy_fpr_req"": ""71"", ""buy_1th_pre_req_pre"": ""0"", ""buy_2th_pre_bid"": ""-198300"", ""buy_2th_pre_req"": ""114"", ""buy_2th_pre_req_pre"": ""0"", ""buy_3th_pre_bid"": ""-198200"", ""buy_3th_pre_req"": ""249"", ""buy_3th_pre_req_pre"": ""0"", ""buy_4th_pre_bid"": ""-198100"", ""buy_4th_pre_req"": ""367"", ""buy_4th_pre_req_pre"": ""0"", ""buy_5th_pre_bid"": ""-198000"", ""buy_5th_pre_req"": ""1506"", ""buy_5th_pre_req_pre"": ""0"", ""buy_6th_pre_bid"": ""-197900"", ""buy_6th_pre_req"": ""167"", ""buy_6th_pre_req_pre"": ""0"", ""buy_7th_pre_bid"": ""-197800"", ""buy_7th_pre_req"": ""351"", ""buy_7th_pre_req_pre"": ""0"", ""buy_8th_pre_bid"": ""-197700"", ""buy_8th_pre_req"": ""170"", ""buy_8th_pre_req_pre"": ""0"", ""buy_9th_pre_bid"": ""-197600"", ""buy_9th_pre_req"": ""783"", ""buy_9th_pre_req_pre"": ""0"", ""buy_10th_pre_bid"": ""-197500"", ""buy_10th_pre_req"": ""288"", ""buy_10th_pre_req_pre"": ""0"", ""tot_sel_req_jub_pre"": ""0"", ""tot_sel_req"": ""1406"", ""tot_buy_req"": ""4066"", ""tot_buy_req_jub_pre"": ""0"", ""ovt_sel_req_pre"": ""0"", ""ovt_sel_req"": ""0"", ""ovt_buy_req"": ""0"", ""ovt_buy_req_pre"": ""0"", ""return_code"": 0, ""return_msg"": ""정상적으로 처리되었습니다""}"
2026-09-10,scan_candidate,175330,2026-09-10T09:30:14.472901,0,main_scan,31050,31000,31050,31000,31050,30900,-0.8528663446054826,0.1610305958132045,53838450,5782176544000,26164156925,4.6084989106069685,0.16129032258064516,"{""bid_req_base_tm"": ""093039"", ""sel_10th_pre_req_pre"": ""0"", ""sel_10th_pre_req"": ""123"", ""sel_10th_pre_bid"": ""+31500"", ""sel_9th_pre_req_pre"": ""0"", ""sel_9th_pre_req"": ""112"", ""sel_9th_pre_bid"": ""+31450"", ""sel_8th_pre_req_pre"": ""0"", ""sel_8th_pre_req"": ""1063"", ""sel_8th_pre_bid"": ""+31400"", ""sel_7th_pre_req_pre"": ""0"", ""sel_7th_pre_req"": ""102"", ""sel_7th_pre_bid"": ""+31350"", ""sel_6th_pre_req_pre"": ""0"", ""sel_6th_pre_req"": ""420"", ""sel_6th_pre_bid"": ""+31300"", ""sel_5th_pre_req_pre"": ""0"", ""sel_5th_pre_req"": ""243"", ""sel_5th_pre_bid"": ""+31250"", ""sel_4th_pre_req_pre"": ""0"", ""sel_4th_pre_req"": ""137"", ""sel_4th_pre_bid"": ""+31200"", ""sel_3th_pre_req_pre"": ""0"", ""sel_3th_pre_req"": ""242"", ""sel_3th_pre_bid"": ""+31150"", ""sel_2th_pre_req_pre"": ""0"", ""sel_2th_pre_req"": ""708"", ""sel_2th_pre_bid"": ""31100"", ""sel_1th_pre_req_pre"": ""0"", ""sel_fpr_req"": ""688"", ""sel_fpr_bid"": ""-31050"", ""buy_fpr_bid"": ""-31000"", ""buy_fpr_req"": ""776"", ""buy_1th_pre_req_pre"": ""+19"", ""buy_2th_pre_bid"": ""-30950"", ""buy_2th_pre_req"": ""69"", ""buy_2th_pre_req_pre"": ""0"", ""buy_3th_pre_bid"": ""-30900"", ""buy_3th_pre_req"": ""518"", ""buy_3th_pre_req_pre"": ""0"", ""buy_4th_pre_bid"": ""-30850"", ""buy_4th_pre_req"": ""133"", ""buy_4th_pre_req_pre"": ""0"", ""buy_5th_pre_bid"": ""-30800"", ""buy_5th_pre_req"": ""86"", ""buy_5th_pre_req_pre"": ""0"", ""buy_6th_pre_bid"": ""-30750"", ""buy_6th_pre_req"": ""165"", ""buy_6th_pre_req_pre"": ""0"", ""buy_7th_pre_bid"": ""-30700"", ""buy_7th_pre_req"": ""353"", ""buy_7th_pre_req_pre"": ""0"", ""buy_8th_pre_bid"": ""-30650"", ""buy_8th_pre_req"": ""258"", ""buy_8th_pre_req_pre"": ""0"", ""buy_9th_pre_bid"": ""-30600"", ""buy_9th_pre_req"": ""474"", ""buy_9th_pre_req_pre"": ""0"", ""buy_10th_pre_bid"": ""-30550"", ""buy_10th_pre_req"": ""461"", ""buy_10th_pre_req_pre"": ""0"", ""tot_sel_req_jub_pre"": ""0"", ""tot_sel_req"": ""3838"", ""tot_buy_req"": ""3293"", ""tot_buy_req_jub_pre"": ""+19"", ""ovt_sel_req_pre"": ""0"", ""ovt_sel_req"": ""0"", ""ovt_buy_req"": ""0"", ""ovt_buy_req_pre"": ""0"", ""return_code"": 0, ""return_msg"": ""정상적으로 처리되었습니다""}"
2026-09-10,scan_candidate,001440,2026-09-10T09:30:14.472901,0,main_scan,29700,27400,29700,29650,29700,29850,0.1260437710437632,0.16835016835016833,121956400,5370197130400,19131903100,4.6084989106069685,8.394160583941606,"{""bid_req_base_tm"": ""093042"", ""sel_10th_pre_req_pre"": ""0"", ""sel_10th_pre_req"": ""179"", ""sel_10th_pre_bid"": ""-30150"", ""sel_9th_pre_req_pre"": ""0"", ""sel_9th_pre_req"": ""4245"", ""sel_9th_pre_bid"": ""-30100"", ""sel_8th_pre_req_pre"": ""0"", ""sel_8th_pre_req"": ""2358"", ""sel_8th_pre_bid"": ""-30050"", ""sel_7th_pre_req_pre"": ""0"", ""sel_7th_pre_req"": ""4678"", ""sel_7th_pre_bid"": ""-30000"", ""sel_6th_pre_req_pre"": ""0"", ""sel_6th_pre_req"": ""3026"", ""sel_6th_pre_bid"": ""-29950"", ""sel_5th_pre_req_pre"": ""0"", ""sel_5th_pre_req"": ""2779"", ""sel_5th_pre_bid"": ""-29900"", ""sel_4th_pre_req_pre"": ""0"", ""sel_4th_pre_req"": ""380"", ""sel_4th_pre_bid"": ""-29850"", ""sel_3th_pre_req_pre"": ""0"", ""sel_3th_pre_req"": ""817"", ""sel_3th_pre_bid"": ""-29800"", ""sel_2th_pre_req_pre"": ""0"", ""sel_2th_pre_req"": ""978"", ""sel_2th_pre_bid"": ""-29750"", ""sel_1th_pre_req_pre"": ""+5"", ""sel_fpr_req"": ""790"", ""sel_fpr_bid"": ""-29700"", ""buy_fpr_bid"": ""-29650"", ""buy_fpr_req"": ""6406"", ""buy_1th_pre_req_pre"": ""+12"", ""buy_2th_pre_bid"": ""-29600"", ""buy_2th_pre_req"": ""12805"", ""buy_2th_pre_req_pre"": ""0"", ""buy_3th_pre_bid"": ""-29550"", ""buy_3th_pre_req"": ""7137"", ""buy_3th_pre_req_pre"": ""0"", ""buy_4th_pre_bid"": ""-29500"", ""buy_4th_pre_req"": ""15350"", ""buy_4th_pre_req_pre"": ""+20"", ""buy_5th_pre_bid"": ""-29450"", ""buy_5th_pre_req"": ""10810"", ""buy_5th_pre_req_pre"": ""0"", ""buy_6th_pre_bid"": ""-29400"", ""buy_6th_pre_req"": ""7755"", ""buy_6th_pre_req_pre"": ""0"", ""buy_7th_pre_bid"": ""-29350"", ""buy_7th_pre_req"": ""6112"", ""buy_7th_pre_req_pre"": ""0"", ""buy_8th_pre_bid"": ""-29300"", ""buy_8th_pre_req"": ""8799"", ""buy_8th_pre_req_pre"": ""0"", ""buy_9th_pre_bid"": ""-29250"", ""buy_9th_pre_req"": ""2789"", ""buy_9th_pre_req_pre"": ""0"", ""buy_10th_pre_bid"": ""-29200"", ""buy_10th_pre_req"": ""5884"", ""buy_10th_pre_req_pre"": ""0"", ""tot_sel_req_jub_pre"": ""+5"", ""tot_sel_req"": ""20230"", ""tot_buy_req"": ""83847"", ""tot_buy_req_jub_pre"": ""+32"", ""ovt_sel_req_pre"": ""0"", ""ovt_sel_req"": ""0"", ""ovt_buy_req"": ""0"", ""ovt_buy_req_pre"": ""0"", ""return_code"": 0, ""return_msg"": ""정상적으로 처리되었습니다""}"
2026-09-10,scan_candidate,029780,2026-09-10T09:30:14.472901,0,main_scan,45750,46150,45750,45700,45750,45900,0.00815300546447197,0.1092896174863388,82463000,5346887819650,3785419300,4.6084989106069685,-0.8667388949079089,"{""bid_req_base_tm"": ""093041"", ""sel_10th_pre_req_pre"": ""0"", ""sel_10th_pre_req"": ""409"", ""sel_10th_pre_bid"": ""+46200"", ""sel_9th_pre_req_pre"": ""0"", ""sel_9th_pre_req"": ""204"", ""sel_9th_pre_bid"": ""+46150"", ""sel_8th_pre_req_pre"": ""0"", ""sel_8th_pre_req"": ""158"", ""sel_8th_pre_bid"": ""+46100"", ""sel_7th_pre_req_pre"": ""0"", ""sel_7th_pre_req"": ""24"", ""sel_7th_pre_bid"": ""+46050"", ""sel_6th_pre_req_pre"": ""0"", ""sel_6th_pre_req"": ""3"", ""sel_6th_pre_bid"": ""+46000"", ""sel_5th_pre_req_pre"": ""0"", ""sel_5th_pre_req"": ""451"", ""sel_5th_pre_bid"": ""45950"", ""sel_4th_pre_req_pre"": ""0"", ""sel_4th_pre_req"": ""12"", ""sel_4th_pre_bid"": ""-45900"", ""sel_3th_pre_req_pre"": ""0"", ""sel_3th_pre_req"": ""84"", ""sel_3th_pre_bid"": ""-45850"", ""sel_2th_pre_req_pre"": ""0"", ""sel_2th_pre_req"": ""210"", ""sel_2th_pre_bid"": ""-45800"", ""sel_1th_pre_req_pre"": ""0"", ""sel_fpr_req"": ""1290"", ""sel_fpr_bid"": ""-45750"", ""buy_fpr_bid"": ""-45700"", ""buy_fpr_req"": ""692"", ""buy_1th_pre_req_pre"": ""--10"", ""buy_2th_pre_bid"": ""-45650"", ""buy_2th_pre_req"": ""821"", ""buy_2th_pre_req_pre"": ""0"", ""buy_3th_pre_bid"": ""-45600"", ""buy_3th_pre_req"": ""1071"", ""buy_3th_pre_req_pre"": ""+10"", ""buy_4th_pre_bid"": ""-45550"", ""buy_4th_pre_req"": ""726"", ""buy_4th_pre_req_pre"": ""0"", ""buy_5th_pre_bid"": ""-45500"", ""buy_5th_pre_req"": ""782"", ""buy_5th_pre_req_pre"": ""0"", ""buy_6th_pre_bid"": ""-45450"", ""buy_6th_pre_req"": ""267"", ""buy_6th_pre_req_pre"": ""0"", ""buy_7th_pre_bid"": ""-45400"", ""buy_7th_pre_req"": ""362"", ""buy_7th_pre_req_pre"": ""0"", ""buy_8th_pre_bid"": ""-45350"", ""buy_8th_pre_req"": ""360"", ""buy_8th_pre_req_pre"": ""0"", ""buy_9th_pre_bid"": ""-45300"", ""buy_9th_pre_req"": ""120"", ""buy_9th_pre_req_pre"": ""0"", ""buy_10th_pre_bid"": ""-45250"", ""buy_10th_pre_req"": ""123"", ""buy_10th_pre_req_pre"": ""0"", ""tot_sel_req_jub_pre"": ""0"", ""tot_sel_req"": ""2845"", ""tot_buy_req"": ""5324"", ""tot_buy_req_jub_pre"": ""0"", ""ovt_sel_req_pre"": ""0"", ""ovt_sel_req"": ""0"", ""ovt_buy_req"": ""0"", ""ovt_buy_req_pre"": ""0"", ""return_code"": 0, ""return_msg"": ""정상적으로 처리되었습니다""}"
2026-09-10,scan_candidate,271560,2026-09-10T09:30:14.472901,0,main_scan,119500,126300,119500,119400,119500,119500,-0.6275941422594313,0.08368200836820083,7773400,4992485924400,10686151900,4.6084989106069685,-5.3840063341250985,"{""bid_req_base_tm"": ""093042"", ""sel_10th_pre_req_pre"": ""0"", ""sel_10th_pre_req"": ""1"", ""sel_10th_pre_bid"": ""+120500"", ""sel_9th_pre_req_pre"": ""0"", ""sel_9th_pre_req"": ""3"", ""sel_9th_pre_bid"": ""+120400"", ""sel_8th_pre_req_pre"": ""0"", ""sel_8th_pre_req"": ""105"", ""sel_8th_pre_bid"": ""+120200"", ""sel_7th_pre_req_pre"": ""0"", ""sel_7th_pre_req"": ""67"", ""sel_7th_pre_bid"": ""+120100"", ""sel_6th_pre_req_pre"": ""0"", ""sel_6th_pre_req"": ""12"", ""sel_6th_pre_bid"": ""120000"", ""sel_5th_pre_req_pre"": ""0"", ""sel_5th_pre_req"": ""3"", ""sel_5th_pre_bid"": ""-119900"", ""sel_4th_pre_req_pre"": ""0"", ""sel_4th_pre_req"": ""5"", ""sel_4th_pre_bid"": ""-119800"", ""sel_3th_pre_req_pre"": ""0"", ""sel_3th_pre_req"": ""16"", ""sel_3th_pre_bid"": ""-119700"", ""sel_2th_pre_req_pre"": ""0"", ""sel_2th_pre_req"": ""20"", ""sel_2th_pre_bid"": ""-119600"", ""sel_1th_pre_req_pre"": ""--1"", ""sel_fpr_req"": ""30"", ""sel_fpr_bid"": ""-119500"", ""buy_fpr_bid"": ""-119400"", ""buy_fpr_req"": ""24"", ""buy_1th_pre_req_pre"": ""0"", ""buy_2th_pre_bid"": ""-119200"", ""buy_2th_pre_req"": ""2"", ""buy_2th_pre_req_pre"": ""0"", ""buy_3th_pre_bid"": ""-119100"", ""buy_3th_pre_req"": ""120"", ""buy_3th_pre_req_pre"": ""0"", ""buy_4th_pre_bid"": ""-119000"", ""buy_4th_pre_req"": ""9"", ""buy_4th_pre_req_pre"": ""0"", ""buy_5th_pre_bid"": ""-118900"", ""buy_5th_pre_req"": ""10"", ""buy_5th_pre_req_pre"": ""0"", ""buy_6th_pre_bid"": ""-118800"", ""buy_6th_pre_req"": ""237"", ""buy_6th_pre_req_pre"": ""0"", ""buy_7th_pre_bid"": ""-118700"", ""buy_7th_pre_req"": ""245"", ""buy_7th_pre_req_pre"": ""0"", ""buy_8th_pre_bid"": ""-118600"", ""buy_8th_pre_req"": ""69"", ""buy_8th_pre_req_pre"": ""0"", ""buy_9th_pre_bid"": ""-118500"", ""buy_9th_pre_req"": ""106"", ""buy_9th_pre_req_pre"": ""0"", ""buy_10th_pre_bid"": ""-118400"", ""buy_10th_pre_req"": ""70"", ""buy_10th_pre_req_pre"": ""0"", ""tot_sel_req_jub_pre"": ""--1"", ""tot_sel_req"": ""262"", ""tot_buy_req"": ""892"", ""tot_buy_req_jub_pre"": ""0"", ""ovt_sel_req_pre"": ""0"", ""ovt_sel_req"": ""0"", ""ovt_buy_req"": ""0"", ""ovt_buy_req_pre"": ""0"", ""return_code"": 0, ""return_msg"": ""정상적으로 처리되었습니다""}"
2026-09-10,scan_candidate,088350,2026-09-10T09:30:14.472901,0,main_scan,5750,5740,5750,5740,5750,5770,-0.0364260869565244,0.17391304347826086,109556440,4985362200000,46804446925,4.6084989106069685,0.17421602787456447,"{""bid_req_base_tm"": ""093042"", ""sel_10th_pre_req_pre"": ""0"", ""sel_10th_pre_req"": ""6631"", ""sel_10th_pre_bid"": ""+5840"", ""sel_9th_pre_req_pre"": ""0"", ""sel_9th_pre_req"": ""6382"", ""sel_9th_pre_bid"": ""+5830"", ""sel_8th_pre_req_pre"": ""0"", ""sel_8th_pre_req"": ""4162"", ""sel_8th_pre_bid"": ""+5820"", ""sel_7th_pre_req_pre"": ""0"", ""sel_7th_pre_req"": ""7874"", ""sel_7th_pre_bid"": ""+5810"", ""sel_6th_pre_req_pre"": ""0"", ""sel_6th_pre_req"": ""24074"", ""sel_6th_pre_bid"": ""+5800"", ""sel_5th_pre_req_pre"": ""0"", ""sel_5th_pre_req"": ""12040"", ""sel_5th_pre_bid"": ""+5790"", ""sel_4th_pre_req_pre"": ""0"", ""sel_4th_pre_req"": ""6336"", ""sel_4th_pre_bid"": ""+5780"", ""sel_3th_pre_req_pre"": ""0"", ""sel_3th_pre_req"": ""850"", ""sel_3th_pre_bid"": ""+5770"", ""sel_2th_pre_req_pre"": ""0"", ""sel_2th_pre_req"": ""6096"", ""sel_2th_pre_bid"": ""+5760"", ""sel_1th_pre_req_pre"": ""0"", ""sel_fpr_req"": ""1980"", ""sel_fpr_bid"": ""+5750"", ""buy_fpr_bid"": ""+5740"", ""buy_fpr_req"": ""2257"", ""buy_1th_pre_req_pre"": ""+9"", ""buy_2th_pre_bid"": ""+5730"", ""buy_2th_pre_req"": ""12250"", ""buy_2th_pre_req_pre"": ""0"", ""buy_3th_pre_bid"": ""+5720"", ""buy_3th_pre_req"": ""15043"", ""buy_3th_pre_req_pre"": ""0"", ""buy_4th_pre_bid"": ""5710"", ""buy_4th_pre_req"": ""19118"", ""buy_4th_pre_req_pre"": ""0"", ""buy_5th_pre_bid"": ""-5700"", ""buy_5th_pre_req"": ""9541"", ""buy_5th_pre_req_pre"": ""0"", ""buy_6th_pre_bid"": ""-5690"", ""buy_6th_pre_req"": ""2580"", ""buy_6th_pre_req_pre"": ""0"", ""buy_7th_pre_bid"": ""-5680"", ""buy_7th_pre_req"": ""9386"", ""buy_7th_pre_req_pre"": ""0"", ""buy_8th_pre_bid"": ""-5670"", ""buy_8th_pre_req"": ""12805"", ""buy_8th_pre_req_pre"": ""0"", ""buy_9th_pre_bid"": ""-5660"", ""buy_9th_pre_req"": ""10383"", ""buy_9th_pre_req_pre"": ""0"", ""buy_10th_pre_bid"": ""-5650"", ""buy_10th_pre_req"": ""41708"", ""buy_10th_pre_req_pre"": ""0"", ""tot_sel_req_jub_pre"": ""0"", ""tot_sel_req"": ""76425"", ""tot_buy_req"": ""135071"", ""tot_buy_req_jub_pre"": ""+9"", ""ovt_sel_req_pre"": ""0"", ""ovt_sel_req"": ""0"", ""ovt_buy_req"": ""0"", ""ovt_buy_req_pre"": ""0"", ""return_code"": 0, ""return_msg"": ""정상적으로 처리되었습니다""}"
2026-09-10,scan_candidate,066970,2026-09-10T09:30:14.472901,0,main_scan,124300,121300,124300,124200,124300,124500,-0.45088093322608336,0.08045052292839903,51161500,4935049500600,77659692750,4.6084989106069685,2.4732069249793898,"{""bid_req_base_tm"": ""093042"", ""sel_10th_pre_req_pre"": ""0"", ""sel_10th_pre_req"": ""5"", ""sel_10th_pre_bid"": ""-125200"", ""sel_9th_pre_req_pre"": ""0"", ""sel_9th_pre_req"": ""7"", ""sel_9th_pre_bid"": ""-125100"", ""sel_8th_pre_req_pre"": ""0"", ""sel_8th_pre_req"": ""31"", ""sel_8th_pre_bid"": ""-125000"", ""sel_7th_pre_req_pre"": ""0"", ""sel_7th_pre_req"": ""19"", ""sel_7th_pre_bid"": ""-124900"", ""sel_6th_pre_req_pre"": ""0"", ""sel_6th_pre_req"": ""14"", ""sel_6th_pre_bid"": ""-124800"", ""sel_5th_pre_req_pre"": ""0"", ""sel_5th_pre_req"": ""21"", ""sel_5th_pre_bid"": ""-124700"", ""sel_4th_pre_req_pre"": ""0"", ""sel_4th_pre_req"": ""7"", ""sel_4th_pre_bid"": ""-124600"", ""sel_3th_pre_req_pre"": ""0"", ""sel_3th_pre_req"": ""417"", ""sel_3th_pre_bid"": ""-124500"", ""sel_2th_pre_req_pre"": ""0"", ""sel_2th_pre_req"": ""35"", ""sel_2th_pre_bid"": ""-124400"", ""sel_1th_pre_req_pre"": ""+3"", ""sel_fpr_req"": ""39"", ""sel_fpr_bid"": ""-124300"", ""buy_fpr_bid"": ""-124200"", ""buy_fpr_req"": ""38"", ""buy_1th_pre_req_pre"": ""0"", ""buy_2th_pre_bid"": ""-124100"", ""buy_2th_pre_req"": ""347"", ""buy_2th_pre_req_pre"": ""0"", ""buy_3th_pre_bid"": ""-124000"", ""buy_3th_pre_req"": ""1004"", ""buy_3th_pre_req_pre"": ""0"", ""buy_4th_pre_bid"": ""-123900"", ""buy_4th_pre_req"": ""112"", ""buy_4th_pre_req_pre"": ""0"", ""buy_5th_pre_bid"": ""-123800"", ""buy_5th_pre_req"": ""255"", ""buy_5th_pre_req_pre"": ""0"", ""buy_6th_pre_bid"": ""-123700"", ""buy_6th_pre_req"": ""398"", ""buy_6th_pre_req_pre"": ""0"", ""buy_7th_pre_bid"": ""-123600"", ""buy_7th_pre_req"": ""54"", ""buy_7th_pre_req_pre"": ""0"", ""buy_8th_pre_bid"": ""-123500"", ""buy_8th_pre_req"": ""223"", ""buy_8th_pre_req_pre"": ""0"", ""buy_9th_pre_bid"": ""-123400"", ""buy_9th_pre_req"": ""208"", ""buy_9th_pre_req_pre"": ""0"", ""buy_10th_pre_bid"": ""-123300"", ""buy_10th_pre_req"": ""196"", ""buy_10th_pre_req_pre"": ""0"", ""tot_sel_req_jub_pre"": ""+3"", ""tot_sel_req"": ""595"", ""tot_buy_req"": ""2835"", ""tot_buy_req_jub_pre"": ""0"", ""ovt_sel_req_pre"": ""0"", ""ovt_sel_req"": ""0"", ""ovt_buy_req"": ""0"", ""ovt_buy_req_pre"": ""0"", ""return_code"": 0, ""return_msg"": ""정상적으로 처리되었습니다""}"
2026-09-10,scan_candidate,353200,2026-09-10T09:30:14.472901,0,main_scan,101900,99500,101900,101800,101900,102000,-0.6017762512266991,0.09813542688910697,108064300,4916984037500,111482041000,4.6084989106069685,2.4120603015075375,"{""bid_req_base_tm"": ""093043"", ""sel_10th_pre_req_pre"": ""0"", ""sel_10th_pre_req"": ""101"", ""sel_10th_pre_bid"": ""-102800"", ""sel_9th_pre_req_pre"": ""0"", ""sel_9th_pre_req"": ""12"", ""sel_9th_pre_bid"": ""-102700"", ""sel_8th_pre_req_pre"": ""0"", ""sel_8th_pre_req"": ""67"", ""sel_8th_pre_bid"": ""-102600"", ""sel_7th_pre_req_pre"": ""0"", ""sel_7th_pre_req"": ""106"", ""sel_7th_pre_bid"": ""-102500"", ""sel_6th_pre_req_pre"": ""0"", ""sel_6th_pre_req"": ""149"", ""sel_6th_pre_bid"": ""-102400"", ""sel_5th_pre_req_pre"": ""0"", ""sel_5th_pre_req"": ""242"", ""sel_5th_pre_bid"": ""-102300"", ""sel_4th_pre_req_pre"": ""0"", ""sel_4th_pre_req"": ""587"", ""sel_4th_pre_bid"": ""-102200"", ""sel_3th_pre_req_pre"": ""0"", ""sel_3th_pre_req"": ""417"", ""sel_3th_pre_bid"": ""-102100"", ""sel_2th_pre_req_pre"": ""0"", ""sel_2th_pre_req"": ""207"", ""sel_2th_pre_bid"": ""-102000"", ""sel_1th_pre_req_pre"": ""0"", ""sel_fpr_req"": ""25"", ""sel_fpr_bid"": ""-101900"", ""buy_fpr_bid"": ""-101800"", ""buy_fpr_req"": ""1176"", ""buy_1th_pre_req_pre"": ""0"", ""buy_2th_pre_bid"": ""-101700"", ""buy_2th_pre_req"": ""1703"", ""buy_2th_pre_req_pre"": ""0"", ""buy_3th_pre_bid"": ""-101600"", ""buy_3th_pre_req"": ""1913"", ""buy_3th_pre_req_pre"": ""0"", ""buy_4th_pre_bid"": ""-101500"", ""buy_4th_pre_req"": ""4303"", ""buy_4th_pre_req_pre"": ""0"", ""buy_5th_pre_bid"": ""-101400"", ""buy_5th_pre_req"": ""2028"", ""buy_5th_pre_req_pre"": ""0"", ""buy_6th_pre_bid"": ""-101300"", ""buy_6th_pre_req"": ""2542"", ""buy_6th_pre_req_pre"": ""0"", ""buy_7th_pre_bid"": ""-101200"", ""buy_7th_pre_req"": ""1836"", ""buy_7th_pre_req_pre"": ""0"", ""buy_8th_pre_bid"": ""-101100"", ""buy_8th_pre_req"": ""2640"", ""buy_8th_pre_req_pre"": ""0"", ""buy_9th_pre_bid"": ""-101000"", ""buy_9th_pre_req"": ""5602"", ""buy_9th_pre_req_pre"": ""0"", ""buy_10th_pre_bid"": ""-100900"", ""buy_10th_pre_req"": ""798"", ""buy_10th_pre_req_pre"": ""0"", ""tot_sel_req_jub_pre"": ""0"", ""tot_sel_req"": ""1913"", ""tot_buy_req"": ""24541"", ""tot_buy_req_jub_pre"": ""0"", ""ovt_sel_req_pre"": ""0"", ""ovt_sel_req"": ""0"", ""ovt_buy_req"": ""0"", ""ovt_buy_req_pre"": ""0"", ""return_code"": 0, ""return_msg"": ""정상적으로 처리되었습니다""}"
2026-09-10,scan_candidate,036570,2026-09-10T09:30:14.472901,0,main_scan,206500,222000,206500,206000,206500,208000,0.2733171912832902,0.24213075060532688,80011500,4782772884000,11384812000,4.6084989106069685,-6.981981981981981,"{""bid_req_base_tm"": ""093043"", ""sel_10th_pre_req_pre"": ""0"", ""sel_10th_pre_req"": ""61"", ""sel_10th_pre_bid"": ""+211000"", ""sel_9th_pre_req_pre"": ""0"", ""sel_9th_pre_req"": ""366"", ""sel_9th_pre_bid"": ""210500"", ""sel_8th_pre_req_pre"": ""0"", ""sel_8th_pre_req"": ""223"", ""sel_8th_pre_bid"": ""-210000"", ""sel_7th_pre_req_pre"": ""0"", ""sel_7th_pre_req"": ""29"", ""sel_7th_pre_bid"": ""-209500"", ""sel_6th_pre_req_pre"": ""0"", ""sel_6th_pre_req"": ""83"", ""sel_6th_pre_bid"": ""-209000"", ""sel_5th_pre_req_pre"": ""0"", ""sel_5th_pre_req"": ""152"", ""sel_5th_pre_bid"": ""-208500"", ""sel_4th_pre_req_pre"": ""0"", ""sel_4th_pre_req"": ""70"", ""sel_4th_pre_bid"": ""-208000"", ""sel_3th_pre_req_pre"": ""0"", ""sel_3th_pre_req"": ""66"", ""sel_3th_pre_bid"": ""-207500"", ""sel_2th_pre_req_pre"": ""0"", ""sel_2th_pre_req"": ""29"", ""sel_2th_pre_bid"": ""-207000"", ""sel_1th_pre_req_pre"": ""0"", ""sel_fpr_req"": ""178"", ""sel_fpr_bid"": ""-206500"", ""buy_fpr_bid"": ""-206000"", ""buy_fpr_req"": ""234"", ""buy_1th_pre_req_pre"": ""0"", ""buy_2th_pre_bid"": ""-205500"", ""buy_2th_pre_req"": ""1053"", ""buy_2th_pre_req_pre"": ""+5"", ""buy_3th_pre_bid"": ""-205000"", ""buy_3th_pre_req"": ""819"", ""buy_3th_pre_req_pre"": ""0"", ""buy_4th_pre_bid"": ""-204500"", ""buy_4th_pre_req"": ""653"", ""buy_4th_pre_req_pre"": ""0"", ""buy_5th_pre_bid"": ""-204000"", ""buy_5th_pre_req"": ""560"", ""buy_5th_pre_req_pre"": ""0"", ""buy_6th_pre_bid"": ""-203500"", ""buy_6th_pre_req"": ""490"", ""buy_6th_pre_req_pre"": ""0"", ""buy_7th_pre_bid"": ""-203000"", ""buy_7th_pre_req"": ""1062"", ""buy_7th_pre_req_pre"": ""0"", ""buy_8th_pre_bid"": ""-202500"", ""buy_8th_pre_req"": ""421"", ""buy_8th_pre_req_pre"": ""0"", ""buy_9th_pre_bid"": ""-202000"", ""buy_9th_pre_req"": ""134"", ""buy_9th_pre_req_pre"": ""0"", ""buy_10th_pre_bid"": ""-201500"", ""buy_10th_pre_req"": ""225"", ""buy_10th_pre_req_pre"": ""0"", ""tot_sel_req_jub_pre"": ""0"", ""tot_sel_req"": ""1257"", ""tot_buy_req"": ""5651"", ""tot_buy_req_jub_pre"": ""+5"", ""ovt_sel_req_pre"": ""0"", ""ovt_sel_req"": ""0"", ""ovt_buy_req"": ""0"", ""ovt_buy_req_pre"": ""0"", ""return_code"": 0, ""return_msg"": ""정상적으로 처리되었습니다""}"
2026-09-10,scan_candidate,088980,2026-09-10T09:30:14.472901,0,main_scan,9870,9920,9870,9860,9870,9890,-0.10888044579535061,0.10131712259371835,217819160,4750906170560,5656483360,4.6084989106069685,-0.5040322580645161,"{""bid_req_base_tm"": ""093044"", ""sel_10th_pre_req_pre"": ""0"", ""sel_10th_pre_req"": ""3623"", ""sel_10th_pre_bid"": ""+9960"", ""sel_9th_pre_req_pre"": ""0"", ""sel_9th_pre_req"": ""7989"", ""sel_9th_pre_bid"": ""+9950"", ""sel_8th_pre_req_pre"": ""0"", ""sel_8th_pre_req"": ""1373"", ""sel_8th_pre_bid"": ""+9940"", ""sel_7th_pre_req_pre"": ""0"", ""sel_7th_pre_req"": ""378"", ""sel_7th_pre_bid"": ""+9930"", ""sel_6th_pre_req_pre"": ""0"", ""sel_6th_pre_req"": ""452"", ""sel_6th_pre_bid"": ""+9920"", ""sel_5th_pre_req_pre"": ""0"", ""sel_5th_pre_req"": ""1259"", ""sel_5th_pre_bid"": ""+9910"", ""sel_4th_pre_req_pre"": ""0"", ""sel_4th_pre_req"": ""14369"", ""sel_4th_pre_bid"": ""+9900"", ""sel_3th_pre_req_pre"": ""0"", ""sel_3th_pre_req"": ""4705"", ""sel_3th_pre_bid"": ""+9890"", ""sel_2th_pre_req_pre"": ""0"", ""sel_2th_pre_req"": ""2718"", ""sel_2th_pre_bid"": ""+9880"", ""sel_1th_pre_req_pre"": ""--1"", ""sel_fpr_req"": ""5674"", ""sel_fpr_bid"": ""9870"", ""buy_fpr_bid"": ""-9860"", ""buy_fpr_req"": ""6731"", ""buy_1th_pre_req_pre"": ""0"", ""buy_2th_pre_bid"": ""-9850"", ""buy_2th_pre_req"": ""13614"", ""buy_2th_pre_req_pre"": ""0"", ""buy_3th_pre_bid"": ""-9840"", ""buy_3th_pre_req"": ""3037"", ""buy_3th_pre_req_pre"": ""0"", ""buy_4th_pre_bid"": ""-9830"", ""buy_4th_pre_req"": ""3167"", ""buy_4th_pre_req_pre"": ""0"", ""buy_5th_pre_bid"": ""-9820"", ""buy_5th_pre_req"": ""2402"", ""buy_5th_pre_req_pre"": ""0"", ""buy_6th_pre_bid"": ""-9810"", ""buy_6th_pre_req"": ""6221"", ""buy_6th_pre_req_pre"": ""0"", ""buy_7th_pre_bid"": ""-9800"", ""buy_7th_pre_req"": ""12435"", ""buy_7th_pre_req_pre"": ""0"", ""buy_8th_pre_bid"": ""-9790"", ""buy_8th_pre_req"": ""3233"", ""buy_8th_pre_req_pre"": ""0"", ""buy_9th_pre_bid"": ""-9780"", ""buy_9th_pre_req"": ""4953"", ""buy_9th_pre_req_pre"": ""0"", ""buy_10th_pre_bid"": ""-9770"", ""buy_10th_pre_req"": ""3142"", ""buy_10th_pre_req_pre"": ""0"", ""tot_sel_req_jub_pre"": ""--1"", ""tot_sel_req"": ""42540"", ""tot_buy_req"": ""58935"", ""tot_buy_req_jub_pre"": ""0"", ""ovt_sel_req_pre"": ""0"", ""ovt_sel_req"": ""0"", ""ovt_buy_req"": ""0"", ""ovt_buy_req_pre"": ""0"", ""return_code"": 0, ""return_msg"": ""정상적으로 처리되었습니다""}"
2026-09-10,scan_candidate,138930,2026-09-10T09:30:14.472901,0,main_scan,15450,15390,15450,15430,15450,15450,-0.5329935275081015,0.12944983818770225,25771050,4722263767890,14988396665,4.6084989106069685,0.3898635477582846,"{""bid_req_base_tm"": ""093044"", ""sel_10th_pre_req_pre"": ""0"", ""sel_10th_pre_req"": ""675"", ""sel_10th_pre_bid"": ""+15550"", ""sel_9th_pre_req_pre"": ""0"", ""sel_9th_pre_req"": ""197"", ""sel_9th_pre_bid"": ""+15530"", ""sel_8th_pre_req_pre"": ""0"", ""sel_8th_pre_req"": ""539"", ""sel_8th_pre_bid"": ""15520"", ""sel_7th_pre_req_pre"": ""0"", ""sel_7th_pre_req"": ""9"", ""sel_7th_pre_bid"": ""-15510"", ""sel_6th_pre_req_pre"": ""0"", ""sel_6th_pre_req"": ""1078"", ""sel_6th_pre_bid"": ""-15500"", ""sel_5th_pre_req_pre"": ""0"", ""sel_5th_pre_req"": ""21"", ""sel_5th_pre_bid"": ""-15490"", ""sel_4th_pre_req_pre"": ""0"", ""sel_4th_pre_req"": ""320"", ""sel_4th_pre_bid"": ""-15480"", ""sel_3th_pre_req_pre"": ""0"", ""sel_3th_pre_req"": ""1335"", ""sel_3th_pre_bid"": ""-15470"", ""sel_2th_pre_req_pre"": ""0"", ""sel_2th_pre_req"": ""418"", ""sel_2th_pre_bid"": ""-15460"", ""sel_1th_pre_req_pre"": ""0"", ""sel_fpr_req"": ""31"", ""sel_fpr_bid"": ""-15450"", ""buy_fpr_bid"": ""-15430"", ""buy_fpr_req"": ""268"", ""buy_1th_pre_req_pre"": ""+13"", ""buy_2th_pre_bid"": ""-15420"", ""buy_2th_pre_req"": ""58"", ""buy_2th_pre_req_pre"": ""0"", ""buy_3th_pre_bid"": ""-15410"", ""buy_3th_pre_req"": ""158"", ""buy_3th_pre_req_pre"": ""0"", ""buy_4th_pre_bid"": ""-15400"", ""buy_4th_pre_req"": ""1272"", ""buy_4th_pre_req_pre"": ""0"", ""buy_5th_pre_bid"": ""-15390"", ""buy_5th_pre_req"": ""1202"", ""buy_5th_pre_req_pre"": ""0"", ""buy_6th_pre_bid"": ""-15380"", ""buy_6th_pre_req"": ""1006"", ""buy_6th_pre_req_pre"": ""0"", ""buy_7th_pre_bid"": ""-15370"", ""buy_7th_pre_req"": ""1000"", ""buy_7th_pre_req_pre"": ""0"", ""buy_8th_pre_bid"": ""-15360"", ""buy_8th_pre_req"": ""1023"", ""buy_8th_pre_req_pre"": ""0"", ""buy_9th_pre_bid"": ""-15350"", ""buy_9th_pre_req"": ""1198"", ""buy_9th_pre_req_pre"": ""0"", ""buy_10th_pre_bid"": ""-15340"", ""buy_10th_pre_req"": ""14"", ""buy_10th_pre_req_pre"": ""0"", ""tot_sel_req_jub_pre"": ""0"", ""tot_sel_req"": ""4623"", ""tot_buy_req"": ""7199"", ""tot_buy_req_jub_pre"": ""+13"", ""ovt_sel_req_pre"": ""0"", ""ovt_sel_req"": ""0"", ""ovt_buy_req"": ""0"", ""ovt_buy_req_pre"": ""0"", ""return_code"": 0, ""return_msg"": ""정상적으로 처리되었습니다""}"
2026-09-10,scan_candidate,034220,2026-09-10T09:30:14.472901,0,main_scan,8990,9130,8990,8980,8990,8950,-0.7650889877641931,0.11123470522803114,172359520,4565000000000,21189357065,4.6084989106069685,-1.5334063526834611,"{""bid_req_base_tm"": ""093045"", ""sel_10th_pre_req_pre"": ""0"", ""sel_10th_pre_req"": ""6567"", ""sel_10th_pre_bid"": ""+9080"", ""sel_9th_pre_req_pre"": ""0"", ""sel_9th_pre_req"": ""11851"", ""sel_9th_pre_bid"": ""+9070"", ""sel_8th_pre_req_pre"": ""0"", ""sel_8th_pre_req"": ""4131"", ""sel_8th_pre_bid"": ""+9060"", ""sel_7th_pre_req_pre"": ""0"", ""sel_7th_pre_req"": ""5225"", ""sel_7th_pre_bid"": ""+9050"", ""sel_6th_pre_req_pre"": ""0"", ""sel_6th_pre_req"": ""3070"", ""sel_6th_pre_bid"": ""+9040"", ""sel_5th_pre_req_pre"": ""0"", ""sel_5th_pre_req"": ""3156"", ""sel_5th_pre_bid"": ""+9030"", ""sel_4th_pre_req_pre"": ""0"", ""sel_4th_pre_req"": ""4249"", ""sel_4th_pre_bid"": ""+9020"", ""sel_3th_pre_req_pre"": ""0"", ""sel_3th_pre_req"": ""6337"", ""sel_3th_pre_bid"": ""+9010"", ""sel_2th_pre_req_pre"": ""0"", ""sel_2th_pre_req"": ""7223"", ""sel_2th_pre_bid"": ""+9000"", ""sel_1th_pre_req_pre"": ""--100"", ""sel_fpr_req"": ""3202"", ""sel_fpr_bid"": ""+8990"", ""buy_fpr_bid"": ""+8980"", ""buy_fpr_req"": ""5776"", ""buy_1th_pre_req_pre"": ""0"", ""buy_2th_pre_bid"": ""+8970"", ""buy_2th_pre_req"": ""2542"", ""buy_2th_pre_req_pre"": ""0"", ""buy_3th_pre_bid"": ""+8960"", ""buy_3th_pre_req"": ""1848"", ""buy_3th_pre_req_pre"": ""0"", ""buy_4th_pre_bid"": ""8950"", ""buy_4th_pre_req"": ""2098"", ""buy_4th_pre_req_pre"": ""0"", ""buy_5th_pre_bid"": ""-8940"", ""buy_5th_pre_req"": ""2090"", ""buy_5th_pre_req_pre"": ""0"", ""buy_6th_pre_bid"": ""-8930"", ""buy_6th_pre_req"": ""5399"", ""buy_6th_pre_req_pre"": ""0"", ""buy_7th_pre_bid"": ""-8920"", ""buy_7th_pre_req"": ""1585"", ""buy_7th_pre_req_pre"": ""0"", ""buy_8th_pre_bid"": ""-8910"", ""buy_8th_pre_req"": ""2327"", ""buy_8th_pre_req_pre"": ""0"", ""buy_9th_pre_bid"": ""-8900"", ""buy_9th_pre_req"": ""1695"", ""buy_9th_pre_req_pre"": ""0"", ""buy_10th_pre_bid"": ""-8890"", ""buy_10th_pre_req"": ""536"", ""buy_10th_pre_req_pre"": ""0"", ""tot_sel_req_jub_pre"": ""--100"", ""tot_sel_req"": ""55011"", ""tot_buy_req"": ""25896"", ""tot_buy_req_jub_pre"": ""0"", ""ovt_sel_req_pre"": ""0"", ""ovt_sel_req"": ""0"", ""ovt_buy_req"": ""0"", ""ovt_buy_req_pre"": ""0"", ""return_code"": 0, ""return_msg"": ""정상적으로 처리되었습니다""}"
2026-09-10,scan_candidate,454910,2026-09-10T09:30:14.472901,0,main_scan,71700,68400,71700,71600,71700,72000,0.06839609483960056,0.1394700139470014,99529100,4433686632000,25263813700,4.6084989106069685,4.824561403508771,"{""bid_req_base_tm"": ""093046"", ""sel_10th_pre_req_pre"": ""0"", ""sel_10th_pre_req"": ""100"", ""sel_10th_pre_bid"": ""+72600"", ""sel_9th_pre_req_pre"": ""0"", ""sel_9th_pre_req"": ""117"", ""sel_9th_pre_bid"": ""+72500"", ""sel_8th_pre_req_pre"": ""0"", ""sel_8th_pre_req"": ""301"", ""sel_8th_pre_bid"": ""72400"", ""sel_7th_pre_req_pre"": ""0"", ""sel_7th_pre_req"": ""178"", ""sel_7th_pre_bid"": ""-72300"", ""sel_6th_pre_req_pre"": ""0"", ""sel_6th_pre_req"": ""13"", ""sel_6th_pre_bid"": ""-72200"", ""sel_5th_pre_req_pre"": ""0"", ""sel_5th_pre_req"": ""179"", ""sel_5th_pre_bid"": ""-72100"", ""sel_4th_pre_req_pre"": ""0"", ""sel_4th_pre_req"": ""383"", ""sel_4th_pre_bid"": ""-72000"", ""sel_3th_pre_req_pre"": ""0"", ""sel_3th_pre_req"": ""344"", ""sel_3th_pre_bid"": ""-71900"", ""sel_2th_pre_req_pre"": ""0"", ""sel_2th_pre_req"": ""618"", ""sel_2th_pre_bid"": ""-71800"", ""sel_1th_pre_req_pre"": ""0"", ""sel_fpr_req"": ""214"", ""sel_fpr_bid"": ""-71700"", ""buy_fpr_bid"": ""-71600"", ""buy_fpr_req"": ""473"", ""buy_1th_pre_req_pre"": ""0"", ""buy_2th_pre_bid"": ""-71500"", ""buy_2th_pre_req"": ""1147"", ""buy_2th_pre_req_pre"": ""0"", ""buy_3th_pre_bid"": ""-71400"", ""buy_3th_pre_req"": ""392"", ""buy_3th_pre_req_pre"": ""0"", ""buy_4th_pre_bid"": ""-71300"", ""buy_4th_pre_req"": ""1423"", ""buy_4th_pre_req_pre"": ""0"", ""buy_5th_pre_bid"": ""-71200"", ""buy_5th_pre_req"": ""1443"", ""buy_5th_pre_req_pre"": ""0"", ""buy_6th_pre_bid"": ""-71100"", ""buy_6th_pre_req"": ""1234"", ""buy_6th_pre_req_pre"": ""0"", ""buy_7th_pre_bid"": ""-71000"", ""buy_7th_pre_req"": ""2237"", ""buy_7th_pre_req_pre"": ""0"", ""buy_8th_pre_bid"": ""-70900"", ""buy_8th_pre_req"": ""867"", ""buy_8th_pre_req_pre"": ""0"", ""buy_9th_pre_bid"": ""-70800"", ""buy_9th_pre_req"": ""291"", ""buy_9th_pre_req_pre"": ""0"", ""buy_10th_pre_bid"": ""-70700"", ""buy_10th_pre_req"": ""536"", ""buy_10th_pre_req_pre"": ""0"", ""tot_sel_req_jub_pre"": ""0"", ""tot_sel_req"": ""2447"", ""tot_buy_req"": ""10043"", ""tot_buy_req_jub_pre"": ""0"", ""ovt_sel_req_pre"": ""0"", ""ovt_sel_req"": ""0"", ""ovt_buy_req"": ""0"", ""ovt_buy_req_pre"": ""0"", ""return_code"": 0, ""return_msg"": ""정상적으로 처리되었습니다""}"
2026-09-10,scan_candidate,051900,2026-09-10T09:30:14.472901,0,main_scan,291000,294000,291000,290500,291000,292500,0.13297250859104928,0.1718213058419244,54428500,4402803762000,11005131750,4.6084989106069685,-1.0204081632653061,"{""bid_req_base_tm"": ""093043"", ""sel_10th_pre_req_pre"": ""0"", ""sel_10th_pre_req"": ""545"", ""sel_10th_pre_bid"": ""+296000"", ""sel_9th_pre_req_pre"": ""0"", ""sel_9th_pre_req"": ""120"", ""sel_9th_pre_bid"": ""+295500"", ""sel_8th_pre_req_pre"": ""0"", ""sel_8th_pre_req"": ""178"", ""sel_8th_pre_bid"": ""+295000"", ""sel_7th_pre_req_pre"": ""0"", ""sel_7th_pre_req"": ""22"", ""sel_7th_pre_bid"": ""+294500"", ""sel_6th_pre_req_pre"": ""0"", ""sel_6th_pre_req"": ""11"", ""sel_6th_pre_bid"": ""+294000"", ""sel_5th_pre_req_pre"": ""0"", ""sel_5th_pre_req"": ""189"", ""sel_5th_pre_bid"": ""+293500"", ""sel_4th_pre_req_pre"": ""0"", ""sel_4th_pre_req"": ""14"", ""sel_4th_pre_bid"": ""+293000"", ""sel_3th_pre_req_pre"": ""0"", ""sel_3th_pre_req"": ""8"", ""sel_3th_pre_bid"": ""+292000"", ""sel_2th_pre_req_pre"": ""--9"", ""sel_2th_pre_req"": ""36"", ""sel_2th_pre_bid"": ""291500"", ""sel_1th_pre_req_pre"": ""0"", ""sel_fpr_req"": ""34"", ""sel_fpr_bid"": ""-291000"", ""buy_fpr_bid"": ""-290500"", ""buy_fpr_req"": ""87"", ""buy_1th_pre_req_pre"": ""0"", ""buy_2th_pre_bid"": ""-290000"", ""buy_2th_pre_req"": ""25"", ""buy_2th_pre_req_pre"": ""0"", ""buy_3th_pre_bid"": ""-289500"", ""buy_3th_pre_req"": ""216"", ""buy_3th_pre_req_pre"": ""0"", ""buy_4th_pre_bid"": ""-289000"", ""buy_4th_pre_req"": ""71"", ""buy_4th_pre_req_pre"": ""0"", ""buy_5th_pre_bid"": ""-288500"", ""buy_5th_pre_req"": ""37"", ""buy_5th_pre_req_pre"": ""0"", ""buy_6th_pre_bid"": ""-288000"", ""buy_6th_pre_req"": ""29"", ""buy_6th_pre_req_pre"": ""0"", ""buy_7th_pre_bid"": ""-287500"", ""buy_7th_pre_req"": ""68"", ""buy_7th_pre_req_pre"": ""0"", ""buy_8th_pre_bid"": ""-287000"", ""buy_8th_pre_req"": ""215"", ""buy_8th_pre_req_pre"": ""0"", ""buy_9th_pre_bid"": ""-286500"", ""buy_9th_pre_req"": ""41"", ""buy_9th_pre_req_pre"": ""0"", ""buy_10th_pre_bid"": ""-286000"", ""buy_10th_pre_req"": ""49"", ""buy_10th_pre_req_pre"": ""0"", ""tot_sel_req_jub_pre"": ""--9"", ""tot_sel_req"": ""1157"", ""tot_buy_req"": ""838"", ""tot_buy_req_jub_pre"": ""0"", ""ovt_sel_req_pre"": ""0"", ""ovt_sel_req"": ""0"", ""ovt_buy_req"": ""0"", ""ovt_buy_req_pre"": ""0"", ""return_code"": 0, ""return_msg"": ""정상적으로 처리되었습니다""}"
2026-09-10,scan_candidate,001450,2026-09-10T09:30:14.472901,0,main_scan,49450,51100,49450,49350,49450,49600,-0.00816986855409681,0.20222446916076847,31768850,4356185575000,24314103600,4.6084989106069685,-3.2289628180039136,"{""bid_req_base_tm"": ""093046"", ""sel_10th_pre_req_pre"": ""0"", ""sel_10th_pre_req"": ""625"", ""sel_10th_pre_bid"": ""+50000"", ""sel_9th_pre_req_pre"": ""0"", ""sel_9th_pre_req"": ""506"", ""sel_9th_pre_bid"": ""+49950"", ""sel_8th_pre_req_pre"": ""0"", ""sel_8th_pre_req"": ""154"", ""sel_8th_pre_bid"": ""+49900"", ""sel_7th_pre_req_pre"": ""0"", ""sel_7th_pre_req"": ""22"", ""sel_7th_pre_bid"": ""+49850"", ""sel_6th_pre_req_pre"": ""0"", ""sel_6th_pre_req"": ""226"", ""sel_6th_pre_bid"": ""+49800"", ""sel_5th_pre_req_pre"": ""0"", ""sel_5th_pre_req"": ""452"", ""sel_5th_pre_bid"": ""+49650"", ""sel_4th_pre_req_pre"": ""0"", ""sel_4th_pre_req"": ""10"", ""sel_4th_pre_bid"": ""+49600"", ""sel_3th_pre_req_pre"": ""0"", ""sel_3th_pre_req"": ""31"", ""sel_3th_pre_bid"": ""+49550"", ""sel_2th_pre_req_pre"": ""0"", ""sel_2th_pre_req"": ""399"", ""sel_2th_pre_bid"": ""+49500"", ""sel_1th_pre_req_pre"": ""0"", ""sel_fpr_req"": ""4"", ""sel_fpr_bid"": ""+49450"", ""buy_fpr_bid"": ""+49350"", ""buy_fpr_req"": ""500"", ""buy_1th_pre_req_pre"": ""0"", ""buy_2th_pre_bid"": ""+49300"", ""buy_2th_pre_req"": ""1"", ""buy_2th_pre_req_pre"": ""0"", ""buy_3th_pre_bid"": ""+49250"", ""buy_3th_pre_req"": ""314"", ""buy_3th_pre_req_pre"": ""0"", ""buy_4th_pre_bid"": ""+49200"", ""buy_4th_pre_req"": ""464"", ""buy_4th_pre_req_pre"": ""0"", ""buy_5th_pre_bid"": ""+49150"", ""buy_5th_pre_req"": ""5"", ""buy_5th_pre_req_pre"": ""0"", ""buy_6th_pre_bid"": ""+49100"", ""buy_6th_pre_req"": ""316"", ""buy_6th_pre_req_pre"": ""0"", ""buy_7th_pre_bid"": ""+49050"", ""buy_7th_pre_req"": ""152"", ""buy_7th_pre_req_pre"": ""0"", ""buy_8th_pre_bid"": ""49000"", ""buy_8th_pre_req"": ""194"", ""buy_8th_pre_req_pre"": ""0"", ""buy_9th_pre_bid"": ""-48950"", ""buy_9th_pre_req"": ""208"", ""buy_9th_pre_req_pre"": ""0"", ""buy_10th_pre_bid"": ""-48900"", ""buy_10th_pre_req"": ""215"", ""buy_10th_pre_req_pre"": ""0"", ""tot_sel_req_jub_pre"": ""0"", ""tot_sel_req"": ""2429"", ""tot_buy_req"": ""2369"", ""tot_buy_req_jub_pre"": ""0"", ""ovt_sel_req_pre"": ""0"", ""ovt_sel_req"": ""0"", ""ovt_buy_req"": ""0"", ""ovt_buy_req_pre"": ""0"", ""return_code"": 0, ""return_msg"": ""정상적으로 처리되었습니다""}"
2026-09-10,scan_candidate,005385,2026-09-10T09:30:14.472901,0,main_scan,186600,185600,186600,186400,186600,186000,-0.7983467309753621,0.10718113612004287,37710100,4332082176000,7212906250,4.6084989106069685,0.5387931034482759,"{""bid_req_base_tm"": ""093045"", ""sel_10th_pre_req_pre"": ""0"", ""sel_10th_pre_req"": ""4"", ""sel_10th_pre_bid"": ""+187700"", ""sel_9th_pre_req_pre"": ""0"", ""sel_9th_pre_req"": ""8"", ""sel_9th_pre_bid"": ""+187600"", ""sel_8th_pre_req_pre"": ""0"", ""sel_8th_pre_req"": ""13"", ""sel_8th_pre_bid"": ""+187500"", ""sel_7th_pre_req_pre"": ""0"", ""sel_7th_pre_req"": ""5"", ""sel_7th_pre_bid"": ""+187400"", ""sel_6th_pre_req_pre"": ""0"", ""sel_6th_pre_req"": ""3"", ""sel_6th_pre_bid"": ""+187300"", ""sel_5th_pre_req_pre"": ""0"", ""sel_5th_pre_req"": ""29"", ""sel_5th_pre_bid"": ""+187200"", ""sel_4th_pre_req_pre"": ""0"", ""sel_4th_pre_req"": ""3"", ""sel_4th_pre_bid"": ""+186900"", ""sel_3th_pre_req_pre"": ""0"", ""sel_3th_pre_req"": ""28"", ""sel_3th_pre_bid"": ""+186800"", ""sel_2th_pre_req_pre"": ""0"", ""sel_2th_pre_req"": ""26"", ""sel_2th_pre_bid"": ""+186700"", ""sel_1th_pre_req_pre"": ""0"", ""sel_fpr_req"": ""139"", ""sel_fpr_bid"": ""+186600"", ""buy_fpr_bid"": ""186400"", ""buy_fpr_req"": ""27"", ""buy_1th_pre_req_pre"": ""0"", ""buy_2th_pre_bid"": ""-186300"", ""buy_2th_pre_req"": ""16"", ""buy_2th_pre_req_pre"": ""0"", ""buy_3th_pre_bid"": ""-186200"", ""buy_3th_pre_req"": ""9"", ""buy_3th_pre_req_pre"": ""0"", ""buy_4th_pre_bid"": ""-186000"", ""buy_4th_pre_req"": ""20"", ""buy_4th_pre_req_pre"": ""0"", ""buy_5th_pre_bid"": ""-185900"", ""buy_5th_pre_req"": ""14"", ""buy_5th_pre_req_pre"": ""0"", ""buy_6th_pre_bid"": ""-185800"", ""buy_6th_pre_req"": ""16"", ""buy_6th_pre_req_pre"": ""0"", ""buy_7th_pre_bid"": ""-185700"", ""buy_7th_pre_req"": ""34"", ""buy_7th_pre_req_pre"": ""0"", ""buy_8th_pre_bid"": ""-185600"", ""buy_8th_pre_req"": ""112"", ""buy_8th_pre_req_pre"": ""0"", ""buy_9th_pre_bid"": ""-185500"", ""buy_9th_pre_req"": ""63"", ""buy_9th_pre_req_pre"": ""0"", ""buy_10th_pre_bid"": ""-185400"", ""buy_10th_pre_req"": ""5"", ""buy_10th_pre_req_pre"": ""0"", ""tot_sel_req_jub_pre"": ""0"", ""tot_sel_req"": ""258"", ""tot_buy_req"": ""316"", ""tot_buy_req_jub_pre"": ""0"", ""ovt_sel_req_pre"": ""0"", ""ovt_sel_req"": ""0"", ""ovt_buy_req"": ""0"", ""ovt_buy_req_pre"": ""0"", ""return_code"": 0, ""return_msg"": ""정상적으로 처리되었습니다""}"
2026-09-10,scan_candidate,010060,2026-09-10T09:30:14.472901,0,main_scan,224500,227500,224500,224000,224500,223000,-1.099131403118048,0.22271714922048996,243746500,4247477780000,53777433750,4.6084989106069685,-1.3186813186813187,"{""bid_req_base_tm"": ""093047"", ""sel_10th_pre_req_pre"": ""0"", ""sel_10th_pre_req"": ""93"", ""sel_10th_pre_bid"": ""+229000"", ""sel_9th_pre_req_pre"": ""0"", ""sel_9th_pre_req"": ""90"", ""sel_9th_pre_bid"": ""+228500"", ""sel_8th_pre_req_pre"": ""0"", ""sel_8th_pre_req"": ""85"", ""sel_8th_pre_bid"": ""+228000"", ""sel_7th_pre_req_pre"": ""0"", ""sel_7th_pre_req"": ""31"", ""sel_7th_pre_bid"": ""+227500"", ""sel_6th_pre_req_pre"": ""0"", ""sel_6th_pre_req"": ""259"", ""sel_6th_pre_bid"": ""+227000"", ""sel_5th_pre_req_pre"": ""0"", ""sel_5th_pre_req"": ""505"", ""sel_5th_pre_bid"": ""226500"", ""sel_4th_pre_req_pre"": ""0"", ""sel_4th_pre_req"": ""187"", ""sel_4th_pre_bid"": ""-226000"", ""sel_3th_pre_req_pre"": ""0"", ""sel_3th_pre_req"": ""127"", ""sel_3th_pre_bid"": ""-225500"", ""sel_2th_pre_req_pre"": ""0"", ""sel_2th_pre_req"": ""480"", ""sel_2th_pre_bid"": ""-225000"", ""sel_1th_pre_req_pre"": ""+1"", ""sel_fpr_req"": ""149"", ""sel_fpr_bid"": ""-224500"", ""buy_fpr_bid"": ""-224000"", ""buy_fpr_req"": ""100"", ""buy_1th_pre_req_pre"": ""0"", ""buy_2th_pre_bid"": ""-223500"", ""buy_2th_pre_req"": ""103"", ""buy_2th_pre_req_pre"": ""0"", ""buy_3th_pre_bid"": ""-223000"", ""buy_3th_pre_req"": ""165"", ""buy_3th_pre_req_pre"": ""0"", ""buy_4th_pre_bid"": ""-222500"", ""buy_4th_pre_req"": ""95"", ""buy_4th_pre_req_pre"": ""0"", ""buy_5th_pre_bid"": ""-222000"", ""buy_5th_pre_req"": ""108"", ""buy_5th_pre_req_pre"": ""0"", ""buy_6th_pre_bid"": ""-221500"", ""buy_6th_pre_req"": ""494"", ""buy_6th_pre_req_pre"": ""0"", ""buy_7th_pre_bid"": ""-221000"", ""buy_7th_pre_req"": ""286"", ""buy_7th_pre_req_pre"": ""0"", ""buy_8th_pre_bid"": ""-220500"", ""buy_8th_pre_req"": ""747"", ""buy_8th_pre_req_pre"": ""0"", ""buy_9th_pre_bid"": ""-220000"", ""buy_9th_pre_req"": ""1359"", ""buy_9th_pre_req_pre"": ""0"", ""buy_10th_pre_bid"": ""-219500"", ""buy_10th_pre_req"": ""475"", ""buy_10th_pre_req_pre"": ""0"", ""tot_sel_req_jub_pre"": ""+1"", ""tot_sel_req"": ""2006"", ""tot_buy_req"": ""3932"", ""tot_buy_req_jub_pre"": ""0"", ""ovt_sel_req_pre"": ""0"", ""ovt_sel_req"": ""0"", ""ovt_buy_req"": ""0"", ""ovt_buy_req_pre"": ""0"", ""return_code"": 0, ""return_msg"": ""정상적으로 처리되었습니다""}"
2026-09-10,scan_candidate,004020,2026-09-10T09:30:14.472901,0,main_scan,33000,31500,33000,32950,33000,33050,-0.21000000000000885,0.15151515151515152,45583050,4203542227500,15872649425,4.6084989106069685,4.761904761904762,"{""bid_req_base_tm"": ""093047"", ""sel_10th_pre_req_pre"": ""0"", ""sel_10th_pre_req"": ""16"", ""sel_10th_pre_bid"": ""-33450"", ""sel_9th_pre_req_pre"": ""0"", ""sel_9th_pre_req"": ""1861"", ""sel_9th_pre_bid"": ""-33400"", ""sel_8th_pre_req_pre"": ""+10"", ""sel_8th_pre_req"": ""496"", ""sel_8th_pre_bid"": ""-33350"", ""sel_7th_pre_req_pre"": ""0"", ""sel_7th_pre_req"": ""108"", ""sel_7th_pre_bid"": ""-33300"", ""sel_6th_pre_req_pre"": ""0"", ""sel_6th_pre_req"": ""38"", ""sel_6th_pre_bid"": ""-33250"", ""sel_5th_pre_req_pre"": ""0"", ""sel_5th_pre_req"": ""257"", ""sel_5th_pre_bid"": ""-33200"", ""sel_4th_pre_req_pre"": ""0"", ""sel_4th_pre_req"": ""747"", ""sel_4th_pre_bid"": ""-33150"", ""sel_3th_pre_req_pre"": ""0"", ""sel_3th_pre_req"": ""138"", ""sel_3th_pre_bid"": ""-33100"", ""sel_2th_pre_req_pre"": ""0"", ""sel_2th_pre_req"": ""631"", ""sel_2th_pre_bid"": ""-33050"", ""sel_1th_pre_req_pre"": ""0"", ""sel_fpr_req"": ""68"", ""sel_fpr_bid"": ""-33000"", ""buy_fpr_bid"": ""-32950"", ""buy_fpr_req"": ""537"", ""buy_1th_pre_req_pre"": ""0"", ""buy_2th_pre_bid"": ""-32900"", ""buy_2th_pre_req"": ""271"", ""buy_2th_pre_req_pre"": ""0"", ""buy_3th_pre_bid"": ""-32850"", ""buy_3th_pre_req"": ""226"", ""buy_3th_pre_req_pre"": ""0"", ""buy_4th_pre_bid"": ""-32800"", ""buy_4th_pre_req"": ""181"", ""buy_4th_pre_req_pre"": ""0"", ""buy_5th_pre_bid"": ""-32750"", ""buy_5th_pre_req"": ""497"", ""buy_5th_pre_req_pre"": ""0"", ""buy_6th_pre_bid"": ""-32700"", ""buy_6th_pre_req"": ""1968"", ""buy_6th_pre_req_pre"": ""0"", ""buy_7th_pre_bid"": ""-32650"", ""buy_7th_pre_req"": ""403"", ""buy_7th_pre_req_pre"": ""0"", ""buy_8th_pre_bid"": ""-32600"", ""buy_8th_pre_req"": ""852"", ""buy_8th_pre_req_pre"": ""0"", ""buy_9th_pre_bid"": ""-32550"", ""buy_9th_pre_req"": ""1126"", ""buy_9th_pre_req_pre"": ""0"", ""buy_10th_pre_bid"": ""-32500"", ""buy_10th_pre_req"": ""1252"", ""buy_10th_pre_req_pre"": ""0"", ""tot_sel_req_jub_pre"": ""+10"", ""tot_sel_req"": ""4360"", ""tot_buy_req"": ""7313"", ""tot_buy_req_jub_pre"": ""0"", ""ovt_sel_req_pre"": ""0"", ""ovt_sel_req"": ""0"", ""ovt_buy_req"": ""0"", ""ovt_buy_req_pre"": ""0"", ""return_code"": 0, ""return_msg"": ""정상적으로 처리되었습니다""}"
2026-09-10,scan_candidate,011790,2026-09-10T09:30:14.472901,0,main_scan,90100,84300,90100,89900,90100,90200,-0.21000000000002328,0.22197558268590456,23098500,4181136521400,5018928450,4.6084989106069685,6.880189798339265,"{""bid_req_base_tm"": ""093048"", ""sel_10th_pre_req_pre"": ""0"", ""sel_10th_pre_req"": ""403"", ""sel_10th_pre_bid"": ""-91000"", ""sel_9th_pre_req_pre"": ""0"", ""sel_9th_pre_req"": ""56"", ""sel_9th_pre_bid"": ""-90900"", ""sel_8th_pre_req_pre"": ""0"", ""sel_8th_pre_req"": ""60"", ""sel_8th_pre_bid"": ""-90800"", ""sel_7th_pre_req_pre"": ""0"", ""sel_7th_pre_req"": ""142"", ""sel_7th_pre_bid"": ""-90700"", ""sel_6th_pre_req_pre"": ""0"", ""sel_6th_pre_req"": ""74"", ""sel_6th_pre_bid"": ""-90600"", ""sel_5th_pre_req_pre"": ""0"", ""sel_5th_pre_req"": ""41"", ""sel_5th_pre_bid"": ""-90500"", ""sel_4th_pre_req_pre"": ""0"", ""sel_4th_pre_req"": ""27"", ""sel_4th_pre_bid"": ""-90400"", ""sel_3th_pre_req_pre"": ""0"", ""sel_3th_pre_req"": ""94"", ""sel_3th_pre_bid"": ""-90300"", ""sel_2th_pre_req_pre"": ""0"", ""sel_2th_pre_req"": ""42"", ""sel_2th_pre_bid"": ""-90200"", ""sel_1th_pre_req_pre"": ""0"", ""sel_fpr_req"": ""105"", ""sel_fpr_bid"": ""-90100"", ""buy_fpr_bid"": ""-89900"", ""buy_fpr_req"": ""94"", ""buy_1th_pre_req_pre"": ""--7"", ""buy_2th_pre_bid"": ""-89800"", ""buy_2th_pre_req"": ""85"", ""buy_2th_pre_req_pre"": ""0"", ""buy_3th_pre_bid"": ""-89700"", ""buy_3th_pre_req"": ""113"", ""buy_3th_pre_req_pre"": ""0"", ""buy_4th_pre_bid"": ""-89600"", ""buy_4th_pre_req"": ""78"", ""buy_4th_pre_req_pre"": ""0"", ""buy_5th_pre_bid"": ""-89500"", ""buy_5th_pre_req"": ""106"", ""buy_5th_pre_req_pre"": ""0"", ""buy_6th_pre_bid"": ""-89400"", ""buy_6th_pre_req"": ""231"", ""buy_6th_pre_req_pre"": ""0"", ""buy_7th_pre_bid"": ""-89300"", ""buy_7th_pre_req"": ""121"", ""buy_7th_pre_req_pre"": ""0"", ""buy_8th_pre_bid"": ""-89200"", ""buy_8th_pre_req"": ""87"", ""buy_8th_pre_req_pre"": ""0"", ""buy_9th_pre_bid"": ""-89100"", ""buy_9th_pre_req"": ""339"", ""buy_9th_pre_req_pre"": ""0"", ""buy_10th_pre_bid"": ""-89000"", ""buy_10th_pre_req"": ""1374"", ""buy_10th_pre_req_pre"": ""0"", ""tot_sel_req_jub_pre"": ""0"", ""tot_sel_req"": ""1044"", ""tot_buy_req"": ""2628"", ""tot_buy_req_jub_pre"": ""--7"", ""ovt_sel_req_pre"": ""0"", ""ovt_sel_req"": ""0"", ""ovt_buy_req"": ""0"", ""ovt_buy_req_pre"": ""0"", ""return_code"": 0, ""return_msg"": ""정상적으로 처리되었습니다""}"
2026-09-10,scan_candidate,002380,2026-09-10T09:30:14.472901,0,main_scan,497500,482000,497500,496500,497500,494500,-0.9121457286432254,0.20100502512562815,114575000,4141775872000,14501352750,4.6084989106069685,3.2157676348547715,"{""bid_req_base_tm"": ""093048"", ""sel_10th_pre_req_pre"": ""0"", ""sel_10th_pre_req"": ""2"", ""sel_10th_pre_bid"": ""+505000"", ""sel_9th_pre_req_pre"": ""0"", ""sel_9th_pre_req"": ""10"", ""sel_9th_pre_bid"": ""+504000"", ""sel_8th_pre_req_pre"": ""0"", ""sel_8th_pre_req"": ""11"", ""sel_8th_pre_bid"": ""503000"", ""sel_7th_pre_req_pre"": ""0"", ""sel_7th_pre_req"": ""1"", ""sel_7th_pre_bid"": ""-502000"", ""sel_6th_pre_req_pre"": ""0"", ""sel_6th_pre_req"": ""20"", ""sel_6th_pre_bid"": ""-501000"", ""sel_5th_pre_req_pre"": ""0"", ""sel_5th_pre_req"": ""37"", ""sel_5th_pre_bid"": ""-500000"", ""sel_4th_pre_req_pre"": ""0"", ""sel_4th_pre_req"": ""9"", ""sel_4th_pre_bid"": ""-499000"", ""sel_3th_pre_req_pre"": ""0"", ""sel_3th_pre_req"": ""33"", ""sel_3th_pre_bid"": ""-498500"", ""sel_2th_pre_req_pre"": ""--12"", ""sel_2th_pre_req"": ""141"", ""sel_2th_pre_bid"": ""-498000"", ""sel_1th_pre_req_pre"": ""0"", ""sel_fpr_req"": ""52"", ""sel_fpr_bid"": ""-497500"", ""buy_fpr_bid"": ""-496500"", ""buy_fpr_req"": ""17"", ""buy_1th_pre_req_pre"": ""0"", ""buy_2th_pre_bid"": ""-496000"", ""buy_2th_pre_req"": ""1"", ""buy_2th_pre_req_pre"": ""0"", ""buy_3th_pre_bid"": ""-495500"", ""buy_3th_pre_req"": ""7"", ""buy_3th_pre_req_pre"": ""0"", ""buy_4th_pre_bid"": ""-495000"", ""buy_4th_pre_req"": ""2"", ""buy_4th_pre_req_pre"": ""0"", ""buy_5th_pre_bid"": ""-494500"", ""buy_5th_pre_req"": ""5"", ""buy_5th_pre_req_pre"": ""0"", ""buy_6th_pre_bid"": ""-494000"", ""buy_6th_pre_req"": ""23"", ""buy_6th_pre_req_pre"": ""0"", ""buy_7th_pre_bid"": ""-493500"", ""buy_7th_pre_req"": ""18"", ""buy_7th_pre_req_pre"": ""0"", ""buy_8th_pre_bid"": ""-493000"", ""buy_8th_pre_req"": ""10"", ""buy_8th_pre_req_pre"": ""0"", ""buy_9th_pre_bid"": ""-492500"", ""buy_9th_pre_req"": ""3"", ""buy_9th_pre_req_pre"": ""0"", ""buy_10th_pre_bid"": ""-492000"", ""buy_10th_pre_req"": ""2"", ""buy_10th_pre_req_pre"": ""0"", ""tot_sel_req_jub_pre"": ""--12"", ""tot_sel_req"": ""316"", ""tot_buy_req"": ""88"", ""tot_buy_req_jub_pre"": ""0"", ""ovt_sel_req_pre"": ""0"", ""ovt_sel_req"": ""0"", ""ovt_buy_req"": ""0"", ""ovt_buy_req_pre"": ""0"", ""return_code"": 0, ""return_msg"": ""정상적으로 처리되었습니다""}"
2026-09-10,scan_candidate,052690,2026-09-10T09:30:14.472901,0,main_scan,138300,107600,138300,138200,138300,138500,-0.4264967462039264,0.07230657989877079,52634400,4112472000000,17479977300,4.6084989106069685,28.531598513011154,"{""bid_req_base_tm"": ""093048"", ""sel_10th_pre_req_pre"": ""0"", ""sel_10th_pre_req"": ""9"", ""sel_10th_pre_bid"": ""-139200"", ""sel_9th_pre_req_pre"": ""0"", ""sel_9th_pre_req"": ""159"", ""sel_9th_pre_bid"": ""-139100"", ""sel_8th_pre_req_pre"": ""0"", ""sel_8th_pre_req"": ""32"", ""sel_8th_pre_bid"": ""-139000"", ""sel_7th_pre_req_pre"": ""0"", ""sel_7th_pre_req"": ""103"", ""sel_7th_pre_bid"": ""-138900"", ""sel_6th_pre_req_pre"": ""0"", ""sel_6th_pre_req"": ""4"", ""sel_6th_pre_bid"": ""-138800"", ""sel_5th_pre_req_pre"": ""0"", ""sel_5th_pre_req"": ""165"", ""sel_5th_pre_bid"": ""-138700"", ""sel_4th_pre_req_pre"": ""0"", ""sel_4th_pre_req"": ""57"", ""sel_4th_pre_bid"": ""-138600"", ""sel_3th_pre_req_pre"": ""0"", ""sel_3th_pre_req"": ""171"", ""sel_3th_pre_bid"": ""-138500"", ""sel_2th_pre_req_pre"": ""0"", ""sel_2th_pre_req"": ""63"", ""sel_2th_pre_bid"": ""-138400"", ""sel_1th_pre_req_pre"": ""--1"", ""sel_fpr_req"": ""61"", ""sel_fpr_bid"": ""-138300"", ""buy_fpr_bid"": ""-138200"", ""buy_fpr_req"": ""145"", ""buy_1th_pre_req_pre"": ""0"", ""buy_2th_pre_bid"": ""-138100"", ""buy_2th_pre_req"": ""240"", ""buy_2th_pre_req_pre"": ""0"", ""buy_3th_pre_bid"": ""-138000"", ""buy_3th_pre_req"": ""399"", ""buy_3th_pre_req_pre"": ""0"", ""buy_4th_pre_bid"": ""-137900"", ""buy_4th_pre_req"": ""137"", ""buy_4th_pre_req_pre"": ""0"", ""buy_5th_pre_bid"": ""-137800"", ""buy_5th_pre_req"": ""63"", ""buy_5th_pre_req_pre"": ""0"", ""buy_6th_pre_bid"": ""-137700"", ""buy_6th_pre_req"": ""48"", ""buy_6th_pre_req_pre"": ""0"", ""buy_7th_pre_bid"": ""-137600"", ""buy_7th_pre_req"": ""107"", ""buy_7th_pre_req_pre"": ""0"", ""buy_8th_pre_bid"": ""-137500"", ""buy_8th_pre_req"": ""742"", ""buy_8th_pre_req_pre"": ""0"", ""buy_9th_pre_bid"": ""-137400"", ""buy_9th_pre_req"": ""85"", ""buy_9th_pre_req_pre"": ""0"", ""buy_10th_pre_bid"": ""-137300"", ""buy_10th_pre_req"": ""115"", ""buy_10th_pre_req_pre"": ""0"", ""tot_sel_req_jub_pre"": ""--1"", ""tot_sel_req"": ""824"", ""tot_buy_req"": ""2081"", ""tot_buy_req_jub_pre"": ""0"", ""ovt_sel_req_pre"": ""0"", ""ovt_sel_req"": ""0"", ""ovt_buy_req"": ""0"", ""ovt_buy_req_pre"": ""0"", ""return_code"": 0, ""return_msg"": ""정상적으로 처리되었습니다""}"
2026-09-10,scan_candidate,000990,2026-09-10T09:30:14.472901,0,main_scan,111100,89900,111100,111000,111100,111000,-0.7490009000900215,0.09000900090009001,28728500,3911062461200,24215698350,4.6084989106069685,23.5817575083426,"{""bid_req_base_tm"": ""093050"", ""sel_10th_pre_req_pre"": ""0"", ""sel_10th_pre_req"": ""514"", ""sel_10th_pre_bid"": ""+112000"", ""sel_9th_pre_req_pre"": ""0"", ""sel_9th_pre_req"": ""104"", ""sel_9th_pre_bid"": ""+111900"", ""sel_8th_pre_req_pre"": ""0"", ""sel_8th_pre_req"": ""15"", ""sel_8th_pre_bid"": ""+111800"", ""sel_7th_pre_req_pre"": ""0"", ""sel_7th_pre_req"": ""16"", ""sel_7th_pre_bid"": ""+111700"", ""sel_6th_pre_req_pre"": ""0"", ""sel_6th_pre_req"": ""76"", ""sel_6th_pre_bid"": ""+111600"", ""sel_5th_pre_req_pre"": ""0"", ""sel_5th_pre_req"": ""227"", ""sel_5th_pre_bid"": ""111500"", ""sel_4th_pre_req_pre"": ""0"", ""sel_4th_pre_req"": ""1"", ""sel_4th_pre_bid"": ""-111400"", ""sel_3th_pre_req_pre"": ""0"", ""sel_3th_pre_req"": ""50"", ""sel_3th_pre_bid"": ""-111300"", ""sel_2th_pre_req_pre"": ""0"", ""sel_2th_pre_req"": ""70"", ""sel_2th_pre_bid"": ""-111200"", ""sel_1th_pre_req_pre"": ""0"", ""sel_fpr_req"": ""30"", ""sel_fpr_bid"": ""-111100"", ""buy_fpr_bid"": ""-111000"", ""buy_fpr_req"": ""64"", ""buy_1th_pre_req_pre"": ""0"", ""buy_2th_pre_bid"": ""-110900"", ""buy_2th_pre_req"": ""230"", ""buy_2th_pre_req_pre"": ""0"", ""buy_3th_pre_bid"": ""-110800"", ""buy_3th_pre_req"": ""424"", ""buy_3th_pre_req_pre"": ""0"", ""buy_4th_pre_bid"": ""-110700"", ""buy_4th_pre_req"": ""327"", ""buy_4th_pre_req_pre"": ""0"", ""buy_5th_pre_bid"": ""-110600"", ""buy_5th_pre_req"": ""151"", ""buy_5th_pre_req_pre"": ""0"", ""buy_6th_pre_bid"": ""-110500"", ""buy_6th_pre_req"": ""514"", ""buy_6th_pre_req_pre"": ""0"", ""buy_7th_pre_bid"": ""-110400"", ""buy_7th_pre_req"": ""242"", ""buy_7th_pre_req_pre"": ""0"", ""buy_8th_pre_bid"": ""-110300"", ""buy_8th_pre_req"": ""180"", ""buy_8th_pre_req_pre"": ""0"", ""buy_9th_pre_bid"": ""-110200"", ""buy_9th_pre_req"": ""750"", ""buy_9th_pre_req_pre"": ""0"", ""buy_10th_pre_bid"": ""-110100"", ""buy_10th_pre_req"": ""594"", ""buy_10th_pre_req_pre"": ""0"", ""tot_sel_req_jub_pre"": ""0"", ""tot_sel_req"": ""1103"", ""tot_buy_req"": ""3476"", ""tot_buy_req_jub_pre"": ""0"", ""ovt_sel_req_pre"": ""0"", ""ovt_sel_req"": ""0"", ""ovt_buy_req"": ""0"", ""ovt_buy_req_pre"": ""0"", ""return_code"": 0, ""return_msg"": ""정상적으로 처리되었습니다""}"
2026-09-10,scan_candidate,001040,2026-09-10T09:30:14.472901,0,main_scan,128700,131400,128700,128400,128700,128500,-0.7528399378399483,0.2331002331002331,46875700,3833857537200,12291940700,4.6084989106069685,-2.054794520547945,"{""bid_req_base_tm"": ""093049"", ""sel_10th_pre_req_pre"": ""0"", ""sel_10th_pre_req"": ""10"", ""sel_10th_pre_bid"": ""-129800"", ""sel_9th_pre_req_pre"": ""0"", ""sel_9th_pre_req"": ""5"", ""sel_9th_pre_bid"": ""-129700"", ""sel_8th_pre_req_pre"": ""0"", ""sel_8th_pre_req"": ""36"", ""sel_8th_pre_bid"": ""-129500"", ""sel_7th_pre_req_pre"": ""0"", ""sel_7th_pre_req"": ""2"", ""sel_7th_pre_bid"": ""-129400"", ""sel_6th_pre_req_pre"": ""0"", ""sel_6th_pre_req"": ""5"", ""sel_6th_pre_bid"": ""-129300"", ""sel_5th_pre_req_pre"": ""0"", ""sel_5th_pre_req"": ""17"", ""sel_5th_pre_bid"": ""-129100"", ""sel_4th_pre_req_pre"": ""0"", ""sel_4th_pre_req"": ""18"", ""sel_4th_pre_bid"": ""-129000"", ""sel_3th_pre_req_pre"": ""0"", ""sel_3th_pre_req"": ""21"", ""sel_3th_pre_bid"": ""-128900"", ""sel_2th_pre_req_pre"": ""0"", ""sel_2th_pre_req"": ""208"", ""sel_2th_pre_bid"": ""-128800"", ""sel_1th_pre_req_pre"": ""--1"", ""sel_fpr_req"": ""142"", ""sel_fpr_bid"": ""-128700"", ""buy_fpr_bid"": ""-128400"", ""buy_fpr_req"": ""12"", ""buy_1th_pre_req_pre"": ""0"", ""buy_2th_pre_bid"": ""-128300"", ""buy_2th_pre_req"": ""113"", ""buy_2th_pre_req_pre"": ""0"", ""buy_3th_pre_bid"": ""-128100"", ""buy_3th_pre_req"": ""24"", ""buy_3th_pre_req_pre"": ""0"", ""buy_4th_pre_bid"": ""-128000"", ""buy_4th_pre_req"": ""396"", ""buy_4th_pre_req_pre"": ""0"", ""buy_5th_pre_bid"": ""-127900"", ""buy_5th_pre_req"": ""143"", ""buy_5th_pre_req_pre"": ""0"", ""buy_6th_pre_bid"": ""-127800"", ""buy_6th_pre_req"": ""255"", ""buy_6th_pre_req_pre"": ""0"", ""buy_7th_pre_bid"": ""-127700"", ""buy_7th_pre_req"": ""60"", ""buy_7th_pre_req_pre"": ""0"", ""buy_8th_pre_bid"": ""-127600"", ""buy_8th_pre_req"": ""164"", ""buy_8th_pre_req_pre"": ""0"", ""buy_9th_pre_bid"": ""-127500"", ""buy_9th_pre_req"": ""210"", ""buy_9th_pre_req_pre"": ""0"", ""buy_10th_pre_bid"": ""-127400"", ""buy_10th_pre_req"": ""32"", ""buy_10th_pre_req_pre"": ""0"", ""tot_sel_req_jub_pre"": ""--1"", ""tot_sel_req"": ""464"", ""tot_buy_req"": ""1409"", ""tot_buy_req_jub_pre"": ""0"", ""ovt_sel_req_pre"": ""0"", ""ovt_sel_req"": ""0"", ""ovt_buy_req"": ""0"", ""ovt_buy_req_pre"": ""0"", ""return_code"": 0, ""return_msg"": ""정상적으로 처리되었습니다""}"
2026-09-10,scan_candidate,082740,2026-09-10T09:30:14.472901,0,main_scan,47450,45600,47450,47400,47450,47600,0.00033719704950250904,0.10537407797681769,37621850,3805189675200,13994001100,4.6084989106069685,4.057017543859649,"{""bid_req_base_tm"": ""093050"", ""sel_10th_pre_req_pre"": ""0"", ""sel_10th_pre_req"": ""105"", ""sel_10th_pre_bid"": ""-47900"", ""sel_9th_pre_req_pre"": ""0"", ""sel_9th_pre_req"": ""22"", ""sel_9th_pre_bid"": ""-47850"", ""sel_8th_pre_req_pre"": ""0"", ""sel_8th_pre_req"": ""35"", ""sel_8th_pre_bid"": ""-47800"", ""sel_7th_pre_req_pre"": ""0"", ""sel_7th_pre_req"": ""1"", ""sel_7th_pre_bid"": ""-47750"", ""sel_6th_pre_req_pre"": ""0"", ""sel_6th_pre_req"": ""9"", ""sel_6th_pre_bid"": ""-47700"", ""sel_5th_pre_req_pre"": ""0"", ""sel_5th_pre_req"": ""2"", ""sel_5th_pre_bid"": ""-47650"", ""sel_4th_pre_req_pre"": ""0"", ""sel_4th_pre_req"": ""24"", ""sel_4th_pre_bid"": ""-47600"", ""sel_3th_pre_req_pre"": ""0"", ""sel_3th_pre_req"": ""52"", ""sel_3th_pre_bid"": ""-47550"", ""sel_2th_pre_req_pre"": ""0"", ""sel_2th_pre_req"": ""784"", ""sel_2th_pre_bid"": ""-47500"", ""sel_1th_pre_req_pre"": ""0"", ""sel_fpr_req"": ""38"", ""sel_fpr_bid"": ""-47450"", ""buy_fpr_bid"": ""-47400"", ""buy_fpr_req"": ""115"", ""buy_1th_pre_req_pre"": ""+8"", ""buy_2th_pre_bid"": ""-47350"", ""buy_2th_pre_req"": ""614"", ""buy_2th_pre_req_pre"": ""0"", ""buy_3th_pre_bid"": ""-47300"", ""buy_3th_pre_req"": ""824"", ""buy_3th_pre_req_pre"": ""0"", ""buy_4th_pre_bid"": ""-47250"", ""buy_4th_pre_req"": ""559"", ""buy_4th_pre_req_pre"": ""0"", ""buy_5th_pre_bid"": ""-47200"", ""buy_5th_pre_req"": ""1573"", ""buy_5th_pre_req_pre"": ""0"", ""buy_6th_pre_bid"": ""-47150"", ""buy_6th_pre_req"": ""3177"", ""buy_6th_pre_req_pre"": ""0"", ""buy_7th_pre_bid"": ""-47100"", ""buy_7th_pre_req"": ""2305"", ""buy_7th_pre_req_pre"": ""0"", ""buy_8th_pre_bid"": ""-47050"", ""buy_8th_pre_req"": ""1027"", ""buy_8th_pre_req_pre"": ""0"", ""buy_9th_pre_bid"": ""-47000"", ""buy_9th_pre_req"": ""2926"", ""buy_9th_pre_req_pre"": ""0"", ""buy_10th_pre_bid"": ""-46950"", ""buy_10th_pre_req"": ""588"", ""buy_10th_pre_req_pre"": ""0"", ""tot_sel_req_jub_pre"": ""0"", ""tot_sel_req"": ""1072"", ""tot_buy_req"": ""13708"", ""tot_buy_req_jub_pre"": ""+8"", ""ovt_sel_req_pre"": ""0"", ""ovt_sel_req"": ""0"", ""ovt_buy_req"": ""0"", ""ovt_buy_req_pre"": ""0"", ""return_code"": 0, ""return_msg"": ""정상적으로 처리되었습니다""}"
2026-09-10,scan_candidate,018880,2026-09-10T09:30:14.472901,0,main_scan,3530,3525,3530,3520,3530,3540,-0.06863314447593862,0.28328611898017,34514495,3617575495800,7527051739,4.6084989106069685,0.14184397163120568,"{""bid_req_base_tm"": ""093050"", ""sel_10th_pre_req_pre"": ""0"", ""sel_10th_pre_req"": ""14577"", ""sel_10th_pre_bid"": ""+3575"", ""sel_9th_pre_req_pre"": ""+1"", ""sel_9th_pre_req"": ""8137"", ""sel_9th_pre_bid"": ""+3570"", ""sel_8th_pre_req_pre"": ""0"", ""sel_8th_pre_req"": ""4998"", ""sel_8th_pre_bid"": ""+3565"", ""sel_7th_pre_req_pre"": ""0"", ""sel_7th_pre_req"": ""4082"", ""sel_7th_pre_bid"": ""+3560"", ""sel_6th_pre_req_pre"": ""0"", ""sel_6th_pre_req"": ""1413"", ""sel_6th_pre_bid"": ""+3555"", ""sel_5th_pre_req_pre"": ""0"", ""sel_5th_pre_req"": ""8029"", ""sel_5th_pre_bid"": ""+3550"", ""sel_4th_pre_req_pre"": ""0"", ""sel_4th_pre_req"": ""1216"", ""sel_4th_pre_bid"": ""+3545"", ""sel_3th_pre_req_pre"": ""0"", ""sel_3th_pre_req"": ""1906"", ""sel_3th_pre_bid"": ""+3540"", ""sel_2th_pre_req_pre"": ""0"", ""sel_2th_pre_req"": ""443"", ""sel_2th_pre_bid"": ""+3535"", ""sel_1th_pre_req_pre"": ""+165"", ""sel_fpr_req"": ""2596"", ""sel_fpr_bid"": ""+3530"", ""buy_fpr_bid"": ""+3520"", ""buy_fpr_req"": ""3668"", ""buy_1th_pre_req_pre"": ""0"", ""buy_2th_pre_bid"": ""3515"", ""buy_2th_pre_req"": ""1497"", ""buy_2th_pre_req_pre"": ""0"", ""buy_3th_pre_bid"": ""-3510"", ""buy_3th_pre_req"": ""6460"", ""buy_3th_pre_req_pre"": ""0"", ""buy_4th_pre_bid"": ""-3505"", ""buy_4th_pre_req"": ""8961"", ""buy_4th_pre_req_pre"": ""0"", ""buy_5th_pre_bid"": ""-3500"", ""buy_5th_pre_req"": ""21308"", ""buy_5th_pre_req_pre"": ""0"", ""buy_6th_pre_bid"": ""-3495"", ""buy_6th_pre_req"": ""28142"", ""buy_6th_pre_req_pre"": ""0"", ""buy_7th_pre_bid"": ""-3490"", ""buy_7th_pre_req"": ""8240"", ""buy_7th_pre_req_pre"": ""0"", ""buy_8th_pre_bid"": ""-3485"", ""buy_8th_pre_req"": ""5770"", ""buy_8th_pre_req_pre"": ""0"", ""buy_9th_pre_bid"": ""-3480"", ""buy_9th_pre_req"": ""3542"", ""buy_9th_pre_req_pre"": ""0"", ""buy_10th_pre_bid"": ""-3475"", ""buy_10th_pre_req"": ""5240"", ""buy_10th_pre_req_pre"": ""0"", ""tot_sel_req_jub_pre"": ""+166"", ""tot_sel_req"": ""47397"", ""tot_buy_req"": ""92828"", ""tot_buy_req_jub_pre"": ""0"", ""ovt_sel_req_pre"": ""0"", ""ovt_sel_req"": ""0"", ""ovt_buy_req"": ""0"", ""ovt_buy_req_pre"": ""0"", ""return_code"": 0, ""return_msg"": ""정상적으로 처리되었습니다""}"
2026-09-10,scan_candidate,004170,2026-09-10T09:30:14.472901,0,main_scan,382500,382500,382500,382000,382500,384500,0.18139215686273294,0.130718954248366,17614500,3612781732500,28815392750,4.6084989106069685,0.0,"{""bid_req_base_tm"": ""093050"", ""sel_10th_pre_req_pre"": ""0"", ""sel_10th_pre_req"": ""10"", ""sel_10th_pre_bid"": ""-388500"", ""sel_9th_pre_req_pre"": ""0"", ""sel_9th_pre_req"": ""7"", ""sel_9th_pre_bid"": ""-388000"", ""sel_8th_pre_req_pre"": ""0"", ""sel_8th_pre_req"": ""12"", ""sel_8th_pre_bid"": ""-387500"", ""sel_7th_pre_req_pre"": ""0"", ""sel_7th_pre_req"": ""6"", ""sel_7th_pre_bid"": ""-386500"", ""sel_6th_pre_req_pre"": ""0"", ""sel_6th_pre_req"": ""1"", ""sel_6th_pre_bid"": ""-386000"", ""sel_5th_pre_req_pre"": ""0"", ""sel_5th_pre_req"": ""1"", ""sel_5th_pre_bid"": ""-385500"", ""sel_4th_pre_req_pre"": ""0"", ""sel_4th_pre_req"": ""2"", ""sel_4th_pre_bid"": ""-385000"", ""sel_3th_pre_req_pre"": ""0"", ""sel_3th_pre_req"": ""3"", ""sel_3th_pre_bid"": ""-384500"", ""sel_2th_pre_req_pre"": ""0"", ""sel_2th_pre_req"": ""23"", ""sel_2th_pre_bid"": ""-383000"", ""sel_1th_pre_req_pre"": ""0"", ""sel_fpr_req"": ""22"", ""sel_fpr_bid"": ""-382500"", ""buy_fpr_bid"": ""-382000"", ""buy_fpr_req"": ""1"", ""buy_1th_pre_req_pre"": ""0"", ""buy_2th_pre_bid"": ""-381500"", ""buy_2th_pre_req"": ""14"", ""buy_2th_pre_req_pre"": ""0"", ""buy_3th_pre_bid"": ""-381000"", ""buy_3th_pre_req"": ""46"", ""buy_3th_pre_req_pre"": ""0"", ""buy_4th_pre_bid"": ""-380500"", ""buy_4th_pre_req"": ""88"", ""buy_4th_pre_req_pre"": ""0"", ""buy_5th_pre_bid"": ""-380000"", ""buy_5th_pre_req"": ""22"", ""buy_5th_pre_req_pre"": ""0"", ""buy_6th_pre_bid"": ""-379500"", ""buy_6th_pre_req"": ""19"", ""buy_6th_pre_req_pre"": ""0"", ""buy_7th_pre_bid"": ""-379000"", ""buy_7th_pre_req"": ""183"", ""buy_7th_pre_req_pre"": ""0"", ""buy_8th_pre_bid"": ""-378500"", ""buy_8th_pre_req"": ""504"", ""buy_8th_pre_req_pre"": ""0"", ""buy_9th_pre_bid"": ""-378000"", ""buy_9th_pre_req"": ""1080"", ""buy_9th_pre_req_pre"": ""0"", ""buy_10th_pre_bid"": ""-377500"", ""buy_10th_pre_req"": ""128"", ""buy_10th_pre_req_pre"": ""0"", ""tot_sel_req_jub_pre"": ""0"", ""tot_sel_req"": ""87"", ""tot_buy_req"": ""2085"", ""tot_buy_req_jub_pre"": ""--167"", ""ovt_sel_req_pre"": ""0"", ""ovt_sel_req"": ""0"", ""ovt_buy_req"": ""0"", ""ovt_buy_req_pre"": ""0"", ""return_code"": 0, ""return_msg"": ""정상적으로 처리되었습니다""}"
2026-09-10,scan_candidate,008930,2026-09-10T09:30:14.472901,0,main_scan,53700,52800,53700,53600,53700,54000,0.1617132216014697,0.186219739292365,15086100,3611073840000,16918373000,4.6084989106069685,1.7045454545454544,"{""bid_req_base_tm"": ""093049"", ""sel_10th_pre_req_pre"": ""0"", ""sel_10th_pre_req"": ""6"", ""sel_10th_pre_bid"": ""-54800"", ""sel_9th_pre_req_pre"": ""0"", ""sel_9th_pre_req"": ""3"", ""sel_9th_pre_bid"": ""-54700"", ""sel_8th_pre_req_pre"": ""0"", ""sel_8th_pre_req"": ""3"", ""sel_8th_pre_bid"": ""-54600"", ""sel_7th_pre_req_pre"": ""0"", ""sel_7th_pre_req"": ""33"", ""sel_7th_pre_bid"": ""-54500"", ""sel_6th_pre_req_pre"": ""0"", ""sel_6th_pre_req"": ""50"", ""sel_6th_pre_bid"": ""-54400"", ""sel_5th_pre_req_pre"": ""0"", ""sel_5th_pre_req"": ""44"", ""sel_5th_pre_bid"": ""-54300"", ""sel_4th_pre_req_pre"": ""0"", ""sel_4th_pre_req"": ""23"", ""sel_4th_pre_bid"": ""-54000"", ""sel_3th_pre_req_pre"": ""0"", ""sel_3th_pre_req"": ""115"", ""sel_3th_pre_bid"": ""-53900"", ""sel_2th_pre_req_pre"": ""0"", ""sel_2th_pre_req"": ""151"", ""sel_2th_pre_bid"": ""-53800"", ""sel_1th_pre_req_pre"": ""0"", ""sel_fpr_req"": ""18"", ""sel_fpr_bid"": ""-53700"", ""buy_fpr_bid"": ""-53600"", ""buy_fpr_req"": ""10"", ""buy_1th_pre_req_pre"": ""0"", ""buy_2th_pre_bid"": ""-53500"", ""buy_2th_pre_req"": ""83"", ""buy_2th_pre_req_pre"": ""0"", ""buy_3th_pre_bid"": ""-53400"", ""buy_3th_pre_req"": ""210"", ""buy_3th_pre_req_pre"": ""0"", ""buy_4th_pre_bid"": ""-53300"", ""buy_4th_pre_req"": ""103"", ""buy_4th_pre_req_pre"": ""0"", ""buy_5th_pre_bid"": ""-53200"", ""buy_5th_pre_req"": ""276"", ""buy_5th_pre_req_pre"": ""0"", ""buy_6th_pre_bid"": ""-53100"", ""buy_6th_pre_req"": ""490"", ""buy_6th_pre_req_pre"": ""0"", ""buy_7th_pre_bid"": ""-53000"", ""buy_7th_pre_req"": ""930"", ""buy_7th_pre_req_pre"": ""0"", ""buy_8th_pre_bid"": ""-52900"", ""buy_8th_pre_req"": ""515"", ""buy_8th_pre_req_pre"": ""0"", ""buy_9th_pre_bid"": ""-52800"", ""buy_9th_pre_req"": ""439"", ""buy_9th_pre_req_pre"": ""0"", ""buy_10th_pre_bid"": ""-52700"", ""buy_10th_pre_req"": ""1136"", ""buy_10th_pre_req_pre"": ""0"", ""tot_sel_req_jub_pre"": ""0"", ""tot_sel_req"": ""446"", ""tot_buy_req"": ""4192"", ""tot_buy_req_jub_pre"": ""--1076"", ""ovt_sel_req_pre"": ""0"", ""ovt_sel_req"": ""0"", ""ovt_buy_req"": ""0"", ""ovt_buy_req_pre"": ""0"", ""return_code"": 0, ""return_msg"": ""정상적으로 처리되었습니다""}"
2026-09-10,scan_candidate,161890,2026-09-10T09:30:14.472901,0,main_scan,135600,145800,135600,135500,135600,135500,-0.6516150442478065,0.07374631268436578,36153100,3441620226600,50512730800,4.6084989106069685,-6.995884773662551,"{""bid_req_base_tm"": ""093052"", ""sel_10th_pre_req_pre"": ""0"", ""sel_10th_pre_req"": ""18"", ""sel_10th_pre_bid"": ""-136700"", ""sel_9th_pre_req_pre"": ""0"", ""sel_9th_pre_req"": ""101"", ""sel_9th_pre_bid"": ""-136500"", ""sel_8th_pre_req_pre"": ""0"", ""sel_8th_pre_req"": ""106"", ""sel_8th_pre_bid"": ""-136400"", ""sel_7th_pre_req_pre"": ""0"", ""sel_7th_pre_req"": ""105"", ""sel_7th_pre_bid"": ""-136300"", ""sel_6th_pre_req_pre"": ""0"", ""sel_6th_pre_req"": ""33"", ""sel_6th_pre_bid"": ""-136200"", ""sel_5th_pre_req_pre"": ""0"", ""sel_5th_pre_req"": ""317"", ""sel_5th_pre_bid"": ""-136000"", ""sel_4th_pre_req_pre"": ""0"", ""sel_4th_pre_req"": ""22"", ""sel_4th_pre_bid"": ""-135900"", ""sel_3th_pre_req_pre"": ""0"", ""sel_3th_pre_req"": ""20"", ""sel_3th_pre_bid"": ""-135800"", ""sel_2th_pre_req_pre"": ""0"", ""sel_2th_pre_req"": ""61"", ""sel_2th_pre_bid"": ""-135700"", ""sel_1th_pre_req_pre"": ""0"", ""sel_fpr_req"": ""5"", ""sel_fpr_bid"": ""-135600"", ""buy_fpr_bid"": ""-135500"", ""buy_fpr_req"": ""5"", ""buy_1th_pre_req_pre"": ""0"", ""buy_2th_pre_bid"": ""-135400"", ""buy_2th_pre_req"": ""21"", ""buy_2th_pre_req_pre"": ""0"", ""buy_3th_pre_bid"": ""-135300"", ""buy_3th_pre_req"": ""284"", ""buy_3th_pre_req_pre"": ""0"", ""buy_4th_pre_bid"": ""-135200"", ""buy_4th_pre_req"": ""165"", ""buy_4th_pre_req_pre"": ""0"", ""buy_5th_pre_bid"": ""-135100"", ""buy_5th_pre_req"": ""195"", ""buy_5th_pre_req_pre"": ""0"", ""buy_6th_pre_bid"": ""-135000"", ""buy_6th_pre_req"": ""560"", ""buy_6th_pre_req_pre"": ""0"", ""buy_7th_pre_bid"": ""-134900"", ""buy_7th_pre_req"": ""96"", ""buy_7th_pre_req_pre"": ""0"", ""buy_8th_pre_bid"": ""-134800"", ""buy_8th_pre_req"": ""181"", ""buy_8th_pre_req_pre"": ""0"", ""buy_9th_pre_bid"": ""-134700"", ""buy_9th_pre_req"": ""207"", ""buy_9th_pre_req_pre"": ""0"", ""buy_10th_pre_bid"": ""-134600"", ""buy_10th_pre_req"": ""664"", ""buy_10th_pre_req_pre"": ""0"", ""tot_sel_req_jub_pre"": ""0"", ""tot_sel_req"": ""788"", ""tot_buy_req"": ""2378"", ""tot_buy_req_jub_pre"": ""--461"", ""ovt_sel_req_pre"": ""0"", ""ovt_sel_req"": ""0"", ""ovt_buy_req"": ""0"", ""ovt_buy_req_pre"": ""0"", ""return_code"": 0, ""return_msg"": ""정상적으로 처리되었습니다""}"
2026-09-10,scan_candidate,111770,2026-09-10T09:30:14.472901,0,main_scan,71500,75000,71500,71400,71500,71900,0.20876223776223696,0.13986013986013987,28684900,3323360100000,4309938900,4.6084989106069685,-4.666666666666667,"{""bid_req_base_tm"": ""093049"", ""sel_10th_pre_req_pre"": ""0"", ""sel_10th_pre_req"": ""13"", ""sel_10th_pre_bid"": ""+72700"", ""sel_9th_pre_req_pre"": ""0"", ""sel_9th_pre_req"": ""8"", ""sel_9th_pre_bid"": ""+72600"", ""sel_8th_pre_req_pre"": ""0"", ""sel_8th_pre_req"": ""7"", ""sel_8th_pre_bid"": ""72500"", ""sel_7th_pre_req_pre"": ""0"", ""sel_7th_pre_req"": ""34"", ""sel_7th_pre_bid"": ""-72400"", ""sel_6th_pre_req_pre"": ""0"", ""sel_6th_pre_req"": ""23"", ""sel_6th_pre_bid"": ""-72200"", ""sel_5th_pre_req_pre"": ""0"", ""sel_5th_pre_req"": ""1"", ""sel_5th_pre_bid"": ""-72100"", ""sel_4th_pre_req_pre"": ""0"", ""sel_4th_pre_req"": ""7"", ""sel_4th_pre_bid"": ""-71900"", ""sel_3th_pre_req_pre"": ""0"", ""sel_3th_pre_req"": ""61"", ""sel_3th_pre_bid"": ""-71700"", ""sel_2th_pre_req_pre"": ""0"", ""sel_2th_pre_req"": ""16"", ""sel_2th_pre_bid"": ""-71600"", ""sel_1th_pre_req_pre"": ""--1"", ""sel_fpr_req"": ""334"", ""sel_fpr_bid"": ""-71500"", ""buy_fpr_bid"": ""-71400"", ""buy_fpr_req"": ""110"", ""buy_1th_pre_req_pre"": ""0"", ""buy_2th_pre_bid"": ""-71300"", ""buy_2th_pre_req"": ""241"", ""buy_2th_pre_req_pre"": ""0"", ""buy_3th_pre_bid"": ""-71200"", ""buy_3th_pre_req"": ""262"", ""buy_3th_pre_req_pre"": ""0"", ""buy_4th_pre_bid"": ""-71100"", ""buy_4th_pre_req"": ""277"", ""buy_4th_pre_req_pre"": ""0"", ""buy_5th_pre_bid"": ""-71000"", ""buy_5th_pre_req"": ""225"", ""buy_5th_pre_req_pre"": ""0"", ""buy_6th_pre_bid"": ""-70900"", ""buy_6th_pre_req"": ""37"", ""buy_6th_pre_req_pre"": ""0"", ""buy_7th_pre_bid"": ""-70800"", ""buy_7th_pre_req"": ""39"", ""buy_7th_pre_req_pre"": ""0"", ""buy_8th_pre_bid"": ""-70700"", ""buy_8th_pre_req"": ""18"", ""buy_8th_pre_req_pre"": ""0"", ""buy_9th_pre_bid"": ""-70600"", ""buy_9th_pre_req"": ""38"", ""buy_9th_pre_req_pre"": ""0"", ""buy_10th_pre_bid"": ""-70500"", ""buy_10th_pre_req"": ""125"", ""buy_10th_pre_req_pre"": ""0"", ""tot_sel_req_jub_pre"": ""--1"", ""tot_sel_req"": ""504"", ""tot_buy_req"": ""1372"", ""tot_buy_req_jub_pre"": ""0"", ""ovt_sel_req_pre"": ""0"", ""ovt_sel_req"": ""0"", ""ovt_buy_req"": ""0"", ""ovt_buy_req_pre"": ""0"", ""return_code"": 0, ""return_msg"": ""정상적으로 처리되었습니다""}"
2026-09-10,scan_candidate,022100,2026-09-10T09:30:14.472901,0,main_scan,22050,21650,22050,22000,22050,21900,-1.1152607709750773,0.22675736961451248,45907600,3291551882850,10850940975,4.6084989106069685,1.8475750577367205,"{""bid_req_base_tm"": ""093053"", ""sel_10th_pre_req_pre"": ""0"", ""sel_10th_pre_req"": ""4708"", ""sel_10th_pre_bid"": ""+22500"", ""sel_9th_pre_req_pre"": ""0"", ""sel_9th_pre_req"": ""1725"", ""sel_9th_pre_bid"": ""+22450"", ""sel_8th_pre_req_pre"": ""0"", ""sel_8th_pre_req"": ""5164"", ""sel_8th_pre_bid"": ""+22400"", ""sel_7th_pre_req_pre"": ""0"", ""sel_7th_pre_req"": ""2772"", ""sel_7th_pre_bid"": ""+22350"", ""sel_6th_pre_req_pre"": ""0"", ""sel_6th_pre_req"": ""752"", ""sel_6th_pre_bid"": ""+22300"", ""sel_5th_pre_req_pre"": ""0"", ""sel_5th_pre_req"": ""412"", ""sel_5th_pre_bid"": ""+22250"", ""sel_4th_pre_req_pre"": ""0"", ""sel_4th_pre_req"": ""359"", ""sel_4th_pre_bid"": ""+22200"", ""sel_3th_pre_req_pre"": ""0"", ""sel_3th_pre_req"": ""595"", ""sel_3th_pre_bid"": ""+22150"", ""sel_2th_pre_req_pre"": ""0"", ""sel_2th_pre_req"": ""583"", ""sel_2th_pre_bid"": ""+22100"", ""sel_1th_pre_req_pre"": ""0"", ""sel_fpr_req"": ""626"", ""sel_fpr_bid"": ""+22050"", ""buy_fpr_bid"": ""+22000"", ""buy_fpr_req"": ""204"", ""buy_1th_pre_req_pre"": ""0"", ""buy_2th_pre_bid"": ""+21950"", ""buy_2th_pre_req"": ""725"", ""buy_2th_pre_req_pre"": ""0"", ""buy_3th_pre_bid"": ""21900"", ""buy_3th_pre_req"": ""519"", ""buy_3th_pre_req_pre"": ""0"", ""buy_4th_pre_bid"": ""-21850"", ""buy_4th_pre_req"": ""278"", ""buy_4th_pre_req_pre"": ""0"", ""buy_5th_pre_bid"": ""-21800"", ""buy_5th_pre_req"": ""338"", ""buy_5th_pre_req_pre"": ""0"", ""buy_6th_pre_bid"": ""-21750"", ""buy_6th_pre_req"": ""388"", ""buy_6th_pre_req_pre"": ""+2"", ""buy_7th_pre_bid"": ""-21700"", ""buy_7th_pre_req"": ""303"", ""buy_7th_pre_req_pre"": ""0"", ""buy_8th_pre_bid"": ""-21650"", ""buy_8th_pre_req"": ""1231"", ""buy_8th_pre_req_pre"": ""0"", ""buy_9th_pre_bid"": ""-21600"", ""buy_9th_pre_req"": ""1376"", ""buy_9th_pre_req_pre"": ""0"", ""buy_10th_pre_bid"": ""-21550"", ""buy_10th_pre_req"": ""332"", ""buy_10th_pre_req_pre"": ""0"", ""tot_sel_req_jub_pre"": ""0"", ""tot_sel_req"": ""17696"", ""tot_buy_req"": ""5694"", ""tot_buy_req_jub_pre"": ""+2"", ""ovt_sel_req_pre"": ""0"", ""ovt_sel_req"": ""0"", ""ovt_buy_req"": ""0"", ""ovt_buy_req_pre"": ""0"", ""return_code"": 0, ""return_msg"": ""정상적으로 처리되었습니다""}"
2026-09-10,scan_candidate,103590,2026-09-10T09:30:14.472901,0,main_scan,70700,68300,70700,70600,70700,71100,0.21350070721356781,0.14144271570014144,25652600,3256912137000,13398486300,4.6084989106069685,3.513909224011713,"{""bid_req_base_tm"": ""093053"", ""sel_10th_pre_req_pre"": ""0"", ""sel_10th_pre_req"": ""83"", ""sel_10th_pre_bid"": ""-71600"", ""sel_9th_pre_req_pre"": ""0"", ""sel_9th_pre_req"": ""169"", ""sel_9th_pre_bid"": ""-71500"", ""sel_8th_pre_req_pre"": ""0"", ""sel_8th_pre_req"": ""78"", ""sel_8th_pre_bid"": ""-71400"", ""sel_7th_pre_req_pre"": ""0"", ""sel_7th_pre_req"": ""16"", ""sel_7th_pre_bid"": ""-71300"", ""sel_6th_pre_req_pre"": ""0"", ""sel_6th_pre_req"": ""82"", ""sel_6th_pre_bid"": ""-71200"", ""sel_5th_pre_req_pre"": ""0"", ""sel_5th_pre_req"": ""59"", ""sel_5th_pre_bid"": ""-71100"", ""sel_4th_pre_req_pre"": ""0"", ""sel_4th_pre_req"": ""116"", ""sel_4th_pre_bid"": ""-71000"", ""sel_3th_pre_req_pre"": ""0"", ""sel_3th_pre_req"": ""144"", ""sel_3th_pre_bid"": ""-70900"", ""sel_2th_pre_req_pre"": ""0"", ""sel_2th_pre_req"": ""6"", ""sel_2th_pre_bid"": ""-70800"", ""sel_1th_pre_req_pre"": ""0"", ""sel_fpr_req"": ""135"", ""sel_fpr_bid"": ""-70700"", ""buy_fpr_bid"": ""-70600"", ""buy_fpr_req"": ""533"", ""buy_1th_pre_req_pre"": ""0"", ""buy_2th_pre_bid"": ""-70500"", ""buy_2th_pre_req"": ""557"", ""buy_2th_pre_req_pre"": ""+1"", ""buy_3th_pre_bid"": ""-70400"", ""buy_3th_pre_req"": ""1211"", ""buy_3th_pre_req_pre"": ""0"", ""buy_4th_pre_bid"": ""-70300"", ""buy_4th_pre_req"": ""1191"", ""buy_4th_pre_req_pre"": ""0"", ""buy_5th_pre_bid"": ""-70200"", ""buy_5th_pre_req"": ""1662"", ""buy_5th_pre_req_pre"": ""0"", ""buy_6th_pre_bid"": ""-70100"", ""buy_6th_pre_req"": ""1608"", ""buy_6th_pre_req_pre"": ""0"", ""buy_7th_pre_bid"": ""-70000"", ""buy_7th_pre_req"": ""3640"", ""buy_7th_pre_req_pre"": ""0"", ""buy_8th_pre_bid"": ""-69900"", ""buy_8th_pre_req"": ""510"", ""buy_8th_pre_req_pre"": ""0"", ""buy_9th_pre_bid"": ""-69800"", ""buy_9th_pre_req"": ""704"", ""buy_9th_pre_req_pre"": ""0"", ""buy_10th_pre_bid"": ""-69700"", ""buy_10th_pre_req"": ""620"", ""buy_10th_pre_req_pre"": ""0"", ""tot_sel_req_jub_pre"": ""0"", ""tot_sel_req"": ""888"", ""tot_buy_req"": ""12236"", ""tot_buy_req_jub_pre"": ""+1"", ""ovt_sel_req_pre"": ""0"", ""ovt_sel_req"": ""0"", ""ovt_buy_req"": ""0"", ""ovt_buy_req_pre"": ""0"", ""return_code"": 0, ""return_msg"": ""정상적으로 처리되었습니다""}"
2026-09-10,scan_candidate,036460,2026-09-10T09:30:14.472901,0,main_scan,36850,35100,36850,36800,36850,36650,-0.8871031207598545,0.13568521031207598,300752550,3240186300000,18622869800,4.6084989106069685,4.985754985754986,"{""bid_req_base_tm"": ""093054"", ""sel_10th_pre_req_pre"": ""0"", ""sel_10th_pre_req"": ""606"", ""sel_10th_pre_bid"": ""+37300"", ""sel_9th_pre_req_pre"": ""0"", ""sel_9th_pre_req"": ""3460"", ""sel_9th_pre_bid"": ""+37250"", ""sel_8th_pre_req_pre"": ""0"", ""sel_8th_pre_req"": ""558"", ""sel_8th_pre_bid"": ""+37200"", ""sel_7th_pre_req_pre"": ""0"", ""sel_7th_pre_req"": ""2418"", ""sel_7th_pre_bid"": ""+37150"", ""sel_6th_pre_req_pre"": ""0"", ""sel_6th_pre_req"": ""1089"", ""sel_6th_pre_bid"": ""+37100"", ""sel_5th_pre_req_pre"": ""0"", ""sel_5th_pre_req"": ""2359"", ""sel_5th_pre_bid"": ""+37050"", ""sel_4th_pre_req_pre"": ""0"", ""sel_4th_pre_req"": ""5031"", ""sel_4th_pre_bid"": ""+37000"", ""sel_3th_pre_req_pre"": ""0"", ""sel_3th_pre_req"": ""2002"", ""sel_3th_pre_bid"": ""+36950"", ""sel_2th_pre_req_pre"": ""0"", ""sel_2th_pre_req"": ""1278"", ""sel_2th_pre_bid"": ""+36900"", ""sel_1th_pre_req_pre"": ""0"", ""sel_fpr_req"": ""777"", ""sel_fpr_bid"": ""+36850"", ""buy_fpr_bid"": ""+36800"", ""buy_fpr_req"": ""2237"", ""buy_1th_pre_req_pre"": ""--3"", ""buy_2th_pre_bid"": ""+36750"", ""buy_2th_pre_req"": ""124"", ""buy_2th_pre_req_pre"": ""0"", ""buy_3th_pre_bid"": ""+36700"", ""buy_3th_pre_req"": ""222"", ""buy_3th_pre_req_pre"": ""0"", ""buy_4th_pre_bid"": ""+36650"", ""buy_4th_pre_req"": ""280"", ""buy_4th_pre_req_pre"": ""0"", ""buy_5th_pre_bid"": ""+36600"", ""buy_5th_pre_req"": ""68"", ""buy_5th_pre_req_pre"": ""0"", ""buy_6th_pre_bid"": ""+36550"", ""buy_6th_pre_req"": ""116"", ""buy_6th_pre_req_pre"": ""0"", ""buy_7th_pre_bid"": ""+36500"", ""buy_7th_pre_req"": ""184"", ""buy_7th_pre_req_pre"": ""0"", ""buy_8th_pre_bid"": ""+36450"", ""buy_8th_pre_req"": ""110"", ""buy_8th_pre_req_pre"": ""0"", ""buy_9th_pre_bid"": ""+36400"", ""buy_9th_pre_req"": ""219"", ""buy_9th_pre_req_pre"": ""0"", ""buy_10th_pre_bid"": ""+36350"", ""buy_10th_pre_req"": ""940"", ""buy_10th_pre_req_pre"": ""0"", ""tot_sel_req_jub_pre"": ""0"", ""tot_sel_req"": ""19578"", ""tot_buy_req"": ""4500"", ""tot_buy_req_jub_pre"": ""--3"", ""ovt_sel_req_pre"": ""0"", ""ovt_sel_req"": ""0"", ""ovt_buy_req"": ""0"", ""ovt_buy_req_pre"": ""0"", ""return_code"": 0, ""return_msg"": ""정상적으로 처리되었습니다""}"
2026-09-10,scan_candidate,028670,2026-09-10T09:30:14.472901,0,main_scan,6020,5960,6020,6010,6020,6000,-0.7073671096345622,0.16611295681063123,128225640,3186034291520,18207108005,4.6084989106069685,1.006711409395973,"{""bid_req_base_tm"": ""093051"", ""sel_10th_pre_req_pre"": ""0"", ""sel_10th_pre_req"": ""66650"", ""sel_10th_pre_bid"": ""+6110"", ""sel_9th_pre_req_pre"": ""0"", ""sel_9th_pre_req"": ""5194"", ""sel_9th_pre_bid"": ""+6100"", ""sel_8th_pre_req_pre"": ""0"", ""sel_8th_pre_req"": ""6321"", ""sel_8th_pre_bid"": ""+6090"", ""sel_7th_pre_req_pre"": ""0"", ""sel_7th_pre_req"": ""14144"", ""sel_7th_pre_bid"": ""+6080"", ""sel_6th_pre_req_pre"": ""0"", ""sel_6th_pre_req"": ""2387"", ""sel_6th_pre_bid"": ""+6070"", ""sel_5th_pre_req_pre"": ""0"", ""sel_5th_pre_req"": ""1912"", ""sel_5th_pre_bid"": ""+6060"", ""sel_4th_pre_req_pre"": ""0"", ""sel_4th_pre_req"": ""15447"", ""sel_4th_pre_bid"": ""+6050"", ""sel_3th_pre_req_pre"": ""0"", ""sel_3th_pre_req"": ""6646"", ""sel_3th_pre_bid"": ""+6040"", ""sel_2th_pre_req_pre"": ""0"", ""sel_2th_pre_req"": ""3652"", ""sel_2th_pre_bid"": ""+6030"", ""sel_1th_pre_req_pre"": ""--20"", ""sel_fpr_req"": ""1444"", ""sel_fpr_bid"": ""+6020"", ""buy_fpr_bid"": ""6010"", ""buy_fpr_req"": ""3831"", ""buy_1th_pre_req_pre"": ""0"", ""buy_2th_pre_bid"": ""-6000"", ""buy_2th_pre_req"": ""10137"", ""buy_2th_pre_req_pre"": ""0"", ""buy_3th_pre_bid"": ""-5990"", ""buy_3th_pre_req"": ""5033"", ""buy_3th_pre_req_pre"": ""0"", ""buy_4th_pre_bid"": ""-5980"", ""buy_4th_pre_req"": ""2871"", ""buy_4th_pre_req_pre"": ""0"", ""buy_5th_pre_bid"": ""-5970"", ""buy_5th_pre_req"": ""5729"", ""buy_5th_pre_req_pre"": ""0"", ""buy_6th_pre_bid"": ""-5960"", ""buy_6th_pre_req"": ""2808"", ""buy_6th_pre_req_pre"": ""0"", ""buy_7th_pre_bid"": ""-5950"", ""buy_7th_pre_req"": ""2929"", ""buy_7th_pre_req_pre"": ""0"", ""buy_8th_pre_bid"": ""-5940"", ""buy_8th_pre_req"": ""1531"", ""buy_8th_pre_req_pre"": ""0"", ""buy_9th_pre_bid"": ""-5930"", ""buy_9th_pre_req"": ""7111"", ""buy_9th_pre_req_pre"": ""0"", ""buy_10th_pre_bid"": ""-5920"", ""buy_10th_pre_req"": ""5996"", ""buy_10th_pre_req_pre"": ""0"", ""tot_sel_req_jub_pre"": ""--20"", ""tot_sel_req"": ""123797"", ""tot_buy_req"": ""47976"", ""tot_buy_req_jub_pre"": ""0"", ""ovt_sel_req_pre"": ""0"", ""ovt_sel_req"": ""0"", ""ovt_buy_req"": ""0"", ""ovt_buy_req_pre"": ""0"", ""return_code"": 0, ""return_msg"": ""정상적으로 처리되었습니다""}"
2026-09-10,scan_candidate,011780,2026-09-10T09:30:14.472901,0,main_scan,129400,125900,129400,129300,129400,129500,-0.5185162287480842,0.07727975270479134,11268700,3167307217500,14663911300,4.6084989106069685,2.779984114376489,"{""bid_req_base_tm"": ""093054"", ""sel_10th_pre_req_pre"": ""0"", ""sel_10th_pre_req"": ""82"", ""sel_10th_pre_bid"": ""+130500"", ""sel_9th_pre_req_pre"": ""0"", ""sel_9th_pre_req"": ""20"", ""sel_9th_pre_bid"": ""+130400"", ""sel_8th_pre_req_pre"": ""0"", ""sel_8th_pre_req"": ""5"", ""sel_8th_pre_bid"": ""+130300"", ""sel_7th_pre_req_pre"": ""0"", ""sel_7th_pre_req"": ""9"", ""sel_7th_pre_bid"": ""+130200"", ""sel_6th_pre_req_pre"": ""0"", ""sel_6th_pre_req"": ""77"", ""sel_6th_pre_bid"": ""+130100"", ""sel_5th_pre_req_pre"": ""0"", ""sel_5th_pre_req"": ""10"", ""sel_5th_pre_bid"": ""130000"", ""sel_4th_pre_req_pre"": ""0"", ""sel_4th_pre_req"": ""7"", ""sel_4th_pre_bid"": ""-129800"", ""sel_3th_pre_req_pre"": ""0"", ""sel_3th_pre_req"": ""20"", ""sel_3th_pre_bid"": ""-129600"", ""sel_2th_pre_req_pre"": ""0"", ""sel_2th_pre_req"": ""24"", ""sel_2th_pre_bid"": ""-129500"", ""sel_1th_pre_req_pre"": ""+4"", ""sel_fpr_req"": ""39"", ""sel_fpr_bid"": ""-129400"", ""buy_fpr_bid"": ""-129300"", ""buy_fpr_req"": ""61"", ""buy_1th_pre_req_pre"": ""0"", ""buy_2th_pre_bid"": ""-129200"", ""buy_2th_pre_req"": ""26"", ""buy_2th_pre_req_pre"": ""0"", ""buy_3th_pre_bid"": ""-129100"", ""buy_3th_pre_req"": ""36"", ""buy_3th_pre_req_pre"": ""0"", ""buy_4th_pre_bid"": ""-129000"", ""buy_4th_pre_req"": ""31"", ""buy_4th_pre_req_pre"": ""0"", ""buy_5th_pre_bid"": ""-128900"", ""buy_5th_pre_req"": ""63"", ""buy_5th_pre_req_pre"": ""0"", ""buy_6th_pre_bid"": ""-128800"", ""buy_6th_pre_req"": ""5"", ""buy_6th_pre_req_pre"": ""0"", ""buy_7th_pre_bid"": ""-128700"", ""buy_7th_pre_req"": ""59"", ""buy_7th_pre_req_pre"": ""0"", ""buy_8th_pre_bid"": ""-128600"", ""buy_8th_pre_req"": ""2"", ""buy_8th_pre_req_pre"": ""0"", ""buy_9th_pre_bid"": ""-128500"", ""buy_9th_pre_req"": ""51"", ""buy_9th_pre_req_pre"": ""0"", ""buy_10th_pre_bid"": ""-128400"", ""buy_10th_pre_req"": ""20"", ""buy_10th_pre_req_pre"": ""0"", ""tot_sel_req_jub_pre"": ""+4"", ""tot_sel_req"": ""293"", ""tot_buy_req"": ""354"", ""tot_buy_req_jub_pre"": ""0"", ""ovt_sel_req_pre"": ""0"", ""ovt_sel_req"": ""0"", ""ovt_buy_req"": ""0"", ""ovt_buy_req_pre"": ""0"", ""return_code"": 0, ""return_msg"": ""정상적으로 처리되었습니다""}"
2026-09-10,scan_candidate,035250,2026-09-10T09:30:14.472901,0,main_scan,14620,14750,14620,14600,14620,14650,-0.34653214774282126,0.13679890560875513,7112840,3155622375000,3028533955,4.6084989106069685,-0.8813559322033898,"{""bid_req_base_tm"": ""093055"", ""sel_10th_pre_req_pre"": ""0"", ""sel_10th_pre_req"": ""275"", ""sel_10th_pre_bid"": ""+14750"", ""sel_9th_pre_req_pre"": ""0"", ""sel_9th_pre_req"": ""41"", ""sel_9th_pre_bid"": ""+14740"", ""sel_8th_pre_req_pre"": ""0"", ""sel_8th_pre_req"": ""10"", ""sel_8th_pre_bid"": ""+14730"", ""sel_7th_pre_req_pre"": ""0"", ""sel_7th_pre_req"": ""11"", ""sel_7th_pre_bid"": ""+14720"", ""sel_6th_pre_req_pre"": ""0"", ""sel_6th_pre_req"": ""2"", ""sel_6th_pre_bid"": ""14670"", ""sel_5th_pre_req_pre"": ""0"", ""sel_5th_pre_req"": ""50"", ""sel_5th_pre_bid"": ""-14660"", ""sel_4th_pre_req_pre"": ""0"", ""sel_4th_pre_req"": ""101"", ""sel_4th_pre_bid"": ""-14650"", ""sel_3th_pre_req_pre"": ""0"", ""sel_3th_pre_req"": ""150"", ""sel_3th_pre_bid"": ""-14640"", ""sel_2th_pre_req_pre"": ""0"", ""sel_2th_pre_req"": ""231"", ""sel_2th_pre_bid"": ""-14630"", ""sel_1th_pre_req_pre"": ""0"", ""sel_fpr_req"": ""69"", ""sel_fpr_bid"": ""-14620"", ""buy_fpr_bid"": ""-14600"", ""buy_fpr_req"": ""484"", ""buy_1th_pre_req_pre"": ""--4"", ""buy_2th_pre_bid"": ""-14590"", ""buy_2th_pre_req"": ""506"", ""buy_2th_pre_req_pre"": ""0"", ""buy_3th_pre_bid"": ""-14580"", ""buy_3th_pre_req"": ""380"", ""buy_3th_pre_req_pre"": ""0"", ""buy_4th_pre_bid"": ""-14570"", ""buy_4th_pre_req"": ""483"", ""buy_4th_pre_req_pre"": ""0"", ""buy_5th_pre_bid"": ""-14560"", ""buy_5th_pre_req"": ""365"", ""buy_5th_pre_req_pre"": ""0"", ""buy_6th_pre_bid"": ""-14550"", ""buy_6th_pre_req"": ""465"", ""buy_6th_pre_req_pre"": ""0"", ""buy_7th_pre_bid"": ""-14540"", ""buy_7th_pre_req"": ""241"", ""buy_7th_pre_req_pre"": ""0"", ""buy_8th_pre_bid"": ""-14530"", ""buy_8th_pre_req"": ""107"", ""buy_8th_pre_req_pre"": ""0"", ""buy_9th_pre_bid"": ""-14520"", ""buy_9th_pre_req"": ""239"", ""buy_9th_pre_req_pre"": ""0"", ""buy_10th_pre_bid"": ""-14510"", ""buy_10th_pre_req"": ""806"", ""buy_10th_pre_req_pre"": ""0"", ""tot_sel_req_jub_pre"": ""0"", ""tot_sel_req"": ""940"", ""tot_buy_req"": ""4076"", ""tot_buy_req_jub_pre"": ""--4"", ""ovt_sel_req_pre"": ""0"", ""ovt_sel_req"": ""0"", ""ovt_buy_req"": ""0"", ""ovt_buy_req_pre"": ""0"", ""return_code"": 0, ""return_msg"": ""정상적으로 처리되었습니다""}"
2026-09-10,scan_candidate,192820,2026-09-10T09:30:14.472901,0,main_scan,260000,275500,260000,259500,260000,261500,0.17386538461536893,0.19230769230769232,41164500,3126789729500,34612819250,4.6084989106069685,-5.626134301270418,"{""bid_req_base_tm"": ""093054"", ""sel_10th_pre_req_pre"": ""0"", ""sel_10th_pre_req"": ""60"", ""sel_10th_pre_bid"": ""-264500"", ""sel_9th_pre_req_pre"": ""--11"", ""sel_9th_pre_req"": ""37"", ""sel_9th_pre_bid"": ""-264000"", ""sel_8th_pre_req_pre"": ""0"", ""sel_8th_pre_req"": ""1"", ""sel_8th_pre_bid"": ""-263500"", ""sel_7th_pre_req_pre"": ""+11"", ""sel_7th_pre_req"": ""169"", ""sel_7th_pre_bid"": ""-263000"", ""sel_6th_pre_req_pre"": ""0"", ""sel_6th_pre_req"": ""29"", ""sel_6th_pre_bid"": ""-262500"", ""sel_5th_pre_req_pre"": ""0"", ""sel_5th_pre_req"": ""23"", ""sel_5th_pre_bid"": ""-262000"", ""sel_4th_pre_req_pre"": ""0"", ""sel_4th_pre_req"": ""2"", ""sel_4th_pre_bid"": ""-261500"", ""sel_3th_pre_req_pre"": ""0"", ""sel_3th_pre_req"": ""28"", ""sel_3th_pre_bid"": ""-261000"", ""sel_2th_pre_req_pre"": ""0"", ""sel_2th_pre_req"": ""79"", ""sel_2th_pre_bid"": ""-260500"", ""sel_1th_pre_req_pre"": ""+13"", ""sel_fpr_req"": ""52"", ""sel_fpr_bid"": ""-260000"", ""buy_fpr_bid"": ""-259500"", ""buy_fpr_req"": ""28"", ""buy_1th_pre_req_pre"": ""0"", ""buy_2th_pre_bid"": ""-259000"", ""buy_2th_pre_req"": ""209"", ""buy_2th_pre_req_pre"": ""0"", ""buy_3th_pre_bid"": ""-258500"", ""buy_3th_pre_req"": ""178"", ""buy_3th_pre_req_pre"": ""0"", ""buy_4th_pre_bid"": ""-258000"", ""buy_4th_pre_req"": ""196"", ""buy_4th_pre_req_pre"": ""0"", ""buy_5th_pre_bid"": ""-257500"", ""buy_5th_pre_req"": ""52"", ""buy_5th_pre_req_pre"": ""0"", ""buy_6th_pre_bid"": ""-257000"", ""buy_6th_pre_req"": ""222"", ""buy_6th_pre_req_pre"": ""0"", ""buy_7th_pre_bid"": ""-256500"", ""buy_7th_pre_req"": ""10"", ""buy_7th_pre_req_pre"": ""0"", ""buy_8th_pre_bid"": ""-256000"", ""buy_8th_pre_req"": ""265"", ""buy_8th_pre_req_pre"": ""0"", ""buy_9th_pre_bid"": ""-255500"", ""buy_9th_pre_req"": ""74"", ""buy_9th_pre_req_pre"": ""0"", ""buy_10th_pre_bid"": ""-255000"", ""buy_10th_pre_req"": ""1129"", ""buy_10th_pre_req_pre"": ""0"", ""tot_sel_req_jub_pre"": ""+13"", ""tot_sel_req"": ""480"", ""tot_buy_req"": ""2363"", ""tot_buy_req_jub_pre"": ""0"", ""ovt_sel_req_pre"": ""0"", ""ovt_sel_req"": ""0"", ""ovt_buy_req"": ""0"", ""ovt_buy_req_pre"": ""0"", ""return_code"": 0, ""return_msg"": ""정상적으로 처리되었습니다""}"
2026-09-10,scan_candidate,031210,2026-09-10T09:30:14.472901,0,main_scan,43500,43650,43500,43450,43500,43300,-0.7835919540229951,0.11494252873563218,34878150,3047712752700,3373188825,4.6084989106069685,-0.3436426116838488,"{""bid_req_base_tm"": ""093054"", ""sel_10th_pre_req_pre"": ""0"", ""sel_10th_pre_req"": ""115"", ""sel_10th_pre_bid"": ""+44000"", ""sel_9th_pre_req_pre"": ""0"", ""sel_9th_pre_req"": ""26"", ""sel_9th_pre_bid"": ""+43950"", ""sel_8th_pre_req_pre"": ""0"", ""sel_8th_pre_req"": ""101"", ""sel_8th_pre_bid"": ""+43900"", ""sel_7th_pre_req_pre"": ""0"", ""sel_7th_pre_req"": ""35"", ""sel_7th_pre_bid"": ""+43850"", ""sel_6th_pre_req_pre"": ""+3"", ""sel_6th_pre_req"": ""11"", ""sel_6th_pre_bid"": ""+43800"", ""sel_5th_pre_req_pre"": ""0"", ""sel_5th_pre_req"": ""1003"", ""sel_5th_pre_bid"": ""+43750"", ""sel_4th_pre_req_pre"": ""0"", ""sel_4th_pre_req"": ""87"", ""sel_4th_pre_bid"": ""+43700"", ""sel_3th_pre_req_pre"": ""0"", ""sel_3th_pre_req"": ""16"", ""sel_3th_pre_bid"": ""+43650"", ""sel_2th_pre_req_pre"": ""0"", ""sel_2th_pre_req"": ""141"", ""sel_2th_pre_bid"": ""+43600"", ""sel_1th_pre_req_pre"": ""0"", ""sel_fpr_req"": ""46"", ""sel_fpr_bid"": ""+43500"", ""buy_fpr_bid"": ""+43450"", ""buy_fpr_req"": ""30"", ""buy_1th_pre_req_pre"": ""0"", ""buy_2th_pre_bid"": ""+43400"", ""buy_2th_pre_req"": ""22"", ""buy_2th_pre_req_pre"": ""0"", ""buy_3th_pre_bid"": ""+43350"", ""buy_3th_pre_req"": ""21"", ""buy_3th_pre_req_pre"": ""0"", ""buy_4th_pre_bid"": ""43300"", ""buy_4th_pre_req"": ""33"", ""buy_4th_pre_req_pre"": ""0"", ""buy_5th_pre_bid"": ""-43250"", ""buy_5th_pre_req"": ""33"", ""buy_5th_pre_req_pre"": ""0"", ""buy_6th_pre_bid"": ""-43200"", ""buy_6th_pre_req"": ""119"", ""buy_6th_pre_req_pre"": ""0"", ""buy_7th_pre_bid"": ""-43150"", ""buy_7th_pre_req"": ""22"", ""buy_7th_pre_req_pre"": ""0"", ""buy_8th_pre_bid"": ""-43100"", ""buy_8th_pre_req"": ""25"", ""buy_8th_pre_req_pre"": ""0"", ""buy_9th_pre_bid"": ""-43050"", ""buy_9th_pre_req"": ""84"", ""buy_9th_pre_req_pre"": ""0"", ""buy_10th_pre_bid"": ""-43000"", ""buy_10th_pre_req"": ""108"", ""buy_10th_pre_req_pre"": ""0"", ""tot_sel_req_jub_pre"": ""+3"", ""tot_sel_req"": ""1581"", ""tot_buy_req"": ""497"", ""tot_buy_req_jub_pre"": ""0"", ""ovt_sel_req_pre"": ""0"", ""ovt_sel_req"": ""0"", ""ovt_buy_req"": ""0"", ""ovt_buy_req_pre"": ""0"", ""return_code"": 0, ""return_msg"": ""정상적으로 처리되었습니다""}"
2026-09-10,scan_candidate,023530,2026-09-10T09:30:14.472901,0,main_scan,109300,107500,109300,109200,109300,109500,-0.48393870082342816,0.09149130832570906,33503300,3041041162500,13826576750,4.6084989106069685,1.6744186046511629,"{""bid_req_base_tm"": ""093053"", ""sel_10th_pre_req_pre"": ""0"", ""sel_10th_pre_req"": ""2"", ""sel_10th_pre_bid"": ""-110200"", ""sel_9th_pre_req_pre"": ""0"", ""sel_9th_pre_req"": ""6"", ""sel_9th_pre_bid"": ""-110100"", ""sel_8th_pre_req_pre"": ""0"", ""sel_8th_pre_req"": ""321"", ""sel_8th_pre_bid"": ""-110000"", ""sel_7th_pre_req_pre"": ""0"", ""sel_7th_pre_req"": ""7"", ""sel_7th_pre_bid"": ""-109900"", ""sel_6th_pre_req_pre"": ""0"", ""sel_6th_pre_req"": ""67"", ""sel_6th_pre_bid"": ""-109800"", ""sel_5th_pre_req_pre"": ""0"", ""sel_5th_pre_req"": ""75"", ""sel_5th_pre_bid"": ""-109700"", ""sel_4th_pre_req_pre"": ""0"", ""sel_4th_pre_req"": ""114"", ""sel_4th_pre_bid"": ""-109600"", ""sel_3th_pre_req_pre"": ""0"", ""sel_3th_pre_req"": ""65"", ""sel_3th_pre_bid"": ""-109500"", ""sel_2th_pre_req_pre"": ""0"", ""sel_2th_pre_req"": ""87"", ""sel_2th_pre_bid"": ""-109400"", ""sel_1th_pre_req_pre"": ""0"", ""sel_fpr_req"": ""60"", ""sel_fpr_bid"": ""-109300"", ""buy_fpr_bid"": ""-109200"", ""buy_fpr_req"": ""14"", ""buy_1th_pre_req_pre"": ""+4"", ""buy_2th_pre_bid"": ""-109000"", ""buy_2th_pre_req"": ""58"", ""buy_2th_pre_req_pre"": ""0"", ""buy_3th_pre_bid"": ""-108900"", ""buy_3th_pre_req"": ""1588"", ""buy_3th_pre_req_pre"": ""0"", ""buy_4th_pre_bid"": ""-108700"", ""buy_4th_pre_req"": ""1969"", ""buy_4th_pre_req_pre"": ""0"", ""buy_5th_pre_bid"": ""-108500"", ""buy_5th_pre_req"": ""21"", ""buy_5th_pre_req_pre"": ""0"", ""buy_6th_pre_bid"": ""-108400"", ""buy_6th_pre_req"": ""1"", ""buy_6th_pre_req_pre"": ""0"", ""buy_7th_pre_bid"": ""-108300"", ""buy_7th_pre_req"": ""201"", ""buy_7th_pre_req_pre"": ""0"", ""buy_8th_pre_bid"": ""-108200"", ""buy_8th_pre_req"": ""981"", ""buy_8th_pre_req_pre"": ""0"", ""buy_9th_pre_bid"": ""-108100"", ""buy_9th_pre_req"": ""167"", ""buy_9th_pre_req_pre"": ""0"", ""buy_10th_pre_bid"": ""-108000"", ""buy_10th_pre_req"": ""115"", ""buy_10th_pre_req_pre"": ""0"", ""tot_sel_req_jub_pre"": ""0"", ""tot_sel_req"": ""804"", ""tot_buy_req"": ""5115"", ""tot_buy_req_jub_pre"": ""+4"", ""ovt_sel_req_pre"": ""0"", ""ovt_sel_req"": ""0"", ""ovt_buy_req"": ""0"", ""ovt_buy_req_pre"": ""0"", ""return_code"": 0, ""return_msg"": ""정상적으로 처리되었습니다""}"
2026-09-10,scan_candidate,251270,2026-09-10T09:30:14.472901,0,main_scan,34850,36300,34850,34800,34850,35000,0.07638450502150744,0.1434720229555237,24246600,3018650827500,4765584000,4.6084989106069685,-3.994490358126722,"{""bid_req_base_tm"": ""093055"", ""sel_10th_pre_req_pre"": ""0"", ""sel_10th_pre_req"": ""158"", ""sel_10th_pre_bid"": ""+35300"", ""sel_9th_pre_req_pre"": ""0"", ""sel_9th_pre_req"": ""76"", ""sel_9th_pre_bid"": ""+35250"", ""sel_8th_pre_req_pre"": ""0"", ""sel_8th_pre_req"": ""26"", ""sel_8th_pre_bid"": ""+35200"", ""sel_7th_pre_req_pre"": ""0"", ""sel_7th_pre_req"": ""108"", ""sel_7th_pre_bid"": ""+35150"", ""sel_6th_pre_req_pre"": ""0"", ""sel_6th_pre_req"": ""10"", ""sel_6th_pre_bid"": ""+35100"", ""sel_5th_pre_req_pre"": ""0"", ""sel_5th_pre_req"": ""5"", ""sel_5th_pre_bid"": ""35050"", ""sel_4th_pre_req_pre"": ""0"", ""sel_4th_pre_req"": ""291"", ""sel_4th_pre_bid"": ""-35000"", ""sel_3th_pre_req_pre"": ""0"", ""sel_3th_pre_req"": ""165"", ""sel_3th_pre_bid"": ""-34950"", ""sel_2th_pre_req_pre"": ""0"", ""sel_2th_pre_req"": ""410"", ""sel_2th_pre_bid"": ""-34900"", ""sel_1th_pre_req_pre"": ""--1"", ""sel_fpr_req"": ""5"", ""sel_fpr_bid"": ""-34850"", ""buy_fpr_bid"": ""-34800"", ""buy_fpr_req"": ""134"", ""buy_1th_pre_req_pre"": ""0"", ""buy_2th_pre_bid"": ""-34750"", ""buy_2th_pre_req"": ""642"", ""buy_2th_pre_req_pre"": ""0"", ""buy_3th_pre_bid"": ""-34700"", ""buy_3th_pre_req"": ""418"", ""buy_3th_pre_req_pre"": ""0"", ""buy_4th_pre_bid"": ""-34650"", ""buy_4th_pre_req"": ""496"", ""buy_4th_pre_req_pre"": ""0"", ""buy_5th_pre_bid"": ""-34600"", ""buy_5th_pre_req"": ""406"", ""buy_5th_pre_req_pre"": ""0"", ""buy_6th_pre_bid"": ""-34550"", ""buy_6th_pre_req"": ""461"", ""buy_6th_pre_req_pre"": ""0"", ""buy_7th_pre_bid"": ""-34500"", ""buy_7th_pre_req"": ""120"", ""buy_7th_pre_req_pre"": ""0"", ""buy_8th_pre_bid"": ""-34450"", ""buy_8th_pre_req"": ""372"", ""buy_8th_pre_req_pre"": ""0"", ""buy_9th_pre_bid"": ""-34400"", ""buy_9th_pre_req"": ""576"", ""buy_9th_pre_req_pre"": ""0"", ""buy_10th_pre_bid"": ""-34350"", ""buy_10th_pre_req"": ""52"", ""buy_10th_pre_req_pre"": ""0"", ""tot_sel_req_jub_pre"": ""--1"", ""tot_sel_req"": ""1254"", ""tot_buy_req"": ""3677"", ""tot_buy_req_jub_pre"": ""0"", ""ovt_sel_req_pre"": ""0"", ""ovt_sel_req"": ""0"", ""ovt_buy_req"": ""0"", ""ovt_buy_req_pre"": ""0"", ""return_code"": 0, ""return_msg"": ""정상적으로 처리되었습니다""}"
2026-09-10,scan_candidate,006360,2026-09-10T09:30:14.472901,0,main_scan,35250,34250,35250,35200,35250,35300,-0.21000000000002475,0.14184397163120568,85991300,2931166032500,29000759400,4.6084989106069685,2.9197080291970803,"{""bid_req_base_tm"": ""093053"", ""sel_10th_pre_req_pre"": ""0"", ""sel_10th_pre_req"": ""967"", ""sel_10th_pre_bid"": ""+35700"", ""sel_9th_pre_req_pre"": ""0"", ""sel_9th_pre_req"": ""416"", ""sel_9th_pre_bid"": ""+35650"", ""sel_8th_pre_req_pre"": ""0"", ""sel_8th_pre_req"": ""1013"", ""sel_8th_pre_bid"": ""+35600"", ""sel_7th_pre_req_pre"": ""0"", ""sel_7th_pre_req"": ""1310"", ""sel_7th_pre_bid"": ""35550"", ""sel_6th_pre_req_pre"": ""0"", ""sel_6th_pre_req"": ""2169"", ""sel_6th_pre_bid"": ""-35500"", ""sel_5th_pre_req_pre"": ""0"", ""sel_5th_pre_req"": ""596"", ""sel_5th_pre_bid"": ""-35450"", ""sel_4th_pre_req_pre"": ""0"", ""sel_4th_pre_req"": ""1824"", ""sel_4th_pre_bid"": ""-35400"", ""sel_3th_pre_req_pre"": ""0"", ""sel_3th_pre_req"": ""62"", ""sel_3th_pre_bid"": ""-35350"", ""sel_2th_pre_req_pre"": ""0"", ""sel_2th_pre_req"": ""223"", ""sel_2th_pre_bid"": ""-35300"", ""sel_1th_pre_req_pre"": ""+4"", ""sel_fpr_req"": ""639"", ""sel_fpr_bid"": ""-35250"", ""buy_fpr_bid"": ""-35200"", ""buy_fpr_req"": ""841"", ""buy_1th_pre_req_pre"": ""0"", ""buy_2th_pre_bid"": ""-35150"", ""buy_2th_pre_req"": ""582"", ""buy_2th_pre_req_pre"": ""0"", ""buy_3th_pre_bid"": ""-35100"", ""buy_3th_pre_req"": ""1232"", ""buy_3th_pre_req_pre"": ""0"", ""buy_4th_pre_bid"": ""-35050"", ""buy_4th_pre_req"": ""1349"", ""buy_4th_pre_req_pre"": ""0"", ""buy_5th_pre_bid"": ""-35000"", ""buy_5th_pre_req"": ""1088"", ""buy_5th_pre_req_pre"": ""0"", ""buy_6th_pre_bid"": ""-34950"", ""buy_6th_pre_req"": ""940"", ""buy_6th_pre_req_pre"": ""0"", ""buy_7th_pre_bid"": ""-34900"", ""buy_7th_pre_req"": ""1307"", ""buy_7th_pre_req_pre"": ""0"", ""buy_8th_pre_bid"": ""-34850"", ""buy_8th_pre_req"": ""1331"", ""buy_8th_pre_req_pre"": ""0"", ""buy_9th_pre_bid"": ""-34800"", ""buy_9th_pre_req"": ""2580"", ""buy_9th_pre_req_pre"": ""0"", ""buy_10th_pre_bid"": ""-34750"", ""buy_10th_pre_req"": ""1986"", ""buy_10th_pre_req_pre"": ""0"", ""tot_sel_req_jub_pre"": ""+4"", ""tot_sel_req"": ""9219"", ""tot_buy_req"": ""13236"", ""tot_buy_req_jub_pre"": ""0"", ""ovt_sel_req_pre"": ""0"", ""ovt_sel_req"": ""0"", ""ovt_buy_req"": ""0"", ""ovt_buy_req_pre"": ""0"", ""return_code"": 0, ""return_msg"": ""정상적으로 처리되었습니다""}"
2026-09-10,scan_candidate,017800,2026-09-10T09:30:14.472901,0,main_scan,74900,74900,74900,74800,74900,75200,0.056502002670216864,0.13351134846461948,28167900,2928019636500,4054258450,4.6084989106069685,0.0,"{""bid_req_base_tm"": ""093055"", ""sel_10th_pre_req_pre"": ""0"", ""sel_10th_pre_req"": ""191"", ""sel_10th_pre_bid"": ""+75900"", ""sel_9th_pre_req_pre"": ""0"", ""sel_9th_pre_req"": ""85"", ""sel_9th_pre_bid"": ""+75800"", ""sel_8th_pre_req_pre"": ""0"", ""sel_8th_pre_req"": ""318"", ""sel_8th_pre_bid"": ""75700"", ""sel_7th_pre_req_pre"": ""0"", ""sel_7th_pre_req"": ""27"", ""sel_7th_pre_bid"": ""-75600"", ""sel_6th_pre_req_pre"": ""0"", ""sel_6th_pre_req"": ""51"", ""sel_6th_pre_bid"": ""-75500"", ""sel_5th_pre_req_pre"": ""0"", ""sel_5th_pre_req"": ""5"", ""sel_5th_pre_bid"": ""-75400"", ""sel_4th_pre_req_pre"": ""0"", ""sel_4th_pre_req"": ""233"", ""sel_4th_pre_bid"": ""-75300"", ""sel_3th_pre_req_pre"": ""0"", ""sel_3th_pre_req"": ""20"", ""sel_3th_pre_bid"": ""-75200"", ""sel_2th_pre_req_pre"": ""0"", ""sel_2th_pre_req"": ""136"", ""sel_2th_pre_bid"": ""-75000"", ""sel_1th_pre_req_pre"": ""+13"", ""sel_fpr_req"": ""80"", ""sel_fpr_bid"": ""-74900"", ""buy_fpr_bid"": ""-74800"", ""buy_fpr_req"": ""52"", ""buy_1th_pre_req_pre"": ""0"", ""buy_2th_pre_bid"": ""-74700"", ""buy_2th_pre_req"": ""88"", ""buy_2th_pre_req_pre"": ""0"", ""buy_3th_pre_bid"": ""-74600"", ""buy_3th_pre_req"": ""308"", ""buy_3th_pre_req_pre"": ""0"", ""buy_4th_pre_bid"": ""-74500"", ""buy_4th_pre_req"": ""511"", ""buy_4th_pre_req_pre"": ""0"", ""buy_5th_pre_bid"": ""-74400"", ""buy_5th_pre_req"": ""186"", ""buy_5th_pre_req_pre"": ""0"", ""buy_6th_pre_bid"": ""-74300"", ""buy_6th_pre_req"": ""162"", ""buy_6th_pre_req_pre"": ""0"", ""buy_7th_pre_bid"": ""-74200"", ""buy_7th_pre_req"": ""182"", ""buy_7th_pre_req_pre"": ""0"", ""buy_8th_pre_bid"": ""-74100"", ""buy_8th_pre_req"": ""590"", ""buy_8th_pre_req_pre"": ""0"", ""buy_9th_pre_bid"": ""-74000"", ""buy_9th_pre_req"": ""245"", ""buy_9th_pre_req_pre"": ""0"", ""buy_10th_pre_bid"": ""-73900"", ""buy_10th_pre_req"": ""265"", ""buy_10th_pre_req_pre"": ""0"", ""tot_sel_req_jub_pre"": ""+13"", ""tot_sel_req"": ""1146"", ""tot_buy_req"": ""2589"", ""tot_buy_req_jub_pre"": ""0"", ""ovt_sel_req_pre"": ""0"", ""ovt_sel_req"": ""0"", ""ovt_buy_req"": ""0"", ""ovt_buy_req_pre"": ""0"", ""return_code"": 0, ""return_msg"": ""정상적으로 처리되었습니다""}"
2026-09-10,scan_candidate,336260,2026-09-10T09:30:14.472901,0,main_scan,51300,43850,51300,51200,51300,51600,0.17910331384013667,0.1949317738791423,137540700,2871899885100,60534800425,4.6084989106069685,16.98973774230331,"{""bid_req_base_tm"": ""093056"", ""sel_10th_pre_req_pre"": ""0"", ""sel_10th_pre_req"": ""347"", ""sel_10th_pre_bid"": ""-52200"", ""sel_9th_pre_req_pre"": ""0"", ""sel_9th_pre_req"": ""244"", ""sel_9th_pre_bid"": ""-52100"", ""sel_8th_pre_req_pre"": ""0"", ""sel_8th_pre_req"": ""1771"", ""sel_8th_pre_bid"": ""-52000"", ""sel_7th_pre_req_pre"": ""0"", ""sel_7th_pre_req"": ""423"", ""sel_7th_pre_bid"": ""-51900"", ""sel_6th_pre_req_pre"": ""0"", ""sel_6th_pre_req"": ""584"", ""sel_6th_pre_bid"": ""-51800"", ""sel_5th_pre_req_pre"": ""0"", ""sel_5th_pre_req"": ""276"", ""sel_5th_pre_bid"": ""-51700"", ""sel_4th_pre_req_pre"": ""0"", ""sel_4th_pre_req"": ""966"", ""sel_4th_pre_bid"": ""-51600"", ""sel_3th_pre_req_pre"": ""0"", ""sel_3th_pre_req"": ""205"", ""sel_3th_pre_bid"": ""-51500"", ""sel_2th_pre_req_pre"": ""0"", ""sel_2th_pre_req"": ""881"", ""sel_2th_pre_bid"": ""-51400"", ""sel_1th_pre_req_pre"": ""0"", ""sel_fpr_req"": ""935"", ""sel_fpr_bid"": ""-51300"", ""buy_fpr_bid"": ""-51200"", ""buy_fpr_req"": ""2013"", ""buy_1th_pre_req_pre"": ""0"", ""buy_2th_pre_bid"": ""-51100"", ""buy_2th_pre_req"": ""3314"", ""buy_2th_pre_req_pre"": ""+1"", ""buy_3th_pre_bid"": ""-51000"", ""buy_3th_pre_req"": ""7046"", ""buy_3th_pre_req_pre"": ""0"", ""buy_4th_pre_bid"": ""-50900"", ""buy_4th_pre_req"": ""1490"", ""buy_4th_pre_req_pre"": ""0"", ""buy_5th_pre_bid"": ""-50800"", ""buy_5th_pre_req"": ""2599"", ""buy_5th_pre_req_pre"": ""0"", ""buy_6th_pre_bid"": ""-50700"", ""buy_6th_pre_req"": ""1932"", ""buy_6th_pre_req_pre"": ""0"", ""buy_7th_pre_bid"": ""-50600"", ""buy_7th_pre_req"": ""1898"", ""buy_7th_pre_req_pre"": ""0"", ""buy_8th_pre_bid"": ""-50500"", ""buy_8th_pre_req"": ""3669"", ""buy_8th_pre_req_pre"": ""0"", ""buy_9th_pre_bid"": ""-50400"", ""buy_9th_pre_req"": ""1651"", ""buy_9th_pre_req_pre"": ""0"", ""buy_10th_pre_bid"": ""-50300"", ""buy_10th_pre_req"": ""1278"", ""buy_10th_pre_req_pre"": ""0"", ""tot_sel_req_jub_pre"": ""0"", ""tot_sel_req"": ""6632"", ""tot_buy_req"": ""26890"", ""tot_buy_req_jub_pre"": ""+1"", ""ovt_sel_req_pre"": ""0"", ""ovt_sel_req"": ""0"", ""ovt_buy_req"": ""0"", ""ovt_buy_req_pre"": ""0"", ""return_code"": 0, ""return_msg"": ""정상적으로 처리되었습니다""}"
2026-09-10,scan_candidate,139130,2026-09-10T09:30:14.472901,0,main_scan,18080,18120,18080,18070,18080,18100,-0.37560564159292903,0.05530973451327434,7200140,2869544952960,10791033640,4.6084989106069685,-0.22075055187637968,"{""bid_req_base_tm"": ""093056"", ""sel_10th_pre_req_pre"": ""0"", ""sel_10th_pre_req"": ""30"", ""sel_10th_pre_bid"": ""-18180"", ""sel_9th_pre_req_pre"": ""0"", ""sel_9th_pre_req"": ""81"", ""sel_9th_pre_bid"": ""-18170"", ""sel_8th_pre_req_pre"": ""0"", ""sel_8th_pre_req"": ""2"", ""sel_8th_pre_bid"": ""-18150"", ""sel_7th_pre_req_pre"": ""0"", ""sel_7th_pre_req"": ""3"", ""sel_7th_pre_bid"": ""-18140"", ""sel_6th_pre_req_pre"": ""0"", ""sel_6th_pre_req"": ""12"", ""sel_6th_pre_bid"": ""-18130"", ""sel_5th_pre_req_pre"": ""0"", ""sel_5th_pre_req"": ""49"", ""sel_5th_pre_bid"": ""-18120"", ""sel_4th_pre_req_pre"": ""0"", ""sel_4th_pre_req"": ""55"", ""sel_4th_pre_bid"": ""-18110"", ""sel_3th_pre_req_pre"": ""0"", ""sel_3th_pre_req"": ""130"", ""sel_3th_pre_bid"": ""-18100"", ""sel_2th_pre_req_pre"": ""0"", ""sel_2th_pre_req"": ""10"", ""sel_2th_pre_bid"": ""-18090"", ""sel_1th_pre_req_pre"": ""+13"", ""sel_fpr_req"": ""224"", ""sel_fpr_bid"": ""-18080"", ""buy_fpr_bid"": ""-18070"", ""buy_fpr_req"": ""17"", ""buy_1th_pre_req_pre"": ""0"", ""buy_2th_pre_bid"": ""-18060"", ""buy_2th_pre_req"": ""28"", ""buy_2th_pre_req_pre"": ""0"", ""buy_3th_pre_bid"": ""-18050"", ""buy_3th_pre_req"": ""12"", ""buy_3th_pre_req_pre"": ""0"", ""buy_4th_pre_bid"": ""-18040"", ""buy_4th_pre_req"": ""506"", ""buy_4th_pre_req_pre"": ""0"", ""buy_5th_pre_bid"": ""-18030"", ""buy_5th_pre_req"": ""433"", ""buy_5th_pre_req_pre"": ""0"", ""buy_6th_pre_bid"": ""-18020"", ""buy_6th_pre_req"": ""7"", ""buy_6th_pre_req_pre"": ""0"", ""buy_7th_pre_bid"": ""-18010"", ""buy_7th_pre_req"": ""146"", ""buy_7th_pre_req_pre"": ""0"", ""buy_8th_pre_bid"": ""-18000"", ""buy_8th_pre_req"": ""450"", ""buy_8th_pre_req_pre"": ""0"", ""buy_9th_pre_bid"": ""-17990"", ""buy_9th_pre_req"": ""42"", ""buy_9th_pre_req_pre"": ""0"", ""buy_10th_pre_bid"": ""-17980"", ""buy_10th_pre_req"": ""241"", ""buy_10th_pre_req_pre"": ""0"", ""tot_sel_req_jub_pre"": ""+13"", ""tot_sel_req"": ""596"", ""tot_buy_req"": ""1882"", ""tot_buy_req_jub_pre"": ""0"", ""ovt_sel_req_pre"": ""0"", ""ovt_sel_req"": ""0"", ""ovt_buy_req"": ""0"", ""ovt_buy_req_pre"": ""0"", ""return_code"": 0, ""return_msg"": ""정상적으로 처리되었습니다""}"
2026-09-10,scan_candidate,009420,2026-09-10T09:30:14.472901,0,main_scan,51800,54700,51800,51700,51800,52100,0.17534749034747968,0.19305019305019305,44858500,2857562898600,9794164250,4.6084989106069685,-5.301645338208409,"{""bid_req_base_tm"": ""093055"", ""sel_10th_pre_req_pre"": ""0"", ""sel_10th_pre_req"": ""16"", ""sel_10th_pre_bid"": ""-52700"", ""sel_9th_pre_req_pre"": ""0"", ""sel_9th_pre_req"": ""950"", ""sel_9th_pre_bid"": ""-52600"", ""sel_8th_pre_req_pre"": ""0"", ""sel_8th_pre_req"": ""906"", ""sel_8th_pre_bid"": ""-52500"", ""sel_7th_pre_req_pre"": ""0"", ""sel_7th_pre_req"": ""205"", ""sel_7th_pre_bid"": ""-52400"", ""sel_6th_pre_req_pre"": ""0"", ""sel_6th_pre_req"": ""301"", ""sel_6th_pre_bid"": ""-52300"", ""sel_5th_pre_req_pre"": ""0"", ""sel_5th_pre_req"": ""121"", ""sel_5th_pre_bid"": ""-52200"", ""sel_4th_pre_req_pre"": ""0"", ""sel_4th_pre_req"": ""296"", ""sel_4th_pre_bid"": ""-52100"", ""sel_3th_pre_req_pre"": ""0"", ""sel_3th_pre_req"": ""1"", ""sel_3th_pre_bid"": ""-52000"", ""sel_2th_pre_req_pre"": ""0"", ""sel_2th_pre_req"": ""193"", ""sel_2th_pre_bid"": ""-51900"", ""sel_1th_pre_req_pre"": ""0"", ""sel_fpr_req"": ""427"", ""sel_fpr_bid"": ""-51800"", ""buy_fpr_bid"": ""-51700"", ""buy_fpr_req"": ""396"", ""buy_1th_pre_req_pre"": ""0"", ""buy_2th_pre_bid"": ""-51600"", ""buy_2th_pre_req"": ""755"", ""buy_2th_pre_req_pre"": ""0"", ""buy_3th_pre_bid"": ""-51500"", ""buy_3th_pre_req"": ""652"", ""buy_3th_pre_req_pre"": ""0"", ""buy_4th_pre_bid"": ""-51400"", ""buy_4th_pre_req"": ""853"", ""buy_4th_pre_req_pre"": ""0"", ""buy_5th_pre_bid"": ""-51300"", ""buy_5th_pre_req"": ""3656"", ""buy_5th_pre_req_pre"": ""0"", ""buy_6th_pre_bid"": ""-51200"", ""buy_6th_pre_req"": ""233"", ""buy_6th_pre_req_pre"": ""0"", ""buy_7th_pre_bid"": ""-51100"", ""buy_7th_pre_req"": ""2808"", ""buy_7th_pre_req_pre"": ""0"", ""buy_8th_pre_bid"": ""-51000"", ""buy_8th_pre_req"": ""7105"", ""buy_8th_pre_req_pre"": ""+140"", ""buy_9th_pre_bid"": ""-50900"", ""buy_9th_pre_req"": ""664"", ""buy_9th_pre_req_pre"": ""0"", ""buy_10th_pre_bid"": ""-50800"", ""buy_10th_pre_req"": ""805"", ""buy_10th_pre_req_pre"": ""0"", ""tot_sel_req_jub_pre"": ""0"", ""tot_sel_req"": ""3416"", ""tot_buy_req"": ""17927"", ""tot_buy_req_jub_pre"": ""+140"", ""ovt_sel_req_pre"": ""0"", ""ovt_sel_req"": ""0"", ""ovt_buy_req"": ""0"", ""ovt_buy_req_pre"": ""0"", ""return_code"": 0, ""return_msg"": ""정상적으로 처리되었습니다""}"
2026-09-10,scan_candidate,375500,2026-09-10T09:30:14.472901,0,main_scan,81000,73400,81000,80700,81000,80500,-0.9492962962963057,0.3703703703703704,178230600,2840111928200,23931502650,4.6084989106069685,10.354223433242508,"{""bid_req_base_tm"": ""093056"", ""sel_10th_pre_req_pre"": ""0"", ""sel_10th_pre_req"": ""231"", ""sel_10th_pre_bid"": ""+81900"", ""sel_9th_pre_req_pre"": ""0"", ""sel_9th_pre_req"": ""600"", ""sel_9th_pre_bid"": ""+81800"", ""sel_8th_pre_req_pre"": ""0"", ""sel_8th_pre_req"": ""246"", ""sel_8th_pre_bid"": ""+81700"", ""sel_7th_pre_req_pre"": ""0"", ""sel_7th_pre_req"": ""85"", ""sel_7th_pre_bid"": ""+81600"", ""sel_6th_pre_req_pre"": ""0"", ""sel_6th_pre_req"": ""509"", ""sel_6th_pre_bid"": ""+81500"", ""sel_5th_pre_req_pre"": ""0"", ""sel_5th_pre_req"": ""277"", ""sel_5th_pre_bid"": ""+81400"", ""sel_4th_pre_req_pre"": ""0"", ""sel_4th_pre_req"": ""643"", ""sel_4th_pre_bid"": ""+81300"", ""sel_3th_pre_req_pre"": ""0"", ""sel_3th_pre_req"": ""645"", ""sel_3th_pre_bid"": ""81200"", ""sel_2th_pre_req_pre"": ""0"", ""sel_2th_pre_req"": ""719"", ""sel_2th_pre_bid"": ""-81100"", ""sel_1th_pre_req_pre"": ""0"", ""sel_fpr_req"": ""472"", ""sel_fpr_bid"": ""-81000"", ""buy_fpr_bid"": ""-80700"", ""buy_fpr_req"": ""1100"", ""buy_1th_pre_req_pre"": ""0"", ""buy_2th_pre_bid"": ""-80600"", ""buy_2th_pre_req"": ""121"", ""buy_2th_pre_req_pre"": ""0"", ""buy_3th_pre_bid"": ""-80500"", ""buy_3th_pre_req"": ""34"", ""buy_3th_pre_req_pre"": ""0"", ""buy_4th_pre_bid"": ""-80400"", ""buy_4th_pre_req"": ""108"", ""buy_4th_pre_req_pre"": ""0"", ""buy_5th_pre_bid"": ""-80300"", ""buy_5th_pre_req"": ""334"", ""buy_5th_pre_req_pre"": ""0"", ""buy_6th_pre_bid"": ""-80100"", ""buy_6th_pre_req"": ""110"", ""buy_6th_pre_req_pre"": ""0"", ""buy_7th_pre_bid"": ""-80000"", ""buy_7th_pre_req"": ""173"", ""buy_7th_pre_req_pre"": ""0"", ""buy_8th_pre_bid"": ""-79900"", ""buy_8th_pre_req"": ""900"", ""buy_8th_pre_req_pre"": ""0"", ""buy_9th_pre_bid"": ""-79800"", ""buy_9th_pre_req"": ""31"", ""buy_9th_pre_req_pre"": ""0"", ""buy_10th_pre_bid"": ""-79700"", ""buy_10th_pre_req"": ""127"", ""buy_10th_pre_req_pre"": ""0"", ""tot_sel_req_jub_pre"": ""0"", ""tot_sel_req"": ""4427"", ""tot_buy_req"": ""3038"", ""tot_buy_req_jub_pre"": ""0"", ""ovt_sel_req_pre"": ""0"", ""ovt_sel_req"": ""0"", ""ovt_buy_req"": ""0"", ""ovt_buy_req_pre"": ""0"", ""return_code"": 0, ""return_msg"": ""정상적으로 처리되었습니다""}"
2026-09-10,scan_candidate,097950,2026-09-10T09:30:14.472901,0,main_scan,181000,183400,181000,180900,181000,181000,-0.4857044198895188,0.05524861878453039,14857100,2760937712400,8530231650,4.6084989106069685,-1.3086150490730644,"{""bid_req_base_tm"": ""093056"", ""sel_10th_pre_req_pre"": ""0"", ""sel_10th_pre_req"": ""22"", ""sel_10th_pre_bid"": ""+182100"", ""sel_9th_pre_req_pre"": ""0"", ""sel_9th_pre_req"": ""3"", ""sel_9th_pre_bid"": ""+182000"", ""sel_8th_pre_req_pre"": ""0"", ""sel_8th_pre_req"": ""3"", ""sel_8th_pre_bid"": ""+181900"", ""sel_7th_pre_req_pre"": ""0"", ""sel_7th_pre_req"": ""1"", ""sel_7th_pre_bid"": ""+181600"", ""sel_6th_pre_req_pre"": ""0"", ""sel_6th_pre_req"": ""11"", ""sel_6th_pre_bid"": ""+181500"", ""sel_5th_pre_req_pre"": ""0"", ""sel_5th_pre_req"": ""2"", ""sel_5th_pre_bid"": ""181400"", ""sel_4th_pre_req_pre"": ""0"", ""sel_4th_pre_req"": ""30"", ""sel_4th_pre_bid"": ""-181300"", ""sel_3th_pre_req_pre"": ""0"", ""sel_3th_pre_req"": ""47"", ""sel_3th_pre_bid"": ""-181200"", ""sel_2th_pre_req_pre"": ""0"", ""sel_2th_pre_req"": ""15"", ""sel_2th_pre_bid"": ""-181100"", ""sel_1th_pre_req_pre"": ""0"", ""sel_fpr_req"": ""11"", ""sel_fpr_bid"": ""-181000"", ""buy_fpr_bid"": ""-180900"", ""buy_fpr_req"": ""34"", ""buy_1th_pre_req_pre"": ""0"", ""buy_2th_pre_bid"": ""-180800"", ""buy_2th_pre_req"": ""163"", ""buy_2th_pre_req_pre"": ""0"", ""buy_3th_pre_bid"": ""-180700"", ""buy_3th_pre_req"": ""106"", ""buy_3th_pre_req_pre"": ""0"", ""buy_4th_pre_bid"": ""-180600"", ""buy_4th_pre_req"": ""137"", ""buy_4th_pre_req_pre"": ""0"", ""buy_5th_pre_bid"": ""-180500"", ""buy_5th_pre_req"": ""206"", ""buy_5th_pre_req_pre"": ""0"", ""buy_6th_pre_bid"": ""-180400"", ""buy_6th_pre_req"": ""91"", ""buy_6th_pre_req_pre"": ""0"", ""buy_7th_pre_bid"": ""-180300"", ""buy_7th_pre_req"": ""150"", ""buy_7th_pre_req_pre"": ""0"", ""buy_8th_pre_bid"": ""-180200"", ""buy_8th_pre_req"": ""230"", ""buy_8th_pre_req_pre"": ""0"", ""buy_9th_pre_bid"": ""-180100"", ""buy_9th_pre_req"": ""269"", ""buy_9th_pre_req_pre"": ""0"", ""buy_10th_pre_bid"": ""-180000"", ""buy_10th_pre_req"": ""2365"", ""buy_10th_pre_req_pre"": ""+1"", ""tot_sel_req_jub_pre"": ""0"", ""tot_sel_req"": ""145"", ""tot_buy_req"": ""3751"", ""tot_buy_req_jub_pre"": ""+1"", ""ovt_sel_req_pre"": ""0"", ""ovt_sel_req"": ""0"", ""ovt_buy_req"": ""0"", ""ovt_buy_req_pre"": ""0"", ""return_code"": 0, ""return_msg"": ""정상적으로 처리되었습니다""}"
2026-09-10,scan_candidate,085620,2026-09-10T09:30:14.472901,0,main_scan,19250,19920,19250,19230,19250,19250,-0.4692337662337632,0.1038961038961039,4607080,2692785600000,7482333000,4.6084989106069685,-3.3634538152610443,"{""bid_req_base_tm"": ""093057"", ""sel_10th_pre_req_pre"": ""0"", ""sel_10th_pre_req"": ""259"", ""sel_10th_pre_bid"": ""+19350"", ""sel_9th_pre_req_pre"": ""--200"", ""sel_9th_pre_req"": ""4"", ""sel_9th_pre_bid"": ""+19340"", ""sel_8th_pre_req_pre"": ""0"", ""sel_8th_pre_req"": ""219"", ""sel_8th_pre_bid"": ""+19330"", ""sel_7th_pre_req_pre"": ""0"", ""sel_7th_pre_req"": ""190"", ""sel_7th_pre_bid"": ""+19320"", ""sel_6th_pre_req_pre"": ""0"", ""sel_6th_pre_req"": ""133"", ""sel_6th_pre_bid"": ""+19310"", ""sel_5th_pre_req_pre"": ""0"", ""sel_5th_pre_req"": ""200"", ""sel_5th_pre_bid"": ""+19300"", ""sel_4th_pre_req_pre"": ""0"", ""sel_4th_pre_req"": ""9"", ""sel_4th_pre_bid"": ""19280"", ""sel_3th_pre_req_pre"": ""0"", ""sel_3th_pre_req"": ""22"", ""sel_3th_pre_bid"": ""-19270"", ""sel_2th_pre_req_pre"": ""0"", ""sel_2th_pre_req"": ""29"", ""sel_2th_pre_bid"": ""-19260"", ""sel_1th_pre_req_pre"": ""0"", ""sel_fpr_req"": ""79"", ""sel_fpr_bid"": ""-19250"", ""buy_fpr_bid"": ""-19230"", ""buy_fpr_req"": ""40"", ""buy_1th_pre_req_pre"": ""0"", ""buy_2th_pre_bid"": ""-19220"", ""buy_2th_pre_req"": ""10"", ""buy_2th_pre_req_pre"": ""0"", ""buy_3th_pre_bid"": ""-19210"", ""buy_3th_pre_req"": ""141"", ""buy_3th_pre_req_pre"": ""0"", ""buy_4th_pre_bid"": ""-19200"", ""buy_4th_pre_req"": ""637"", ""buy_4th_pre_req_pre"": ""0"", ""buy_5th_pre_bid"": ""-19190"", ""buy_5th_pre_req"": ""40"", ""buy_5th_pre_req_pre"": ""0"", ""buy_6th_pre_bid"": ""-19180"", ""buy_6th_pre_req"": ""572"", ""buy_6th_pre_req_pre"": ""0"", ""buy_7th_pre_bid"": ""-19150"", ""buy_7th_pre_req"": ""91"", ""buy_7th_pre_req_pre"": ""0"", ""buy_8th_pre_bid"": ""-19140"", ""buy_8th_pre_req"": ""52"", ""buy_8th_pre_req_pre"": ""0"", ""buy_9th_pre_bid"": ""-19130"", ""buy_9th_pre_req"": ""34"", ""buy_9th_pre_req_pre"": ""0"", ""buy_10th_pre_bid"": ""-19120"", ""buy_10th_pre_req"": ""26"", ""buy_10th_pre_req_pre"": ""0"", ""tot_sel_req_jub_pre"": ""--2"", ""tot_sel_req"": ""1144"", ""tot_buy_req"": ""1643"", ""tot_buy_req_jub_pre"": ""0"", ""ovt_sel_req_pre"": ""0"", ""ovt_sel_req"": ""0"", ""ovt_buy_req"": ""0"", ""ovt_buy_req_pre"": ""0"", ""return_code"": 0, ""return_msg"": ""정상적으로 처리되었습니다""}"
2026-09-10,scan_candidate,004800,2026-09-10T09:30:14.472901,0,main_scan,165200,159000,165200,165100,165200,165500,-0.33082929782084014,0.06053268765133172,1488300,2661724713000,4988488900,4.6084989106069685,3.89937106918239,"{""bid_req_base_tm"": ""093051"", ""sel_10th_pre_req_pre"": ""0"", ""sel_10th_pre_req"": ""17"", ""sel_10th_pre_bid"": ""-166300"", ""sel_9th_pre_req_pre"": ""0"", ""sel_9th_pre_req"": ""12"", ""sel_9th_pre_bid"": ""-166100"", ""sel_8th_pre_req_pre"": ""0"", ""sel_8th_pre_req"": ""5"", ""sel_8th_pre_bid"": ""-165900"", ""sel_7th_pre_req_pre"": ""0"", ""sel_7th_pre_req"": ""14"", ""sel_7th_pre_bid"": ""-165800"", ""sel_6th_pre_req_pre"": ""0"", ""sel_6th_pre_req"": ""11"", ""sel_6th_pre_bid"": ""-165700"", ""sel_5th_pre_req_pre"": ""0"", ""sel_5th_pre_req"": ""3"", ""sel_5th_pre_bid"": ""-165600"", ""sel_4th_pre_req_pre"": ""0"", ""sel_4th_pre_req"": ""1"", ""sel_4th_pre_bid"": ""-165500"", ""sel_3th_pre_req_pre"": ""0"", ""sel_3th_pre_req"": ""1"", ""sel_3th_pre_bid"": ""-165400"", ""sel_2th_pre_req_pre"": ""0"", ""sel_2th_pre_req"": ""2"", ""sel_2th_pre_bid"": ""-165300"", ""sel_1th_pre_req_pre"": ""--1"", ""sel_fpr_req"": ""3"", ""sel_fpr_bid"": ""-165200"", ""buy_fpr_bid"": ""-165100"", ""buy_fpr_req"": ""20"", ""buy_1th_pre_req_pre"": ""0"", ""buy_2th_pre_bid"": ""-165000"", ""buy_2th_pre_req"": ""32"", ""buy_2th_pre_req_pre"": ""0"", ""buy_3th_pre_bid"": ""-164900"", ""buy_3th_pre_req"": ""18"", ""buy_3th_pre_req_pre"": ""0"", ""buy_4th_pre_bid"": ""-164800"", ""buy_4th_pre_req"": ""20"", ""buy_4th_pre_req_pre"": ""0"", ""buy_5th_pre_bid"": ""-164700"", ""buy_5th_pre_req"": ""5"", ""buy_5th_pre_req_pre"": ""0"", ""buy_6th_pre_bid"": ""-164600"", ""buy_6th_pre_req"": ""12"", ""buy_6th_pre_req_pre"": ""0"", ""buy_7th_pre_bid"": ""-164500"", ""buy_7th_pre_req"": ""14"", ""buy_7th_pre_req_pre"": ""0"", ""buy_8th_pre_bid"": ""-164400"", ""buy_8th_pre_req"": ""7"", ""buy_8th_pre_req_pre"": ""0"", ""buy_9th_pre_bid"": ""-164300"", ""buy_9th_pre_req"": ""25"", ""buy_9th_pre_req_pre"": ""0"", ""buy_10th_pre_bid"": ""-164200"", ""buy_10th_pre_req"": ""18"", ""buy_10th_pre_req_pre"": ""0"", ""tot_sel_req_jub_pre"": ""--1"", ""tot_sel_req"": ""69"", ""tot_buy_req"": ""171"", ""tot_buy_req_jub_pre"": ""0"", ""ovt_sel_req_pre"": ""0"", ""ovt_sel_req"": ""0"", ""ovt_buy_req"": ""0"", ""ovt_buy_req_pre"": ""0"", ""return_code"": 0, ""return_msg"": ""정상적으로 처리되었습니다""}"
2026-09-10,scan_candidate,007340,2026-09-10T09:30:14.472901,0,main_scan,43400,45100,43400,43300,43400,43600,0.13494815668202162,0.2304147465437788,22816200,2638840011500,3768806025,4.6084989106069685,-3.7694013303769403,"{""bid_req_base_tm"": ""093057"", ""sel_10th_pre_req_pre"": ""0"", ""sel_10th_pre_req"": ""1"", ""sel_10th_pre_bid"": ""-43900"", ""sel_9th_pre_req_pre"": ""0"", ""sel_9th_pre_req"": ""10"", ""sel_9th_pre_bid"": ""-43850"", ""sel_8th_pre_req_pre"": ""0"", ""sel_8th_pre_req"": ""201"", ""sel_8th_pre_bid"": ""-43800"", ""sel_7th_pre_req_pre"": ""0"", ""sel_7th_pre_req"": ""26"", ""sel_7th_pre_bid"": ""-43750"", ""sel_6th_pre_req_pre"": ""0"", ""sel_6th_pre_req"": ""1"", ""sel_6th_pre_bid"": ""-43700"", ""sel_5th_pre_req_pre"": ""0"", ""sel_5th_pre_req"": ""23"", ""sel_5th_pre_bid"": ""-43650"", ""sel_4th_pre_req_pre"": ""0"", ""sel_4th_pre_req"": ""680"", ""sel_4th_pre_bid"": ""-43550"", ""sel_3th_pre_req_pre"": ""0"", ""sel_3th_pre_req"": ""30"", ""sel_3th_pre_bid"": ""-43500"", ""sel_2th_pre_req_pre"": ""0"", ""sel_2th_pre_req"": ""25"", ""sel_2th_pre_bid"": ""-43450"", ""sel_1th_pre_req_pre"": ""0"", ""sel_fpr_req"": ""13"", ""sel_fpr_bid"": ""-43400"", ""buy_fpr_bid"": ""-43300"", ""buy_fpr_req"": ""759"", ""buy_1th_pre_req_pre"": ""+1"", ""buy_2th_pre_bid"": ""-43250"", ""buy_2th_pre_req"": ""243"", ""buy_2th_pre_req_pre"": ""--1"", ""buy_3th_pre_bid"": ""-43200"", ""buy_3th_pre_req"": ""101"", ""buy_3th_pre_req_pre"": ""0"", ""buy_4th_pre_bid"": ""-43150"", ""buy_4th_pre_req"": ""270"", ""buy_4th_pre_req_pre"": ""0"", ""buy_5th_pre_bid"": ""-43100"", ""buy_5th_pre_req"": ""420"", ""buy_5th_pre_req_pre"": ""0"", ""buy_6th_pre_bid"": ""-43050"", ""buy_6th_pre_req"": ""547"", ""buy_6th_pre_req_pre"": ""0"", ""buy_7th_pre_bid"": ""-43000"", ""buy_7th_pre_req"": ""437"", ""buy_7th_pre_req_pre"": ""0"", ""buy_8th_pre_bid"": ""-42950"", ""buy_8th_pre_req"": ""27"", ""buy_8th_pre_req_pre"": ""0"", ""buy_9th_pre_bid"": ""-42900"", ""buy_9th_pre_req"": ""19"", ""buy_9th_pre_req_pre"": ""0"", ""buy_10th_pre_bid"": ""-42850"", ""buy_10th_pre_req"": ""10"", ""buy_10th_pre_req_pre"": ""0"", ""tot_sel_req_jub_pre"": ""0"", ""tot_sel_req"": ""1010"", ""tot_buy_req"": ""2833"", ""tot_buy_req_jub_pre"": ""0"", ""ovt_sel_req_pre"": ""0"", ""ovt_sel_req"": ""0"", ""ovt_buy_req"": ""0"", ""ovt_buy_req_pre"": ""0"", ""return_code"": 0, ""return_msg"": ""정상적으로 처리되었습니다""}"
2026-09-10,scan_candidate,004370,2026-09-10T09:30:14.472901,0,main_scan,412500,430000,412500,412000,412500,414500,0.15292727272726145,0.12121212121212122,29379500,2615536060000,9959000000,4.6084989106069685,-4.069767441860465,"{""bid_req_base_tm"": ""093056"", ""sel_10th_pre_req_pre"": ""0"", ""sel_10th_pre_req"": ""36"", ""sel_10th_pre_bid"": ""+417500"", ""sel_9th_pre_req_pre"": ""0"", ""sel_9th_pre_req"": ""5"", ""sel_9th_pre_bid"": ""+417000"", ""sel_8th_pre_req_pre"": ""0"", ""sel_8th_pre_req"": ""5"", ""sel_8th_pre_bid"": ""+416500"", ""sel_7th_pre_req_pre"": ""0"", ""sel_7th_pre_req"": ""1"", ""sel_7th_pre_bid"": ""+416000"", ""sel_6th_pre_req_pre"": ""0"", ""sel_6th_pre_req"": ""49"", ""sel_6th_pre_bid"": ""+415500"", ""sel_5th_pre_req_pre"": ""0"", ""sel_5th_pre_req"": ""51"", ""sel_5th_pre_bid"": ""+415000"", ""sel_4th_pre_req_pre"": ""0"", ""sel_4th_pre_req"": ""11"", ""sel_4th_pre_bid"": ""+414500"", ""sel_3th_pre_req_pre"": ""0"", ""sel_3th_pre_req"": ""5"", ""sel_3th_pre_bid"": ""+414000"", ""sel_2th_pre_req_pre"": ""0"", ""sel_2th_pre_req"": ""4"", ""sel_2th_pre_bid"": ""-413000"", ""sel_1th_pre_req_pre"": ""--1"", ""sel_fpr_req"": ""28"", ""sel_fpr_bid"": ""-412500"", ""buy_fpr_bid"": ""-412000"", ""buy_fpr_req"": ""42"", ""buy_1th_pre_req_pre"": ""+2"", ""buy_2th_pre_bid"": ""-411500"", ""buy_2th_pre_req"": ""90"", ""buy_2th_pre_req_pre"": ""0"", ""buy_3th_pre_bid"": ""-411000"", ""buy_3th_pre_req"": ""42"", ""buy_3th_pre_req_pre"": ""0"", ""buy_4th_pre_bid"": ""-410500"", ""buy_4th_pre_req"": ""30"", ""buy_4th_pre_req_pre"": ""0"", ""buy_5th_pre_bid"": ""-410000"", ""buy_5th_pre_req"": ""100"", ""buy_5th_pre_req_pre"": ""0"", ""buy_6th_pre_bid"": ""-409500"", ""buy_6th_pre_req"": ""15"", ""buy_6th_pre_req_pre"": ""0"", ""buy_7th_pre_bid"": ""-409000"", ""buy_7th_pre_req"": ""12"", ""buy_7th_pre_req_pre"": ""0"", ""buy_8th_pre_bid"": ""-408500"", ""buy_8th_pre_req"": ""14"", ""buy_8th_pre_req_pre"": ""0"", ""buy_9th_pre_bid"": ""-408000"", ""buy_9th_pre_req"": ""31"", ""buy_9th_pre_req_pre"": ""0"", ""buy_10th_pre_bid"": ""-407500"", ""buy_10th_pre_req"": ""22"", ""buy_10th_pre_req_pre"": ""0"", ""tot_sel_req_jub_pre"": ""--1"", ""tot_sel_req"": ""195"", ""tot_buy_req"": ""398"", ""tot_buy_req_jub_pre"": ""+2"", ""ovt_sel_req_pre"": ""0"", ""ovt_sel_req"": ""0"", ""ovt_buy_req"": ""0"", ""ovt_buy_req_pre"": ""0"", ""return_code"": 0, ""return_msg"": ""정상적으로 처리되었습니다""}"
2026-09-10,scan_candidate,011170,2026-09-10T09:30:14.472901,0,main_scan,68400,60000,68400,68300,68400,68800,0.22774122807016692,0.14619883040935672,12331000,2566525140000,12808427450,4.6084989106069685,14.000000000000002,"{""bid_req_base_tm"": ""093058"", ""sel_10th_pre_req_pre"": ""0"", ""sel_10th_pre_req"": ""50"", ""sel_10th_pre_bid"": ""+69400"", ""sel_9th_pre_req_pre"": ""0"", ""sel_9th_pre_req"": ""36"", ""sel_9th_pre_bid"": ""+69300"", ""sel_8th_pre_req_pre"": ""0"", ""sel_8th_pre_req"": ""30"", ""sel_8th_pre_bid"": ""+69200"", ""sel_7th_pre_req_pre"": ""0"", ""sel_7th_pre_req"": ""396"", ""sel_7th_pre_bid"": ""+69100"", ""sel_6th_pre_req_pre"": ""0"", ""sel_6th_pre_req"": ""30"", ""sel_6th_pre_bid"": ""+69000"", ""sel_5th_pre_req_pre"": ""0"", ""sel_5th_pre_req"": ""31"", ""sel_5th_pre_bid"": ""+68800"", ""sel_4th_pre_req_pre"": ""0"", ""sel_4th_pre_req"": ""29"", ""sel_4th_pre_bid"": ""+68700"", ""sel_3th_pre_req_pre"": ""0"", ""sel_3th_pre_req"": ""30"", ""sel_3th_pre_bid"": ""+68600"", ""sel_2th_pre_req_pre"": ""0"", ""sel_2th_pre_req"": ""21"", ""sel_2th_pre_bid"": ""+68500"", ""sel_1th_pre_req_pre"": ""0"", ""sel_fpr_req"": ""102"", ""sel_fpr_bid"": ""+68400"", ""buy_fpr_bid"": ""+68300"", ""buy_fpr_req"": ""19"", ""buy_1th_pre_req_pre"": ""+3"", ""buy_2th_pre_bid"": ""+68200"", ""buy_2th_pre_req"": ""381"", ""buy_2th_pre_req_pre"": ""0"", ""buy_3th_pre_bid"": ""+68100"", ""buy_3th_pre_req"": ""302"", ""buy_3th_pre_req_pre"": ""0"", ""buy_4th_pre_bid"": ""+68000"", ""buy_4th_pre_req"": ""457"", ""buy_4th_pre_req_pre"": ""0"", ""buy_5th_pre_bid"": ""+67900"", ""buy_5th_pre_req"": ""149"", ""buy_5th_pre_req_pre"": ""0"", ""buy_6th_pre_bid"": ""67800"", ""buy_6th_pre_req"": ""19"", ""buy_6th_pre_req_pre"": ""0"", ""buy_7th_pre_bid"": ""-67700"", ""buy_7th_pre_req"": ""152"", ""buy_7th_pre_req_pre"": ""0"", ""buy_8th_pre_bid"": ""-67600"", ""buy_8th_pre_req"": ""42"", ""buy_8th_pre_req_pre"": ""0"", ""buy_9th_pre_bid"": ""-67500"", ""buy_9th_pre_req"": ""31"", ""buy_9th_pre_req_pre"": ""0"", ""buy_10th_pre_bid"": ""-67400"", ""buy_10th_pre_req"": ""11"", ""buy_10th_pre_req_pre"": ""0"", ""tot_sel_req_jub_pre"": ""0"", ""tot_sel_req"": ""755"", ""tot_buy_req"": ""1563"", ""tot_buy_req_jub_pre"": ""+3"", ""ovt_sel_req_pre"": ""0"", ""ovt_sel_req"": ""0"", ""ovt_buy_req"": ""0"", ""ovt_buy_req_pre"": ""0"", ""return_code"": 0, ""return_msg"": ""정상적으로 처리되었습니다""}"
2026-09-10,scan_candidate,383220,2026-09-10T09:30:14.472901,0,main_scan,64400,66900,64400,64200,64400,64500,-0.21000000000000815,0.3105590062111801,9300200,2562743317500,4849074900,4.6084989106069685,-3.7369207772795217,"{""bid_req_base_tm"": ""093048"", ""sel_10th_pre_req_pre"": ""0"", ""sel_10th_pre_req"": ""58"", ""sel_10th_pre_bid"": ""+65300"", ""sel_9th_pre_req_pre"": ""0"", ""sel_9th_pre_req"": ""398"", ""sel_9th_pre_bid"": ""+65200"", ""sel_8th_pre_req_pre"": ""0"", ""sel_8th_pre_req"": ""148"", ""sel_8th_pre_bid"": ""+65100"", ""sel_7th_pre_req_pre"": ""0"", ""sel_7th_pre_req"": ""37"", ""sel_7th_pre_bid"": ""+65000"", ""sel_6th_pre_req_pre"": ""0"", ""sel_6th_pre_req"": ""54"", ""sel_6th_pre_bid"": ""+64900"", ""sel_5th_pre_req_pre"": ""0"", ""sel_5th_pre_req"": ""31"", ""sel_5th_pre_bid"": ""64800"", ""sel_4th_pre_req_pre"": ""0"", ""sel_4th_pre_req"": ""51"", ""sel_4th_pre_bid"": ""-64700"", ""sel_3th_pre_req_pre"": ""0"", ""sel_3th_pre_req"": ""59"", ""sel_3th_pre_bid"": ""-64600"", ""sel_2th_pre_req_pre"": ""0"", ""sel_2th_pre_req"": ""5"", ""sel_2th_pre_bid"": ""-64500"", ""sel_1th_pre_req_pre"": ""0"", ""sel_fpr_req"": ""43"", ""sel_fpr_bid"": ""-64400"", ""buy_fpr_bid"": ""-64200"", ""buy_fpr_req"": ""96"", ""buy_1th_pre_req_pre"": ""--2"", ""buy_2th_pre_bid"": ""-64100"", ""buy_2th_pre_req"": ""106"", ""buy_2th_pre_req_pre"": ""0"", ""buy_3th_pre_bid"": ""-64000"", ""buy_3th_pre_req"": ""14"", ""buy_3th_pre_req_pre"": ""0"", ""buy_4th_pre_bid"": ""-63900"", ""buy_4th_pre_req"": ""55"", ""buy_4th_pre_req_pre"": ""0"", ""buy_5th_pre_bid"": ""-63800"", ""buy_5th_pre_req"": ""55"", ""buy_5th_pre_req_pre"": ""0"", ""buy_6th_pre_bid"": ""-63700"", ""buy_6th_pre_req"": ""1"", ""buy_6th_pre_req_pre"": ""0"", ""buy_7th_pre_bid"": ""-63600"", ""buy_7th_pre_req"": ""133"", ""buy_7th_pre_req_pre"": ""0"", ""buy_8th_pre_bid"": ""-63500"", ""buy_8th_pre_req"": ""70"", ""buy_8th_pre_req_pre"": ""0"", ""buy_9th_pre_bid"": ""-63400"", ""buy_9th_pre_req"": ""43"", ""buy_9th_pre_req_pre"": ""0"", ""buy_10th_pre_bid"": ""-63300"", ""buy_10th_pre_req"": ""414"", ""buy_10th_pre_req_pre"": ""0"", ""tot_sel_req_jub_pre"": ""0"", ""tot_sel_req"": ""884"", ""tot_buy_req"": ""987"", ""tot_buy_req_jub_pre"": ""--2"", ""ovt_sel_req_pre"": ""0"", ""ovt_sel_req"": ""0"", ""ovt_buy_req"": ""0"", ""ovt_buy_req_pre"": ""0"", ""return_code"": 0, ""return_msg"": ""정상적으로 처리되었습니다""}"
2026-09-10,scan_candidate,003690,2026-09-10T09:30:14.472901,0,main_scan,14540,14500,14540,14520,14540,14450,-1.1709834938101817,0.1375515818431912,6072890,2562454949500,8627945195,4.6084989106069685,0.27586206896551724,"{""bid_req_base_tm"": ""093054"", ""sel_10th_pre_req_pre"": ""0"", ""sel_10th_pre_req"": ""7"", ""sel_10th_pre_bid"": ""+14630"", ""sel_9th_pre_req_pre"": ""0"", ""sel_9th_pre_req"": ""3"", ""sel_9th_pre_bid"": ""+14620"", ""sel_8th_pre_req_pre"": ""0"", ""sel_8th_pre_req"": ""2"", ""sel_8th_pre_bid"": ""+14610"", ""sel_7th_pre_req_pre"": ""0"", ""sel_7th_pre_req"": ""700"", ""sel_7th_pre_bid"": ""+14600"", ""sel_6th_pre_req_pre"": ""0"", ""sel_6th_pre_req"": ""108"", ""sel_6th_pre_bid"": ""+14590"", ""sel_5th_pre_req_pre"": ""0"", ""sel_5th_pre_req"": ""293"", ""sel_5th_pre_bid"": ""+14580"", ""sel_4th_pre_req_pre"": ""0"", ""sel_4th_pre_req"": ""110"", ""sel_4th_pre_bid"": ""+14570"", ""sel_3th_pre_req_pre"": ""0"", ""sel_3th_pre_req"": ""48"", ""sel_3th_pre_bid"": ""+14560"", ""sel_2th_pre_req_pre"": ""--38"", ""sel_2th_pre_req"": ""29"", ""sel_2th_pre_bid"": ""+14550"", ""sel_1th_pre_req_pre"": ""+36"", ""sel_fpr_req"": ""118"", ""sel_fpr_bid"": ""+14540"", ""buy_fpr_bid"": ""+14520"", ""buy_fpr_req"": ""138"", ""buy_1th_pre_req_pre"": ""0"", ""buy_2th_pre_bid"": ""+14480"", ""buy_2th_pre_req"": ""1"", ""buy_2th_pre_req_pre"": ""0"", ""buy_3th_pre_bid"": ""+14470"", ""buy_3th_pre_req"": ""4"", ""buy_3th_pre_req_pre"": ""0"", ""buy_4th_pre_bid"": ""+14460"", ""buy_4th_pre_req"": ""6"", ""buy_4th_pre_req_pre"": ""0"", ""buy_5th_pre_bid"": ""+14450"", ""buy_5th_pre_req"": ""5"", ""buy_5th_pre_req_pre"": ""0"", ""buy_6th_pre_bid"": ""+14440"", ""buy_6th_pre_req"": ""5"", ""buy_6th_pre_req_pre"": ""0"", ""buy_7th_pre_bid"": ""+14430"", ""buy_7th_pre_req"": ""58"", ""buy_7th_pre_req_pre"": ""0"", ""buy_8th_pre_bid"": ""+14420"", ""buy_8th_pre_req"": ""73"", ""buy_8th_pre_req_pre"": ""0"", ""buy_9th_pre_bid"": ""+14410"", ""buy_9th_pre_req"": ""64"", ""buy_9th_pre_req_pre"": ""0"", ""buy_10th_pre_bid"": ""14400"", ""buy_10th_pre_req"": ""132"", ""buy_10th_pre_req_pre"": ""0"", ""tot_sel_req_jub_pre"": ""--2"", ""tot_sel_req"": ""1418"", ""tot_buy_req"": ""486"", ""tot_buy_req_jub_pre"": ""0"", ""ovt_sel_req_pre"": ""0"", ""ovt_sel_req"": ""0"", ""ovt_buy_req"": ""0"", ""ovt_buy_req_pre"": ""0"", ""return_code"": 0, ""return_msg"": ""정상적으로 처리되었습니다""}"
2026-09-10,scan_candidate,282330,2026-09-10T09:30:14.472901,0,main_scan,144800,147600,144800,144200,144800,145000,-0.4167783149171238,0.4143646408839779,9421800,2551104525600,7185471500,4.6084989106069685,-1.8970189701897018,"{""bid_req_base_tm"": ""093046"", ""sel_10th_pre_req_pre"": ""0"", ""sel_10th_pre_req"": ""1"", ""sel_10th_pre_bid"": ""+146100"", ""sel_9th_pre_req_pre"": ""0"", ""sel_9th_pre_req"": ""3"", ""sel_9th_pre_bid"": ""+146000"", ""sel_8th_pre_req_pre"": ""0"", ""sel_8th_pre_req"": ""10"", ""sel_8th_pre_bid"": ""+145800"", ""sel_7th_pre_req_pre"": ""0"", ""sel_7th_pre_req"": ""5"", ""sel_7th_pre_bid"": ""+145600"", ""sel_6th_pre_req_pre"": ""0"", ""sel_6th_pre_req"": ""26"", ""sel_6th_pre_bid"": ""+145500"", ""sel_5th_pre_req_pre"": ""0"", ""sel_5th_pre_req"": ""3"", ""sel_5th_pre_bid"": ""145400"", ""sel_4th_pre_req_pre"": ""0"", ""sel_4th_pre_req"": ""8"", ""sel_4th_pre_bid"": ""-145100"", ""sel_3th_pre_req_pre"": ""0"", ""sel_3th_pre_req"": ""18"", ""sel_3th_pre_bid"": ""-145000"", ""sel_2th_pre_req_pre"": ""--5"", ""sel_2th_pre_req"": ""48"", ""sel_2th_pre_bid"": ""-144900"", ""sel_1th_pre_req_pre"": ""0"", ""sel_fpr_req"": ""1"", ""sel_fpr_bid"": ""-144800"", ""buy_fpr_bid"": ""-144200"", ""buy_fpr_req"": ""39"", ""buy_1th_pre_req_pre"": ""0"", ""buy_2th_pre_bid"": ""-144100"", ""buy_2th_pre_req"": ""2"", ""buy_2th_pre_req_pre"": ""0"", ""buy_3th_pre_bid"": ""-144000"", ""buy_3th_pre_req"": ""83"", ""buy_3th_pre_req_pre"": ""0"", ""buy_4th_pre_bid"": ""-143900"", ""buy_4th_pre_req"": ""15"", ""buy_4th_pre_req_pre"": ""0"", ""buy_5th_pre_bid"": ""-143800"", ""buy_5th_pre_req"": ""1"", ""buy_5th_pre_req_pre"": ""0"", ""buy_6th_pre_bid"": ""-143700"", ""buy_6th_pre_req"": ""3"", ""buy_6th_pre_req_pre"": ""0"", ""buy_7th_pre_bid"": ""-143600"", ""buy_7th_pre_req"": ""2"", ""buy_7th_pre_req_pre"": ""0"", ""buy_8th_pre_bid"": ""-143500"", ""buy_8th_pre_req"": ""15"", ""buy_8th_pre_req_pre"": ""0"", ""buy_9th_pre_bid"": ""-143300"", ""buy_9th_pre_req"": ""1"", ""buy_9th_pre_req_pre"": ""0"", ""buy_10th_pre_bid"": ""-143100"", ""buy_10th_pre_req"": ""10"", ""buy_10th_pre_req_pre"": ""0"", ""tot_sel_req_jub_pre"": ""--5"", ""tot_sel_req"": ""123"", ""tot_buy_req"": ""171"", ""tot_buy_req_jub_pre"": ""0"", ""ovt_sel_req_pre"": ""0"", ""ovt_sel_req"": ""0"", ""ovt_buy_req"": ""0"", ""ovt_buy_req_pre"": ""0"", ""return_code"": 0, ""return_msg"": ""정상적으로 처리되었습니다""}"
2026-09-10,scan_candidate,450080,2026-09-10T09:30:14.472901,0,main_scan,37750,35850,37750,37700,37750,37850,-0.07780794701988065,0.13245033112582782,37429000,2538677239500,5243683175,4.6084989106069685,5.299860529986053,"{""bid_req_base_tm"": ""093057"", ""sel_10th_pre_req_pre"": ""0"", ""sel_10th_pre_req"": ""616"", ""sel_10th_pre_bid"": ""+38200"", ""sel_9th_pre_req_pre"": ""0"", ""sel_9th_pre_req"": ""250"", ""sel_9th_pre_bid"": ""+38150"", ""sel_8th_pre_req_pre"": ""0"", ""sel_8th_pre_req"": ""232"", ""sel_8th_pre_bid"": ""+38100"", ""sel_7th_pre_req_pre"": ""0"", ""sel_7th_pre_req"": ""170"", ""sel_7th_pre_bid"": ""+38050"", ""sel_6th_pre_req_pre"": ""0"", ""sel_6th_pre_req"": ""437"", ""sel_6th_pre_bid"": ""+38000"", ""sel_5th_pre_req_pre"": ""+1"", ""sel_5th_pre_req"": ""495"", ""sel_5th_pre_bid"": ""+37950"", ""sel_4th_pre_req_pre"": ""0"", ""sel_4th_pre_req"": ""156"", ""sel_4th_pre_bid"": ""+37900"", ""sel_3th_pre_req_pre"": ""0"", ""sel_3th_pre_req"": ""106"", ""sel_3th_pre_bid"": ""+37850"", ""sel_2th_pre_req_pre"": ""0"", ""sel_2th_pre_req"": ""348"", ""sel_2th_pre_bid"": ""+37800"", ""sel_1th_pre_req_pre"": ""0"", ""sel_fpr_req"": ""219"", ""sel_fpr_bid"": ""37750"", ""buy_fpr_bid"": ""-37700"", ""buy_fpr_req"": ""705"", ""buy_1th_pre_req_pre"": ""0"", ""buy_2th_pre_bid"": ""-37650"", ""buy_2th_pre_req"": ""217"", ""buy_2th_pre_req_pre"": ""0"", ""buy_3th_pre_bid"": ""-37600"", ""buy_3th_pre_req"": ""346"", ""buy_3th_pre_req_pre"": ""0"", ""buy_4th_pre_bid"": ""-37550"", ""buy_4th_pre_req"": ""287"", ""buy_4th_pre_req_pre"": ""0"", ""buy_5th_pre_bid"": ""-37500"", ""buy_5th_pre_req"": ""773"", ""buy_5th_pre_req_pre"": ""0"", ""buy_6th_pre_bid"": ""-37450"", ""buy_6th_pre_req"": ""397"", ""buy_6th_pre_req_pre"": ""0"", ""buy_7th_pre_bid"": ""-37400"", ""buy_7th_pre_req"": ""1012"", ""buy_7th_pre_req_pre"": ""0"", ""buy_8th_pre_bid"": ""-37350"", ""buy_8th_pre_req"": ""573"", ""buy_8th_pre_req_pre"": ""0"", ""buy_9th_pre_bid"": ""-37300"", ""buy_9th_pre_req"": ""200"", ""buy_9th_pre_req_pre"": ""0"", ""buy_10th_pre_bid"": ""-37250"", ""buy_10th_pre_req"": ""892"", ""buy_10th_pre_req_pre"": ""0"", ""tot_sel_req_jub_pre"": ""+1"", ""tot_sel_req"": ""3029"", ""tot_buy_req"": ""5402"", ""tot_buy_req_jub_pre"": ""0"", ""ovt_sel_req_pre"": ""0"", ""ovt_sel_req"": ""0"", ""ovt_buy_req"": ""0"", ""ovt_buy_req_pre"": ""0"", ""return_code"": 0, ""return_msg"": ""정상적으로 처리되었습니다""}"
2026-09-10,scan_candidate,489790,2026-09-10T09:30:14.472901,0,main_scan,48300,49400,48300,48200,48300,48350,-0.2100000000000006,0.2070393374741201,35947150,2494126466000,3945214250,4.6084989106069685,-2.2267206477732793,"{""bid_req_base_tm"": ""093058"", ""sel_10th_pre_req_pre"": ""0"", ""sel_10th_pre_req"": ""5"", ""sel_10th_pre_bid"": ""-48750"", ""sel_9th_pre_req_pre"": ""0"", ""sel_9th_pre_req"": ""5"", ""sel_9th_pre_bid"": ""-48700"", ""sel_8th_pre_req_pre"": ""0"", ""sel_8th_pre_req"": ""32"", ""sel_8th_pre_bid"": ""-48650"", ""sel_7th_pre_req_pre"": ""0"", ""sel_7th_pre_req"": ""2"", ""sel_7th_pre_bid"": ""-48600"", ""sel_6th_pre_req_pre"": ""0"", ""sel_6th_pre_req"": ""544"", ""sel_6th_pre_bid"": ""-48550"", ""sel_5th_pre_req_pre"": ""0"", ""sel_5th_pre_req"": ""51"", ""sel_5th_pre_bid"": ""-48500"", ""sel_4th_pre_req_pre"": ""0"", ""sel_4th_pre_req"": ""52"", ""sel_4th_pre_bid"": ""-48450"", ""sel_3th_pre_req_pre"": ""0"", ""sel_3th_pre_req"": ""532"", ""sel_3th_pre_bid"": ""-48400"", ""sel_2th_pre_req_pre"": ""0"", ""sel_2th_pre_req"": ""180"", ""sel_2th_pre_bid"": ""-48350"", ""sel_1th_pre_req_pre"": ""0"", ""sel_fpr_req"": ""106"", ""sel_fpr_bid"": ""-48300"", ""buy_fpr_bid"": ""-48200"", ""buy_fpr_req"": ""12"", ""buy_1th_pre_req_pre"": ""0"", ""buy_2th_pre_bid"": ""-48150"", ""buy_2th_pre_req"": ""174"", ""buy_2th_pre_req_pre"": ""0"", ""buy_3th_pre_bid"": ""-48100"", ""buy_3th_pre_req"": ""734"", ""buy_3th_pre_req_pre"": ""0"", ""buy_4th_pre_bid"": ""-48050"", ""buy_4th_pre_req"": ""255"", ""buy_4th_pre_req_pre"": ""0"", ""buy_5th_pre_bid"": ""-48000"", ""buy_5th_pre_req"": ""818"", ""buy_5th_pre_req_pre"": ""0"", ""buy_6th_pre_bid"": ""-47950"", ""buy_6th_pre_req"": ""368"", ""buy_6th_pre_req_pre"": ""0"", ""buy_7th_pre_bid"": ""-47900"", ""buy_7th_pre_req"": ""213"", ""buy_7th_pre_req_pre"": ""0"", ""buy_8th_pre_bid"": ""-47850"", ""buy_8th_pre_req"": ""186"", ""buy_8th_pre_req_pre"": ""0"", ""buy_9th_pre_bid"": ""-47800"", ""buy_9th_pre_req"": ""467"", ""buy_9th_pre_req_pre"": ""0"", ""buy_10th_pre_bid"": ""-47750"", ""buy_10th_pre_req"": ""79"", ""buy_10th_pre_req_pre"": ""0"", ""tot_sel_req_jub_pre"": ""0"", ""tot_sel_req"": ""1509"", ""tot_buy_req"": ""3306"", ""tot_buy_req_jub_pre"": ""0"", ""ovt_sel_req_pre"": ""0"", ""ovt_sel_req"": ""0"", ""ovt_buy_req"": ""0"", ""ovt_buy_req_pre"": ""0"", ""return_code"": 0, ""return_msg"": ""정상적으로 처리되었습니다""}"
2026-09-10,scan_candidate,483650,2026-09-10T09:30:14.472901,0,main_scan,176500,190600,176500,176400,176500,176500,-0.4927337110481685,0.05665722379603399,28975100,2387439399000,29055040750,4.6084989106069685,-7.397691500524658,"{""bid_req_base_tm"": ""093059"", ""sel_10th_pre_req_pre"": ""0"", ""sel_10th_pre_req"": ""67"", ""sel_10th_pre_bid"": ""-177500"", ""sel_9th_pre_req_pre"": ""0"", ""sel_9th_pre_req"": ""7"", ""sel_9th_pre_bid"": ""-177400"", ""sel_8th_pre_req_pre"": ""0"", ""sel_8th_pre_req"": ""55"", ""sel_8th_pre_bid"": ""-177200"", ""sel_7th_pre_req_pre"": ""0"", ""sel_7th_pre_req"": ""15"", ""sel_7th_pre_bid"": ""-177100"", ""sel_6th_pre_req_pre"": ""0"", ""sel_6th_pre_req"": ""55"", ""sel_6th_pre_bid"": ""-177000"", ""sel_5th_pre_req_pre"": ""0"", ""sel_5th_pre_req"": ""70"", ""sel_5th_pre_bid"": ""-176900"", ""sel_4th_pre_req_pre"": ""0"", ""sel_4th_pre_req"": ""11"", ""sel_4th_pre_bid"": ""-176800"", ""sel_3th_pre_req_pre"": ""0"", ""sel_3th_pre_req"": ""7"", ""sel_3th_pre_bid"": ""-176700"", ""sel_2th_pre_req_pre"": ""0"", ""sel_2th_pre_req"": ""117"", ""sel_2th_pre_bid"": ""-176600"", ""sel_1th_pre_req_pre"": ""0"", ""sel_fpr_req"": ""9"", ""sel_fpr_bid"": ""-176500"", ""buy_fpr_bid"": ""-176400"", ""buy_fpr_req"": ""4"", ""buy_1th_pre_req_pre"": ""0"", ""buy_2th_pre_bid"": ""-176300"", ""buy_2th_pre_req"": ""97"", ""buy_2th_pre_req_pre"": ""0"", ""buy_3th_pre_bid"": ""-176200"", ""buy_3th_pre_req"": ""273"", ""buy_3th_pre_req_pre"": ""0"", ""buy_4th_pre_bid"": ""-176100"", ""buy_4th_pre_req"": ""232"", ""buy_4th_pre_req_pre"": ""0"", ""buy_5th_pre_bid"": ""-176000"", ""buy_5th_pre_req"": ""500"", ""buy_5th_pre_req_pre"": ""0"", ""buy_6th_pre_bid"": ""-175900"", ""buy_6th_pre_req"": ""230"", ""buy_6th_pre_req_pre"": ""0"", ""buy_7th_pre_bid"": ""-175800"", ""buy_7th_pre_req"": ""338"", ""buy_7th_pre_req_pre"": ""0"", ""buy_8th_pre_bid"": ""-175700"", ""buy_8th_pre_req"": ""227"", ""buy_8th_pre_req_pre"": ""0"", ""buy_9th_pre_bid"": ""-175600"", ""buy_9th_pre_req"": ""86"", ""buy_9th_pre_req_pre"": ""0"", ""buy_10th_pre_bid"": ""-175500"", ""buy_10th_pre_req"": ""266"", ""buy_10th_pre_req_pre"": ""0"", ""tot_sel_req_jub_pre"": ""0"", ""tot_sel_req"": ""413"", ""tot_buy_req"": ""2253"", ""tot_buy_req_jub_pre"": ""0"", ""ovt_sel_req_pre"": ""0"", ""ovt_sel_req"": ""0"", ""ovt_buy_req"": ""0"", ""ovt_buy_req_pre"": ""0"", ""return_code"": 0, ""return_msg"": ""정상적으로 처리되었습니다""}"
2026-09-10,scan_candidate,181710,2026-09-10T09:30:14.472901,0,main_scan,56700,71500,56700,56500,56700,56900,-0.03397707231041745,0.3527336860670194,20231700,2341849438500,12130813250,4.6084989106069685,-20.6993006993007,"{""bid_req_base_tm"": ""093055"", ""sel_10th_pre_req_pre"": ""0"", ""sel_10th_pre_req"": ""103"", ""sel_10th_pre_bid"": ""-57600"", ""sel_9th_pre_req_pre"": ""0"", ""sel_9th_pre_req"": ""110"", ""sel_9th_pre_bid"": ""-57500"", ""sel_8th_pre_req_pre"": ""0"", ""sel_8th_pre_req"": ""26"", ""sel_8th_pre_bid"": ""-57400"", ""sel_7th_pre_req_pre"": ""0"", ""sel_7th_pre_req"": ""9"", ""sel_7th_pre_bid"": ""-57300"", ""sel_6th_pre_req_pre"": ""0"", ""sel_6th_pre_req"": ""110"", ""sel_6th_pre_bid"": ""-57200"", ""sel_5th_pre_req_pre"": ""0"", ""sel_5th_pre_req"": ""24"", ""sel_5th_pre_bid"": ""-57100"", ""sel_4th_pre_req_pre"": ""0"", ""sel_4th_pre_req"": ""72"", ""sel_4th_pre_bid"": ""-57000"", ""sel_3th_pre_req_pre"": ""0"", ""sel_3th_pre_req"": ""153"", ""sel_3th_pre_bid"": ""-56900"", ""sel_2th_pre_req_pre"": ""0"", ""sel_2th_pre_req"": ""35"", ""sel_2th_pre_bid"": ""-56800"", ""sel_1th_pre_req_pre"": ""0"", ""sel_fpr_req"": ""145"", ""sel_fpr_bid"": ""-56700"", ""buy_fpr_bid"": ""-56500"", ""buy_fpr_req"": ""119"", ""buy_1th_pre_req_pre"": ""0"", ""buy_2th_pre_bid"": ""-56400"", ""buy_2th_pre_req"": ""304"", ""buy_2th_pre_req_pre"": ""0"", ""buy_3th_pre_bid"": ""-56300"", ""buy_3th_pre_req"": ""264"", ""buy_3th_pre_req_pre"": ""0"", ""buy_4th_pre_bid"": ""-56200"", ""buy_4th_pre_req"": ""172"", ""buy_4th_pre_req_pre"": ""0"", ""buy_5th_pre_bid"": ""-56100"", ""buy_5th_pre_req"": ""323"", ""buy_5th_pre_req_pre"": ""0"", ""buy_6th_pre_bid"": ""-56000"", ""buy_6th_pre_req"": ""613"", ""buy_6th_pre_req_pre"": ""0"", ""buy_7th_pre_bid"": ""-55900"", ""buy_7th_pre_req"": ""128"", ""buy_7th_pre_req_pre"": ""0"", ""buy_8th_pre_bid"": ""-55800"", ""buy_8th_pre_req"": ""408"", ""buy_8th_pre_req_pre"": ""0"", ""buy_9th_pre_bid"": ""-55700"", ""buy_9th_pre_req"": ""367"", ""buy_9th_pre_req_pre"": ""0"", ""buy_10th_pre_bid"": ""-55600"", ""buy_10th_pre_req"": ""985"", ""buy_10th_pre_req_pre"": ""0"", ""tot_sel_req_jub_pre"": ""0"", ""tot_sel_req"": ""787"", ""tot_buy_req"": ""3683"", ""tot_buy_req_jub_pre"": ""0"", ""ovt_sel_req_pre"": ""0"", ""ovt_sel_req"": ""0"", ""ovt_buy_req"": ""0"", ""ovt_buy_req_pre"": ""0"", ""return_code"": 0, ""return_msg"": ""정상적으로 처리되었습니다""}"
2026-09-10,scan_candidate,204320,2026-09-10T09:30:14.472901,0,main_scan,49650,48500,49650,49600,49650,49500,-0.6120342396777443,0.10070493454179255,70253900,2277420320000,16217961025,4.6084989106069685,2.3711340206185567,"{""bid_req_base_tm"": ""093059"", ""sel_10th_pre_req_pre"": ""0"", ""sel_10th_pre_req"": ""966"", ""sel_10th_pre_bid"": ""+50200"", ""sel_9th_pre_req_pre"": ""0"", ""sel_9th_pre_req"": ""774"", ""sel_9th_pre_bid"": ""+50100"", ""sel_8th_pre_req_pre"": ""0"", ""sel_8th_pre_req"": ""559"", ""sel_8th_pre_bid"": ""+50000"", ""sel_7th_pre_req_pre"": ""0"", ""sel_7th_pre_req"": ""172"", ""sel_7th_pre_bid"": ""+49950"", ""sel_6th_pre_req_pre"": ""0"", ""sel_6th_pre_req"": ""1643"", ""sel_6th_pre_bid"": ""+49900"", ""sel_5th_pre_req_pre"": ""0"", ""sel_5th_pre_req"": ""824"", ""sel_5th_pre_bid"": ""+49850"", ""sel_4th_pre_req_pre"": ""0"", ""sel_4th_pre_req"": ""869"", ""sel_4th_pre_bid"": ""+49800"", ""sel_3th_pre_req_pre"": ""0"", ""sel_3th_pre_req"": ""182"", ""sel_3th_pre_bid"": ""+49750"", ""sel_2th_pre_req_pre"": ""0"", ""sel_2th_pre_req"": ""115"", ""sel_2th_pre_bid"": ""49700"", ""sel_1th_pre_req_pre"": ""0"", ""sel_fpr_req"": ""130"", ""sel_fpr_bid"": ""-49650"", ""buy_fpr_bid"": ""-49600"", ""buy_fpr_req"": ""21"", ""buy_1th_pre_req_pre"": ""0"", ""buy_2th_pre_bid"": ""-49550"", ""buy_2th_pre_req"": ""22"", ""buy_2th_pre_req_pre"": ""+2"", ""buy_3th_pre_bid"": ""-49500"", ""buy_3th_pre_req"": ""359"", ""buy_3th_pre_req_pre"": ""0"", ""buy_4th_pre_bid"": ""-49450"", ""buy_4th_pre_req"": ""35"", ""buy_4th_pre_req_pre"": ""0"", ""buy_5th_pre_bid"": ""-49400"", ""buy_5th_pre_req"": ""466"", ""buy_5th_pre_req_pre"": ""0"", ""buy_6th_pre_bid"": ""-49350"", ""buy_6th_pre_req"": ""365"", ""buy_6th_pre_req_pre"": ""0"", ""buy_7th_pre_bid"": ""-49300"", ""buy_7th_pre_req"": ""634"", ""buy_7th_pre_req_pre"": ""0"", ""buy_8th_pre_bid"": ""-49250"", ""buy_8th_pre_req"": ""1050"", ""buy_8th_pre_req_pre"": ""0"", ""buy_9th_pre_bid"": ""-49200"", ""buy_9th_pre_req"": ""567"", ""buy_9th_pre_req_pre"": ""0"", ""buy_10th_pre_bid"": ""-49150"", ""buy_10th_pre_req"": ""302"", ""buy_10th_pre_req_pre"": ""0"", ""tot_sel_req_jub_pre"": ""0"", ""tot_sel_req"": ""6234"", ""tot_buy_req"": ""3821"", ""tot_buy_req_jub_pre"": ""+2"", ""ovt_sel_req_pre"": ""0"", ""ovt_sel_req"": ""0"", ""ovt_buy_req"": ""0"", ""ovt_buy_req_pre"": ""0"", ""return_code"": 0, ""return_msg"": ""정상적으로 처리되었습니다""}"
2026-09-10,scan_candidate,018670,2026-09-10T09:30:14.472901,0,main_scan,258000,238500,258000,256000,258000,255000,-1.5639437984496147,0.7751937984496124,257230500,2210714694000,3852758250,4.6084989106069685,8.176100628930817,"{""bid_req_base_tm"": ""093059"", ""sel_10th_pre_req_pre"": ""0"", ""sel_10th_pre_req"": ""73"", ""sel_10th_pre_bid"": ""+262500"", ""sel_9th_pre_req_pre"": ""0"", ""sel_9th_pre_req"": ""56"", ""sel_9th_pre_bid"": ""+262000"", ""sel_8th_pre_req_pre"": ""0"", ""sel_8th_pre_req"": ""107"", ""sel_8th_pre_bid"": ""+261500"", ""sel_7th_pre_req_pre"": ""0"", ""sel_7th_pre_req"": ""34"", ""sel_7th_pre_bid"": ""+261000"", ""sel_6th_pre_req_pre"": ""0"", ""sel_6th_pre_req"": ""83"", ""sel_6th_pre_bid"": ""+260500"", ""sel_5th_pre_req_pre"": ""0"", ""sel_5th_pre_req"": ""912"", ""sel_5th_pre_bid"": ""+260000"", ""sel_4th_pre_req_pre"": ""0"", ""sel_4th_pre_req"": ""287"", ""sel_4th_pre_bid"": ""+259500"", ""sel_3th_pre_req_pre"": ""0"", ""sel_3th_pre_req"": ""296"", ""sel_3th_pre_bid"": ""+259000"", ""sel_2th_pre_req_pre"": ""0"", ""sel_2th_pre_req"": ""50"", ""sel_2th_pre_bid"": ""+258500"", ""sel_1th_pre_req_pre"": ""0"", ""sel_fpr_req"": ""19"", ""sel_fpr_bid"": ""+258000"", ""buy_fpr_bid"": ""+256000"", ""buy_fpr_req"": ""15"", ""buy_1th_pre_req_pre"": ""+1"", ""buy_2th_pre_bid"": ""+255500"", ""buy_2th_pre_req"": ""55"", ""buy_2th_pre_req_pre"": ""0"", ""buy_3th_pre_bid"": ""+255000"", ""buy_3th_pre_req"": ""21"", ""buy_3th_pre_req_pre"": ""0"", ""buy_4th_pre_bid"": ""+254500"", ""buy_4th_pre_req"": ""49"", ""buy_4th_pre_req_pre"": ""0"", ""buy_5th_pre_bid"": ""+254000"", ""buy_5th_pre_req"": ""40"", ""buy_5th_pre_req_pre"": ""0"", ""buy_6th_pre_bid"": ""+253500"", ""buy_6th_pre_req"": ""5"", ""buy_6th_pre_req_pre"": ""0"", ""buy_7th_pre_bid"": ""+253000"", ""buy_7th_pre_req"": ""20"", ""buy_7th_pre_req_pre"": ""0"", ""buy_8th_pre_bid"": ""+252500"", ""buy_8th_pre_req"": ""22"", ""buy_8th_pre_req_pre"": ""0"", ""buy_9th_pre_bid"": ""+252000"", ""buy_9th_pre_req"": ""32"", ""buy_9th_pre_req_pre"": ""0"", ""buy_10th_pre_bid"": ""+251500"", ""buy_10th_pre_req"": ""20"", ""buy_10th_pre_req_pre"": ""0"", ""tot_sel_req_jub_pre"": ""0"", ""tot_sel_req"": ""1917"", ""tot_buy_req"": ""279"", ""tot_buy_req_jub_pre"": ""+1"", ""ovt_sel_req_pre"": ""0"", ""ovt_sel_req"": ""0"", ""ovt_buy_req"": ""0"", ""ovt_buy_req_pre"": ""0"", ""return_code"": 0, ""return_msg"": ""정상적으로 처리되었습니다""}"
2026-09-10,scan_candidate,081660,2026-09-10T09:30:14.472901,0,main_scan,40000,41400,40000,39900,40000,40000,-0.3347562500000277,0.25,13457750,2198002176000,3316911950,4.6084989106069685,-3.3816425120772946,"{""bid_req_base_tm"": ""093056"", ""sel_10th_pre_req_pre"": ""0"", ""sel_10th_pre_req"": ""4"", ""sel_10th_pre_bid"": ""+40450"", ""sel_9th_pre_req_pre"": ""0"", ""sel_9th_pre_req"": ""10"", ""sel_9th_pre_bid"": ""+40400"", ""sel_8th_pre_req_pre"": ""0"", ""sel_8th_pre_req"": ""1"", ""sel_8th_pre_bid"": ""+40350"", ""sel_7th_pre_req_pre"": ""0"", ""sel_7th_pre_req"": ""2"", ""sel_7th_pre_bid"": ""+40300"", ""sel_6th_pre_req_pre"": ""0"", ""sel_6th_pre_req"": ""290"", ""sel_6th_pre_bid"": ""+40250"", ""sel_5th_pre_req_pre"": ""0"", ""sel_5th_pre_req"": ""151"", ""sel_5th_pre_bid"": ""40200"", ""sel_4th_pre_req_pre"": ""0"", ""sel_4th_pre_req"": ""1"", ""sel_4th_pre_bid"": ""-40150"", ""sel_3th_pre_req_pre"": ""0"", ""sel_3th_pre_req"": ""3"", ""sel_3th_pre_bid"": ""-40100"", ""sel_2th_pre_req_pre"": ""0"", ""sel_2th_pre_req"": ""13"", ""sel_2th_pre_bid"": ""-40050"", ""sel_1th_pre_req_pre"": ""0"", ""sel_fpr_req"": ""237"", ""sel_fpr_bid"": ""-40000"", ""buy_fpr_bid"": ""-39900"", ""buy_fpr_req"": ""39"", ""buy_1th_pre_req_pre"": ""--11"", ""buy_2th_pre_bid"": ""-39850"", ""buy_2th_pre_req"": ""128"", ""buy_2th_pre_req_pre"": ""0"", ""buy_3th_pre_bid"": ""-39800"", ""buy_3th_pre_req"": ""230"", ""buy_3th_pre_req_pre"": ""0"", ""buy_4th_pre_bid"": ""-39750"", ""buy_4th_pre_req"": ""13"", ""buy_4th_pre_req_pre"": ""0"", ""buy_5th_pre_bid"": ""-39700"", ""buy_5th_pre_req"": ""70"", ""buy_5th_pre_req_pre"": ""0"", ""buy_6th_pre_bid"": ""-39650"", ""buy_6th_pre_req"": ""128"", ""buy_6th_pre_req_pre"": ""0"", ""buy_7th_pre_bid"": ""-39600"", ""buy_7th_pre_req"": ""53"", ""buy_7th_pre_req_pre"": ""0"", ""buy_8th_pre_bid"": ""-39550"", ""buy_8th_pre_req"": ""167"", ""buy_8th_pre_req_pre"": ""0"", ""buy_9th_pre_bid"": ""-39500"", ""buy_9th_pre_req"": ""126"", ""buy_9th_pre_req_pre"": ""0"", ""buy_10th_pre_bid"": ""-39450"", ""buy_10th_pre_req"": ""115"", ""buy_10th_pre_req_pre"": ""0"", ""tot_sel_req_jub_pre"": ""0"", ""tot_sel_req"": ""712"", ""tot_buy_req"": ""1069"", ""tot_buy_req_jub_pre"": ""--11"", ""ovt_sel_req_pre"": ""0"", ""ovt_sel_req"": ""0"", ""ovt_buy_req"": ""0"", ""ovt_buy_req_pre"": ""0"", ""return_code"": 0, ""return_msg"": ""정상적으로 처리되었습니다""}"
2026-09-10,scan_candidate,103140,2026-09-10T09:30:14.472901,0,main_scan,79700,78400,79700,79600,79700,80100,0.165677540777915,0.12547051442910914,36113400,2197103395200,7571877700,4.6084989106069685,1.6581632653061225,"{""bid_req_base_tm"": ""093058"", ""sel_10th_pre_req_pre"": ""0"", ""sel_10th_pre_req"": ""12"", ""sel_10th_pre_bid"": ""+80700"", ""sel_9th_pre_req_pre"": ""0"", ""sel_9th_pre_req"": ""471"", ""sel_9th_pre_bid"": ""+80600"", ""sel_8th_pre_req_pre"": ""0"", ""sel_8th_pre_req"": ""212"", ""sel_8th_pre_bid"": ""+80500"", ""sel_7th_pre_req_pre"": ""0"", ""sel_7th_pre_req"": ""371"", ""sel_7th_pre_bid"": ""+80400"", ""sel_6th_pre_req_pre"": ""0"", ""sel_6th_pre_req"": ""15"", ""sel_6th_pre_bid"": ""+80300"", ""sel_5th_pre_req_pre"": ""0"", ""sel_5th_pre_req"": ""175"", ""sel_5th_pre_bid"": ""+80200"", ""sel_4th_pre_req_pre"": ""0"", ""sel_4th_pre_req"": ""13"", ""sel_4th_pre_bid"": ""+80000"", ""sel_3th_pre_req_pre"": ""0"", ""sel_3th_pre_req"": ""183"", ""sel_3th_pre_bid"": ""79900"", ""sel_2th_pre_req_pre"": ""0"", ""sel_2th_pre_req"": ""106"", ""sel_2th_pre_bid"": ""-79800"", ""sel_1th_pre_req_pre"": ""0"", ""sel_fpr_req"": ""110"", ""sel_fpr_bid"": ""-79700"", ""buy_fpr_bid"": ""-79600"", ""buy_fpr_req"": ""450"", ""buy_1th_pre_req_pre"": ""--3"", ""buy_2th_pre_bid"": ""-79500"", ""buy_2th_pre_req"": ""693"", ""buy_2th_pre_req_pre"": ""0"", ""buy_3th_pre_bid"": ""-79400"", ""buy_3th_pre_req"": ""220"", ""buy_3th_pre_req_pre"": ""0"", ""buy_4th_pre_bid"": ""-79300"", ""buy_4th_pre_req"": ""273"", ""buy_4th_pre_req_pre"": ""0"", ""buy_5th_pre_bid"": ""-79200"", ""buy_5th_pre_req"": ""87"", ""buy_5th_pre_req_pre"": ""0"", ""buy_6th_pre_bid"": ""-79100"", ""buy_6th_pre_req"": ""780"", ""buy_6th_pre_req_pre"": ""0"", ""buy_7th_pre_bid"": ""-79000"", ""buy_7th_pre_req"": ""360"", ""buy_7th_pre_req_pre"": ""0"", ""buy_8th_pre_bid"": ""-78900"", ""buy_8th_pre_req"": ""137"", ""buy_8th_pre_req_pre"": ""0"", ""buy_9th_pre_bid"": ""-78800"", ""buy_9th_pre_req"": ""294"", ""buy_9th_pre_req_pre"": ""0"", ""buy_10th_pre_bid"": ""-78700"", ""buy_10th_pre_req"": ""35"", ""buy_10th_pre_req_pre"": ""0"", ""tot_sel_req_jub_pre"": ""0"", ""tot_sel_req"": ""1668"", ""tot_buy_req"": ""3329"", ""tot_buy_req_jub_pre"": ""--3"", ""ovt_sel_req_pre"": ""0"", ""ovt_sel_req"": ""0"", ""ovt_buy_req"": ""0"", ""ovt_buy_req_pre"": ""0"", ""return_code"": 0, ""return_msg"": ""정상적으로 처리되었습니다""}"
2026-09-10,scan_candidate,030000,2026-09-10T09:30:14.472901,0,main_scan,18800,18930,18800,18790,18800,18800,-0.4754388297872518,0.05319148936170213,50187700,2177730389250,3669094900,4.6084989106069685,-0.6867406233491812,"{""bid_req_base_tm"": ""093059"", ""sel_10th_pre_req_pre"": ""0"", ""sel_10th_pre_req"": ""1067"", ""sel_10th_pre_bid"": ""+18900"", ""sel_9th_pre_req_pre"": ""0"", ""sel_9th_pre_req"": ""105"", ""sel_9th_pre_bid"": ""18890"", ""sel_8th_pre_req_pre"": ""0"", ""sel_8th_pre_req"": ""85"", ""sel_8th_pre_bid"": ""-18880"", ""sel_7th_pre_req_pre"": ""0"", ""sel_7th_pre_req"": ""49"", ""sel_7th_pre_bid"": ""-18870"", ""sel_6th_pre_req_pre"": ""0"", ""sel_6th_pre_req"": ""3"", ""sel_6th_pre_bid"": ""-18860"", ""sel_5th_pre_req_pre"": ""0"", ""sel_5th_pre_req"": ""1"", ""sel_5th_pre_bid"": ""-18850"", ""sel_4th_pre_req_pre"": ""0"", ""sel_4th_pre_req"": ""67"", ""sel_4th_pre_bid"": ""-18830"", ""sel_3th_pre_req_pre"": ""0"", ""sel_3th_pre_req"": ""4"", ""sel_3th_pre_bid"": ""-18820"", ""sel_2th_pre_req_pre"": ""0"", ""sel_2th_pre_req"": ""1017"", ""sel_2th_pre_bid"": ""-18810"", ""sel_1th_pre_req_pre"": ""0"", ""sel_fpr_req"": ""1716"", ""sel_fpr_bid"": ""-18800"", ""buy_fpr_bid"": ""-18790"", ""buy_fpr_req"": ""5251"", ""buy_1th_pre_req_pre"": ""0"", ""buy_2th_pre_bid"": ""-18780"", ""buy_2th_pre_req"": ""1247"", ""buy_2th_pre_req_pre"": ""+10"", ""buy_3th_pre_bid"": ""-18770"", ""buy_3th_pre_req"": ""1412"", ""buy_3th_pre_req_pre"": ""0"", ""buy_4th_pre_bid"": ""-18760"", ""buy_4th_pre_req"": ""4204"", ""buy_4th_pre_req_pre"": ""0"", ""buy_5th_pre_bid"": ""-18750"", ""buy_5th_pre_req"": ""2075"", ""buy_5th_pre_req_pre"": ""0"", ""buy_6th_pre_bid"": ""-18740"", ""buy_6th_pre_req"": ""463"", ""buy_6th_pre_req_pre"": ""0"", ""buy_7th_pre_bid"": ""-18730"", ""buy_7th_pre_req"": ""1379"", ""buy_7th_pre_req_pre"": ""0"", ""buy_8th_pre_bid"": ""-18720"", ""buy_8th_pre_req"": ""207"", ""buy_8th_pre_req_pre"": ""0"", ""buy_9th_pre_bid"": ""-18710"", ""buy_9th_pre_req"": ""2669"", ""buy_9th_pre_req_pre"": ""0"", ""buy_10th_pre_bid"": ""-18700"", ""buy_10th_pre_req"": ""1009"", ""buy_10th_pre_req_pre"": ""0"", ""tot_sel_req_jub_pre"": ""0"", ""tot_sel_req"": ""4114"", ""tot_buy_req"": ""19916"", ""tot_buy_req_jub_pre"": ""+10"", ""ovt_sel_req_pre"": ""0"", ""ovt_sel_req"": ""0"", ""ovt_buy_req"": ""0"", ""ovt_buy_req_pre"": ""0"", ""return_code"": 0, ""return_msg"": ""정상적으로 처리되었습니다""}"
2026-09-10,scan_candidate,007070,2026-09-10T09:30:14.472901,0,main_scan,25150,25400,25150,25100,25150,24950,-1.2020974155069704,0.19880715705765406,46495250,2123628341000,6148245600,4.6084989106069685,-0.984251968503937,"{""bid_req_base_tm"": ""093100"", ""sel_10th_pre_req_pre"": ""0"", ""sel_10th_pre_req"": ""329"", ""sel_10th_pre_bid"": ""+25600"", ""sel_9th_pre_req_pre"": ""0"", ""sel_9th_pre_req"": ""51"", ""sel_9th_pre_bid"": ""+25550"", ""sel_8th_pre_req_pre"": ""0"", ""sel_8th_pre_req"": ""298"", ""sel_8th_pre_bid"": ""+25500"", ""sel_7th_pre_req_pre"": ""0"", ""sel_7th_pre_req"": ""100"", ""sel_7th_pre_bid"": ""+25450"", ""sel_6th_pre_req_pre"": ""0"", ""sel_6th_pre_req"": ""196"", ""sel_6th_pre_bid"": ""+25400"", ""sel_5th_pre_req_pre"": ""0"", ""sel_5th_pre_req"": ""1188"", ""sel_5th_pre_bid"": ""+25350"", ""sel_4th_pre_req_pre"": ""0"", ""sel_4th_pre_req"": ""466"", ""sel_4th_pre_bid"": ""+25300"", ""sel_3th_pre_req_pre"": ""0"", ""sel_3th_pre_req"": ""371"", ""sel_3th_pre_bid"": ""+25250"", ""sel_2th_pre_req_pre"": ""0"", ""sel_2th_pre_req"": ""263"", ""sel_2th_pre_bid"": ""+25200"", ""sel_1th_pre_req_pre"": ""+19"", ""sel_fpr_req"": ""346"", ""sel_fpr_bid"": ""+25150"", ""buy_fpr_bid"": ""+25100"", ""buy_fpr_req"": ""295"", ""buy_1th_pre_req_pre"": ""0"", ""buy_2th_pre_bid"": ""25050"", ""buy_2th_pre_req"": ""89"", ""buy_2th_pre_req_pre"": ""0"", ""buy_3th_pre_bid"": ""-25000"", ""buy_3th_pre_req"": ""304"", ""buy_3th_pre_req_pre"": ""0"", ""buy_4th_pre_bid"": ""-24950"", ""buy_4th_pre_req"": ""30"", ""buy_4th_pre_req_pre"": ""0"", ""buy_5th_pre_bid"": ""-24900"", ""buy_5th_pre_req"": ""133"", ""buy_5th_pre_req_pre"": ""0"", ""buy_6th_pre_bid"": ""-24850"", ""buy_6th_pre_req"": ""264"", ""buy_6th_pre_req_pre"": ""0"", ""buy_7th_pre_bid"": ""-24800"", ""buy_7th_pre_req"": ""326"", ""buy_7th_pre_req_pre"": ""0"", ""buy_8th_pre_bid"": ""-24750"", ""buy_8th_pre_req"": ""53"", ""buy_8th_pre_req_pre"": ""0"", ""buy_9th_pre_bid"": ""-24700"", ""buy_9th_pre_req"": ""153"", ""buy_9th_pre_req_pre"": ""0"", ""buy_10th_pre_bid"": ""-24650"", ""buy_10th_pre_req"": ""229"", ""buy_10th_pre_req_pre"": ""0"", ""tot_sel_req_jub_pre"": ""+19"", ""tot_sel_req"": ""3608"", ""tot_buy_req"": ""1876"", ""tot_buy_req_jub_pre"": ""0"", ""ovt_sel_req_pre"": ""0"", ""ovt_sel_req"": ""0"", ""ovt_buy_req"": ""0"", ""ovt_buy_req_pre"": ""0"", ""return_code"": 0, ""return_msg"": ""정상적으로 처리되었습니다""}"
2026-09-10,scan_candidate,014680,2026-09-10T09:30:14.472901,0,main_scan,199300,193100,199300,199200,199300,201000,0.3909332664325016,0.050175614651279475,14588900,2084328351600,7622087350,4.6084989106069685,3.210771620921802,"{""bid_req_base_tm"": ""093100"", ""sel_10th_pre_req_pre"": ""0"", ""sel_10th_pre_req"": ""6"", ""sel_10th_pre_bid"": ""+203500"", ""sel_9th_pre_req_pre"": ""0"", ""sel_9th_pre_req"": ""5"", ""sel_9th_pre_bid"": ""203000"", ""sel_8th_pre_req_pre"": ""0"", ""sel_8th_pre_req"": ""94"", ""sel_8th_pre_bid"": ""-202500"", ""sel_7th_pre_req_pre"": ""0"", ""sel_7th_pre_req"": ""186"", ""sel_7th_pre_bid"": ""-202000"", ""sel_6th_pre_req_pre"": ""0"", ""sel_6th_pre_req"": ""52"", ""sel_6th_pre_bid"": ""-201500"", ""sel_5th_pre_req_pre"": ""0"", ""sel_5th_pre_req"": ""20"", ""sel_5th_pre_bid"": ""-201000"", ""sel_4th_pre_req_pre"": ""0"", ""sel_4th_pre_req"": ""23"", ""sel_4th_pre_bid"": ""-200500"", ""sel_3th_pre_req_pre"": ""0"", ""sel_3th_pre_req"": ""1"", ""sel_3th_pre_bid"": ""-199500"", ""sel_2th_pre_req_pre"": ""0"", ""sel_2th_pre_req"": ""35"", ""sel_2th_pre_bid"": ""-199400"", ""sel_1th_pre_req_pre"": ""0"", ""sel_fpr_req"": ""15"", ""sel_fpr_bid"": ""-199300"", ""buy_fpr_bid"": ""-199200"", ""buy_fpr_req"": ""115"", ""buy_1th_pre_req_pre"": ""0"", ""buy_2th_pre_bid"": ""-199100"", ""buy_2th_pre_req"": ""500"", ""buy_2th_pre_req_pre"": ""0"", ""buy_3th_pre_bid"": ""-199000"", ""buy_3th_pre_req"": ""266"", ""buy_3th_pre_req_pre"": ""0"", ""buy_4th_pre_bid"": ""-198900"", ""buy_4th_pre_req"": ""21"", ""buy_4th_pre_req_pre"": ""0"", ""buy_5th_pre_bid"": ""-198800"", ""buy_5th_pre_req"": ""4"", ""buy_5th_pre_req_pre"": ""0"", ""buy_6th_pre_bid"": ""-198700"", ""buy_6th_pre_req"": ""63"", ""buy_6th_pre_req_pre"": ""0"", ""buy_7th_pre_bid"": ""-198600"", ""buy_7th_pre_req"": ""71"", ""buy_7th_pre_req_pre"": ""0"", ""buy_8th_pre_bid"": ""-198500"", ""buy_8th_pre_req"": ""18"", ""buy_8th_pre_req_pre"": ""0"", ""buy_9th_pre_bid"": ""-198400"", ""buy_9th_pre_req"": ""3"", ""buy_9th_pre_req_pre"": ""0"", ""buy_10th_pre_bid"": ""-198300"", ""buy_10th_pre_req"": ""3"", ""buy_10th_pre_req_pre"": ""0"", ""tot_sel_req_jub_pre"": ""0"", ""tot_sel_req"": ""437"", ""tot_buy_req"": ""1064"", ""tot_buy_req_jub_pre"": ""0"", ""ovt_sel_req_pre"": ""0"", ""ovt_sel_req"": ""0"", ""ovt_buy_req"": ""0"", ""ovt_buy_req_pre"": ""0"", ""return_code"": 0, ""return_msg"": ""정상적으로 처리되었습니다""}"
2026-09-10,scan_candidate,069960,2026-09-10T09:30:14.472901,0,main_scan,96100,96200,96100,95600,96100,96200,-0.21000000000001273,0.5202913631633715,13281000,2074544534400,12095633900,4.6084989106069685,-0.10395010395010396,"{""bid_req_base_tm"": ""093101"", ""sel_10th_pre_req_pre"": ""0"", ""sel_10th_pre_req"": ""269"", ""sel_10th_pre_bid"": ""-97000"", ""sel_9th_pre_req_pre"": ""0"", ""sel_9th_pre_req"": ""20"", ""sel_9th_pre_bid"": ""-96900"", ""sel_8th_pre_req_pre"": ""0"", ""sel_8th_pre_req"": ""17"", ""sel_8th_pre_bid"": ""-96800"", ""sel_7th_pre_req_pre"": ""0"", ""sel_7th_pre_req"": ""10"", ""sel_7th_pre_bid"": ""-96700"", ""sel_6th_pre_req_pre"": ""0"", ""sel_6th_pre_req"": ""5"", ""sel_6th_pre_bid"": ""-96600"", ""sel_5th_pre_req_pre"": ""0"", ""sel_5th_pre_req"": ""56"", ""sel_5th_pre_bid"": ""-96500"", ""sel_4th_pre_req_pre"": ""0"", ""sel_4th_pre_req"": ""6"", ""sel_4th_pre_bid"": ""-96400"", ""sel_3th_pre_req_pre"": ""0"", ""sel_3th_pre_req"": ""12"", ""sel_3th_pre_bid"": ""-96300"", ""sel_2th_pre_req_pre"": ""0"", ""sel_2th_pre_req"": ""43"", ""sel_2th_pre_bid"": ""-96200"", ""sel_1th_pre_req_pre"": ""0"", ""sel_fpr_req"": ""56"", ""sel_fpr_bid"": ""-96100"", ""buy_fpr_bid"": ""-95600"", ""buy_fpr_req"": ""142"", ""buy_1th_pre_req_pre"": ""0"", ""buy_2th_pre_bid"": ""-95500"", ""buy_2th_pre_req"": ""283"", ""buy_2th_pre_req_pre"": ""0"", ""buy_3th_pre_bid"": ""-95300"", ""buy_3th_pre_req"": ""130"", ""buy_3th_pre_req_pre"": ""0"", ""buy_4th_pre_bid"": ""-95200"", ""buy_4th_pre_req"": ""336"", ""buy_4th_pre_req_pre"": ""0"", ""buy_5th_pre_bid"": ""-95100"", ""buy_5th_pre_req"": ""488"", ""buy_5th_pre_req_pre"": ""0"", ""buy_6th_pre_bid"": ""-95000"", ""buy_6th_pre_req"": ""818"", ""buy_6th_pre_req_pre"": ""0"", ""buy_7th_pre_bid"": ""-94900"", ""buy_7th_pre_req"": ""538"", ""buy_7th_pre_req_pre"": ""0"", ""buy_8th_pre_bid"": ""-94800"", ""buy_8th_pre_req"": ""504"", ""buy_8th_pre_req_pre"": ""0"", ""buy_9th_pre_bid"": ""-94700"", ""buy_9th_pre_req"": ""262"", ""buy_9th_pre_req_pre"": ""0"", ""buy_10th_pre_bid"": ""-94600"", ""buy_10th_pre_req"": ""398"", ""buy_10th_pre_req_pre"": ""0"", ""tot_sel_req_jub_pre"": ""0"", ""tot_sel_req"": ""494"", ""tot_buy_req"": ""3899"", ""tot_buy_req_jub_pre"": ""0"", ""ovt_sel_req_pre"": ""0"", ""ovt_sel_req"": ""0"", ""ovt_buy_req"": ""0"", ""ovt_buy_req_pre"": ""0"", ""return_code"": 0, ""return_msg"": ""정상적으로 처리되었습니다""}"
2026-09-10,scan_candidate,073240,2026-09-10T09:30:14.472901,0,main_scan,6980,7180,6980,6970,6980,7010,0.07597421203438229,0.14326647564469913,33563540,2062528860660,8069371775,4.6084989106069685,-2.785515320334262,"{""bid_req_base_tm"": ""093101"", ""sel_10th_pre_req_pre"": ""0"", ""sel_10th_pre_req"": ""870"", ""sel_10th_pre_bid"": ""-7070"", ""sel_9th_pre_req_pre"": ""0"", ""sel_9th_pre_req"": ""523"", ""sel_9th_pre_bid"": ""-7060"", ""sel_8th_pre_req_pre"": ""0"", ""sel_8th_pre_req"": ""249"", ""sel_8th_pre_bid"": ""-7050"", ""sel_7th_pre_req_pre"": ""0"", ""sel_7th_pre_req"": ""110"", ""sel_7th_pre_bid"": ""-7040"", ""sel_6th_pre_req_pre"": ""0"", ""sel_6th_pre_req"": ""220"", ""sel_6th_pre_bid"": ""-7030"", ""sel_5th_pre_req_pre"": ""0"", ""sel_5th_pre_req"": ""102"", ""sel_5th_pre_bid"": ""-7020"", ""sel_4th_pre_req_pre"": ""0"", ""sel_4th_pre_req"": ""266"", ""sel_4th_pre_bid"": ""-7010"", ""sel_3th_pre_req_pre"": ""0"", ""sel_3th_pre_req"": ""1638"", ""sel_3th_pre_bid"": ""-7000"", ""sel_2th_pre_req_pre"": ""0"", ""sel_2th_pre_req"": ""2978"", ""sel_2th_pre_bid"": ""-6990"", ""sel_1th_pre_req_pre"": ""--400"", ""sel_fpr_req"": ""645"", ""sel_fpr_bid"": ""-6980"", ""buy_fpr_bid"": ""-6970"", ""buy_fpr_req"": ""3450"", ""buy_1th_pre_req_pre"": ""0"", ""buy_2th_pre_bid"": ""-6960"", ""buy_2th_pre_req"": ""7655"", ""buy_2th_pre_req_pre"": ""0"", ""buy_3th_pre_bid"": ""-6950"", ""buy_3th_pre_req"": ""22911"", ""buy_3th_pre_req_pre"": ""0"", ""buy_4th_pre_bid"": ""-6940"", ""buy_4th_pre_req"": ""2284"", ""buy_4th_pre_req_pre"": ""0"", ""buy_5th_pre_bid"": ""-6930"", ""buy_5th_pre_req"": ""4727"", ""buy_5th_pre_req_pre"": ""0"", ""buy_6th_pre_bid"": ""-6920"", ""buy_6th_pre_req"": ""4743"", ""buy_6th_pre_req_pre"": ""0"", ""buy_7th_pre_bid"": ""-6910"", ""buy_7th_pre_req"": ""6026"", ""buy_7th_pre_req_pre"": ""0"", ""buy_8th_pre_bid"": ""-6900"", ""buy_8th_pre_req"": ""18101"", ""buy_8th_pre_req_pre"": ""0"", ""buy_9th_pre_bid"": ""-6890"", ""buy_9th_pre_req"": ""1508"", ""buy_9th_pre_req_pre"": ""0"", ""buy_10th_pre_bid"": ""-6880"", ""buy_10th_pre_req"": ""4259"", ""buy_10th_pre_req_pre"": ""0"", ""tot_sel_req_jub_pre"": ""--400"", ""tot_sel_req"": ""7601"", ""tot_buy_req"": ""75664"", ""tot_buy_req_jub_pre"": ""0"", ""ovt_sel_req_pre"": ""0"", ""ovt_sel_req"": ""0"", ""ovt_buy_req"": ""0"", ""ovt_buy_req_pre"": ""0"", ""return_code"": 0, ""return_msg"": ""정상적으로 처리되었습니다""}"
2026-09-10,scan_candidate,139480,2026-09-10T09:30:14.472901,0,main_scan,73600,73500,73600,73500,73600,74100,0.3324184782608545,0.1358695652173913,28473300,2028292696500,6502206800,4.6084989106069685,0.13605442176870747,"{""bid_req_base_tm"": ""093101"", ""sel_10th_pre_req_pre"": ""0"", ""sel_10th_pre_req"": ""27"", ""sel_10th_pre_bid"": ""-74700"", ""sel_9th_pre_req_pre"": ""0"", ""sel_9th_pre_req"": ""158"", ""sel_9th_pre_bid"": ""-74600"", ""sel_8th_pre_req_pre"": ""0"", ""sel_8th_pre_req"": ""11"", ""sel_8th_pre_bid"": ""-74500"", ""sel_7th_pre_req_pre"": ""0"", ""sel_7th_pre_req"": ""7"", ""sel_7th_pre_bid"": ""-74400"", ""sel_6th_pre_req_pre"": ""0"", ""sel_6th_pre_req"": ""3"", ""sel_6th_pre_bid"": ""-74300"", ""sel_5th_pre_req_pre"": ""0"", ""sel_5th_pre_req"": ""38"", ""sel_5th_pre_bid"": ""-74000"", ""sel_4th_pre_req_pre"": ""0"", ""sel_4th_pre_req"": ""1"", ""sel_4th_pre_bid"": ""-73900"", ""sel_3th_pre_req_pre"": ""0"", ""sel_3th_pre_req"": ""328"", ""sel_3th_pre_bid"": ""-73800"", ""sel_2th_pre_req_pre"": ""--6"", ""sel_2th_pre_req"": ""45"", ""sel_2th_pre_bid"": ""-73700"", ""sel_1th_pre_req_pre"": ""+6"", ""sel_fpr_req"": ""69"", ""sel_fpr_bid"": ""-73600"", ""buy_fpr_bid"": ""-73500"", ""buy_fpr_req"": ""846"", ""buy_1th_pre_req_pre"": ""0"", ""buy_2th_pre_bid"": ""-73400"", ""buy_2th_pre_req"": ""576"", ""buy_2th_pre_req_pre"": ""0"", ""buy_3th_pre_bid"": ""-73300"", ""buy_3th_pre_req"": ""430"", ""buy_3th_pre_req_pre"": ""0"", ""buy_4th_pre_bid"": ""-73200"", ""buy_4th_pre_req"": ""588"", ""buy_4th_pre_req_pre"": ""0"", ""buy_5th_pre_bid"": ""-73100"", ""buy_5th_pre_req"": ""423"", ""buy_5th_pre_req_pre"": ""0"", ""buy_6th_pre_bid"": ""-73000"", ""buy_6th_pre_req"": ""1060"", ""buy_6th_pre_req_pre"": ""0"", ""buy_7th_pre_bid"": ""-72900"", ""buy_7th_pre_req"": ""332"", ""buy_7th_pre_req_pre"": ""0"", ""buy_8th_pre_bid"": ""-72800"", ""buy_8th_pre_req"": ""389"", ""buy_8th_pre_req_pre"": ""0"", ""buy_9th_pre_bid"": ""-72700"", ""buy_9th_pre_req"": ""370"", ""buy_9th_pre_req_pre"": ""0"", ""buy_10th_pre_bid"": ""-72600"", ""buy_10th_pre_req"": ""208"", ""buy_10th_pre_req_pre"": ""0"", ""tot_sel_req_jub_pre"": ""0"", ""tot_sel_req"": ""687"", ""tot_buy_req"": ""5222"", ""tot_buy_req_jub_pre"": ""0"", ""ovt_sel_req_pre"": ""0"", ""ovt_sel_req"": ""0"", ""ovt_buy_req"": ""0"", ""ovt_buy_req_pre"": ""0"", ""return_code"": 0, ""return_msg"": ""정상적으로 처리되었습니다""}"
2026-09-10,scan_candidate,112610,2026-09-10T09:30:14.472901,0,main_scan,51000,46950,51000,50900,51000,51200,-0.014303921568624027,0.19607843137254902,89891200,1979947370850,8762323825,4.6084989106069685,8.626198083067091,"{""bid_req_base_tm"": ""093101"", ""sel_10th_pre_req_pre"": ""0"", ""sel_10th_pre_req"": ""383"", ""sel_10th_pre_bid"": ""+51900"", ""sel_9th_pre_req_pre"": ""0"", ""sel_9th_pre_req"": ""108"", ""sel_9th_pre_bid"": ""+51800"", ""sel_8th_pre_req_pre"": ""0"", ""sel_8th_pre_req"": ""81"", ""sel_8th_pre_bid"": ""+51700"", ""sel_7th_pre_req_pre"": ""0"", ""sel_7th_pre_req"": ""36"", ""sel_7th_pre_bid"": ""+51600"", ""sel_6th_pre_req_pre"": ""0"", ""sel_6th_pre_req"": ""772"", ""sel_6th_pre_bid"": ""+51500"", ""sel_5th_pre_req_pre"": ""0"", ""sel_5th_pre_req"": ""762"", ""sel_5th_pre_bid"": ""+51400"", ""sel_4th_pre_req_pre"": ""0"", ""sel_4th_pre_req"": ""137"", ""sel_4th_pre_bid"": ""+51300"", ""sel_3th_pre_req_pre"": ""0"", ""sel_3th_pre_req"": ""531"", ""sel_3th_pre_bid"": ""+51200"", ""sel_2th_pre_req_pre"": ""0"", ""sel_2th_pre_req"": ""57"", ""sel_2th_pre_bid"": ""+51100"", ""sel_1th_pre_req_pre"": ""0"", ""sel_fpr_req"": ""779"", ""sel_fpr_bid"": ""+51000"", ""buy_fpr_bid"": ""+50900"", ""buy_fpr_req"": ""937"", ""buy_1th_pre_req_pre"": ""0"", ""buy_2th_pre_bid"": ""50800"", ""buy_2th_pre_req"": ""1128"", ""buy_2th_pre_req_pre"": ""+10"", ""buy_3th_pre_bid"": ""-50700"", ""buy_3th_pre_req"": ""259"", ""buy_3th_pre_req_pre"": ""--10"", ""buy_4th_pre_bid"": ""-50600"", ""buy_4th_pre_req"": ""404"", ""buy_4th_pre_req_pre"": ""0"", ""buy_5th_pre_bid"": ""-50500"", ""buy_5th_pre_req"": ""3174"", ""buy_5th_pre_req_pre"": ""+1"", ""buy_6th_pre_bid"": ""-50400"", ""buy_6th_pre_req"": ""5"", ""buy_6th_pre_req_pre"": ""0"", ""buy_7th_pre_bid"": ""-50300"", ""buy_7th_pre_req"": ""163"", ""buy_7th_pre_req_pre"": ""0"", ""buy_8th_pre_bid"": ""-50200"", ""buy_8th_pre_req"": ""123"", ""buy_8th_pre_req_pre"": ""0"", ""buy_9th_pre_bid"": ""-50100"", ""buy_9th_pre_req"": ""179"", ""buy_9th_pre_req_pre"": ""0"", ""buy_10th_pre_bid"": ""-50000"", ""buy_10th_pre_req"": ""490"", ""buy_10th_pre_req_pre"": ""0"", ""tot_sel_req_jub_pre"": ""0"", ""tot_sel_req"": ""3646"", ""tot_buy_req"": ""6862"", ""tot_buy_req_jub_pre"": ""+1"", ""ovt_sel_req_pre"": ""0"", ""ovt_sel_req"": ""0"", ""ovt_buy_req"": ""0"", ""ovt_buy_req_pre"": ""0"", ""return_code"": 0, ""return_msg"": ""정상적으로 처리되었습니다""}"
2026-09-10,scan_candidate,020150,2026-09-10T09:30:14.472901,0,main_scan,42650,36850,42650,42600,42650,42850,0.1410140679952977,0.11723329425556857,15435700,1929667311550,6005651450,4.6084989106069685,15.739484396200815,"{""bid_req_base_tm"": ""093101"", ""sel_10th_pre_req_pre"": ""0"", ""sel_10th_pre_req"": ""11"", ""sel_10th_pre_bid"": ""+43150"", ""sel_9th_pre_req_pre"": ""0"", ""sel_9th_pre_req"": ""185"", ""sel_9th_pre_bid"": ""+43100"", ""sel_8th_pre_req_pre"": ""0"", ""sel_8th_pre_req"": ""34"", ""sel_8th_pre_bid"": ""+43050"", ""sel_7th_pre_req_pre"": ""0"", ""sel_7th_pre_req"": ""321"", ""sel_7th_pre_bid"": ""+43000"", ""sel_6th_pre_req_pre"": ""0"", ""sel_6th_pre_req"": ""1"", ""sel_6th_pre_bid"": ""+42950"", ""sel_5th_pre_req_pre"": ""0"", ""sel_5th_pre_req"": ""52"", ""sel_5th_pre_bid"": ""+42850"", ""sel_4th_pre_req_pre"": ""0"", ""sel_4th_pre_req"": ""123"", ""sel_4th_pre_bid"": ""+42800"", ""sel_3th_pre_req_pre"": ""0"", ""sel_3th_pre_req"": ""248"", ""sel_3th_pre_bid"": ""+42750"", ""sel_2th_pre_req_pre"": ""0"", ""sel_2th_pre_req"": ""37"", ""sel_2th_pre_bid"": ""+42700"", ""sel_1th_pre_req_pre"": ""0"", ""sel_fpr_req"": ""24"", ""sel_fpr_bid"": ""+42650"", ""buy_fpr_bid"": ""+42600"", ""buy_fpr_req"": ""458"", ""buy_1th_pre_req_pre"": ""0"", ""buy_2th_pre_bid"": ""+42550"", ""buy_2th_pre_req"": ""621"", ""buy_2th_pre_req_pre"": ""0"", ""buy_3th_pre_bid"": ""+42500"", ""buy_3th_pre_req"": ""942"", ""buy_3th_pre_req_pre"": ""0"", ""buy_4th_pre_bid"": ""+42450"", ""buy_4th_pre_req"": ""32"", ""buy_4th_pre_req_pre"": ""0"", ""buy_5th_pre_bid"": ""+42400"", ""buy_5th_pre_req"": ""99"", ""buy_5th_pre_req_pre"": ""0"", ""buy_6th_pre_bid"": ""+42350"", ""buy_6th_pre_req"": ""120"", ""buy_6th_pre_req_pre"": ""0"", ""buy_7th_pre_bid"": ""+42300"", ""buy_7th_pre_req"": ""247"", ""buy_7th_pre_req_pre"": ""0"", ""buy_8th_pre_bid"": ""+42250"", ""buy_8th_pre_req"": ""87"", ""buy_8th_pre_req_pre"": ""0"", ""buy_9th_pre_bid"": ""+42200"", ""buy_9th_pre_req"": ""404"", ""buy_9th_pre_req_pre"": ""0"", ""buy_10th_pre_bid"": ""+42150"", ""buy_10th_pre_req"": ""18"", ""buy_10th_pre_req_pre"": ""0"", ""tot_sel_req_jub_pre"": ""--225"", ""tot_sel_req"": ""1036"", ""tot_buy_req"": ""3028"", ""tot_buy_req_jub_pre"": ""--85"", ""ovt_sel_req_pre"": ""0"", ""ovt_sel_req"": ""0"", ""ovt_buy_req"": ""0"", ""ovt_buy_req_pre"": ""0"", ""return_code"": 0, ""return_msg"": ""정상적으로 처리되었습니다""}"
2026-09-10,scan_candidate,457190,2026-09-10T09:30:14.472901,0,main_scan,67400,63300,67400,67300,67400,67600,-0.06192136498516407,0.1483679525222552,23430400,1912854597600,6482645600,4.6084989106069685,6.477093206951026,"{""bid_req_base_tm"": ""093101"", ""sel_10th_pre_req_pre"": ""0"", ""sel_10th_pre_req"": ""27"", ""sel_10th_pre_bid"": ""+68300"", ""sel_9th_pre_req_pre"": ""0"", ""sel_9th_pre_req"": ""11"", ""sel_9th_pre_bid"": ""+68200"", ""sel_8th_pre_req_pre"": ""0"", ""sel_8th_pre_req"": ""17"", ""sel_8th_pre_bid"": ""68100"", ""sel_7th_pre_req_pre"": ""0"", ""sel_7th_pre_req"": ""30"", ""sel_7th_pre_bid"": ""-68000"", ""sel_6th_pre_req_pre"": ""0"", ""sel_6th_pre_req"": ""68"", ""sel_6th_pre_bid"": ""-67900"", ""sel_5th_pre_req_pre"": ""0"", ""sel_5th_pre_req"": ""14"", ""sel_5th_pre_bid"": ""-67800"", ""sel_4th_pre_req_pre"": ""0"", ""sel_4th_pre_req"": ""102"", ""sel_4th_pre_bid"": ""-67700"", ""sel_3th_pre_req_pre"": ""0"", ""sel_3th_pre_req"": ""1"", ""sel_3th_pre_bid"": ""-67600"", ""sel_2th_pre_req_pre"": ""0"", ""sel_2th_pre_req"": ""212"", ""sel_2th_pre_bid"": ""-67500"", ""sel_1th_pre_req_pre"": ""0"", ""sel_fpr_req"": ""82"", ""sel_fpr_bid"": ""-67400"", ""buy_fpr_bid"": ""-67300"", ""buy_fpr_req"": ""69"", ""buy_1th_pre_req_pre"": ""0"", ""buy_2th_pre_bid"": ""-67200"", ""buy_2th_pre_req"": ""214"", ""buy_2th_pre_req_pre"": ""0"", ""buy_3th_pre_bid"": ""-67100"", ""buy_3th_pre_req"": ""161"", ""buy_3th_pre_req_pre"": ""0"", ""buy_4th_pre_bid"": ""-67000"", ""buy_4th_pre_req"": ""215"", ""buy_4th_pre_req_pre"": ""+10"", ""buy_5th_pre_bid"": ""-66900"", ""buy_5th_pre_req"": ""56"", ""buy_5th_pre_req_pre"": ""0"", ""buy_6th_pre_bid"": ""-66800"", ""buy_6th_pre_req"": ""116"", ""buy_6th_pre_req_pre"": ""0"", ""buy_7th_pre_bid"": ""-66700"", ""buy_7th_pre_req"": ""126"", ""buy_7th_pre_req_pre"": ""0"", ""buy_8th_pre_bid"": ""-66600"", ""buy_8th_pre_req"": ""147"", ""buy_8th_pre_req_pre"": ""0"", ""buy_9th_pre_bid"": ""-66500"", ""buy_9th_pre_req"": ""219"", ""buy_9th_pre_req_pre"": ""0"", ""buy_10th_pre_bid"": ""-66400"", ""buy_10th_pre_req"": ""132"", ""buy_10th_pre_req_pre"": ""0"", ""tot_sel_req_jub_pre"": ""0"", ""tot_sel_req"": ""564"", ""tot_buy_req"": ""1455"", ""tot_buy_req_jub_pre"": ""+10"", ""ovt_sel_req_pre"": ""0"", ""ovt_sel_req"": ""0"", ""ovt_buy_req"": ""0"", ""ovt_buy_req_pre"": ""0"", ""return_code"": 0, ""return_msg"": ""정상적으로 처리되었습니다""}"
2026-09-10,scan_candidate,089860,2026-09-10T09:30:14.472901,0,main_scan,48500,50900,48500,48400,48500,48600,-0.1071082474226846,0.2061855670103093,7004150,1848147849200,4475034650,4.6084989106069685,-4.715127701375246,"{""bid_req_base_tm"": ""093054"", ""sel_10th_pre_req_pre"": ""0"", ""sel_10th_pre_req"": ""33"", ""sel_10th_pre_bid"": ""+48950"", ""sel_9th_pre_req_pre"": ""0"", ""sel_9th_pre_req"": ""33"", ""sel_9th_pre_bid"": ""+48900"", ""sel_8th_pre_req_pre"": ""0"", ""sel_8th_pre_req"": ""95"", ""sel_8th_pre_bid"": ""+48850"", ""sel_7th_pre_req_pre"": ""0"", ""sel_7th_pre_req"": ""80"", ""sel_7th_pre_bid"": ""+48800"", ""sel_6th_pre_req_pre"": ""0"", ""sel_6th_pre_req"": ""107"", ""sel_6th_pre_bid"": ""+48750"", ""sel_5th_pre_req_pre"": ""0"", ""sel_5th_pre_req"": ""31"", ""sel_5th_pre_bid"": ""48700"", ""sel_4th_pre_req_pre"": ""0"", ""sel_4th_pre_req"": ""146"", ""sel_4th_pre_bid"": ""-48650"", ""sel_3th_pre_req_pre"": ""0"", ""sel_3th_pre_req"": ""21"", ""sel_3th_pre_bid"": ""-48600"", ""sel_2th_pre_req_pre"": ""0"", ""sel_2th_pre_req"": ""13"", ""sel_2th_pre_bid"": ""-48550"", ""sel_1th_pre_req_pre"": ""0"", ""sel_fpr_req"": ""2"", ""sel_fpr_bid"": ""-48500"", ""buy_fpr_bid"": ""-48400"", ""buy_fpr_req"": ""153"", ""buy_1th_pre_req_pre"": ""0"", ""buy_2th_pre_bid"": ""-48350"", ""buy_2th_pre_req"": ""7"", ""buy_2th_pre_req_pre"": ""0"", ""buy_3th_pre_bid"": ""-48300"", ""buy_3th_pre_req"": ""1064"", ""buy_3th_pre_req_pre"": ""0"", ""buy_4th_pre_bid"": ""-48250"", ""buy_4th_pre_req"": ""147"", ""buy_4th_pre_req_pre"": ""0"", ""buy_5th_pre_bid"": ""-48200"", ""buy_5th_pre_req"": ""154"", ""buy_5th_pre_req_pre"": ""0"", ""buy_6th_pre_bid"": ""-48150"", ""buy_6th_pre_req"": ""316"", ""buy_6th_pre_req_pre"": ""0"", ""buy_7th_pre_bid"": ""-48100"", ""buy_7th_pre_req"": ""1278"", ""buy_7th_pre_req_pre"": ""0"", ""buy_8th_pre_bid"": ""-48050"", ""buy_8th_pre_req"": ""1212"", ""buy_8th_pre_req_pre"": ""0"", ""buy_9th_pre_bid"": ""-48000"", ""buy_9th_pre_req"": ""1767"", ""buy_9th_pre_req_pre"": ""0"", ""buy_10th_pre_bid"": ""-47950"", ""buy_10th_pre_req"": ""1202"", ""buy_10th_pre_req_pre"": ""0"", ""tot_sel_req_jub_pre"": ""0"", ""tot_sel_req"": ""561"", ""tot_buy_req"": ""7300"", ""tot_buy_req_jub_pre"": ""0"", ""ovt_sel_req_pre"": ""0"", ""ovt_sel_req"": ""0"", ""ovt_buy_req"": ""0"", ""ovt_buy_req_pre"": ""0"", ""return_code"": 0, ""return_msg"": ""정상적으로 처리되었습니다""}"
2026-09-10,scan_candidate,475150,2026-09-10T09:30:14.472901,0,main_scan,52900,52000,52900,52800,52900,53100,-0.021332703213617188,0.1890359168241966,174388900,1771484208000,54017851750,4.6084989106069685,1.7307692307692308,"{""bid_req_base_tm"": ""093102"", ""sel_10th_pre_req_pre"": ""0"", ""sel_10th_pre_req"": ""1621"", ""sel_10th_pre_bid"": ""+53800"", ""sel_9th_pre_req_pre"": ""0"", ""sel_9th_pre_req"": ""1642"", ""sel_9th_pre_bid"": ""+53700"", ""sel_8th_pre_req_pre"": ""0"", ""sel_8th_pre_req"": ""2006"", ""sel_8th_pre_bid"": ""+53600"", ""sel_7th_pre_req_pre"": ""0"", ""sel_7th_pre_req"": ""3730"", ""sel_7th_pre_bid"": ""+53500"", ""sel_6th_pre_req_pre"": ""0"", ""sel_6th_pre_req"": ""852"", ""sel_6th_pre_bid"": ""+53400"", ""sel_5th_pre_req_pre"": ""0"", ""sel_5th_pre_req"": ""947"", ""sel_5th_pre_bid"": ""+53300"", ""sel_4th_pre_req_pre"": ""0"", ""sel_4th_pre_req"": ""1108"", ""sel_4th_pre_bid"": ""53200"", ""sel_3th_pre_req_pre"": ""0"", ""sel_3th_pre_req"": ""1034"", ""sel_3th_pre_bid"": ""-53100"", ""sel_2th_pre_req_pre"": ""0"", ""sel_2th_pre_req"": ""814"", ""sel_2th_pre_bid"": ""-53000"", ""sel_1th_pre_req_pre"": ""0"", ""sel_fpr_req"": ""491"", ""sel_fpr_bid"": ""-52900"", ""buy_fpr_bid"": ""-52800"", ""buy_fpr_req"": ""322"", ""buy_1th_pre_req_pre"": ""0"", ""buy_2th_pre_bid"": ""-52700"", ""buy_2th_pre_req"": ""2898"", ""buy_2th_pre_req_pre"": ""+50"", ""buy_3th_pre_bid"": ""-52600"", ""buy_3th_pre_req"": ""2589"", ""buy_3th_pre_req_pre"": ""0"", ""buy_4th_pre_bid"": ""-52500"", ""buy_4th_pre_req"": ""3714"", ""buy_4th_pre_req_pre"": ""0"", ""buy_5th_pre_bid"": ""-52400"", ""buy_5th_pre_req"": ""4916"", ""buy_5th_pre_req_pre"": ""0"", ""buy_6th_pre_bid"": ""-52300"", ""buy_6th_pre_req"": ""6037"", ""buy_6th_pre_req_pre"": ""0"", ""buy_7th_pre_bid"": ""-52200"", ""buy_7th_pre_req"": ""4706"", ""buy_7th_pre_req_pre"": ""0"", ""buy_8th_pre_bid"": ""-52100"", ""buy_8th_pre_req"": ""3754"", ""buy_8th_pre_req_pre"": ""0"", ""buy_9th_pre_bid"": ""-52000"", ""buy_9th_pre_req"": ""7618"", ""buy_9th_pre_req_pre"": ""0"", ""buy_10th_pre_bid"": ""-51900"", ""buy_10th_pre_req"": ""1914"", ""buy_10th_pre_req_pre"": ""0"", ""tot_sel_req_jub_pre"": ""0"", ""tot_sel_req"": ""14245"", ""tot_buy_req"": ""38468"", ""tot_buy_req_jub_pre"": ""+50"", ""ovt_sel_req_pre"": ""0"", ""ovt_sel_req"": ""0"", ""ovt_buy_req"": ""0"", ""ovt_buy_req_pre"": ""0"", ""return_code"": 0, ""return_msg"": ""정상적으로 처리되었습니다""}"
2026-09-10,scan_candidate,071970,2026-09-10T09:30:14.472901,0,main_scan,51700,50200,51700,51600,51700,51900,-0.016953578336570005,0.19342359767891684,14309900,1702859049000,3290295200,4.6084989106069685,2.9880478087649402,"{""bid_req_base_tm"": ""093059"", ""sel_10th_pre_req_pre"": ""0"", ""sel_10th_pre_req"": ""200"", ""sel_10th_pre_bid"": ""-52600"", ""sel_9th_pre_req_pre"": ""0"", ""sel_9th_pre_req"": ""261"", ""sel_9th_pre_bid"": ""-52500"", ""sel_8th_pre_req_pre"": ""0"", ""sel_8th_pre_req"": ""301"", ""sel_8th_pre_bid"": ""-52400"", ""sel_7th_pre_req_pre"": ""0"", ""sel_7th_pre_req"": ""25"", ""sel_7th_pre_bid"": ""-52300"", ""sel_6th_pre_req_pre"": ""0"", ""sel_6th_pre_req"": ""75"", ""sel_6th_pre_bid"": ""-52200"", ""sel_5th_pre_req_pre"": ""0"", ""sel_5th_pre_req"": ""89"", ""sel_5th_pre_bid"": ""-52100"", ""sel_4th_pre_req_pre"": ""0"", ""sel_4th_pre_req"": ""58"", ""sel_4th_pre_bid"": ""-52000"", ""sel_3th_pre_req_pre"": ""0"", ""sel_3th_pre_req"": ""25"", ""sel_3th_pre_bid"": ""-51900"", ""sel_2th_pre_req_pre"": ""0"", ""sel_2th_pre_req"": ""63"", ""sel_2th_pre_bid"": ""-51800"", ""sel_1th_pre_req_pre"": ""--28"", ""sel_fpr_req"": ""113"", ""sel_fpr_bid"": ""-51700"", ""buy_fpr_bid"": ""-51600"", ""buy_fpr_req"": ""3"", ""buy_1th_pre_req_pre"": ""0"", ""buy_2th_pre_bid"": ""-51500"", ""buy_2th_pre_req"": ""130"", ""buy_2th_pre_req_pre"": ""0"", ""buy_3th_pre_bid"": ""-51400"", ""buy_3th_pre_req"": ""80"", ""buy_3th_pre_req_pre"": ""0"", ""buy_4th_pre_bid"": ""-51300"", ""buy_4th_pre_req"": ""481"", ""buy_4th_pre_req_pre"": ""0"", ""buy_5th_pre_bid"": ""-51200"", ""buy_5th_pre_req"": ""676"", ""buy_5th_pre_req_pre"": ""0"", ""buy_6th_pre_bid"": ""-51100"", ""buy_6th_pre_req"": ""1305"", ""buy_6th_pre_req_pre"": ""0"", ""buy_7th_pre_bid"": ""-51000"", ""buy_7th_pre_req"": ""775"", ""buy_7th_pre_req_pre"": ""0"", ""buy_8th_pre_bid"": ""-50900"", ""buy_8th_pre_req"": ""966"", ""buy_8th_pre_req_pre"": ""0"", ""buy_9th_pre_bid"": ""-50800"", ""buy_9th_pre_req"": ""557"", ""buy_9th_pre_req_pre"": ""0"", ""buy_10th_pre_bid"": ""-50700"", ""buy_10th_pre_req"": ""42"", ""buy_10th_pre_req_pre"": ""0"", ""tot_sel_req_jub_pre"": ""--28"", ""tot_sel_req"": ""1210"", ""tot_buy_req"": ""5015"", ""tot_buy_req_jub_pre"": ""0"", ""ovt_sel_req_pre"": ""0"", ""ovt_sel_req"": ""0"", ""ovt_buy_req"": ""0"", ""ovt_buy_req_pre"": ""0"", ""return_code"": 0, ""return_msg"": ""정상적으로 처리되었습니다""}"
2026-09-10,scan_candidate,120110,2026-09-10T09:30:14.472901,0,main_scan,57100,55800,57100,57000,57100,57200,-0.2100000000000061,0.17513134851138354,34221900,1670988585600,10224587200,4.6084989106069685,2.3297491039426523,"{""bid_req_base_tm"": ""093100"", ""sel_10th_pre_req_pre"": ""0"", ""sel_10th_pre_req"": ""642"", ""sel_10th_pre_bid"": ""+58000"", ""sel_9th_pre_req_pre"": ""0"", ""sel_9th_pre_req"": ""145"", ""sel_9th_pre_bid"": ""+57900"", ""sel_8th_pre_req_pre"": ""0"", ""sel_8th_pre_req"": ""212"", ""sel_8th_pre_bid"": ""+57800"", ""sel_7th_pre_req_pre"": ""0"", ""sel_7th_pre_req"": ""8"", ""sel_7th_pre_bid"": ""+57700"", ""sel_6th_pre_req_pre"": ""0"", ""sel_6th_pre_req"": ""14"", ""sel_6th_pre_bid"": ""+57600"", ""sel_5th_pre_req_pre"": ""0"", ""sel_5th_pre_req"": ""263"", ""sel_5th_pre_bid"": ""+57500"", ""sel_4th_pre_req_pre"": ""0"", ""sel_4th_pre_req"": ""44"", ""sel_4th_pre_bid"": ""+57400"", ""sel_3th_pre_req_pre"": ""0"", ""sel_3th_pre_req"": ""317"", ""sel_3th_pre_bid"": ""+57300"", ""sel_2th_pre_req_pre"": ""0"", ""sel_2th_pre_req"": ""188"", ""sel_2th_pre_bid"": ""+57200"", ""sel_1th_pre_req_pre"": ""0"", ""sel_fpr_req"": ""8"", ""sel_fpr_bid"": ""+57100"", ""buy_fpr_bid"": ""+57000"", ""buy_fpr_req"": ""1"", ""buy_1th_pre_req_pre"": ""0"", ""buy_2th_pre_bid"": ""56900"", ""buy_2th_pre_req"": ""301"", ""buy_2th_pre_req_pre"": ""0"", ""buy_3th_pre_bid"": ""-56800"", ""buy_3th_pre_req"": ""139"", ""buy_3th_pre_req_pre"": ""0"", ""buy_4th_pre_bid"": ""-56700"", ""buy_4th_pre_req"": ""170"", ""buy_4th_pre_req_pre"": ""0"", ""buy_5th_pre_bid"": ""-56600"", ""buy_5th_pre_req"": ""321"", ""buy_5th_pre_req_pre"": ""0"", ""buy_6th_pre_bid"": ""-56500"", ""buy_6th_pre_req"": ""880"", ""buy_6th_pre_req_pre"": ""0"", ""buy_7th_pre_bid"": ""-56400"", ""buy_7th_pre_req"": ""248"", ""buy_7th_pre_req_pre"": ""0"", ""buy_8th_pre_bid"": ""-56300"", ""buy_8th_pre_req"": ""214"", ""buy_8th_pre_req_pre"": ""0"", ""buy_9th_pre_bid"": ""-56200"", ""buy_9th_pre_req"": ""178"", ""buy_9th_pre_req_pre"": ""0"", ""buy_10th_pre_bid"": ""-56100"", ""buy_10th_pre_req"": ""318"", ""buy_10th_pre_req_pre"": ""0"", ""tot_sel_req_jub_pre"": ""--1109"", ""tot_sel_req"": ""1841"", ""tot_buy_req"": ""2770"", ""tot_buy_req_jub_pre"": ""0"", ""ovt_sel_req_pre"": ""0"", ""ovt_sel_req"": ""0"", ""ovt_buy_req"": ""0"", ""ovt_buy_req_pre"": ""0"", ""return_code"": 0, ""return_msg"": ""정상적으로 처리되었습니다""}"
2026-09-10,scan_candidate,008770,2026-09-10T09:30:14.472901,0,main_scan,41350,42200,41350,41300,41350,41550,0.1520495767835318,0.12091898428053204,30636950,1656270706200,5338517400,4.6084989106069685,-2.014218009478673,"{""bid_req_base_tm"": ""093058"", ""sel_10th_pre_req_pre"": ""0"", ""sel_10th_pre_req"": ""312"", ""sel_10th_pre_bid"": ""+41900"", ""sel_9th_pre_req_pre"": ""0"", ""sel_9th_pre_req"": ""151"", ""sel_9th_pre_bid"": ""+41850"", ""sel_8th_pre_req_pre"": ""0"", ""sel_8th_pre_req"": ""451"", ""sel_8th_pre_bid"": ""+41800"", ""sel_7th_pre_req_pre"": ""0"", ""sel_7th_pre_req"": ""9"", ""sel_7th_pre_bid"": ""+41750"", ""sel_6th_pre_req_pre"": ""0"", ""sel_6th_pre_req"": ""60"", ""sel_6th_pre_bid"": ""41700"", ""sel_5th_pre_req_pre"": ""0"", ""sel_5th_pre_req"": ""15"", ""sel_5th_pre_bid"": ""-41650"", ""sel_4th_pre_req_pre"": ""0"", ""sel_4th_pre_req"": ""148"", ""sel_4th_pre_bid"": ""-41600"", ""sel_3th_pre_req_pre"": ""0"", ""sel_3th_pre_req"": ""1"", ""sel_3th_pre_bid"": ""-41550"", ""sel_2th_pre_req_pre"": ""0"", ""sel_2th_pre_req"": ""239"", ""sel_2th_pre_bid"": ""-41400"", ""sel_1th_pre_req_pre"": ""0"", ""sel_fpr_req"": ""420"", ""sel_fpr_bid"": ""-41350"", ""buy_fpr_bid"": ""-41300"", ""buy_fpr_req"": ""355"", ""buy_1th_pre_req_pre"": ""0"", ""buy_2th_pre_bid"": ""-41250"", ""buy_2th_pre_req"": ""2036"", ""buy_2th_pre_req_pre"": ""0"", ""buy_3th_pre_bid"": ""-41200"", ""buy_3th_pre_req"": ""4018"", ""buy_3th_pre_req_pre"": ""0"", ""buy_4th_pre_bid"": ""-41150"", ""buy_4th_pre_req"": ""1243"", ""buy_4th_pre_req_pre"": ""0"", ""buy_5th_pre_bid"": ""-41100"", ""buy_5th_pre_req"": ""3383"", ""buy_5th_pre_req_pre"": ""0"", ""buy_6th_pre_bid"": ""-41050"", ""buy_6th_pre_req"": ""3540"", ""buy_6th_pre_req_pre"": ""0"", ""buy_7th_pre_bid"": ""-41000"", ""buy_7th_pre_req"": ""5280"", ""buy_7th_pre_req_pre"": ""0"", ""buy_8th_pre_bid"": ""-40950"", ""buy_8th_pre_req"": ""1411"", ""buy_8th_pre_req_pre"": ""0"", ""buy_9th_pre_bid"": ""-40900"", ""buy_9th_pre_req"": ""2083"", ""buy_9th_pre_req_pre"": ""0"", ""buy_10th_pre_bid"": ""-40850"", ""buy_10th_pre_req"": ""821"", ""buy_10th_pre_req_pre"": ""0"", ""tot_sel_req_jub_pre"": ""0"", ""tot_sel_req"": ""1806"", ""tot_buy_req"": ""24170"", ""tot_buy_req_jub_pre"": ""0"", ""ovt_sel_req_pre"": ""0"", ""ovt_sel_req"": ""0"", ""ovt_buy_req"": ""0"", ""ovt_buy_req_pre"": ""0"", ""return_code"": 0, ""return_msg"": ""정상적으로 처리되었습니다""}"
2026-09-10,scan_candidate,322000,2026-09-10T09:30:14.472901,0,main_scan,141900,138900,141900,141600,141900,142000,-0.4913389711064072,0.21141649048625794,17753400,1555680000000,32071420100,4.6084989106069685,2.159827213822894,"{""bid_req_base_tm"": ""093103"", ""sel_10th_pre_req_pre"": ""0"", ""sel_10th_pre_req"": ""163"", ""sel_10th_pre_bid"": ""-143000"", ""sel_9th_pre_req_pre"": ""0"", ""sel_9th_pre_req"": ""59"", ""sel_9th_pre_bid"": ""-142900"", ""sel_8th_pre_req_pre"": ""0"", ""sel_8th_pre_req"": ""6"", ""sel_8th_pre_bid"": ""-142800"", ""sel_7th_pre_req_pre"": ""0"", ""sel_7th_pre_req"": ""58"", ""sel_7th_pre_bid"": ""-142500"", ""sel_6th_pre_req_pre"": ""0"", ""sel_6th_pre_req"": ""13"", ""sel_6th_pre_bid"": ""-142400"", ""sel_5th_pre_req_pre"": ""0"", ""sel_5th_pre_req"": ""1"", ""sel_5th_pre_bid"": ""-142300"", ""sel_4th_pre_req_pre"": ""0"", ""sel_4th_pre_req"": ""51"", ""sel_4th_pre_bid"": ""-142200"", ""sel_3th_pre_req_pre"": ""0"", ""sel_3th_pre_req"": ""23"", ""sel_3th_pre_bid"": ""-142100"", ""sel_2th_pre_req_pre"": ""0"", ""sel_2th_pre_req"": ""19"", ""sel_2th_pre_bid"": ""-142000"", ""sel_1th_pre_req_pre"": ""0"", ""sel_fpr_req"": ""55"", ""sel_fpr_bid"": ""-141900"", ""buy_fpr_bid"": ""-141600"", ""buy_fpr_req"": ""12"", ""buy_1th_pre_req_pre"": ""0"", ""buy_2th_pre_bid"": ""-141500"", ""buy_2th_pre_req"": ""36"", ""buy_2th_pre_req_pre"": ""0"", ""buy_3th_pre_bid"": ""-141400"", ""buy_3th_pre_req"": ""482"", ""buy_3th_pre_req_pre"": ""0"", ""buy_4th_pre_bid"": ""-141000"", ""buy_4th_pre_req"": ""70"", ""buy_4th_pre_req_pre"": ""0"", ""buy_5th_pre_bid"": ""-140900"", ""buy_5th_pre_req"": ""5"", ""buy_5th_pre_req_pre"": ""0"", ""buy_6th_pre_bid"": ""-140800"", ""buy_6th_pre_req"": ""80"", ""buy_6th_pre_req_pre"": ""0"", ""buy_7th_pre_bid"": ""-140700"", ""buy_7th_pre_req"": ""102"", ""buy_7th_pre_req_pre"": ""0"", ""buy_8th_pre_bid"": ""-140500"", ""buy_8th_pre_req"": ""113"", ""buy_8th_pre_req_pre"": ""0"", ""buy_9th_pre_bid"": ""-140400"", ""buy_9th_pre_req"": ""94"", ""buy_9th_pre_req_pre"": ""0"", ""buy_10th_pre_bid"": ""-140300"", ""buy_10th_pre_req"": ""56"", ""buy_10th_pre_req_pre"": ""0"", ""tot_sel_req_jub_pre"": ""0"", ""tot_sel_req"": ""448"", ""tot_buy_req"": ""1050"", ""tot_buy_req_jub_pre"": ""--25"", ""ovt_sel_req_pre"": ""0"", ""ovt_sel_req"": ""0"", ""ovt_buy_req"": ""0"", ""ovt_buy_req_pre"": ""0"", ""return_code"": 0, ""return_msg"": ""정상적으로 처리되었습니다""}"
2026-09-10,scan_candidate,001430,2026-09-10T09:30:14.472901,0,main_scan,41200,42350,41200,41150,41200,41250,-0.21000000000000987,0.12135922330097086,19141450,1518760739650,5612061025,4.6084989106069685,-2.715466351829988,"{""bid_req_base_tm"": ""093102"", ""sel_10th_pre_req_pre"": ""0"", ""sel_10th_pre_req"": ""82"", ""sel_10th_pre_bid"": ""-41650"", ""sel_9th_pre_req_pre"": ""0"", ""sel_9th_pre_req"": ""26"", ""sel_9th_pre_bid"": ""-41600"", ""sel_8th_pre_req_pre"": ""0"", ""sel_8th_pre_req"": ""22"", ""sel_8th_pre_bid"": ""-41550"", ""sel_7th_pre_req_pre"": ""0"", ""sel_7th_pre_req"": ""66"", ""sel_7th_pre_bid"": ""-41500"", ""sel_6th_pre_req_pre"": ""0"", ""sel_6th_pre_req"": ""44"", ""sel_6th_pre_bid"": ""-41450"", ""sel_5th_pre_req_pre"": ""0"", ""sel_5th_pre_req"": ""48"", ""sel_5th_pre_bid"": ""-41400"", ""sel_4th_pre_req_pre"": ""0"", ""sel_4th_pre_req"": ""14"", ""sel_4th_pre_bid"": ""-41350"", ""sel_3th_pre_req_pre"": ""0"", ""sel_3th_pre_req"": ""139"", ""sel_3th_pre_bid"": ""-41300"", ""sel_2th_pre_req_pre"": ""0"", ""sel_2th_pre_req"": ""160"", ""sel_2th_pre_bid"": ""-41250"", ""sel_1th_pre_req_pre"": ""0"", ""sel_fpr_req"": ""178"", ""sel_fpr_bid"": ""-41200"", ""buy_fpr_bid"": ""-41150"", ""buy_fpr_req"": ""69"", ""buy_1th_pre_req_pre"": ""0"", ""buy_2th_pre_bid"": ""-41100"", ""buy_2th_pre_req"": ""180"", ""buy_2th_pre_req_pre"": ""0"", ""buy_3th_pre_bid"": ""-41050"", ""buy_3th_pre_req"": ""12"", ""buy_3th_pre_req_pre"": ""0"", ""buy_4th_pre_bid"": ""-41000"", ""buy_4th_pre_req"": ""302"", ""buy_4th_pre_req_pre"": ""--94"", ""buy_5th_pre_bid"": ""-40950"", ""buy_5th_pre_req"": ""27"", ""buy_5th_pre_req_pre"": ""0"", ""buy_6th_pre_bid"": ""-40900"", ""buy_6th_pre_req"": ""284"", ""buy_6th_pre_req_pre"": ""0"", ""buy_7th_pre_bid"": ""-40850"", ""buy_7th_pre_req"": ""70"", ""buy_7th_pre_req_pre"": ""0"", ""buy_8th_pre_bid"": ""-40800"", ""buy_8th_pre_req"": ""309"", ""buy_8th_pre_req_pre"": ""0"", ""buy_9th_pre_bid"": ""-40750"", ""buy_9th_pre_req"": ""70"", ""buy_9th_pre_req_pre"": ""0"", ""buy_10th_pre_bid"": ""-40700"", ""buy_10th_pre_req"": ""142"", ""buy_10th_pre_req_pre"": ""0"", ""tot_sel_req_jub_pre"": ""0"", ""tot_sel_req"": ""779"", ""tot_buy_req"": ""1465"", ""tot_buy_req_jub_pre"": ""--94"", ""ovt_sel_req_pre"": ""0"", ""ovt_sel_req"": ""0"", ""ovt_buy_req"": ""0"", ""ovt_buy_req_pre"": ""0"", ""return_code"": 0, ""return_msg"": ""정상적으로 처리되었습니다""}"
2026-09-10,scan_candidate,298020,2026-09-10T09:30:14.472901,0,main_scan,340000,347000,340000,339500,340000,341000,-0.06322794117648085,0.14705882352941177,22858000,1501705654000,3528273500,4.6084989106069685,-2.0172910662824206,"{""bid_req_base_tm"": ""093037"", ""sel_10th_pre_req_pre"": ""0"", ""sel_10th_pre_req"": ""5"", ""sel_10th_pre_bid"": ""+345500"", ""sel_9th_pre_req_pre"": ""0"", ""sel_9th_pre_req"": ""50"", ""sel_9th_pre_bid"": ""+345000"", ""sel_8th_pre_req_pre"": ""0"", ""sel_8th_pre_req"": ""22"", ""sel_8th_pre_bid"": ""+344500"", ""sel_7th_pre_req_pre"": ""0"", ""sel_7th_pre_req"": ""30"", ""sel_7th_pre_bid"": ""+344000"", ""sel_6th_pre_req_pre"": ""0"", ""sel_6th_pre_req"": ""8"", ""sel_6th_pre_bid"": ""+343500"", ""sel_5th_pre_req_pre"": ""0"", ""sel_5th_pre_req"": ""31"", ""sel_5th_pre_bid"": ""342000"", ""sel_4th_pre_req_pre"": ""0"", ""sel_4th_pre_req"": ""10"", ""sel_4th_pre_bid"": ""-341500"", ""sel_3th_pre_req_pre"": ""0"", ""sel_3th_pre_req"": ""40"", ""sel_3th_pre_bid"": ""-341000"", ""sel_2th_pre_req_pre"": ""0"", ""sel_2th_pre_req"": ""6"", ""sel_2th_pre_bid"": ""-340500"", ""sel_1th_pre_req_pre"": ""0"", ""sel_fpr_req"": ""7"", ""sel_fpr_bid"": ""-340000"", ""buy_fpr_bid"": ""-339500"", ""buy_fpr_req"": ""4"", ""buy_1th_pre_req_pre"": ""0"", ""buy_2th_pre_bid"": ""-339000"", ""buy_2th_pre_req"": ""39"", ""buy_2th_pre_req_pre"": ""0"", ""buy_3th_pre_bid"": ""-338500"", ""buy_3th_pre_req"": ""45"", ""buy_3th_pre_req_pre"": ""0"", ""buy_4th_pre_bid"": ""-337500"", ""buy_4th_pre_req"": ""4"", ""buy_4th_pre_req_pre"": ""0"", ""buy_5th_pre_bid"": ""-337000"", ""buy_5th_pre_req"": ""20"", ""buy_5th_pre_req_pre"": ""0"", ""buy_6th_pre_bid"": ""-336500"", ""buy_6th_pre_req"": ""33"", ""buy_6th_pre_req_pre"": ""0"", ""buy_7th_pre_bid"": ""-336000"", ""buy_7th_pre_req"": ""35"", ""buy_7th_pre_req_pre"": ""0"", ""buy_8th_pre_bid"": ""-335500"", ""buy_8th_pre_req"": ""33"", ""buy_8th_pre_req_pre"": ""0"", ""buy_9th_pre_bid"": ""-335000"", ""buy_9th_pre_req"": ""50"", ""buy_9th_pre_req_pre"": ""0"", ""buy_10th_pre_bid"": ""-334500"", ""buy_10th_pre_req"": ""14"", ""buy_10th_pre_req_pre"": ""0"", ""tot_sel_req_jub_pre"": ""0"", ""tot_sel_req"": ""209"", ""tot_buy_req"": ""277"", ""tot_buy_req_jub_pre"": ""0"", ""ovt_sel_req_pre"": ""0"", ""ovt_sel_req"": ""0"", ""ovt_buy_req"": ""0"", ""ovt_buy_req_pre"": ""0"", ""return_code"": 0, ""return_msg"": ""정상적으로 처리되었습니다""}"
2026-09-10,scan_candidate,009155,2026-09-10T09:30:14.472901,0,main_scan,495500,501000,495500,495000,495500,496500,-0.10928859737640392,0.10090817356205853,67459000,1456398984000,9313108750,4.6084989106069685,-1.097804391217565,"{""bid_req_base_tm"": ""093103"", ""sel_10th_pre_req_pre"": ""0"", ""sel_10th_pre_req"": ""33"", ""sel_10th_pre_bid"": ""-500000"", ""sel_9th_pre_req_pre"": ""0"", ""sel_9th_pre_req"": ""4"", ""sel_9th_pre_bid"": ""-499500"", ""sel_8th_pre_req_pre"": ""0"", ""sel_8th_pre_req"": ""53"", ""sel_8th_pre_bid"": ""-499000"", ""sel_7th_pre_req_pre"": ""0"", ""sel_7th_pre_req"": ""21"", ""sel_7th_pre_bid"": ""-498500"", ""sel_6th_pre_req_pre"": ""0"", ""sel_6th_pre_req"": ""18"", ""sel_6th_pre_bid"": ""-498000"", ""sel_5th_pre_req_pre"": ""0"", ""sel_5th_pre_req"": ""7"", ""sel_5th_pre_bid"": ""-497500"", ""sel_4th_pre_req_pre"": ""0"", ""sel_4th_pre_req"": ""31"", ""sel_4th_pre_bid"": ""-497000"", ""sel_3th_pre_req_pre"": ""0"", ""sel_3th_pre_req"": ""6"", ""sel_3th_pre_bid"": ""-496500"", ""sel_2th_pre_req_pre"": ""+2"", ""sel_2th_pre_req"": ""60"", ""sel_2th_pre_bid"": ""-496000"", ""sel_1th_pre_req_pre"": ""0"", ""sel_fpr_req"": ""53"", ""sel_fpr_bid"": ""-495500"", ""buy_fpr_bid"": ""-495000"", ""buy_fpr_req"": ""31"", ""buy_1th_pre_req_pre"": ""0"", ""buy_2th_pre_bid"": ""-494500"", ""buy_2th_pre_req"": ""32"", ""buy_2th_pre_req_pre"": ""0"", ""buy_3th_pre_bid"": ""-494000"", ""buy_3th_pre_req"": ""28"", ""buy_3th_pre_req_pre"": ""0"", ""buy_4th_pre_bid"": ""-493500"", ""buy_4th_pre_req"": ""81"", ""buy_4th_pre_req_pre"": ""0"", ""buy_5th_pre_bid"": ""-493000"", ""buy_5th_pre_req"": ""127"", ""buy_5th_pre_req_pre"": ""0"", ""buy_6th_pre_bid"": ""-492500"", ""buy_6th_pre_req"": ""28"", ""buy_6th_pre_req_pre"": ""0"", ""buy_7th_pre_bid"": ""-492000"", ""buy_7th_pre_req"": ""126"", ""buy_7th_pre_req_pre"": ""0"", ""buy_8th_pre_bid"": ""-491500"", ""buy_8th_pre_req"": ""86"", ""buy_8th_pre_req_pre"": ""0"", ""buy_9th_pre_bid"": ""-491000"", ""buy_9th_pre_req"": ""106"", ""buy_9th_pre_req_pre"": ""0"", ""buy_10th_pre_bid"": ""-490500"", ""buy_10th_pre_req"": ""85"", ""buy_10th_pre_req_pre"": ""0"", ""tot_sel_req_jub_pre"": ""+2"", ""tot_sel_req"": ""286"", ""tot_buy_req"": ""730"", ""tot_buy_req_jub_pre"": ""0"", ""ovt_sel_req_pre"": ""0"", ""ovt_sel_req"": ""0"", ""ovt_buy_req"": ""0"", ""ovt_buy_req_pre"": ""0"", ""return_code"": 0, ""return_msg"": ""정상적으로 처리되었습니다""}"
2026-09-10,scan_candidate,281820,2026-09-10T09:30:14.472901,0,main_scan,68000,68100,68000,67800,68000,67500,-1.0906323529412048,0.29411764705882354,57873300,1348288814100,14628522950,4.6084989106069685,-0.14684287812041116,"{""bid_req_base_tm"": ""093100"", ""sel_10th_pre_req_pre"": ""0"", ""sel_10th_pre_req"": ""507"", ""sel_10th_pre_bid"": ""+68900"", ""sel_9th_pre_req_pre"": ""0"", ""sel_9th_pre_req"": ""161"", ""sel_9th_pre_bid"": ""+68800"", ""sel_8th_pre_req_pre"": ""0"", ""sel_8th_pre_req"": ""217"", ""sel_8th_pre_bid"": ""+68700"", ""sel_7th_pre_req_pre"": ""0"", ""sel_7th_pre_req"": ""245"", ""sel_7th_pre_bid"": ""+68600"", ""sel_6th_pre_req_pre"": ""0"", ""sel_6th_pre_req"": ""398"", ""sel_6th_pre_bid"": ""+68500"", ""sel_5th_pre_req_pre"": ""0"", ""sel_5th_pre_req"": ""521"", ""sel_5th_pre_bid"": ""+68400"", ""sel_4th_pre_req_pre"": ""0"", ""sel_4th_pre_req"": ""267"", ""sel_4th_pre_bid"": ""+68300"", ""sel_3th_pre_req_pre"": ""0"", ""sel_3th_pre_req"": ""150"", ""sel_3th_pre_bid"": ""+68200"", ""sel_2th_pre_req_pre"": ""0"", ""sel_2th_pre_req"": ""190"", ""sel_2th_pre_bid"": ""+68100"", ""sel_1th_pre_req_pre"": ""0"", ""sel_fpr_req"": ""95"", ""sel_fpr_bid"": ""+68000"", ""buy_fpr_bid"": ""+67800"", ""buy_fpr_req"": ""22"", ""buy_1th_pre_req_pre"": ""+7"", ""buy_2th_pre_bid"": ""+67700"", ""buy_2th_pre_req"": ""58"", ""buy_2th_pre_req_pre"": ""--7"", ""buy_3th_pre_bid"": ""+67600"", ""buy_3th_pre_req"": ""27"", ""buy_3th_pre_req_pre"": ""0"", ""buy_4th_pre_bid"": ""+67500"", ""buy_4th_pre_req"": ""49"", ""buy_4th_pre_req_pre"": ""0"", ""buy_5th_pre_bid"": ""+67400"", ""buy_5th_pre_req"": ""111"", ""buy_5th_pre_req_pre"": ""0"", ""buy_6th_pre_bid"": ""+67300"", ""buy_6th_pre_req"": ""33"", ""buy_6th_pre_req_pre"": ""0"", ""buy_7th_pre_bid"": ""+67200"", ""buy_7th_pre_req"": ""37"", ""buy_7th_pre_req_pre"": ""0"", ""buy_8th_pre_bid"": ""+67100"", ""buy_8th_pre_req"": ""174"", ""buy_8th_pre_req_pre"": ""0"", ""buy_9th_pre_bid"": ""+67000"", ""buy_9th_pre_req"": ""68"", ""buy_9th_pre_req_pre"": ""0"", ""buy_10th_pre_bid"": ""+66900"", ""buy_10th_pre_req"": ""27"", ""buy_10th_pre_req_pre"": ""0"", ""tot_sel_req_jub_pre"": ""0"", ""tot_sel_req"": ""2751"", ""tot_buy_req"": ""606"", ""tot_buy_req_jub_pre"": ""0"", ""ovt_sel_req_pre"": ""0"", ""ovt_sel_req"": ""0"", ""ovt_buy_req"": ""0"", ""ovt_buy_req_pre"": ""0"", ""return_code"": 0, ""return_msg"": ""정상적으로 처리되었습니다""}"
2026-09-10,scan_candidate,093370,2026-09-10T09:30:14.472901,0,main_scan,13040,12500,13040,13030,13040,13050,-0.5161503067484841,0.07668711656441718,22228880,1340691625000,13565774800,4.6084989106069685,4.32,"{""bid_req_base_tm"": ""093104"", ""sel_10th_pre_req_pre"": ""0"", ""sel_10th_pre_req"": ""191"", ""sel_10th_pre_bid"": ""-13150"", ""sel_9th_pre_req_pre"": ""0"", ""sel_9th_pre_req"": ""245"", ""sel_9th_pre_bid"": ""-13130"", ""sel_8th_pre_req_pre"": ""0"", ""sel_8th_pre_req"": ""195"", ""sel_8th_pre_bid"": ""-13120"", ""sel_7th_pre_req_pre"": ""0"", ""sel_7th_pre_req"": ""48"", ""sel_7th_pre_bid"": ""-13100"", ""sel_6th_pre_req_pre"": ""0"", ""sel_6th_pre_req"": ""127"", ""sel_6th_pre_bid"": ""-13090"", ""sel_5th_pre_req_pre"": ""0"", ""sel_5th_pre_req"": ""112"", ""sel_5th_pre_bid"": ""-13080"", ""sel_4th_pre_req_pre"": ""0"", ""sel_4th_pre_req"": ""322"", ""sel_4th_pre_bid"": ""-13070"", ""sel_3th_pre_req_pre"": ""0"", ""sel_3th_pre_req"": ""405"", ""sel_3th_pre_bid"": ""-13060"", ""sel_2th_pre_req_pre"": ""0"", ""sel_2th_pre_req"": ""735"", ""sel_2th_pre_bid"": ""-13050"", ""sel_1th_pre_req_pre"": ""+3"", ""sel_fpr_req"": ""458"", ""sel_fpr_bid"": ""-13040"", ""buy_fpr_bid"": ""-13030"", ""buy_fpr_req"": ""607"", ""buy_1th_pre_req_pre"": ""0"", ""buy_2th_pre_bid"": ""-13020"", ""buy_2th_pre_req"": ""1515"", ""buy_2th_pre_req_pre"": ""0"", ""buy_3th_pre_bid"": ""-13010"", ""buy_3th_pre_req"": ""2345"", ""buy_3th_pre_req_pre"": ""0"", ""buy_4th_pre_bid"": ""-13000"", ""buy_4th_pre_req"": ""8546"", ""buy_4th_pre_req_pre"": ""0"", ""buy_5th_pre_bid"": ""-12990"", ""buy_5th_pre_req"": ""3769"", ""buy_5th_pre_req_pre"": ""0"", ""buy_6th_pre_bid"": ""-12980"", ""buy_6th_pre_req"": ""1881"", ""buy_6th_pre_req_pre"": ""0"", ""buy_7th_pre_bid"": ""-12970"", ""buy_7th_pre_req"": ""1061"", ""buy_7th_pre_req_pre"": ""0"", ""buy_8th_pre_bid"": ""-12960"", ""buy_8th_pre_req"": ""2943"", ""buy_8th_pre_req_pre"": ""0"", ""buy_9th_pre_bid"": ""-12950"", ""buy_9th_pre_req"": ""5164"", ""buy_9th_pre_req_pre"": ""0"", ""buy_10th_pre_bid"": ""-12940"", ""buy_10th_pre_req"": ""1847"", ""buy_10th_pre_req_pre"": ""0"", ""tot_sel_req_jub_pre"": ""+3"", ""tot_sel_req"": ""2838"", ""tot_buy_req"": ""29678"", ""tot_buy_req_jub_pre"": ""0"", ""ovt_sel_req_pre"": ""0"", ""ovt_sel_req"": ""0"", ""ovt_buy_req"": ""0"", ""ovt_buy_req_pre"": ""0"", ""return_code"": 0, ""return_msg"": ""정상적으로 처리되었습니다""}"
2026-09-10,scan_candidate,361610,2026-09-10T09:30:14.472901,0,main_scan,18910,16280,18910,18890,18910,18850,-0.7905684822845115,0.10576414595452141,77772890,1331493988000,9951116800,4.6084989106069685,16.154791154791155,"{""bid_req_base_tm"": ""093104"", ""sel_10th_pre_req_pre"": ""0"", ""sel_10th_pre_req"": ""365"", ""sel_10th_pre_bid"": ""+19000"", ""sel_9th_pre_req_pre"": ""0"", ""sel_9th_pre_req"": ""214"", ""sel_9th_pre_bid"": ""+18990"", ""sel_8th_pre_req_pre"": ""0"", ""sel_8th_pre_req"": ""7"", ""sel_8th_pre_bid"": ""+18980"", ""sel_7th_pre_req_pre"": ""0"", ""sel_7th_pre_req"": ""1879"", ""sel_7th_pre_bid"": ""+18970"", ""sel_6th_pre_req_pre"": ""0"", ""sel_6th_pre_req"": ""12"", ""sel_6th_pre_bid"": ""+18960"", ""sel_5th_pre_req_pre"": ""0"", ""sel_5th_pre_req"": ""81"", ""sel_5th_pre_bid"": ""+18950"", ""sel_4th_pre_req_pre"": ""0"", ""sel_4th_pre_req"": ""675"", ""sel_4th_pre_bid"": ""+18940"", ""sel_3th_pre_req_pre"": ""0"", ""sel_3th_pre_req"": ""2961"", ""sel_3th_pre_bid"": ""+18930"", ""sel_2th_pre_req_pre"": ""0"", ""sel_2th_pre_req"": ""1163"", ""sel_2th_pre_bid"": ""+18920"", ""sel_1th_pre_req_pre"": ""+2"", ""sel_fpr_req"": ""277"", ""sel_fpr_bid"": ""+18910"", ""buy_fpr_bid"": ""+18890"", ""buy_fpr_req"": ""1"", ""buy_1th_pre_req_pre"": ""0"", ""buy_2th_pre_bid"": ""+18870"", ""buy_2th_pre_req"": ""1"", ""buy_2th_pre_req_pre"": ""0"", ""buy_3th_pre_bid"": ""+18860"", ""buy_3th_pre_req"": ""749"", ""buy_3th_pre_req_pre"": ""0"", ""buy_4th_pre_bid"": ""+18850"", ""buy_4th_pre_req"": ""199"", ""buy_4th_pre_req_pre"": ""0"", ""buy_5th_pre_bid"": ""+18840"", ""buy_5th_pre_req"": ""301"", ""buy_5th_pre_req_pre"": ""0"", ""buy_6th_pre_bid"": ""+18830"", ""buy_6th_pre_req"": ""805"", ""buy_6th_pre_req_pre"": ""0"", ""buy_7th_pre_bid"": ""+18820"", ""buy_7th_pre_req"": ""308"", ""buy_7th_pre_req_pre"": ""0"", ""buy_8th_pre_bid"": ""+18810"", ""buy_8th_pre_req"": ""565"", ""buy_8th_pre_req_pre"": ""0"", ""buy_9th_pre_bid"": ""+18800"", ""buy_9th_pre_req"": ""715"", ""buy_9th_pre_req_pre"": ""0"", ""buy_10th_pre_bid"": ""+18790"", ""buy_10th_pre_req"": ""808"", ""buy_10th_pre_req_pre"": ""0"", ""tot_sel_req_jub_pre"": ""+2"", ""tot_sel_req"": ""7634"", ""tot_buy_req"": ""4452"", ""tot_buy_req_jub_pre"": ""0"", ""ovt_sel_req_pre"": ""0"", ""ovt_sel_req"": ""0"", ""ovt_buy_req"": ""0"", ""ovt_buy_req_pre"": ""0"", ""return_code"": 0, ""return_msg"": ""정상적으로 처리되었습니다""}"
2026-09-10,scan_candidate,000815,2026-09-10T09:30:14.472901,0,main_scan,416000,430500,416000,415500,416000,416500,-0.2100000000000084,0.1201923076923077,30048500,1294522110000,7518256000,4.6084989106069685,-3.368176538908246,"{""bid_req_base_tm"": ""093104"", ""sel_10th_pre_req_pre"": ""0"", ""sel_10th_pre_req"": ""50"", ""sel_10th_pre_bid"": ""+421000"", ""sel_9th_pre_req_pre"": ""0"", ""sel_9th_pre_req"": ""8"", ""sel_9th_pre_bid"": ""+420500"", ""sel_8th_pre_req_pre"": ""0"", ""sel_8th_pre_req"": ""13"", ""sel_8th_pre_bid"": ""+420000"", ""sel_7th_pre_req_pre"": ""0"", ""sel_7th_pre_req"": ""5"", ""sel_7th_pre_bid"": ""+419500"", ""sel_6th_pre_req_pre"": ""0"", ""sel_6th_pre_req"": ""33"", ""sel_6th_pre_bid"": ""+419000"", ""sel_5th_pre_req_pre"": ""0"", ""sel_5th_pre_req"": ""64"", ""sel_5th_pre_bid"": ""+418000"", ""sel_4th_pre_req_pre"": ""0"", ""sel_4th_pre_req"": ""12"", ""sel_4th_pre_bid"": ""417500"", ""sel_3th_pre_req_pre"": ""0"", ""sel_3th_pre_req"": ""6"", ""sel_3th_pre_bid"": ""-417000"", ""sel_2th_pre_req_pre"": ""0"", ""sel_2th_pre_req"": ""17"", ""sel_2th_pre_bid"": ""-416500"", ""sel_1th_pre_req_pre"": ""0"", ""sel_fpr_req"": ""8"", ""sel_fpr_bid"": ""-416000"", ""buy_fpr_bid"": ""-415500"", ""buy_fpr_req"": ""24"", ""buy_1th_pre_req_pre"": ""0"", ""buy_2th_pre_bid"": ""-415000"", ""buy_2th_pre_req"": ""9"", ""buy_2th_pre_req_pre"": ""0"", ""buy_3th_pre_bid"": ""-414500"", ""buy_3th_pre_req"": ""42"", ""buy_3th_pre_req_pre"": ""0"", ""buy_4th_pre_bid"": ""-414000"", ""buy_4th_pre_req"": ""31"", ""buy_4th_pre_req_pre"": ""0"", ""buy_5th_pre_bid"": ""-413500"", ""buy_5th_pre_req"": ""4"", ""buy_5th_pre_req_pre"": ""0"", ""buy_6th_pre_bid"": ""-413000"", ""buy_6th_pre_req"": ""10"", ""buy_6th_pre_req_pre"": ""0"", ""buy_7th_pre_bid"": ""-412500"", ""buy_7th_pre_req"": ""11"", ""buy_7th_pre_req_pre"": ""0"", ""buy_8th_pre_bid"": ""-412000"", ""buy_8th_pre_req"": ""5"", ""buy_8th_pre_req_pre"": ""0"", ""buy_9th_pre_bid"": ""-411500"", ""buy_9th_pre_req"": ""50"", ""buy_9th_pre_req_pre"": ""0"", ""buy_10th_pre_bid"": ""-411000"", ""buy_10th_pre_req"": ""80"", ""buy_10th_pre_req_pre"": ""0"", ""tot_sel_req_jub_pre"": ""0"", ""tot_sel_req"": ""216"", ""tot_buy_req"": ""266"", ""tot_buy_req_jub_pre"": ""0"", ""ovt_sel_req_pre"": ""0"", ""ovt_sel_req"": ""0"", ""ovt_buy_req"": ""0"", ""ovt_buy_req_pre"": ""0"", ""return_code"": 0, ""return_msg"": ""정상적으로 처리되었습니다""}"
2026-09-10,scan_candidate,066575,2026-09-10T09:30:14.472901,0,main_scan,73700,74800,73700,73600,73700,73800,-0.21000000000000554,0.13568521031207598,48280300,1285161165200,3702573100,4.6084989106069685,-1.4705882352941175,"{""bid_req_base_tm"": ""093103"", ""sel_10th_pre_req_pre"": ""0"", ""sel_10th_pre_req"": ""30"", ""sel_10th_pre_bid"": ""+74600"", ""sel_9th_pre_req_pre"": ""0"", ""sel_9th_pre_req"": ""307"", ""sel_9th_pre_bid"": ""+74500"", ""sel_8th_pre_req_pre"": ""0"", ""sel_8th_pre_req"": ""26"", ""sel_8th_pre_bid"": ""+74400"", ""sel_7th_pre_req_pre"": ""0"", ""sel_7th_pre_req"": ""487"", ""sel_7th_pre_bid"": ""+74300"", ""sel_6th_pre_req_pre"": ""0"", ""sel_6th_pre_req"": ""125"", ""sel_6th_pre_bid"": ""+74200"", ""sel_5th_pre_req_pre"": ""0"", ""sel_5th_pre_req"": ""1"", ""sel_5th_pre_bid"": ""+74100"", ""sel_4th_pre_req_pre"": ""0"", ""sel_4th_pre_req"": ""621"", ""sel_4th_pre_bid"": ""+74000"", ""sel_3th_pre_req_pre"": ""0"", ""sel_3th_pre_req"": ""142"", ""sel_3th_pre_bid"": ""+73900"", ""sel_2th_pre_req_pre"": ""0"", ""sel_2th_pre_req"": ""85"", ""sel_2th_pre_bid"": ""73800"", ""sel_1th_pre_req_pre"": ""0"", ""sel_fpr_req"": ""52"", ""sel_fpr_bid"": ""-73700"", ""buy_fpr_bid"": ""-73600"", ""buy_fpr_req"": ""39"", ""buy_1th_pre_req_pre"": ""0"", ""buy_2th_pre_bid"": ""-73500"", ""buy_2th_pre_req"": ""143"", ""buy_2th_pre_req_pre"": ""+1"", ""buy_3th_pre_bid"": ""-73400"", ""buy_3th_pre_req"": ""497"", ""buy_3th_pre_req_pre"": ""0"", ""buy_4th_pre_bid"": ""-73300"", ""buy_4th_pre_req"": ""522"", ""buy_4th_pre_req_pre"": ""0"", ""buy_5th_pre_bid"": ""-73200"", ""buy_5th_pre_req"": ""11"", ""buy_5th_pre_req_pre"": ""0"", ""buy_6th_pre_bid"": ""-73100"", ""buy_6th_pre_req"": ""126"", ""buy_6th_pre_req_pre"": ""0"", ""buy_7th_pre_bid"": ""-73000"", ""buy_7th_pre_req"": ""224"", ""buy_7th_pre_req_pre"": ""0"", ""buy_8th_pre_bid"": ""-72900"", ""buy_8th_pre_req"": ""59"", ""buy_8th_pre_req_pre"": ""0"", ""buy_9th_pre_bid"": ""-72800"", ""buy_9th_pre_req"": ""244"", ""buy_9th_pre_req_pre"": ""0"", ""buy_10th_pre_bid"": ""-72700"", ""buy_10th_pre_req"": ""46"", ""buy_10th_pre_req_pre"": ""0"", ""tot_sel_req_jub_pre"": ""0"", ""tot_sel_req"": ""1876"", ""tot_buy_req"": ""1911"", ""tot_buy_req_jub_pre"": ""+1"", ""ovt_sel_req_pre"": ""0"", ""ovt_sel_req"": ""0"", ""ovt_buy_req"": ""0"", ""ovt_buy_req_pre"": ""0"", ""return_code"": 0, ""return_msg"": ""정상적으로 처리되었습니다""}"
2026-09-10,scan_candidate,001740,2026-09-10T09:30:14.472901,0,main_scan,6330,6400,6330,6310,6330,6360,0.1053396524486519,0.315955766192733,15261510,1283800889600,3747450065,4.6084989106069685,-1.09375,"{""bid_req_base_tm"": ""093104"", ""sel_10th_pre_req_pre"": ""0"", ""sel_10th_pre_req"": ""1548"", ""sel_10th_pre_bid"": ""+6420"", ""sel_9th_pre_req_pre"": ""0"", ""sel_9th_pre_req"": ""34"", ""sel_9th_pre_bid"": ""+6410"", ""sel_8th_pre_req_pre"": ""0"", ""sel_8th_pre_req"": ""1010"", ""sel_8th_pre_bid"": ""+6400"", ""sel_7th_pre_req_pre"": ""0"", ""sel_7th_pre_req"": ""92"", ""sel_7th_pre_bid"": ""+6390"", ""sel_6th_pre_req_pre"": ""0"", ""sel_6th_pre_req"": ""805"", ""sel_6th_pre_bid"": ""+6380"", ""sel_5th_pre_req_pre"": ""0"", ""sel_5th_pre_req"": ""2220"", ""sel_5th_pre_bid"": ""6370"", ""sel_4th_pre_req_pre"": ""0"", ""sel_4th_pre_req"": ""1110"", ""sel_4th_pre_bid"": ""-6360"", ""sel_3th_pre_req_pre"": ""0"", ""sel_3th_pre_req"": ""264"", ""sel_3th_pre_bid"": ""-6350"", ""sel_2th_pre_req_pre"": ""0"", ""sel_2th_pre_req"": ""25"", ""sel_2th_pre_bid"": ""-6340"", ""sel_1th_pre_req_pre"": ""--3"", ""sel_fpr_req"": ""199"", ""sel_fpr_bid"": ""-6330"", ""buy_fpr_bid"": ""-6310"", ""buy_fpr_req"": ""965"", ""buy_1th_pre_req_pre"": ""0"", ""buy_2th_pre_bid"": ""-6300"", ""buy_2th_pre_req"": ""3679"", ""buy_2th_pre_req_pre"": ""0"", ""buy_3th_pre_bid"": ""-6290"", ""buy_3th_pre_req"": ""3895"", ""buy_3th_pre_req_pre"": ""0"", ""buy_4th_pre_bid"": ""-6280"", ""buy_4th_pre_req"": ""2103"", ""buy_4th_pre_req_pre"": ""0"", ""buy_5th_pre_bid"": ""-6270"", ""buy_5th_pre_req"": ""4128"", ""buy_5th_pre_req_pre"": ""0"", ""buy_6th_pre_bid"": ""-6260"", ""buy_6th_pre_req"": ""3652"", ""buy_6th_pre_req_pre"": ""0"", ""buy_7th_pre_bid"": ""-6250"", ""buy_7th_pre_req"": ""8927"", ""buy_7th_pre_req_pre"": ""0"", ""buy_8th_pre_bid"": ""-6240"", ""buy_8th_pre_req"": ""1191"", ""buy_8th_pre_req_pre"": ""0"", ""buy_9th_pre_bid"": ""-6230"", ""buy_9th_pre_req"": ""1586"", ""buy_9th_pre_req_pre"": ""0"", ""buy_10th_pre_bid"": ""-6220"", ""buy_10th_pre_req"": ""7410"", ""buy_10th_pre_req_pre"": ""0"", ""tot_sel_req_jub_pre"": ""--3"", ""tot_sel_req"": ""7307"", ""tot_buy_req"": ""37536"", ""tot_buy_req_jub_pre"": ""0"", ""ovt_sel_req_pre"": ""0"", ""ovt_sel_req"": ""0"", ""ovt_buy_req"": ""0"", ""ovt_buy_req_pre"": ""0"", ""return_code"": 0, ""return_msg"": ""정상적으로 처리되었습니다""}"
2026-09-10,scan_candidate,007810,2026-09-10T09:30:14.472901,0,main_scan,51400,51000,51400,51300,51400,51600,-0.015826848249045355,0.19455252918287938,58151500,1223113620000,15552463750,4.6084989106069685,0.7843137254901961,"{""bid_req_base_tm"": ""093104"", ""sel_10th_pre_req_pre"": ""0"", ""sel_10th_pre_req"": ""111"", ""sel_10th_pre_bid"": ""-52300"", ""sel_9th_pre_req_pre"": ""0"", ""sel_9th_pre_req"": ""53"", ""sel_9th_pre_bid"": ""-52200"", ""sel_8th_pre_req_pre"": ""0"", ""sel_8th_pre_req"": ""3"", ""sel_8th_pre_bid"": ""-52100"", ""sel_7th_pre_req_pre"": ""0"", ""sel_7th_pre_req"": ""176"", ""sel_7th_pre_bid"": ""-52000"", ""sel_6th_pre_req_pre"": ""0"", ""sel_6th_pre_req"": ""45"", ""sel_6th_pre_bid"": ""-51900"", ""sel_5th_pre_req_pre"": ""0"", ""sel_5th_pre_req"": ""255"", ""sel_5th_pre_bid"": ""-51800"", ""sel_4th_pre_req_pre"": ""--1"", ""sel_4th_pre_req"": ""139"", ""sel_4th_pre_bid"": ""-51700"", ""sel_3th_pre_req_pre"": ""0"", ""sel_3th_pre_req"": ""166"", ""sel_3th_pre_bid"": ""-51600"", ""sel_2th_pre_req_pre"": ""+1"", ""sel_2th_pre_req"": ""695"", ""sel_2th_pre_bid"": ""-51500"", ""sel_1th_pre_req_pre"": ""0"", ""sel_fpr_req"": ""146"", ""sel_fpr_bid"": ""-51400"", ""buy_fpr_bid"": ""-51300"", ""buy_fpr_req"": ""53"", ""buy_1th_pre_req_pre"": ""0"", ""buy_2th_pre_bid"": ""-51200"", ""buy_2th_pre_req"": ""423"", ""buy_2th_pre_req_pre"": ""0"", ""buy_3th_pre_bid"": ""-51100"", ""buy_3th_pre_req"": ""294"", ""buy_3th_pre_req_pre"": ""0"", ""buy_4th_pre_bid"": ""-51000"", ""buy_4th_pre_req"": ""1194"", ""buy_4th_pre_req_pre"": ""0"", ""buy_5th_pre_bid"": ""-50900"", ""buy_5th_pre_req"": ""662"", ""buy_5th_pre_req_pre"": ""0"", ""buy_6th_pre_bid"": ""-50800"", ""buy_6th_pre_req"": ""867"", ""buy_6th_pre_req_pre"": ""0"", ""buy_7th_pre_bid"": ""-50700"", ""buy_7th_pre_req"": ""809"", ""buy_7th_pre_req_pre"": ""0"", ""buy_8th_pre_bid"": ""-50600"", ""buy_8th_pre_req"": ""1083"", ""buy_8th_pre_req_pre"": ""0"", ""buy_9th_pre_bid"": ""-50500"", ""buy_9th_pre_req"": ""820"", ""buy_9th_pre_req_pre"": ""0"", ""buy_10th_pre_bid"": ""-50400"", ""buy_10th_pre_req"": ""449"", ""buy_10th_pre_req_pre"": ""0"", ""tot_sel_req_jub_pre"": ""0"", ""tot_sel_req"": ""1789"", ""tot_buy_req"": ""6654"", ""tot_buy_req_jub_pre"": ""0"", ""ovt_sel_req_pre"": ""0"", ""ovt_sel_req"": ""0"", ""ovt_buy_req"": ""0"", ""ovt_buy_req_pre"": ""0"", ""return_code"": 0, ""return_msg"": ""정상적으로 처리되었습니다""}"
2026-09-10,scan_candidate,017960,2026-09-10T09:30:14.472901,0,main_scan,21800,22550,21800,21750,21800,21950,0.24782110091742118,0.22935779816513763,28266150,1165304759300,3046182375,4.6084989106069685,-3.325942350332594,"{""bid_req_base_tm"": ""093106"", ""sel_10th_pre_req_pre"": ""0"", ""sel_10th_pre_req"": ""328"", ""sel_10th_pre_bid"": ""-22250"", ""sel_9th_pre_req_pre"": ""0"", ""sel_9th_pre_req"": ""170"", ""sel_9th_pre_bid"": ""-22200"", ""sel_8th_pre_req_pre"": ""0"", ""sel_8th_pre_req"": ""1989"", ""sel_8th_pre_bid"": ""-22150"", ""sel_7th_pre_req_pre"": ""0"", ""sel_7th_pre_req"": ""244"", ""sel_7th_pre_bid"": ""-22100"", ""sel_6th_pre_req_pre"": ""0"", ""sel_6th_pre_req"": ""254"", ""sel_6th_pre_bid"": ""-22050"", ""sel_5th_pre_req_pre"": ""0"", ""sel_5th_pre_req"": ""313"", ""sel_5th_pre_bid"": ""-22000"", ""sel_4th_pre_req_pre"": ""0"", ""sel_4th_pre_req"": ""472"", ""sel_4th_pre_bid"": ""-21950"", ""sel_3th_pre_req_pre"": ""0"", ""sel_3th_pre_req"": ""362"", ""sel_3th_pre_bid"": ""-21900"", ""sel_2th_pre_req_pre"": ""0"", ""sel_2th_pre_req"": ""272"", ""sel_2th_pre_bid"": ""-21850"", ""sel_1th_pre_req_pre"": ""0"", ""sel_fpr_req"": ""278"", ""sel_fpr_bid"": ""-21800"", ""buy_fpr_bid"": ""-21750"", ""buy_fpr_req"": ""309"", ""buy_1th_pre_req_pre"": ""0"", ""buy_2th_pre_bid"": ""-21700"", ""buy_2th_pre_req"": ""1689"", ""buy_2th_pre_req_pre"": ""+7"", ""buy_3th_pre_bid"": ""-21650"", ""buy_3th_pre_req"": ""1882"", ""buy_3th_pre_req_pre"": ""0"", ""buy_4th_pre_bid"": ""-21600"", ""buy_4th_pre_req"": ""3596"", ""buy_4th_pre_req_pre"": ""0"", ""buy_5th_pre_bid"": ""-21550"", ""buy_5th_pre_req"": ""1771"", ""buy_5th_pre_req_pre"": ""0"", ""buy_6th_pre_bid"": ""-21500"", ""buy_6th_pre_req"": ""3569"", ""buy_6th_pre_req_pre"": ""0"", ""buy_7th_pre_bid"": ""-21450"", ""buy_7th_pre_req"": ""1225"", ""buy_7th_pre_req_pre"": ""0"", ""buy_8th_pre_bid"": ""-21400"", ""buy_8th_pre_req"": ""715"", ""buy_8th_pre_req_pre"": ""0"", ""buy_9th_pre_bid"": ""-21350"", ""buy_9th_pre_req"": ""789"", ""buy_9th_pre_req_pre"": ""0"", ""buy_10th_pre_bid"": ""-21300"", ""buy_10th_pre_req"": ""1073"", ""buy_10th_pre_req_pre"": ""0"", ""tot_sel_req_jub_pre"": ""0"", ""tot_sel_req"": ""4682"", ""tot_buy_req"": ""16618"", ""tot_buy_req_jub_pre"": ""+7"", ""ovt_sel_req_pre"": ""0"", ""ovt_sel_req"": ""0"", ""ovt_buy_req"": ""0"", ""ovt_buy_req_pre"": ""0"", ""return_code"": 0, ""return_msg"": ""정상적으로 처리되었습니다""}"
2026-09-10,scan_candidate,001820,2026-09-10T09:30:14.472901,0,main_scan,111400,109800,111400,111300,111400,111500,-0.568366247755838,0.08976660682226212,21522700,1141371000000,57315213250,4.6084989106069685,1.4571948998178506,"{""bid_req_base_tm"": ""093105"", ""sel_10th_pre_req_pre"": ""0"", ""sel_10th_pre_req"": ""72"", ""sel_10th_pre_bid"": ""-112500"", ""sel_9th_pre_req_pre"": ""0"", ""sel_9th_pre_req"": ""19"", ""sel_9th_pre_bid"": ""-112400"", ""sel_8th_pre_req_pre"": ""0"", ""sel_8th_pre_req"": ""10"", ""sel_8th_pre_bid"": ""-112300"", ""sel_7th_pre_req_pre"": ""0"", ""sel_7th_pre_req"": ""42"", ""sel_7th_pre_bid"": ""-112200"", ""sel_6th_pre_req_pre"": ""0"", ""sel_6th_pre_req"": ""60"", ""sel_6th_pre_bid"": ""-112100"", ""sel_5th_pre_req_pre"": ""0"", ""sel_5th_pre_req"": ""40"", ""sel_5th_pre_bid"": ""-112000"", ""sel_4th_pre_req_pre"": ""0"", ""sel_4th_pre_req"": ""2"", ""sel_4th_pre_bid"": ""-111900"", ""sel_3th_pre_req_pre"": ""0"", ""sel_3th_pre_req"": ""35"", ""sel_3th_pre_bid"": ""-111600"", ""sel_2th_pre_req_pre"": ""0"", ""sel_2th_pre_req"": ""38"", ""sel_2th_pre_bid"": ""-111500"", ""sel_1th_pre_req_pre"": ""0"", ""sel_fpr_req"": ""109"", ""sel_fpr_bid"": ""-111400"", ""buy_fpr_bid"": ""-111300"", ""buy_fpr_req"": ""1439"", ""buy_1th_pre_req_pre"": ""--30"", ""buy_2th_pre_bid"": ""-111200"", ""buy_2th_pre_req"": ""289"", ""buy_2th_pre_req_pre"": ""0"", ""buy_3th_pre_bid"": ""-111100"", ""buy_3th_pre_req"": ""824"", ""buy_3th_pre_req_pre"": ""0"", ""buy_4th_pre_bid"": ""-111000"", ""buy_4th_pre_req"": ""2540"", ""buy_4th_pre_req_pre"": ""0"", ""buy_5th_pre_bid"": ""-110900"", ""buy_5th_pre_req"": ""450"", ""buy_5th_pre_req_pre"": ""0"", ""buy_6th_pre_bid"": ""-110800"", ""buy_6th_pre_req"": ""713"", ""buy_6th_pre_req_pre"": ""0"", ""buy_7th_pre_bid"": ""-110700"", ""buy_7th_pre_req"": ""185"", ""buy_7th_pre_req_pre"": ""0"", ""buy_8th_pre_bid"": ""-110600"", ""buy_8th_pre_req"": ""287"", ""buy_8th_pre_req_pre"": ""0"", ""buy_9th_pre_bid"": ""-110500"", ""buy_9th_pre_req"": ""331"", ""buy_9th_pre_req_pre"": ""0"", ""buy_10th_pre_bid"": ""-110400"", ""buy_10th_pre_req"": ""91"", ""buy_10th_pre_req_pre"": ""0"", ""tot_sel_req_jub_pre"": ""0"", ""tot_sel_req"": ""427"", ""tot_buy_req"": ""7149"", ""tot_buy_req_jub_pre"": ""--30"", ""ovt_sel_req_pre"": ""0"", ""ovt_sel_req"": ""0"", ""ovt_buy_req"": ""0"", ""ovt_buy_req_pre"": ""0"", ""return_code"": 0, ""return_msg"": ""정상적으로 처리되었습니다""}"
2026-09-10,scan_candidate,000210,2026-09-10T09:30:14.472901,0,main_scan,56000,53600,56000,55900,56000,55600,-1.1011160714285846,0.17857142857142858,153992600,1123235382400,3128266800,4.6084989106069685,4.477611940298507,"{""bid_req_base_tm"": ""093059"", ""sel_10th_pre_req_pre"": ""0"", ""sel_10th_pre_req"": ""1138"", ""sel_10th_pre_bid"": ""+57000"", ""sel_9th_pre_req_pre"": ""0"", ""sel_9th_pre_req"": ""717"", ""sel_9th_pre_bid"": ""+56900"", ""sel_8th_pre_req_pre"": ""0"", ""sel_8th_pre_req"": ""702"", ""sel_8th_pre_bid"": ""+56800"", ""sel_7th_pre_req_pre"": ""0"", ""sel_7th_pre_req"": ""700"", ""sel_7th_pre_bid"": ""+56700"", ""sel_6th_pre_req_pre"": ""0"", ""sel_6th_pre_req"": ""700"", ""sel_6th_pre_bid"": ""+56600"", ""sel_5th_pre_req_pre"": ""0"", ""sel_5th_pre_req"": ""701"", ""sel_5th_pre_bid"": ""+56500"", ""sel_4th_pre_req_pre"": ""0"", ""sel_4th_pre_req"": ""1294"", ""sel_4th_pre_bid"": ""+56400"", ""sel_3th_pre_req_pre"": ""0"", ""sel_3th_pre_req"": ""1503"", ""sel_3th_pre_bid"": ""+56200"", ""sel_2th_pre_req_pre"": ""0"", ""sel_2th_pre_req"": ""35"", ""sel_2th_pre_bid"": ""+56100"", ""sel_1th_pre_req_pre"": ""0"", ""sel_fpr_req"": ""284"", ""sel_fpr_bid"": ""56000"", ""buy_fpr_bid"": ""-55900"", ""buy_fpr_req"": ""183"", ""buy_1th_pre_req_pre"": ""0"", ""buy_2th_pre_bid"": ""-55800"", ""buy_2th_pre_req"": ""72"", ""buy_2th_pre_req_pre"": ""0"", ""buy_3th_pre_bid"": ""-55700"", ""buy_3th_pre_req"": ""31"", ""buy_3th_pre_req_pre"": ""+9"", ""buy_4th_pre_bid"": ""-55600"", ""buy_4th_pre_req"": ""89"", ""buy_4th_pre_req_pre"": ""0"", ""buy_5th_pre_bid"": ""-55500"", ""buy_5th_pre_req"": ""963"", ""buy_5th_pre_req_pre"": ""0"", ""buy_6th_pre_bid"": ""-55400"", ""buy_6th_pre_req"": ""138"", ""buy_6th_pre_req_pre"": ""0"", ""buy_7th_pre_bid"": ""-55300"", ""buy_7th_pre_req"": ""114"", ""buy_7th_pre_req_pre"": ""0"", ""buy_8th_pre_bid"": ""-55200"", ""buy_8th_pre_req"": ""159"", ""buy_8th_pre_req_pre"": ""0"", ""buy_9th_pre_bid"": ""-55100"", ""buy_9th_pre_req"": ""141"", ""buy_9th_pre_req_pre"": ""0"", ""buy_10th_pre_bid"": ""-55000"", ""buy_10th_pre_req"": ""166"", ""buy_10th_pre_req_pre"": ""0"", ""tot_sel_req_jub_pre"": ""0"", ""tot_sel_req"": ""7774"", ""tot_buy_req"": ""2056"", ""tot_buy_req_jub_pre"": ""+9"", ""ovt_sel_req_pre"": ""0"", ""ovt_sel_req"": ""0"", ""ovt_buy_req"": ""0"", ""ovt_buy_req_pre"": ""0"", ""return_code"": 0, ""return_msg"": ""정상적으로 처리되었습니다""}"
2026-09-10,scan_candidate,003530,2026-09-10T09:30:14.472901,0,main_scan,4765,5100,4765,4760,4765,4785,0.10418153200419712,0.1049317943336831,20141285,1094193652500,37863494441,4.6084989106069685,-6.568627450980393,"{""bid_req_base_tm"": ""093104"", ""sel_10th_pre_req_pre"": ""0"", ""sel_10th_pre_req"": ""1229"", ""sel_10th_pre_bid"": ""-4815"", ""sel_9th_pre_req_pre"": ""0"", ""sel_9th_pre_req"": ""731"", ""sel_9th_pre_bid"": ""-4810"", ""sel_8th_pre_req_pre"": ""0"", ""sel_8th_pre_req"": ""1144"", ""sel_8th_pre_bid"": ""-4805"", ""sel_7th_pre_req_pre"": ""0"", ""sel_7th_pre_req"": ""431"", ""sel_7th_pre_bid"": ""-4800"", ""sel_6th_pre_req_pre"": ""0"", ""sel_6th_pre_req"": ""2028"", ""sel_6th_pre_bid"": ""-4795"", ""sel_5th_pre_req_pre"": ""0"", ""sel_5th_pre_req"": ""1428"", ""sel_5th_pre_bid"": ""-4790"", ""sel_4th_pre_req_pre"": ""0"", ""sel_4th_pre_req"": ""3794"", ""sel_4th_pre_bid"": ""-4785"", ""sel_3th_pre_req_pre"": ""0"", ""sel_3th_pre_req"": ""411"", ""sel_3th_pre_bid"": ""-4775"", ""sel_2th_pre_req_pre"": ""0"", ""sel_2th_pre_req"": ""510"", ""sel_2th_pre_bid"": ""-4770"", ""sel_1th_pre_req_pre"": ""0"", ""sel_fpr_req"": ""116"", ""sel_fpr_bid"": ""-4765"", ""buy_fpr_bid"": ""-4760"", ""buy_fpr_req"": ""6914"", ""buy_1th_pre_req_pre"": ""0"", ""buy_2th_pre_bid"": ""-4755"", ""buy_2th_pre_req"": ""3032"", ""buy_2th_pre_req_pre"": ""--3"", ""buy_3th_pre_bid"": ""-4750"", ""buy_3th_pre_req"": ""12359"", ""buy_3th_pre_req_pre"": ""0"", ""buy_4th_pre_bid"": ""-4745"", ""buy_4th_pre_req"": ""2852"", ""buy_4th_pre_req_pre"": ""0"", ""buy_5th_pre_bid"": ""-4740"", ""buy_5th_pre_req"": ""3946"", ""buy_5th_pre_req_pre"": ""0"", ""buy_6th_pre_bid"": ""-4735"", ""buy_6th_pre_req"": ""10861"", ""buy_6th_pre_req_pre"": ""0"", ""buy_7th_pre_bid"": ""-4730"", ""buy_7th_pre_req"": ""4127"", ""buy_7th_pre_req_pre"": ""0"", ""buy_8th_pre_bid"": ""-4725"", ""buy_8th_pre_req"": ""4816"", ""buy_8th_pre_req_pre"": ""0"", ""buy_9th_pre_bid"": ""-4720"", ""buy_9th_pre_req"": ""3807"", ""buy_9th_pre_req_pre"": ""0"", ""buy_10th_pre_bid"": ""-4715"", ""buy_10th_pre_req"": ""4522"", ""buy_10th_pre_req_pre"": ""0"", ""tot_sel_req_jub_pre"": ""0"", ""tot_sel_req"": ""11822"", ""tot_buy_req"": ""57236"", ""tot_buy_req_jub_pre"": ""--3"", ""ovt_sel_req_pre"": ""0"", ""ovt_sel_req"": ""0"", ""ovt_buy_req"": ""0"", ""ovt_buy_req_pre"": ""0"", ""return_code"": 0, ""return_msg"": ""정상적으로 처리되었습니다""}"
2026-09-10,scan_candidate,006110,2026-09-10T09:30:14.472901,0,main_scan,63200,68700,63200,63100,63200,63600,0.2637579113924046,0.15822784810126583,14381400,1038981358500,8192335950,4.6084989106069685,-8.005822416302767,"{""bid_req_base_tm"": ""093106"", ""sel_10th_pre_req_pre"": ""0"", ""sel_10th_pre_req"": ""67"", ""sel_10th_pre_bid"": ""-64200"", ""sel_9th_pre_req_pre"": ""0"", ""sel_9th_pre_req"": ""10"", ""sel_9th_pre_bid"": ""-64100"", ""sel_8th_pre_req_pre"": ""0"", ""sel_8th_pre_req"": ""17"", ""sel_8th_pre_bid"": ""-64000"", ""sel_7th_pre_req_pre"": ""0"", ""sel_7th_pre_req"": ""74"", ""sel_7th_pre_bid"": ""-63900"", ""sel_6th_pre_req_pre"": ""0"", ""sel_6th_pre_req"": ""2"", ""sel_6th_pre_bid"": ""-63800"", ""sel_5th_pre_req_pre"": ""0"", ""sel_5th_pre_req"": ""1"", ""sel_5th_pre_bid"": ""-63700"", ""sel_4th_pre_req_pre"": ""0"", ""sel_4th_pre_req"": ""125"", ""sel_4th_pre_bid"": ""-63500"", ""sel_3th_pre_req_pre"": ""0"", ""sel_3th_pre_req"": ""36"", ""sel_3th_pre_bid"": ""-63400"", ""sel_2th_pre_req_pre"": ""+1"", ""sel_2th_pre_req"": ""45"", ""sel_2th_pre_bid"": ""-63300"", ""sel_1th_pre_req_pre"": ""--7"", ""sel_fpr_req"": ""75"", ""sel_fpr_bid"": ""-63200"", ""buy_fpr_bid"": ""-63100"", ""buy_fpr_req"": ""949"", ""buy_1th_pre_req_pre"": ""0"", ""buy_2th_pre_bid"": ""-63000"", ""buy_2th_pre_req"": ""373"", ""buy_2th_pre_req_pre"": ""0"", ""buy_3th_pre_bid"": ""-62900"", ""buy_3th_pre_req"": ""249"", ""buy_3th_pre_req_pre"": ""0"", ""buy_4th_pre_bid"": ""-62800"", ""buy_4th_pre_req"": ""428"", ""buy_4th_pre_req_pre"": ""0"", ""buy_5th_pre_bid"": ""-62700"", ""buy_5th_pre_req"": ""320"", ""buy_5th_pre_req_pre"": ""0"", ""buy_6th_pre_bid"": ""-62600"", ""buy_6th_pre_req"": ""500"", ""buy_6th_pre_req_pre"": ""0"", ""buy_7th_pre_bid"": ""-62500"", ""buy_7th_pre_req"": ""601"", ""buy_7th_pre_req_pre"": ""0"", ""buy_8th_pre_bid"": ""-62400"", ""buy_8th_pre_req"": ""21"", ""buy_8th_pre_req_pre"": ""0"", ""buy_9th_pre_bid"": ""-62300"", ""buy_9th_pre_req"": ""217"", ""buy_9th_pre_req_pre"": ""0"", ""buy_10th_pre_bid"": ""-62200"", ""buy_10th_pre_req"": ""228"", ""buy_10th_pre_req_pre"": ""0"", ""tot_sel_req_jub_pre"": ""--6"", ""tot_sel_req"": ""452"", ""tot_buy_req"": ""3886"", ""tot_buy_req_jub_pre"": ""0"", ""ovt_sel_req_pre"": ""0"", ""ovt_sel_req"": ""0"", ""ovt_buy_req"": ""0"", ""ovt_buy_req_pre"": ""0"", ""return_code"": 0, ""return_msg"": ""정상적으로 처리되었습니다""}"
2026-09-10,scan_candidate,006340,2026-09-10T09:30:14.472901,0,main_scan,13100,12930,13100,13090,13100,13100,-0.5909351145038335,0.07633587786259542,28923390,1013898398880,17662030865,4.6084989106069685,1.3147718484145399,"{""bid_req_base_tm"": ""093106"", ""sel_10th_pre_req_pre"": ""0"", ""sel_10th_pre_req"": ""1470"", ""sel_10th_pre_bid"": ""-13190"", ""sel_9th_pre_req_pre"": ""0"", ""sel_9th_pre_req"": ""2010"", ""sel_9th_pre_bid"": ""-13180"", ""sel_8th_pre_req_pre"": ""0"", ""sel_8th_pre_req"": ""733"", ""sel_8th_pre_bid"": ""-13170"", ""sel_7th_pre_req_pre"": ""0"", ""sel_7th_pre_req"": ""321"", ""sel_7th_pre_bid"": ""-13160"", ""sel_6th_pre_req_pre"": ""0"", ""sel_6th_pre_req"": ""510"", ""sel_6th_pre_bid"": ""-13150"", ""sel_5th_pre_req_pre"": ""0"", ""sel_5th_pre_req"": ""217"", ""sel_5th_pre_bid"": ""-13140"", ""sel_4th_pre_req_pre"": ""0"", ""sel_4th_pre_req"": ""628"", ""sel_4th_pre_bid"": ""-13130"", ""sel_3th_pre_req_pre"": ""0"", ""sel_3th_pre_req"": ""794"", ""sel_3th_pre_bid"": ""-13120"", ""sel_2th_pre_req_pre"": ""0"", ""sel_2th_pre_req"": ""913"", ""sel_2th_pre_bid"": ""-13110"", ""sel_1th_pre_req_pre"": ""0"", ""sel_fpr_req"": ""235"", ""sel_fpr_bid"": ""-13100"", ""buy_fpr_bid"": ""-13090"", ""buy_fpr_req"": ""1245"", ""buy_1th_pre_req_pre"": ""0"", ""buy_2th_pre_bid"": ""-13080"", ""buy_2th_pre_req"": ""2422"", ""buy_2th_pre_req_pre"": ""0"", ""buy_3th_pre_bid"": ""-13070"", ""buy_3th_pre_req"": ""1031"", ""buy_3th_pre_req_pre"": ""0"", ""buy_4th_pre_bid"": ""-13060"", ""buy_4th_pre_req"": ""1537"", ""buy_4th_pre_req_pre"": ""0"", ""buy_5th_pre_bid"": ""-13050"", ""buy_5th_pre_req"": ""2831"", ""buy_5th_pre_req_pre"": ""+1"", ""buy_6th_pre_bid"": ""-13040"", ""buy_6th_pre_req"": ""1022"", ""buy_6th_pre_req_pre"": ""0"", ""buy_7th_pre_bid"": ""-13030"", ""buy_7th_pre_req"": ""2862"", ""buy_7th_pre_req_pre"": ""0"", ""buy_8th_pre_bid"": ""-13020"", ""buy_8th_pre_req"": ""3498"", ""buy_8th_pre_req_pre"": ""0"", ""buy_9th_pre_bid"": ""-13010"", ""buy_9th_pre_req"": ""5250"", ""buy_9th_pre_req_pre"": ""0"", ""buy_10th_pre_bid"": ""-13000"", ""buy_10th_pre_req"": ""22114"", ""buy_10th_pre_req_pre"": ""0"", ""tot_sel_req_jub_pre"": ""0"", ""tot_sel_req"": ""7831"", ""tot_buy_req"": ""43812"", ""tot_buy_req_jub_pre"": ""+1"", ""ovt_sel_req_pre"": ""0"", ""ovt_sel_req"": ""0"", ""ovt_buy_req"": ""0"", ""ovt_buy_req_pre"": ""0"", ""return_code"": 0, ""return_msg"": ""정상적으로 처리되었습니다""}"
2026-09-10,scan_candidate,000370,2026-09-10T09:30:14.472901,0,main_scan,8140,8420,8140,8130,8140,8100,-0.823052825552828,0.12285012285012285,33710090,982941664300,11163718115,4.6084989106069685,-3.32541567695962,"{""bid_req_base_tm"": ""093107"", ""sel_10th_pre_req_pre"": ""0"", ""sel_10th_pre_req"": ""1529"", ""sel_10th_pre_bid"": ""+8230"", ""sel_9th_pre_req_pre"": ""0"", ""sel_9th_pre_req"": ""1778"", ""sel_9th_pre_bid"": ""+8220"", ""sel_8th_pre_req_pre"": ""0"", ""sel_8th_pre_req"": ""10163"", ""sel_8th_pre_bid"": ""+8210"", ""sel_7th_pre_req_pre"": ""0"", ""sel_7th_pre_req"": ""5652"", ""sel_7th_pre_bid"": ""+8200"", ""sel_6th_pre_req_pre"": ""0"", ""sel_6th_pre_req"": ""4335"", ""sel_6th_pre_bid"": ""+8190"", ""sel_5th_pre_req_pre"": ""0"", ""sel_5th_pre_req"": ""2669"", ""sel_5th_pre_bid"": ""+8180"", ""sel_4th_pre_req_pre"": ""0"", ""sel_4th_pre_req"": ""1683"", ""sel_4th_pre_bid"": ""+8170"", ""sel_3th_pre_req_pre"": ""0"", ""sel_3th_pre_req"": ""720"", ""sel_3th_pre_bid"": ""+8160"", ""sel_2th_pre_req_pre"": ""0"", ""sel_2th_pre_req"": ""449"", ""sel_2th_pre_bid"": ""+8150"", ""sel_1th_pre_req_pre"": ""0"", ""sel_fpr_req"": ""564"", ""sel_fpr_bid"": ""+8140"", ""buy_fpr_bid"": ""+8130"", ""buy_fpr_req"": ""13"", ""buy_1th_pre_req_pre"": ""+9"", ""buy_2th_pre_bid"": ""+8120"", ""buy_2th_pre_req"": ""308"", ""buy_2th_pre_req_pre"": ""0"", ""buy_3th_pre_bid"": ""+8110"", ""buy_3th_pre_req"": ""519"", ""buy_3th_pre_req_pre"": ""0"", ""buy_4th_pre_bid"": ""+8100"", ""buy_4th_pre_req"": ""86"", ""buy_4th_pre_req_pre"": ""0"", ""buy_5th_pre_bid"": ""+8090"", ""buy_5th_pre_req"": ""336"", ""buy_5th_pre_req_pre"": ""0"", ""buy_6th_pre_bid"": ""+8080"", ""buy_6th_pre_req"": ""1354"", ""buy_6th_pre_req_pre"": ""0"", ""buy_7th_pre_bid"": ""+8070"", ""buy_7th_pre_req"": ""383"", ""buy_7th_pre_req_pre"": ""0"", ""buy_8th_pre_bid"": ""+8060"", ""buy_8th_pre_req"": ""2231"", ""buy_8th_pre_req_pre"": ""0"", ""buy_9th_pre_bid"": ""+8050"", ""buy_9th_pre_req"": ""773"", ""buy_9th_pre_req_pre"": ""0"", ""buy_10th_pre_bid"": ""+8040"", ""buy_10th_pre_req"": ""1544"", ""buy_10th_pre_req_pre"": ""0"", ""tot_sel_req_jub_pre"": ""0"", ""tot_sel_req"": ""29542"", ""tot_buy_req"": ""7547"", ""tot_buy_req_jub_pre"": ""+9"", ""ovt_sel_req_pre"": ""0"", ""ovt_sel_req"": ""0"", ""ovt_buy_req"": ""0"", ""ovt_buy_req_pre"": ""0"", ""return_code"": 0, ""return_msg"": ""정상적으로 처리되었습니다""}"
2026-09-10,scan_candidate,285130,2026-09-10T09:30:14.472901,0,main_scan,55300,55200,55300,55200,55300,55100,-0.7514376130199015,0.18083182640144665,18707600,954891883200,6134602900,4.6084989106069685,0.18115942028985507,"{""bid_req_base_tm"": ""093106"", ""sel_10th_pre_req_pre"": ""0"", ""sel_10th_pre_req"": ""2233"", ""sel_10th_pre_bid"": ""+56200"", ""sel_9th_pre_req_pre"": ""0"", ""sel_9th_pre_req"": ""2112"", ""sel_9th_pre_bid"": ""+56100"", ""sel_8th_pre_req_pre"": ""0"", ""sel_8th_pre_req"": ""856"", ""sel_8th_pre_bid"": ""+56000"", ""sel_7th_pre_req_pre"": ""0"", ""sel_7th_pre_req"": ""245"", ""sel_7th_pre_bid"": ""+55900"", ""sel_6th_pre_req_pre"": ""0"", ""sel_6th_pre_req"": ""373"", ""sel_6th_pre_bid"": ""+55800"", ""sel_5th_pre_req_pre"": ""0"", ""sel_5th_pre_req"": ""217"", ""sel_5th_pre_bid"": ""+55700"", ""sel_4th_pre_req_pre"": ""0"", ""sel_4th_pre_req"": ""102"", ""sel_4th_pre_bid"": ""+55600"", ""sel_3th_pre_req_pre"": ""0"", ""sel_3th_pre_req"": ""15"", ""sel_3th_pre_bid"": ""+55500"", ""sel_2th_pre_req_pre"": ""0"", ""sel_2th_pre_req"": ""3"", ""sel_2th_pre_bid"": ""+55400"", ""sel_1th_pre_req_pre"": ""+73"", ""sel_fpr_req"": ""133"", ""sel_fpr_bid"": ""+55300"", ""buy_fpr_bid"": ""+55200"", ""buy_fpr_req"": ""90"", ""buy_1th_pre_req_pre"": ""0"", ""buy_2th_pre_bid"": ""+55100"", ""buy_2th_pre_req"": ""45"", ""buy_2th_pre_req_pre"": ""0"", ""buy_3th_pre_bid"": ""+55000"", ""buy_3th_pre_req"": ""331"", ""buy_3th_pre_req_pre"": ""0"", ""buy_4th_pre_bid"": ""+54900"", ""buy_4th_pre_req"": ""386"", ""buy_4th_pre_req_pre"": ""+2"", ""buy_5th_pre_bid"": ""+54800"", ""buy_5th_pre_req"": ""16"", ""buy_5th_pre_req_pre"": ""0"", ""buy_6th_pre_bid"": ""+54700"", ""buy_6th_pre_req"": ""125"", ""buy_6th_pre_req_pre"": ""0"", ""buy_7th_pre_bid"": ""+54600"", ""buy_7th_pre_req"": ""16"", ""buy_7th_pre_req_pre"": ""0"", ""buy_8th_pre_bid"": ""54500"", ""buy_8th_pre_req"": ""11"", ""buy_8th_pre_req_pre"": ""0"", ""buy_9th_pre_bid"": ""-54400"", ""buy_9th_pre_req"": ""20"", ""buy_9th_pre_req_pre"": ""0"", ""buy_10th_pre_bid"": ""-54300"", ""buy_10th_pre_req"": ""3"", ""buy_10th_pre_req_pre"": ""0"", ""tot_sel_req_jub_pre"": ""+73"", ""tot_sel_req"": ""6289"", ""tot_buy_req"": ""1043"", ""tot_buy_req_jub_pre"": ""+2"", ""ovt_sel_req_pre"": ""0"", ""ovt_sel_req"": ""0"", ""ovt_buy_req"": ""0"", ""ovt_buy_req_pre"": ""0"", ""return_code"": 0, ""return_msg"": ""정상적으로 처리되었습니다""}"
2026-09-10,scan_candidate,034230,2026-09-10T09:30:14.472901,0,main_scan,9760,10090,9760,9750,9760,9810,0.19903688524587765,0.10245901639344263,8342530,934630464380,3807387285,4.6084989106069685,-3.270564915758176,"{""bid_req_base_tm"": ""093106"", ""sel_10th_pre_req_pre"": ""0"", ""sel_10th_pre_req"": ""291"", ""sel_10th_pre_bid"": ""+9890"", ""sel_9th_pre_req_pre"": ""0"", ""sel_9th_pre_req"": ""50"", ""sel_9th_pre_bid"": ""+9880"", ""sel_8th_pre_req_pre"": ""0"", ""sel_8th_pre_req"": ""91"", ""sel_8th_pre_bid"": ""+9870"", ""sel_7th_pre_req_pre"": ""0"", ""sel_7th_pre_req"": ""19"", ""sel_7th_pre_bid"": ""9860"", ""sel_6th_pre_req_pre"": ""0"", ""sel_6th_pre_req"": ""70"", ""sel_6th_pre_bid"": ""-9850"", ""sel_5th_pre_req_pre"": ""0"", ""sel_5th_pre_req"": ""48"", ""sel_5th_pre_bid"": ""-9840"", ""sel_4th_pre_req_pre"": ""0"", ""sel_4th_pre_req"": ""6"", ""sel_4th_pre_bid"": ""-9820"", ""sel_3th_pre_req_pre"": ""0"", ""sel_3th_pre_req"": ""122"", ""sel_3th_pre_bid"": ""-9800"", ""sel_2th_pre_req_pre"": ""0"", ""sel_2th_pre_req"": ""145"", ""sel_2th_pre_bid"": ""-9770"", ""sel_1th_pre_req_pre"": ""+50"", ""sel_fpr_req"": ""599"", ""sel_fpr_bid"": ""-9760"", ""buy_fpr_bid"": ""-9750"", ""buy_fpr_req"": ""345"", ""buy_1th_pre_req_pre"": ""0"", ""buy_2th_pre_bid"": ""-9740"", ""buy_2th_pre_req"": ""528"", ""buy_2th_pre_req_pre"": ""0"", ""buy_3th_pre_bid"": ""-9730"", ""buy_3th_pre_req"": ""1319"", ""buy_3th_pre_req_pre"": ""0"", ""buy_4th_pre_bid"": ""-9720"", ""buy_4th_pre_req"": ""1350"", ""buy_4th_pre_req_pre"": ""0"", ""buy_5th_pre_bid"": ""-9710"", ""buy_5th_pre_req"": ""2927"", ""buy_5th_pre_req_pre"": ""0"", ""buy_6th_pre_bid"": ""-9700"", ""buy_6th_pre_req"": ""5342"", ""buy_6th_pre_req_pre"": ""0"", ""buy_7th_pre_bid"": ""-9690"", ""buy_7th_pre_req"": ""888"", ""buy_7th_pre_req_pre"": ""0"", ""buy_8th_pre_bid"": ""-9680"", ""buy_8th_pre_req"": ""782"", ""buy_8th_pre_req_pre"": ""0"", ""buy_9th_pre_bid"": ""-9670"", ""buy_9th_pre_req"": ""744"", ""buy_9th_pre_req_pre"": ""0"", ""buy_10th_pre_bid"": ""-9660"", ""buy_10th_pre_req"": ""2100"", ""buy_10th_pre_req_pre"": ""0"", ""tot_sel_req_jub_pre"": ""+50"", ""tot_sel_req"": ""1441"", ""tot_buy_req"": ""16325"", ""tot_buy_req_jub_pre"": ""0"", ""ovt_sel_req_pre"": ""0"", ""ovt_sel_req"": ""0"", ""ovt_buy_req"": ""0"", ""ovt_buy_req_pre"": ""0"", ""return_code"": 0, ""return_msg"": ""정상적으로 처리되었습니다""}"
2026-09-10,scan_candidate,004490,2026-09-10T09:30:14.472901,0,main_scan,63100,64400,63100,63000,63100,63200,-0.21000000000000324,0.15847860538827258,18745100,892584000000,7046202050,4.6084989106069685,-2.018633540372671,"{""bid_req_base_tm"": ""093103"", ""sel_10th_pre_req_pre"": ""0"", ""sel_10th_pre_req"": ""353"", ""sel_10th_pre_bid"": ""-64000"", ""sel_9th_pre_req_pre"": ""0"", ""sel_9th_pre_req"": ""649"", ""sel_9th_pre_bid"": ""-63900"", ""sel_8th_pre_req_pre"": ""0"", ""sel_8th_pre_req"": ""217"", ""sel_8th_pre_bid"": ""-63800"", ""sel_7th_pre_req_pre"": ""0"", ""sel_7th_pre_req"": ""265"", ""sel_7th_pre_bid"": ""-63700"", ""sel_6th_pre_req_pre"": ""0"", ""sel_6th_pre_req"": ""132"", ""sel_6th_pre_bid"": ""-63600"", ""sel_5th_pre_req_pre"": ""0"", ""sel_5th_pre_req"": ""111"", ""sel_5th_pre_bid"": ""-63500"", ""sel_4th_pre_req_pre"": ""0"", ""sel_4th_pre_req"": ""150"", ""sel_4th_pre_bid"": ""-63400"", ""sel_3th_pre_req_pre"": ""0"", ""sel_3th_pre_req"": ""56"", ""sel_3th_pre_bid"": ""-63300"", ""sel_2th_pre_req_pre"": ""0"", ""sel_2th_pre_req"": ""44"", ""sel_2th_pre_bid"": ""-63200"", ""sel_1th_pre_req_pre"": ""--2"", ""sel_fpr_req"": ""51"", ""sel_fpr_bid"": ""-63100"", ""buy_fpr_bid"": ""-63000"", ""buy_fpr_req"": ""63"", ""buy_1th_pre_req_pre"": ""0"", ""buy_2th_pre_bid"": ""-62900"", ""buy_2th_pre_req"": ""125"", ""buy_2th_pre_req_pre"": ""0"", ""buy_3th_pre_bid"": ""-62800"", ""buy_3th_pre_req"": ""143"", ""buy_3th_pre_req_pre"": ""0"", ""buy_4th_pre_bid"": ""-62700"", ""buy_4th_pre_req"": ""116"", ""buy_4th_pre_req_pre"": ""0"", ""buy_5th_pre_bid"": ""-62600"", ""buy_5th_pre_req"": ""98"", ""buy_5th_pre_req_pre"": ""0"", ""buy_6th_pre_bid"": ""-62500"", ""buy_6th_pre_req"": ""185"", ""buy_6th_pre_req_pre"": ""0"", ""buy_7th_pre_bid"": ""-62400"", ""buy_7th_pre_req"": ""525"", ""buy_7th_pre_req_pre"": ""0"", ""buy_8th_pre_bid"": ""-62300"", ""buy_8th_pre_req"": ""277"", ""buy_8th_pre_req_pre"": ""0"", ""buy_9th_pre_bid"": ""-62200"", ""buy_9th_pre_req"": ""94"", ""buy_9th_pre_req_pre"": ""0"", ""buy_10th_pre_bid"": ""-62100"", ""buy_10th_pre_req"": ""121"", ""buy_10th_pre_req_pre"": ""0"", ""tot_sel_req_jub_pre"": ""--2"", ""tot_sel_req"": ""2028"", ""tot_buy_req"": ""1747"", ""tot_buy_req_jub_pre"": ""0"", ""ovt_sel_req_pre"": ""0"", ""ovt_sel_req"": ""0"", ""ovt_buy_req"": ""0"", ""ovt_buy_req_pre"": ""0"", ""return_code"": 0, ""return_msg"": ""정상적으로 처리되었습니다""}"
2026-09-10,scan_candidate,003160,2026-09-10T09:30:14.472901,0,main_scan,30200,31250,30200,30150,30200,30350,0.12048013245032582,0.16556291390728478,27361400,884375000000,23634145250,4.6084989106069685,-3.36,"{""bid_req_base_tm"": ""093107"", ""sel_10th_pre_req_pre"": ""0"", ""sel_10th_pre_req"": ""508"", ""sel_10th_pre_bid"": ""-30650"", ""sel_9th_pre_req_pre"": ""0"", ""sel_9th_pre_req"": ""747"", ""sel_9th_pre_bid"": ""-30600"", ""sel_8th_pre_req_pre"": ""0"", ""sel_8th_pre_req"": ""134"", ""sel_8th_pre_bid"": ""-30550"", ""sel_7th_pre_req_pre"": ""0"", ""sel_7th_pre_req"": ""204"", ""sel_7th_pre_bid"": ""-30500"", ""sel_6th_pre_req_pre"": ""0"", ""sel_6th_pre_req"": ""312"", ""sel_6th_pre_bid"": ""-30450"", ""sel_5th_pre_req_pre"": ""0"", ""sel_5th_pre_req"": ""206"", ""sel_5th_pre_bid"": ""-30400"", ""sel_4th_pre_req_pre"": ""0"", ""sel_4th_pre_req"": ""281"", ""sel_4th_pre_bid"": ""-30350"", ""sel_3th_pre_req_pre"": ""0"", ""sel_3th_pre_req"": ""81"", ""sel_3th_pre_bid"": ""-30300"", ""sel_2th_pre_req_pre"": ""0"", ""sel_2th_pre_req"": ""78"", ""sel_2th_pre_bid"": ""-30250"", ""sel_1th_pre_req_pre"": ""+130"", ""sel_fpr_req"": ""471"", ""sel_fpr_bid"": ""-30200"", ""buy_fpr_bid"": ""-30150"", ""buy_fpr_req"": ""164"", ""buy_1th_pre_req_pre"": ""0"", ""buy_2th_pre_bid"": ""-30100"", ""buy_2th_pre_req"": ""1012"", ""buy_2th_pre_req_pre"": ""0"", ""buy_3th_pre_bid"": ""-30050"", ""buy_3th_pre_req"": ""985"", ""buy_3th_pre_req_pre"": ""0"", ""buy_4th_pre_bid"": ""-30000"", ""buy_4th_pre_req"": ""2903"", ""buy_4th_pre_req_pre"": ""0"", ""buy_5th_pre_bid"": ""-29950"", ""buy_5th_pre_req"": ""1119"", ""buy_5th_pre_req_pre"": ""0"", ""buy_6th_pre_bid"": ""-29900"", ""buy_6th_pre_req"": ""1483"", ""buy_6th_pre_req_pre"": ""0"", ""buy_7th_pre_bid"": ""-29850"", ""buy_7th_pre_req"": ""1022"", ""buy_7th_pre_req_pre"": ""0"", ""buy_8th_pre_bid"": ""-29800"", ""buy_8th_pre_req"": ""2181"", ""buy_8th_pre_req_pre"": ""0"", ""buy_9th_pre_bid"": ""-29750"", ""buy_9th_pre_req"": ""603"", ""buy_9th_pre_req_pre"": ""0"", ""buy_10th_pre_bid"": ""-29700"", ""buy_10th_pre_req"": ""815"", ""buy_10th_pre_req_pre"": ""0"", ""tot_sel_req_jub_pre"": ""+130"", ""tot_sel_req"": ""3022"", ""tot_buy_req"": ""12287"", ""tot_buy_req_jub_pre"": ""0"", ""ovt_sel_req_pre"": ""0"", ""ovt_sel_req"": ""0"", ""ovt_buy_req"": ""0"", ""ovt_buy_req_pre"": ""0"", ""return_code"": 0, ""return_msg"": ""정상적으로 처리되었습니다""}"
2026-09-10,scan_candidate,100090,2026-09-10T09:30:14.472901,0,main_scan,12720,13860,12720,12690,12720,12700,-0.7592413522012644,0.2358490566037736,11649310,865946867940,33952167900,4.6084989106069685,-8.225108225108226,"{""bid_req_base_tm"": ""093108"", ""sel_10th_pre_req_pre"": ""0"", ""sel_10th_pre_req"": ""342"", ""sel_10th_pre_bid"": ""-12820"", ""sel_9th_pre_req_pre"": ""0"", ""sel_9th_pre_req"": ""145"", ""sel_9th_pre_bid"": ""-12810"", ""sel_8th_pre_req_pre"": ""0"", ""sel_8th_pre_req"": ""214"", ""sel_8th_pre_bid"": ""-12800"", ""sel_7th_pre_req_pre"": ""0"", ""sel_7th_pre_req"": ""6"", ""sel_7th_pre_bid"": ""-12790"", ""sel_6th_pre_req_pre"": ""0"", ""sel_6th_pre_req"": ""183"", ""sel_6th_pre_bid"": ""-12780"", ""sel_5th_pre_req_pre"": ""0"", ""sel_5th_pre_req"": ""10"", ""sel_5th_pre_bid"": ""-12770"", ""sel_4th_pre_req_pre"": ""0"", ""sel_4th_pre_req"": ""97"", ""sel_4th_pre_bid"": ""-12750"", ""sel_3th_pre_req_pre"": ""0"", ""sel_3th_pre_req"": ""120"", ""sel_3th_pre_bid"": ""-12740"", ""sel_2th_pre_req_pre"": ""0"", ""sel_2th_pre_req"": ""720"", ""sel_2th_pre_bid"": ""-12730"", ""sel_1th_pre_req_pre"": ""0"", ""sel_fpr_req"": ""111"", ""sel_fpr_bid"": ""-12720"", ""buy_fpr_bid"": ""-12690"", ""buy_fpr_req"": ""358"", ""buy_1th_pre_req_pre"": ""+1"", ""buy_2th_pre_bid"": ""-12680"", ""buy_2th_pre_req"": ""561"", ""buy_2th_pre_req_pre"": ""0"", ""buy_3th_pre_bid"": ""-12670"", ""buy_3th_pre_req"": ""552"", ""buy_3th_pre_req_pre"": ""0"", ""buy_4th_pre_bid"": ""-12660"", ""buy_4th_pre_req"": ""961"", ""buy_4th_pre_req_pre"": ""0"", ""buy_5th_pre_bid"": ""-12650"", ""buy_5th_pre_req"": ""2709"", ""buy_5th_pre_req_pre"": ""0"", ""buy_6th_pre_bid"": ""-12640"", ""buy_6th_pre_req"": ""840"", ""buy_6th_pre_req_pre"": ""0"", ""buy_7th_pre_bid"": ""-12630"", ""buy_7th_pre_req"": ""446"", ""buy_7th_pre_req_pre"": ""0"", ""buy_8th_pre_bid"": ""-12620"", ""buy_8th_pre_req"": ""2222"", ""buy_8th_pre_req_pre"": ""0"", ""buy_9th_pre_bid"": ""-12610"", ""buy_9th_pre_req"": ""880"", ""buy_9th_pre_req_pre"": ""0"", ""buy_10th_pre_bid"": ""-12600"", ""buy_10th_pre_req"": ""1787"", ""buy_10th_pre_req_pre"": ""0"", ""tot_sel_req_jub_pre"": ""0"", ""tot_sel_req"": ""1948"", ""tot_buy_req"": ""11316"", ""tot_buy_req_jub_pre"": ""+1"", ""ovt_sel_req_pre"": ""0"", ""ovt_sel_req"": ""0"", ""ovt_buy_req"": ""0"", ""ovt_buy_req_pre"": ""0"", ""return_code"": 0, ""return_msg"": ""정상적으로 처리되었습니다""}"
2026-09-10,scan_candidate,195870,2026-09-10T09:30:14.472901,0,main_scan,50300,49900,50300,50200,50300,50200,-0.6068389662027938,0.19880715705765406,27295200,848300000000,3956450700,4.6084989106069685,0.8016032064128256,"{""bid_req_base_tm"": ""093108"", ""sel_10th_pre_req_pre"": ""0"", ""sel_10th_pre_req"": ""120"", ""sel_10th_pre_bid"": ""+51200"", ""sel_9th_pre_req_pre"": ""0"", ""sel_9th_pre_req"": ""13"", ""sel_9th_pre_bid"": ""+51100"", ""sel_8th_pre_req_pre"": ""0"", ""sel_8th_pre_req"": ""411"", ""sel_8th_pre_bid"": ""+51000"", ""sel_7th_pre_req_pre"": ""0"", ""sel_7th_pre_req"": ""883"", ""sel_7th_pre_bid"": ""+50900"", ""sel_6th_pre_req_pre"": ""0"", ""sel_6th_pre_req"": ""454"", ""sel_6th_pre_bid"": ""50800"", ""sel_5th_pre_req_pre"": ""0"", ""sel_5th_pre_req"": ""216"", ""sel_5th_pre_bid"": ""-50700"", ""sel_4th_pre_req_pre"": ""0"", ""sel_4th_pre_req"": ""10"", ""sel_4th_pre_bid"": ""-50600"", ""sel_3th_pre_req_pre"": ""0"", ""sel_3th_pre_req"": ""99"", ""sel_3th_pre_bid"": ""-50500"", ""sel_2th_pre_req_pre"": ""0"", ""sel_2th_pre_req"": ""196"", ""sel_2th_pre_bid"": ""-50400"", ""sel_1th_pre_req_pre"": ""0"", ""sel_fpr_req"": ""163"", ""sel_fpr_bid"": ""-50300"", ""buy_fpr_bid"": ""-50200"", ""buy_fpr_req"": ""34"", ""buy_1th_pre_req_pre"": ""+6"", ""buy_2th_pre_bid"": ""-50100"", ""buy_2th_pre_req"": ""75"", ""buy_2th_pre_req_pre"": ""0"", ""buy_3th_pre_bid"": ""-50000"", ""buy_3th_pre_req"": ""377"", ""buy_3th_pre_req_pre"": ""0"", ""buy_4th_pre_bid"": ""-49950"", ""buy_4th_pre_req"": ""70"", ""buy_4th_pre_req_pre"": ""0"", ""buy_5th_pre_bid"": ""-49900"", ""buy_5th_pre_req"": ""147"", ""buy_5th_pre_req_pre"": ""0"", ""buy_6th_pre_bid"": ""-49850"", ""buy_6th_pre_req"": ""107"", ""buy_6th_pre_req_pre"": ""0"", ""buy_7th_pre_bid"": ""-49800"", ""buy_7th_pre_req"": ""462"", ""buy_7th_pre_req_pre"": ""0"", ""buy_8th_pre_bid"": ""-49750"", ""buy_8th_pre_req"": ""459"", ""buy_8th_pre_req_pre"": ""0"", ""buy_9th_pre_bid"": ""-49700"", ""buy_9th_pre_req"": ""328"", ""buy_9th_pre_req_pre"": ""0"", ""buy_10th_pre_bid"": ""-49650"", ""buy_10th_pre_req"": ""176"", ""buy_10th_pre_req_pre"": ""0"", ""tot_sel_req_jub_pre"": ""0"", ""tot_sel_req"": ""2565"", ""tot_buy_req"": ""2235"", ""tot_buy_req_jub_pre"": ""+6"", ""ovt_sel_req_pre"": ""0"", ""ovt_sel_req"": ""0"", ""ovt_buy_req"": ""0"", ""ovt_buy_req_pre"": ""0"", ""return_code"": 0, ""return_msg"": ""정상적으로 처리되었습니다""}"
2026-09-10,scan_candidate,005180,2026-09-10T09:30:14.472901,0,main_scan,88600,90300,88600,88500,88600,88200,-0.7732336343115196,0.1128668171557562,122817200,836993499300,5365471800,4.6084989106069685,-1.8826135105204873,"{""bid_req_base_tm"": ""093108"", ""sel_10th_pre_req_pre"": ""0"", ""sel_10th_pre_req"": ""226"", ""sel_10th_pre_bid"": ""+89500"", ""sel_9th_pre_req_pre"": ""0"", ""sel_9th_pre_req"": ""137"", ""sel_9th_pre_bid"": ""+89400"", ""sel_8th_pre_req_pre"": ""0"", ""sel_8th_pre_req"": ""67"", ""sel_8th_pre_bid"": ""+89300"", ""sel_7th_pre_req_pre"": ""0"", ""sel_7th_pre_req"": ""16"", ""sel_7th_pre_bid"": ""+89200"", ""sel_6th_pre_req_pre"": ""0"", ""sel_6th_pre_req"": ""19"", ""sel_6th_pre_bid"": ""+89100"", ""sel_5th_pre_req_pre"": ""0"", ""sel_5th_pre_req"": ""1071"", ""sel_5th_pre_bid"": ""+89000"", ""sel_4th_pre_req_pre"": ""0"", ""sel_4th_pre_req"": ""991"", ""sel_4th_pre_bid"": ""+88900"", ""sel_3th_pre_req_pre"": ""0"", ""sel_3th_pre_req"": ""154"", ""sel_3th_pre_bid"": ""+88800"", ""sel_2th_pre_req_pre"": ""0"", ""sel_2th_pre_req"": ""3"", ""sel_2th_pre_bid"": ""+88700"", ""sel_1th_pre_req_pre"": ""0"", ""sel_fpr_req"": ""2"", ""sel_fpr_bid"": ""+88600"", ""buy_fpr_bid"": ""+88500"", ""buy_fpr_req"": ""665"", ""buy_1th_pre_req_pre"": ""0"", ""buy_2th_pre_bid"": ""+88400"", ""buy_2th_pre_req"": ""74"", ""buy_2th_pre_req_pre"": ""0"", ""buy_3th_pre_bid"": ""+88300"", ""buy_3th_pre_req"": ""153"", ""buy_3th_pre_req_pre"": ""0"", ""buy_4th_pre_bid"": ""+88200"", ""buy_4th_pre_req"": ""1"", ""buy_4th_pre_req_pre"": ""0"", ""buy_5th_pre_bid"": ""+88000"", ""buy_5th_pre_req"": ""17"", ""buy_5th_pre_req_pre"": ""0"", ""buy_6th_pre_bid"": ""+87900"", ""buy_6th_pre_req"": ""1"", ""buy_6th_pre_req_pre"": ""0"", ""buy_7th_pre_bid"": ""+87800"", ""buy_7th_pre_req"": ""65"", ""buy_7th_pre_req_pre"": ""0"", ""buy_8th_pre_bid"": ""+87700"", ""buy_8th_pre_req"": ""1"", ""buy_8th_pre_req_pre"": ""0"", ""buy_9th_pre_bid"": ""+87600"", ""buy_9th_pre_req"": ""1"", ""buy_9th_pre_req_pre"": ""0"", ""buy_10th_pre_bid"": ""+87500"", ""buy_10th_pre_req"": ""92"", ""buy_10th_pre_req_pre"": ""0"", ""tot_sel_req_jub_pre"": ""0"", ""tot_sel_req"": ""2686"", ""tot_buy_req"": ""1070"", ""tot_buy_req_jub_pre"": ""0"", ""ovt_sel_req_pre"": ""0"", ""ovt_sel_req"": ""0"", ""ovt_buy_req"": ""0"", ""ovt_buy_req_pre"": ""0"", ""return_code"": 0, ""return_msg"": ""정상적으로 처리되었습니다""}"
2026-09-10,scan_candidate,005090,2026-09-10T09:30:14.472901,0,main_scan,58100,56100,58100,58000,58100,58300,-0.03821858864027839,0.17211703958691912,10497000,808363581300,10910160250,4.6084989106069685,3.5650623885918007,"{""bid_req_base_tm"": ""093101"", ""sel_10th_pre_req_pre"": ""0"", ""sel_10th_pre_req"": ""336"", ""sel_10th_pre_bid"": ""+59000"", ""sel_9th_pre_req_pre"": ""0"", ""sel_9th_pre_req"": ""72"", ""sel_9th_pre_bid"": ""+58900"", ""sel_8th_pre_req_pre"": ""0"", ""sel_8th_pre_req"": ""159"", ""sel_8th_pre_bid"": ""+58800"", ""sel_7th_pre_req_pre"": ""0"", ""sel_7th_pre_req"": ""56"", ""sel_7th_pre_bid"": ""+58700"", ""sel_6th_pre_req_pre"": ""0"", ""sel_6th_pre_req"": ""30"", ""sel_6th_pre_bid"": ""+58600"", ""sel_5th_pre_req_pre"": ""0"", ""sel_5th_pre_req"": ""79"", ""sel_5th_pre_bid"": ""+58500"", ""sel_4th_pre_req_pre"": ""0"", ""sel_4th_pre_req"": ""95"", ""sel_4th_pre_bid"": ""+58400"", ""sel_3th_pre_req_pre"": ""0"", ""sel_3th_pre_req"": ""1"", ""sel_3th_pre_bid"": ""+58300"", ""sel_2th_pre_req_pre"": ""0"", ""sel_2th_pre_req"": ""26"", ""sel_2th_pre_bid"": ""+58200"", ""sel_1th_pre_req_pre"": ""0"", ""sel_fpr_req"": ""49"", ""sel_fpr_bid"": ""+58100"", ""buy_fpr_bid"": ""+58000"", ""buy_fpr_req"": ""3"", ""buy_1th_pre_req_pre"": ""0"", ""buy_2th_pre_bid"": ""+57900"", ""buy_2th_pre_req"": ""239"", ""buy_2th_pre_req_pre"": ""0"", ""buy_3th_pre_bid"": ""+57800"", ""buy_3th_pre_req"": ""2"", ""buy_3th_pre_req_pre"": ""0"", ""buy_4th_pre_bid"": ""57700"", ""buy_4th_pre_req"": ""562"", ""buy_4th_pre_req_pre"": ""0"", ""buy_5th_pre_bid"": ""-57600"", ""buy_5th_pre_req"": ""338"", ""buy_5th_pre_req_pre"": ""0"", ""buy_6th_pre_bid"": ""-57500"", ""buy_6th_pre_req"": ""191"", ""buy_6th_pre_req_pre"": ""0"", ""buy_7th_pre_bid"": ""-57400"", ""buy_7th_pre_req"": ""25"", ""buy_7th_pre_req_pre"": ""0"", ""buy_8th_pre_bid"": ""-57300"", ""buy_8th_pre_req"": ""36"", ""buy_8th_pre_req_pre"": ""0"", ""buy_9th_pre_bid"": ""-57200"", ""buy_9th_pre_req"": ""2"", ""buy_9th_pre_req_pre"": ""0"", ""buy_10th_pre_bid"": ""-57100"", ""buy_10th_pre_req"": ""54"", ""buy_10th_pre_req_pre"": ""0"", ""tot_sel_req_jub_pre"": ""0"", ""tot_sel_req"": ""903"", ""tot_buy_req"": ""1452"", ""tot_buy_req_jub_pre"": ""0"", ""ovt_sel_req_pre"": ""0"", ""ovt_sel_req"": ""0"", ""ovt_buy_req"": ""0"", ""ovt_buy_req_pre"": ""0"", ""return_code"": 0, ""return_msg"": ""정상적으로 처리되었습니다""}"
2026-09-10,scan_candidate,090460,2026-09-10T09:30:14.472901,0,main_scan,19330,21850,19330,19320,19330,19350,-0.36489653388516075,0.05173305742369374,17601980,736597105300,62601895115,4.6084989106069685,-11.533180778032037,"{""bid_req_base_tm"": ""093109"", ""sel_10th_pre_req_pre"": ""0"", ""sel_10th_pre_req"": ""61"", ""sel_10th_pre_bid"": ""-19460"", ""sel_9th_pre_req_pre"": ""0"", ""sel_9th_pre_req"": ""31"", ""sel_9th_pre_bid"": ""-19450"", ""sel_8th_pre_req_pre"": ""0"", ""sel_8th_pre_req"": ""42"", ""sel_8th_pre_bid"": ""-19440"", ""sel_7th_pre_req_pre"": ""0"", ""sel_7th_pre_req"": ""44"", ""sel_7th_pre_bid"": ""-19430"", ""sel_6th_pre_req_pre"": ""0"", ""sel_6th_pre_req"": ""40"", ""sel_6th_pre_bid"": ""-19420"", ""sel_5th_pre_req_pre"": ""0"", ""sel_5th_pre_req"": ""50"", ""sel_5th_pre_bid"": ""-19400"", ""sel_4th_pre_req_pre"": ""0"", ""sel_4th_pre_req"": ""5"", ""sel_4th_pre_bid"": ""-19370"", ""sel_3th_pre_req_pre"": ""0"", ""sel_3th_pre_req"": ""594"", ""sel_3th_pre_bid"": ""-19350"", ""sel_2th_pre_req_pre"": ""0"", ""sel_2th_pre_req"": ""40"", ""sel_2th_pre_bid"": ""-19340"", ""sel_1th_pre_req_pre"": ""0"", ""sel_fpr_req"": ""381"", ""sel_fpr_bid"": ""-19330"", ""buy_fpr_bid"": ""-19320"", ""buy_fpr_req"": ""1055"", ""buy_1th_pre_req_pre"": ""0"", ""buy_2th_pre_bid"": ""-19310"", ""buy_2th_pre_req"": ""1842"", ""buy_2th_pre_req_pre"": ""+1"", ""buy_3th_pre_bid"": ""-19300"", ""buy_3th_pre_req"": ""1217"", ""buy_3th_pre_req_pre"": ""0"", ""buy_4th_pre_bid"": ""-19290"", ""buy_4th_pre_req"": ""1113"", ""buy_4th_pre_req_pre"": ""0"", ""buy_5th_pre_bid"": ""-19280"", ""buy_5th_pre_req"": ""661"", ""buy_5th_pre_req_pre"": ""0"", ""buy_6th_pre_bid"": ""-19270"", ""buy_6th_pre_req"": ""1232"", ""buy_6th_pre_req_pre"": ""0"", ""buy_7th_pre_bid"": ""-19260"", ""buy_7th_pre_req"": ""749"", ""buy_7th_pre_req_pre"": ""0"", ""buy_8th_pre_bid"": ""-19250"", ""buy_8th_pre_req"": ""3023"", ""buy_8th_pre_req_pre"": ""0"", ""buy_9th_pre_bid"": ""-19240"", ""buy_9th_pre_req"": ""109"", ""buy_9th_pre_req_pre"": ""0"", ""buy_10th_pre_bid"": ""-19230"", ""buy_10th_pre_req"": ""505"", ""buy_10th_pre_req_pre"": ""0"", ""tot_sel_req_jub_pre"": ""0"", ""tot_sel_req"": ""1288"", ""tot_buy_req"": ""11506"", ""tot_buy_req_jub_pre"": ""+1"", ""ovt_sel_req_pre"": ""0"", ""ovt_sel_req"": ""0"", ""ovt_buy_req"": ""0"", ""ovt_buy_req_pre"": ""0"", ""return_code"": 0, ""return_msg"": ""정상적으로 처리되었습니다""}"
2026-09-10,scan_candidate,005880,2026-09-10T09:30:14.472901,0,main_scan,2105,2105,2105,2100,2105,2080,-1.632399049881239,0.23752969121140144,77634095,679383150700,3808203653,4.6084989106069685,0.0,"{""bid_req_base_tm"": ""093109"", ""sel_10th_pre_req_pre"": ""0"", ""sel_10th_pre_req"": ""5522"", ""sel_10th_pre_bid"": ""+2150"", ""sel_9th_pre_req_pre"": ""0"", ""sel_9th_pre_req"": ""3218"", ""sel_9th_pre_bid"": ""+2145"", ""sel_8th_pre_req_pre"": ""0"", ""sel_8th_pre_req"": ""52157"", ""sel_8th_pre_bid"": ""+2140"", ""sel_7th_pre_req_pre"": ""0"", ""sel_7th_pre_req"": ""7454"", ""sel_7th_pre_bid"": ""+2135"", ""sel_6th_pre_req_pre"": ""0"", ""sel_6th_pre_req"": ""6365"", ""sel_6th_pre_bid"": ""+2130"", ""sel_5th_pre_req_pre"": ""0"", ""sel_5th_pre_req"": ""3907"", ""sel_5th_pre_bid"": ""+2125"", ""sel_4th_pre_req_pre"": ""0"", ""sel_4th_pre_req"": ""3008"", ""sel_4th_pre_bid"": ""+2120"", ""sel_3th_pre_req_pre"": ""0"", ""sel_3th_pre_req"": ""9113"", ""sel_3th_pre_bid"": ""+2115"", ""sel_2th_pre_req_pre"": ""0"", ""sel_2th_pre_req"": ""25206"", ""sel_2th_pre_bid"": ""+2110"", ""sel_1th_pre_req_pre"": ""0"", ""sel_fpr_req"": ""3090"", ""sel_fpr_bid"": ""+2105"", ""buy_fpr_bid"": ""+2100"", ""buy_fpr_req"": ""98"", ""buy_1th_pre_req_pre"": ""0"", ""buy_2th_pre_bid"": ""+2095"", ""buy_2th_pre_req"": ""1735"", ""buy_2th_pre_req_pre"": ""0"", ""buy_3th_pre_bid"": ""+2090"", ""buy_3th_pre_req"": ""2686"", ""buy_3th_pre_req_pre"": ""0"", ""buy_4th_pre_bid"": ""+2085"", ""buy_4th_pre_req"": ""3960"", ""buy_4th_pre_req_pre"": ""0"", ""buy_5th_pre_bid"": ""2080"", ""buy_5th_pre_req"": ""6359"", ""buy_5th_pre_req_pre"": ""0"", ""buy_6th_pre_bid"": ""-2075"", ""buy_6th_pre_req"": ""632"", ""buy_6th_pre_req_pre"": ""0"", ""buy_7th_pre_bid"": ""-2070"", ""buy_7th_pre_req"": ""638"", ""buy_7th_pre_req_pre"": ""0"", ""buy_8th_pre_bid"": ""-2065"", ""buy_8th_pre_req"": ""1484"", ""buy_8th_pre_req_pre"": ""0"", ""buy_9th_pre_bid"": ""-2060"", ""buy_9th_pre_req"": ""3787"", ""buy_9th_pre_req_pre"": ""0"", ""buy_10th_pre_bid"": ""-2055"", ""buy_10th_pre_req"": ""1106"", ""buy_10th_pre_req_pre"": ""0"", ""tot_sel_req_jub_pre"": ""0"", ""tot_sel_req"": ""119040"", ""tot_buy_req"": ""22485"", ""tot_buy_req_jub_pre"": ""0"", ""ovt_sel_req_pre"": ""0"", ""ovt_sel_req"": ""0"", ""ovt_buy_req"": ""0"", ""ovt_buy_req_pre"": ""0"", ""return_code"": 0, ""return_msg"": ""정상적으로 처리되었습니다""}"
2026-09-10,scan_candidate,100840,2026-09-10T09:30:14.472901,0,main_scan,37350,32700,37350,37250,37350,37100,-1.0116465863453776,0.2677376171352075,48736800,676261604100,6883190625,4.6084989106069685,14.220183486238533,"{""bid_req_base_tm"": ""093109"", ""sel_10th_pre_req_pre"": ""0"", ""sel_10th_pre_req"": ""123"", ""sel_10th_pre_bid"": ""-37800"", ""sel_9th_pre_req_pre"": ""0"", ""sel_9th_pre_req"": ""462"", ""sel_9th_pre_bid"": ""-37750"", ""sel_8th_pre_req_pre"": ""0"", ""sel_8th_pre_req"": ""597"", ""sel_8th_pre_bid"": ""-37700"", ""sel_7th_pre_req_pre"": ""0"", ""sel_7th_pre_req"": ""84"", ""sel_7th_pre_bid"": ""-37650"", ""sel_6th_pre_req_pre"": ""0"", ""sel_6th_pre_req"": ""40"", ""sel_6th_pre_bid"": ""-37600"", ""sel_5th_pre_req_pre"": ""0"", ""sel_5th_pre_req"": ""84"", ""sel_5th_pre_bid"": ""-37550"", ""sel_4th_pre_req_pre"": ""0"", ""sel_4th_pre_req"": ""351"", ""sel_4th_pre_bid"": ""-37500"", ""sel_3th_pre_req_pre"": ""+30"", ""sel_3th_pre_req"": ""395"", ""sel_3th_pre_bid"": ""-37450"", ""sel_2th_pre_req_pre"": ""0"", ""sel_2th_pre_req"": ""718"", ""sel_2th_pre_bid"": ""-37400"", ""sel_1th_pre_req_pre"": ""0"", ""sel_fpr_req"": ""76"", ""sel_fpr_bid"": ""-37350"", ""buy_fpr_bid"": ""-37250"", ""buy_fpr_req"": ""128"", ""buy_1th_pre_req_pre"": ""0"", ""buy_2th_pre_bid"": ""-37200"", ""buy_2th_pre_req"": ""450"", ""buy_2th_pre_req_pre"": ""0"", ""buy_3th_pre_bid"": ""-37150"", ""buy_3th_pre_req"": ""172"", ""buy_3th_pre_req_pre"": ""0"", ""buy_4th_pre_bid"": ""-37100"", ""buy_4th_pre_req"": ""215"", ""buy_4th_pre_req_pre"": ""0"", ""buy_5th_pre_bid"": ""-37050"", ""buy_5th_pre_req"": ""104"", ""buy_5th_pre_req_pre"": ""0"", ""buy_6th_pre_bid"": ""-37000"", ""buy_6th_pre_req"": ""61"", ""buy_6th_pre_req_pre"": ""0"", ""buy_7th_pre_bid"": ""-36950"", ""buy_7th_pre_req"": ""133"", ""buy_7th_pre_req_pre"": ""0"", ""buy_8th_pre_bid"": ""-36900"", ""buy_8th_pre_req"": ""27"", ""buy_8th_pre_req_pre"": ""0"", ""buy_9th_pre_bid"": ""-36850"", ""buy_9th_pre_req"": ""162"", ""buy_9th_pre_req_pre"": ""0"", ""buy_10th_pre_bid"": ""-36800"", ""buy_10th_pre_req"": ""644"", ""buy_10th_pre_req_pre"": ""0"", ""tot_sel_req_jub_pre"": ""+30"", ""tot_sel_req"": ""2930"", ""tot_buy_req"": ""2096"", ""tot_buy_req_jub_pre"": ""0"", ""ovt_sel_req_pre"": ""0"", ""ovt_sel_req"": ""0"", ""ovt_buy_req"": ""0"", ""ovt_buy_req_pre"": ""0"", ""return_code"": 0, ""return_msg"": ""정상적으로 처리되었습니다""}"
2026-09-10,scan_candidate,001680,2026-09-10T09:30:14.472901,0,main_scan,18810,19210,18810,18790,18810,18800,-0.5283572567783191,0.10632642211589581,3576680,665588560250,3402093510,4.6084989106069685,-2.082248828735034,"{""bid_req_base_tm"": ""093107"", ""sel_10th_pre_req_pre"": ""0"", ""sel_10th_pre_req"": ""886"", ""sel_10th_pre_bid"": ""+18900"", ""sel_9th_pre_req_pre"": ""0"", ""sel_9th_pre_req"": ""147"", ""sel_9th_pre_bid"": ""+18890"", ""sel_8th_pre_req_pre"": ""0"", ""sel_8th_pre_req"": ""1"", ""sel_8th_pre_bid"": ""+18880"", ""sel_7th_pre_req_pre"": ""0"", ""sel_7th_pre_req"": ""15"", ""sel_7th_pre_bid"": ""+18870"", ""sel_6th_pre_req_pre"": ""0"", ""sel_6th_pre_req"": ""1"", ""sel_6th_pre_bid"": ""+18860"", ""sel_5th_pre_req_pre"": ""0"", ""sel_5th_pre_req"": ""1"", ""sel_5th_pre_bid"": ""+18850"", ""sel_4th_pre_req_pre"": ""0"", ""sel_4th_pre_req"": ""82"", ""sel_4th_pre_bid"": ""+18840"", ""sel_3th_pre_req_pre"": ""0"", ""sel_3th_pre_req"": ""31"", ""sel_3th_pre_bid"": ""+18830"", ""sel_2th_pre_req_pre"": ""0"", ""sel_2th_pre_req"": ""69"", ""sel_2th_pre_bid"": ""+18820"", ""sel_1th_pre_req_pre"": ""--4"", ""sel_fpr_req"": ""49"", ""sel_fpr_bid"": ""+18810"", ""buy_fpr_bid"": ""+18790"", ""buy_fpr_req"": ""164"", ""buy_1th_pre_req_pre"": ""0"", ""buy_2th_pre_bid"": ""+18770"", ""buy_2th_pre_req"": ""77"", ""buy_2th_pre_req_pre"": ""0"", ""buy_3th_pre_bid"": ""+18710"", ""buy_3th_pre_req"": ""41"", ""buy_3th_pre_req_pre"": ""0"", ""buy_4th_pre_bid"": ""+18700"", ""buy_4th_pre_req"": ""85"", ""buy_4th_pre_req_pre"": ""0"", ""buy_5th_pre_bid"": ""+18690"", ""buy_5th_pre_req"": ""200"", ""buy_5th_pre_req_pre"": ""0"", ""buy_6th_pre_bid"": ""+18680"", ""buy_6th_pre_req"": ""300"", ""buy_6th_pre_req_pre"": ""0"", ""buy_7th_pre_bid"": ""+18660"", ""buy_7th_pre_req"": ""93"", ""buy_7th_pre_req_pre"": ""0"", ""buy_8th_pre_bid"": ""+18650"", ""buy_8th_pre_req"": ""100"", ""buy_8th_pre_req_pre"": ""0"", ""buy_9th_pre_bid"": ""+18640"", ""buy_9th_pre_req"": ""210"", ""buy_9th_pre_req_pre"": ""0"", ""buy_10th_pre_bid"": ""+18620"", ""buy_10th_pre_req"": ""120"", ""buy_10th_pre_req_pre"": ""0"", ""tot_sel_req_jub_pre"": ""--4"", ""tot_sel_req"": ""1282"", ""tot_buy_req"": ""1390"", ""tot_buy_req_jub_pre"": ""0"", ""ovt_sel_req_pre"": ""0"", ""ovt_sel_req"": ""0"", ""ovt_buy_req"": ""0"", ""ovt_buy_req_pre"": ""0"", ""return_code"": 0, ""return_msg"": ""정상적으로 처리되었습니다""}"
2026-09-10,scan_candidate,033240,2026-09-10T09:30:14.472901,0,main_scan,28950,30600,28950,28800,28950,28950,-0.3823747841105425,0.5181347150259068,23569650,661128361200,6417741700,4.6084989106069685,-5.392156862745098,"{""bid_req_base_tm"": ""093100"", ""sel_10th_pre_req_pre"": ""0"", ""sel_10th_pre_req"": ""146"", ""sel_10th_pre_bid"": ""+29400"", ""sel_9th_pre_req_pre"": ""0"", ""sel_9th_pre_req"": ""111"", ""sel_9th_pre_bid"": ""+29350"", ""sel_8th_pre_req_pre"": ""0"", ""sel_8th_pre_req"": ""289"", ""sel_8th_pre_bid"": ""+29300"", ""sel_7th_pre_req_pre"": ""0"", ""sel_7th_pre_req"": ""361"", ""sel_7th_pre_bid"": ""+29250"", ""sel_6th_pre_req_pre"": ""0"", ""sel_6th_pre_req"": ""82"", ""sel_6th_pre_bid"": ""+29200"", ""sel_5th_pre_req_pre"": ""0"", ""sel_5th_pre_req"": ""103"", ""sel_5th_pre_bid"": ""+29150"", ""sel_4th_pre_req_pre"": ""0"", ""sel_4th_pre_req"": ""95"", ""sel_4th_pre_bid"": ""+29100"", ""sel_3th_pre_req_pre"": ""0"", ""sel_3th_pre_req"": ""67"", ""sel_3th_pre_bid"": ""+29050"", ""sel_2th_pre_req_pre"": ""0"", ""sel_2th_pre_req"": ""163"", ""sel_2th_pre_bid"": ""+29000"", ""sel_1th_pre_req_pre"": ""+49"", ""sel_fpr_req"": ""496"", ""sel_fpr_bid"": ""+28950"", ""buy_fpr_bid"": ""+28800"", ""buy_fpr_req"": ""100"", ""buy_1th_pre_req_pre"": ""0"", ""buy_2th_pre_bid"": ""+28750"", ""buy_2th_pre_req"": ""511"", ""buy_2th_pre_req_pre"": ""0"", ""buy_3th_pre_bid"": ""+28700"", ""buy_3th_pre_req"": ""2"", ""buy_3th_pre_req_pre"": ""0"", ""buy_4th_pre_bid"": ""+28650"", ""buy_4th_pre_req"": ""1"", ""buy_4th_pre_req_pre"": ""0"", ""buy_5th_pre_bid"": ""+28600"", ""buy_5th_pre_req"": ""41"", ""buy_5th_pre_req_pre"": ""0"", ""buy_6th_pre_bid"": ""28550"", ""buy_6th_pre_req"": ""154"", ""buy_6th_pre_req_pre"": ""0"", ""buy_7th_pre_bid"": ""-28500"", ""buy_7th_pre_req"": ""1266"", ""buy_7th_pre_req_pre"": ""0"", ""buy_8th_pre_bid"": ""-28450"", ""buy_8th_pre_req"": ""435"", ""buy_8th_pre_req_pre"": ""0"", ""buy_9th_pre_bid"": ""-28400"", ""buy_9th_pre_req"": ""44"", ""buy_9th_pre_req_pre"": ""0"", ""buy_10th_pre_bid"": ""-28350"", ""buy_10th_pre_req"": ""101"", ""buy_10th_pre_req_pre"": ""0"", ""tot_sel_req_jub_pre"": ""+49"", ""tot_sel_req"": ""1913"", ""tot_buy_req"": ""2655"", ""tot_buy_req_jub_pre"": ""0"", ""ovt_sel_req_pre"": ""0"", ""ovt_sel_req"": ""0"", ""ovt_buy_req"": ""0"", ""ovt_buy_req_pre"": ""0"", ""return_code"": 0, ""return_msg"": ""정상적으로 처리되었습니다""}"
2026-09-10,scan_candidate,005690,2026-09-10T09:30:14.472901,0,main_scan,10590,10500,10590,10560,10590,10600,-0.5869782813975626,0.28328611898017,24090550,630042147000,3831130995,4.6084989106069685,0.8571428571428572,"{""bid_req_base_tm"": ""093108"", ""sel_10th_pre_req_pre"": ""0"", ""sel_10th_pre_req"": ""1046"", ""sel_10th_pre_bid"": ""-10680"", ""sel_9th_pre_req_pre"": ""0"", ""sel_9th_pre_req"": ""1402"", ""sel_9th_pre_bid"": ""-10670"", ""sel_8th_pre_req_pre"": ""0"", ""sel_8th_pre_req"": ""1023"", ""sel_8th_pre_bid"": ""-10660"", ""sel_7th_pre_req_pre"": ""0"", ""sel_7th_pre_req"": ""1042"", ""sel_7th_pre_bid"": ""-10650"", ""sel_6th_pre_req_pre"": ""0"", ""sel_6th_pre_req"": ""1067"", ""sel_6th_pre_bid"": ""-10640"", ""sel_5th_pre_req_pre"": ""0"", ""sel_5th_pre_req"": ""561"", ""sel_5th_pre_bid"": ""-10630"", ""sel_4th_pre_req_pre"": ""0"", ""sel_4th_pre_req"": ""500"", ""sel_4th_pre_bid"": ""-10620"", ""sel_3th_pre_req_pre"": ""0"", ""sel_3th_pre_req"": ""866"", ""sel_3th_pre_bid"": ""-10610"", ""sel_2th_pre_req_pre"": ""0"", ""sel_2th_pre_req"": ""530"", ""sel_2th_pre_bid"": ""-10600"", ""sel_1th_pre_req_pre"": ""--50"", ""sel_fpr_req"": ""481"", ""sel_fpr_bid"": ""-10590"", ""buy_fpr_bid"": ""-10560"", ""buy_fpr_req"": ""1820"", ""buy_1th_pre_req_pre"": ""0"", ""buy_2th_pre_bid"": ""-10550"", ""buy_2th_pre_req"": ""1976"", ""buy_2th_pre_req_pre"": ""0"", ""buy_3th_pre_bid"": ""-10540"", ""buy_3th_pre_req"": ""1360"", ""buy_3th_pre_req_pre"": ""0"", ""buy_4th_pre_bid"": ""-10530"", ""buy_4th_pre_req"": ""1144"", ""buy_4th_pre_req_pre"": ""0"", ""buy_5th_pre_bid"": ""-10520"", ""buy_5th_pre_req"": ""789"", ""buy_5th_pre_req_pre"": ""0"", ""buy_6th_pre_bid"": ""-10510"", ""buy_6th_pre_req"": ""2846"", ""buy_6th_pre_req_pre"": ""0"", ""buy_7th_pre_bid"": ""-10500"", ""buy_7th_pre_req"": ""6285"", ""buy_7th_pre_req_pre"": ""0"", ""buy_8th_pre_bid"": ""-10490"", ""buy_8th_pre_req"": ""1281"", ""buy_8th_pre_req_pre"": ""0"", ""buy_9th_pre_bid"": ""-10480"", ""buy_9th_pre_req"": ""369"", ""buy_9th_pre_req_pre"": ""0"", ""buy_10th_pre_bid"": ""-10470"", ""buy_10th_pre_req"": ""1335"", ""buy_10th_pre_req_pre"": ""0"", ""tot_sel_req_jub_pre"": ""--50"", ""tot_sel_req"": ""8518"", ""tot_buy_req"": ""19205"", ""tot_buy_req_jub_pre"": ""0"", ""ovt_sel_req_pre"": ""0"", ""ovt_sel_req"": ""0"", ""ovt_buy_req"": ""0"", ""ovt_buy_req_pre"": ""0"", ""return_code"": 0, ""return_msg"": ""정상적으로 처리되었습니다""}"
2026-09-10,scan_candidate,006650,2026-09-10T09:30:14.472901,0,main_scan,108700,96700,108700,108500,108700,108500,-0.8527184912603619,0.18399264029438822,22841500,628550000000,3124944550,4.6084989106069685,12.409513960703206,"{""bid_req_base_tm"": ""093109"", ""sel_10th_pre_req_pre"": ""0"", ""sel_10th_pre_req"": ""1"", ""sel_10th_pre_bid"": ""+111100"", ""sel_9th_pre_req_pre"": ""0"", ""sel_9th_pre_req"": ""12"", ""sel_9th_pre_bid"": ""+110600"", ""sel_8th_pre_req_pre"": ""0"", ""sel_8th_pre_req"": ""10"", ""sel_8th_pre_bid"": ""+110500"", ""sel_7th_pre_req_pre"": ""0"", ""sel_7th_pre_req"": ""40"", ""sel_7th_pre_bid"": ""-110000"", ""sel_6th_pre_req_pre"": ""0"", ""sel_6th_pre_req"": ""20"", ""sel_6th_pre_bid"": ""-109600"", ""sel_5th_pre_req_pre"": ""0"", ""sel_5th_pre_req"": ""11"", ""sel_5th_pre_bid"": ""-109200"", ""sel_4th_pre_req_pre"": ""0"", ""sel_4th_pre_req"": ""5"", ""sel_4th_pre_bid"": ""-109100"", ""sel_3th_pre_req_pre"": ""0"", ""sel_3th_pre_req"": ""40"", ""sel_3th_pre_bid"": ""-108900"", ""sel_2th_pre_req_pre"": ""0"", ""sel_2th_pre_req"": ""46"", ""sel_2th_pre_bid"": ""-108800"", ""sel_1th_pre_req_pre"": ""0"", ""sel_fpr_req"": ""129"", ""sel_fpr_bid"": ""-108700"", ""buy_fpr_bid"": ""-108500"", ""buy_fpr_req"": ""3"", ""buy_1th_pre_req_pre"": ""--5"", ""buy_2th_pre_bid"": ""-108400"", ""buy_2th_pre_req"": ""3"", ""buy_2th_pre_req_pre"": ""0"", ""buy_3th_pre_bid"": ""-108200"", ""buy_3th_pre_req"": ""27"", ""buy_3th_pre_req_pre"": ""0"", ""buy_4th_pre_bid"": ""-108100"", ""buy_4th_pre_req"": ""33"", ""buy_4th_pre_req_pre"": ""0"", ""buy_5th_pre_bid"": ""-108000"", ""buy_5th_pre_req"": ""236"", ""buy_5th_pre_req_pre"": ""0"", ""buy_6th_pre_bid"": ""-107900"", ""buy_6th_pre_req"": ""16"", ""buy_6th_pre_req_pre"": ""0"", ""buy_7th_pre_bid"": ""-107800"", ""buy_7th_pre_req"": ""1"", ""buy_7th_pre_req_pre"": ""0"", ""buy_8th_pre_bid"": ""-107700"", ""buy_8th_pre_req"": ""130"", ""buy_8th_pre_req_pre"": ""0"", ""buy_9th_pre_bid"": ""-107600"", ""buy_9th_pre_req"": ""2"", ""buy_9th_pre_req_pre"": ""0"", ""buy_10th_pre_bid"": ""-107500"", ""buy_10th_pre_req"": ""33"", ""buy_10th_pre_req_pre"": ""0"", ""tot_sel_req_jub_pre"": ""0"", ""tot_sel_req"": ""314"", ""tot_buy_req"": ""484"", ""tot_buy_req_jub_pre"": ""--5"", ""ovt_sel_req_pre"": ""0"", ""ovt_sel_req"": ""0"", ""ovt_buy_req"": ""0"", ""ovt_buy_req_pre"": ""0"", ""return_code"": 0, ""return_msg"": ""정상적으로 처리되었습니다""}"
2026-09-10,scan_candidate,079900,2026-09-10T09:30:14.472901,0,main_scan,41800,41500,41800,41750,41800,41900,-0.09061602870813953,0.11961722488038277,48465650,605590617500,6169994025,4.6084989106069685,0.7228915662650602,"{""bid_req_base_tm"": ""093107"", ""sel_10th_pre_req_pre"": ""0"", ""sel_10th_pre_req"": ""265"", ""sel_10th_pre_bid"": ""-42300"", ""sel_9th_pre_req_pre"": ""0"", ""sel_9th_pre_req"": ""122"", ""sel_9th_pre_bid"": ""-42250"", ""sel_8th_pre_req_pre"": ""0"", ""sel_8th_pre_req"": ""5"", ""sel_8th_pre_bid"": ""-42200"", ""sel_7th_pre_req_pre"": ""0"", ""sel_7th_pre_req"": ""21"", ""sel_7th_pre_bid"": ""-42150"", ""sel_6th_pre_req_pre"": ""0"", ""sel_6th_pre_req"": ""1"", ""sel_6th_pre_bid"": ""-42100"", ""sel_5th_pre_req_pre"": ""0"", ""sel_5th_pre_req"": ""8"", ""sel_5th_pre_bid"": ""-42050"", ""sel_4th_pre_req_pre"": ""0"", ""sel_4th_pre_req"": ""1687"", ""sel_4th_pre_bid"": ""-42000"", ""sel_3th_pre_req_pre"": ""0"", ""sel_3th_pre_req"": ""18"", ""sel_3th_pre_bid"": ""-41950"", ""sel_2th_pre_req_pre"": ""0"", ""sel_2th_pre_req"": ""8"", ""sel_2th_pre_bid"": ""-41850"", ""sel_1th_pre_req_pre"": ""0"", ""sel_fpr_req"": ""4"", ""sel_fpr_bid"": ""-41800"", ""buy_fpr_bid"": ""-41750"", ""buy_fpr_req"": ""36"", ""buy_1th_pre_req_pre"": ""0"", ""buy_2th_pre_bid"": ""-41700"", ""buy_2th_pre_req"": ""315"", ""buy_2th_pre_req_pre"": ""+1"", ""buy_3th_pre_bid"": ""-41650"", ""buy_3th_pre_req"": ""137"", ""buy_3th_pre_req_pre"": ""0"", ""buy_4th_pre_bid"": ""-41600"", ""buy_4th_pre_req"": ""562"", ""buy_4th_pre_req_pre"": ""0"", ""buy_5th_pre_bid"": ""-41550"", ""buy_5th_pre_req"": ""756"", ""buy_5th_pre_req_pre"": ""0"", ""buy_6th_pre_bid"": ""-41500"", ""buy_6th_pre_req"": ""1961"", ""buy_6th_pre_req_pre"": ""0"", ""buy_7th_pre_bid"": ""-41450"", ""buy_7th_pre_req"": ""324"", ""buy_7th_pre_req_pre"": ""0"", ""buy_8th_pre_bid"": ""-41400"", ""buy_8th_pre_req"": ""300"", ""buy_8th_pre_req_pre"": ""0"", ""buy_9th_pre_bid"": ""-41350"", ""buy_9th_pre_req"": ""489"", ""buy_9th_pre_req_pre"": ""0"", ""buy_10th_pre_bid"": ""-41300"", ""buy_10th_pre_req"": ""294"", ""buy_10th_pre_req_pre"": ""0"", ""tot_sel_req_jub_pre"": ""0"", ""tot_sel_req"": ""2139"", ""tot_buy_req"": ""5174"", ""tot_buy_req_jub_pre"": ""+1"", ""ovt_sel_req_pre"": ""0"", ""ovt_sel_req"": ""0"", ""ovt_buy_req"": ""0"", ""ovt_buy_req_pre"": ""0"", ""return_code"": 0, ""return_msg"": ""정상적으로 처리되었습니다""}"
2026-09-10,scan_candidate,002990,2026-09-10T09:30:14.472901,0,main_scan,15090,16090,15090,15080,15090,15100,-0.47455931080186076,0.06626905235255136,106190490,599512981660,52537527250,4.6084989106069685,-6.215040397762586,"{""bid_req_base_tm"": ""093110"", ""sel_10th_pre_req_pre"": ""0"", ""sel_10th_pre_req"": ""98"", ""sel_10th_pre_bid"": ""-15180"", ""sel_9th_pre_req_pre"": ""0"", ""sel_9th_pre_req"": ""195"", ""sel_9th_pre_bid"": ""-15170"", ""sel_8th_pre_req_pre"": ""0"", ""sel_8th_pre_req"": ""137"", ""sel_8th_pre_bid"": ""-15160"", ""sel_7th_pre_req_pre"": ""0"", ""sel_7th_pre_req"": ""1093"", ""sel_7th_pre_bid"": ""-15150"", ""sel_6th_pre_req_pre"": ""0"", ""sel_6th_pre_req"": ""181"", ""sel_6th_pre_bid"": ""-15140"", ""sel_5th_pre_req_pre"": ""0"", ""sel_5th_pre_req"": ""480"", ""sel_5th_pre_bid"": ""-15130"", ""sel_4th_pre_req_pre"": ""0"", ""sel_4th_pre_req"": ""4799"", ""sel_4th_pre_bid"": ""-15120"", ""sel_3th_pre_req_pre"": ""0"", ""sel_3th_pre_req"": ""927"", ""sel_3th_pre_bid"": ""-15110"", ""sel_2th_pre_req_pre"": ""0"", ""sel_2th_pre_req"": ""204"", ""sel_2th_pre_bid"": ""-15100"", ""sel_1th_pre_req_pre"": ""0"", ""sel_fpr_req"": ""2661"", ""sel_fpr_bid"": ""-15090"", ""buy_fpr_bid"": ""-15080"", ""buy_fpr_req"": ""2403"", ""buy_1th_pre_req_pre"": ""0"", ""buy_2th_pre_bid"": ""-15070"", ""buy_2th_pre_req"": ""5711"", ""buy_2th_pre_req_pre"": ""0"", ""buy_3th_pre_bid"": ""-15060"", ""buy_3th_pre_req"": ""1430"", ""buy_3th_pre_req_pre"": ""+2"", ""buy_4th_pre_bid"": ""-15050"", ""buy_4th_pre_req"": ""4046"", ""buy_4th_pre_req_pre"": ""0"", ""buy_5th_pre_bid"": ""-15040"", ""buy_5th_pre_req"": ""1752"", ""buy_5th_pre_req_pre"": ""0"", ""buy_6th_pre_bid"": ""-15030"", ""buy_6th_pre_req"": ""2505"", ""buy_6th_pre_req_pre"": ""0"", ""buy_7th_pre_bid"": ""-15020"", ""buy_7th_pre_req"": ""2051"", ""buy_7th_pre_req_pre"": ""0"", ""buy_8th_pre_bid"": ""-15010"", ""buy_8th_pre_req"": ""9815"", ""buy_8th_pre_req_pre"": ""0"", ""buy_9th_pre_bid"": ""-15000"", ""buy_9th_pre_req"": ""20121"", ""buy_9th_pre_req_pre"": ""0"", ""buy_10th_pre_bid"": ""-14990"", ""buy_10th_pre_req"": ""1110"", ""buy_10th_pre_req_pre"": ""0"", ""tot_sel_req_jub_pre"": ""0"", ""tot_sel_req"": ""10775"", ""tot_buy_req"": ""50944"", ""tot_buy_req_jub_pre"": ""+2"", ""ovt_sel_req_pre"": ""0"", ""ovt_sel_req"": ""0"", ""ovt_buy_req"": ""0"", ""ovt_buy_req_pre"": ""0"", ""return_code"": 0, ""return_msg"": ""정상적으로 처리되었습니다""}"
2026-09-10,scan_candidate,0220W0,2026-09-10T09:30:14.472901,0,main_scan,6520,6710,6520,6510,6520,6550,0.09615030674845589,0.15337423312883436,85509320,567099239850,33954623705,4.6084989106069685,-2.8315946348733236,"{""bid_req_base_tm"": ""093110"", ""sel_10th_pre_req_pre"": ""0"", ""sel_10th_pre_req"": ""1005"", ""sel_10th_pre_bid"": ""-6610"", ""sel_9th_pre_req_pre"": ""0"", ""sel_9th_pre_req"": ""1388"", ""sel_9th_pre_bid"": ""-6600"", ""sel_8th_pre_req_pre"": ""0"", ""sel_8th_pre_req"": ""565"", ""sel_8th_pre_bid"": ""-6590"", ""sel_7th_pre_req_pre"": ""0"", ""sel_7th_pre_req"": ""1679"", ""sel_7th_pre_bid"": ""-6580"", ""sel_6th_pre_req_pre"": ""0"", ""sel_6th_pre_req"": ""2012"", ""sel_6th_pre_bid"": ""-6570"", ""sel_5th_pre_req_pre"": ""0"", ""sel_5th_pre_req"": ""9873"", ""sel_5th_pre_bid"": ""-6560"", ""sel_4th_pre_req_pre"": ""0"", ""sel_4th_pre_req"": ""1903"", ""sel_4th_pre_bid"": ""-6550"", ""sel_3th_pre_req_pre"": ""0"", ""sel_3th_pre_req"": ""6076"", ""sel_3th_pre_bid"": ""-6540"", ""sel_2th_pre_req_pre"": ""0"", ""sel_2th_pre_req"": ""1423"", ""sel_2th_pre_bid"": ""-6530"", ""sel_1th_pre_req_pre"": ""0"", ""sel_fpr_req"": ""314"", ""sel_fpr_bid"": ""-6520"", ""buy_fpr_bid"": ""-6510"", ""buy_fpr_req"": ""7425"", ""buy_1th_pre_req_pre"": ""0"", ""buy_2th_pre_bid"": ""-6500"", ""buy_2th_pre_req"": ""23993"", ""buy_2th_pre_req_pre"": ""0"", ""buy_3th_pre_bid"": ""-6490"", ""buy_3th_pre_req"": ""12497"", ""buy_3th_pre_req_pre"": ""0"", ""buy_4th_pre_bid"": ""-6480"", ""buy_4th_pre_req"": ""5557"", ""buy_4th_pre_req_pre"": ""0"", ""buy_5th_pre_bid"": ""-6470"", ""buy_5th_pre_req"": ""7534"", ""buy_5th_pre_req_pre"": ""0"", ""buy_6th_pre_bid"": ""-6460"", ""buy_6th_pre_req"": ""7005"", ""buy_6th_pre_req_pre"": ""0"", ""buy_7th_pre_bid"": ""-6450"", ""buy_7th_pre_req"": ""5694"", ""buy_7th_pre_req_pre"": ""0"", ""buy_8th_pre_bid"": ""-6440"", ""buy_8th_pre_req"": ""1716"", ""buy_8th_pre_req_pre"": ""0"", ""buy_9th_pre_bid"": ""-6430"", ""buy_9th_pre_req"": ""2502"", ""buy_9th_pre_req_pre"": ""+1"", ""buy_10th_pre_bid"": ""-6420"", ""buy_10th_pre_req"": ""1814"", ""buy_10th_pre_req_pre"": ""0"", ""tot_sel_req_jub_pre"": ""0"", ""tot_sel_req"": ""26238"", ""tot_buy_req"": ""75737"", ""tot_buy_req_jub_pre"": ""+1"", ""ovt_sel_req_pre"": ""0"", ""ovt_sel_req"": ""0"", ""ovt_buy_req"": ""0"", ""ovt_buy_req_pre"": ""0"", ""return_code"": 0, ""return_msg"": ""정상적으로 처리되었습니다""}"
2026-09-10,scan_candidate,001510,2026-09-10T09:30:14.472901,0,main_scan,2470,2430,2470,2465,2470,2490,0.39610323886638055,0.20242914979757085,27711045,562047056550,4994745142,4.6084989106069685,1.646090534979424,"{""bid_req_base_tm"": ""093111"", ""sel_10th_pre_req_pre"": ""0"", ""sel_10th_pre_req"": ""1795"", ""sel_10th_pre_bid"": ""2515"", ""sel_9th_pre_req_pre"": ""0"", ""sel_9th_pre_req"": ""1101"", ""sel_9th_pre_bid"": ""-2510"", ""sel_8th_pre_req_pre"": ""0"", ""sel_8th_pre_req"": ""483"", ""sel_8th_pre_bid"": ""-2505"", ""sel_7th_pre_req_pre"": ""0"", ""sel_7th_pre_req"": ""2892"", ""sel_7th_pre_bid"": ""-2500"", ""sel_6th_pre_req_pre"": ""0"", ""sel_6th_pre_req"": ""1625"", ""sel_6th_pre_bid"": ""-2495"", ""sel_5th_pre_req_pre"": ""0"", ""sel_5th_pre_req"": ""2634"", ""sel_5th_pre_bid"": ""-2490"", ""sel_4th_pre_req_pre"": ""0"", ""sel_4th_pre_req"": ""2145"", ""sel_4th_pre_bid"": ""-2485"", ""sel_3th_pre_req_pre"": ""0"", ""sel_3th_pre_req"": ""2453"", ""sel_3th_pre_bid"": ""-2480"", ""sel_2th_pre_req_pre"": ""0"", ""sel_2th_pre_req"": ""996"", ""sel_2th_pre_bid"": ""-2475"", ""sel_1th_pre_req_pre"": ""0"", ""sel_fpr_req"": ""5503"", ""sel_fpr_bid"": ""-2470"", ""buy_fpr_bid"": ""-2465"", ""buy_fpr_req"": ""13372"", ""buy_1th_pre_req_pre"": ""0"", ""buy_2th_pre_bid"": ""-2460"", ""buy_2th_pre_req"": ""25921"", ""buy_2th_pre_req_pre"": ""0"", ""buy_3th_pre_bid"": ""-2455"", ""buy_3th_pre_req"": ""18315"", ""buy_3th_pre_req_pre"": ""0"", ""buy_4th_pre_bid"": ""-2450"", ""buy_4th_pre_req"": ""45357"", ""buy_4th_pre_req_pre"": ""0"", ""buy_5th_pre_bid"": ""-2445"", ""buy_5th_pre_req"": ""8186"", ""buy_5th_pre_req_pre"": ""0"", ""buy_6th_pre_bid"": ""-2440"", ""buy_6th_pre_req"": ""13635"", ""buy_6th_pre_req_pre"": ""+500"", ""buy_7th_pre_bid"": ""-2435"", ""buy_7th_pre_req"": ""14213"", ""buy_7th_pre_req_pre"": ""0"", ""buy_8th_pre_bid"": ""-2430"", ""buy_8th_pre_req"": ""34660"", ""buy_8th_pre_req_pre"": ""0"", ""buy_9th_pre_bid"": ""-2425"", ""buy_9th_pre_req"": ""2439"", ""buy_9th_pre_req_pre"": ""0"", ""buy_10th_pre_bid"": ""-2420"", ""buy_10th_pre_req"": ""8260"", ""buy_10th_pre_req_pre"": ""0"", ""tot_sel_req_jub_pre"": ""0"", ""tot_sel_req"": ""21627"", ""tot_buy_req"": ""184358"", ""tot_buy_req_jub_pre"": ""+500"", ""ovt_sel_req_pre"": ""0"", ""ovt_sel_req"": ""0"", ""ovt_buy_req"": ""0"", ""ovt_buy_req_pre"": ""0"", ""return_code"": 0, ""return_msg"": ""정상적으로 처리되었습니다""}"
2026-09-10,scan_candidate,019170,2026-09-10T09:30:14.472901,0,main_scan,9890,10010,9890,9880,9890,9910,-0.10908493427705325,0.10111223458038424,15369570,524709405220,3259728640,4.6084989106069685,-1.1988011988011988,"{""bid_req_base_tm"": ""093110"", ""sel_10th_pre_req_pre"": ""0"", ""sel_10th_pre_req"": ""292"", ""sel_10th_pre_bid"": ""+9980"", ""sel_9th_pre_req_pre"": ""0"", ""sel_9th_pre_req"": ""700"", ""sel_9th_pre_bid"": ""+9970"", ""sel_8th_pre_req_pre"": ""0"", ""sel_8th_pre_req"": ""429"", ""sel_8th_pre_bid"": ""+9960"", ""sel_7th_pre_req_pre"": ""0"", ""sel_7th_pre_req"": ""28"", ""sel_7th_pre_bid"": ""+9950"", ""sel_6th_pre_req_pre"": ""0"", ""sel_6th_pre_req"": ""17"", ""sel_6th_pre_bid"": ""+9940"", ""sel_5th_pre_req_pre"": ""--48"", ""sel_5th_pre_req"": ""154"", ""sel_5th_pre_bid"": ""+9930"", ""sel_4th_pre_req_pre"": ""0"", ""sel_4th_pre_req"": ""140"", ""sel_4th_pre_bid"": ""+9920"", ""sel_3th_pre_req_pre"": ""0"", ""sel_3th_pre_req"": ""137"", ""sel_3th_pre_bid"": ""+9910"", ""sel_2th_pre_req_pre"": ""+48"", ""sel_2th_pre_req"": ""1341"", ""sel_2th_pre_bid"": ""+9900"", ""sel_1th_pre_req_pre"": ""0"", ""sel_fpr_req"": ""74"", ""sel_fpr_bid"": ""+9890"", ""buy_fpr_bid"": ""+9880"", ""buy_fpr_req"": ""175"", ""buy_1th_pre_req_pre"": ""0"", ""buy_2th_pre_bid"": ""+9870"", ""buy_2th_pre_req"": ""273"", ""buy_2th_pre_req_pre"": ""0"", ""buy_3th_pre_bid"": ""+9860"", ""buy_3th_pre_req"": ""834"", ""buy_3th_pre_req_pre"": ""0"", ""buy_4th_pre_bid"": ""+9850"", ""buy_4th_pre_req"": ""6497"", ""buy_4th_pre_req_pre"": ""0"", ""buy_5th_pre_bid"": ""+9840"", ""buy_5th_pre_req"": ""22"", ""buy_5th_pre_req_pre"": ""0"", ""buy_6th_pre_bid"": ""+9830"", ""buy_6th_pre_req"": ""152"", ""buy_6th_pre_req_pre"": ""0"", ""buy_7th_pre_bid"": ""9820"", ""buy_7th_pre_req"": ""2221"", ""buy_7th_pre_req_pre"": ""0"", ""buy_8th_pre_bid"": ""-9810"", ""buy_8th_pre_req"": ""5285"", ""buy_8th_pre_req_pre"": ""0"", ""buy_9th_pre_bid"": ""-9800"", ""buy_9th_pre_req"": ""2334"", ""buy_9th_pre_req_pre"": ""0"", ""buy_10th_pre_bid"": ""-9790"", ""buy_10th_pre_req"": ""2646"", ""buy_10th_pre_req_pre"": ""0"", ""tot_sel_req_jub_pre"": ""0"", ""tot_sel_req"": ""3312"", ""tot_buy_req"": ""20439"", ""tot_buy_req_jub_pre"": ""0"", ""ovt_sel_req_pre"": ""0"", ""ovt_sel_req"": ""0"", ""ovt_buy_req"": ""0"", ""ovt_buy_req_pre"": ""0"", ""return_code"": 0, ""return_msg"": ""정상적으로 처리되었습니다""}"
2026-09-10,scan_candidate,249420,2026-09-10T09:30:14.472901,0,main_scan,15630,15030,15630,15610,15630,15650,-0.40156429942419153,0.12795905310300704,27441850,475522927560,7666084225,4.6084989106069685,3.992015968063872,"{""bid_req_base_tm"": ""093111"", ""sel_10th_pre_req_pre"": ""0"", ""sel_10th_pre_req"": ""113"", ""sel_10th_pre_bid"": ""-15720"", ""sel_9th_pre_req_pre"": ""0"", ""sel_9th_pre_req"": ""49"", ""sel_9th_pre_bid"": ""-15710"", ""sel_8th_pre_req_pre"": ""0"", ""sel_8th_pre_req"": ""60"", ""sel_8th_pre_bid"": ""-15700"", ""sel_7th_pre_req_pre"": ""0"", ""sel_7th_pre_req"": ""30"", ""sel_7th_pre_bid"": ""-15690"", ""sel_6th_pre_req_pre"": ""0"", ""sel_6th_pre_req"": ""64"", ""sel_6th_pre_bid"": ""-15680"", ""sel_5th_pre_req_pre"": ""0"", ""sel_5th_pre_req"": ""11"", ""sel_5th_pre_bid"": ""-15670"", ""sel_4th_pre_req_pre"": ""0"", ""sel_4th_pre_req"": ""10"", ""sel_4th_pre_bid"": ""-15660"", ""sel_3th_pre_req_pre"": ""0"", ""sel_3th_pre_req"": ""1589"", ""sel_3th_pre_bid"": ""-15650"", ""sel_2th_pre_req_pre"": ""0"", ""sel_2th_pre_req"": ""187"", ""sel_2th_pre_bid"": ""-15640"", ""sel_1th_pre_req_pre"": ""--2"", ""sel_fpr_req"": ""339"", ""sel_fpr_bid"": ""-15630"", ""buy_fpr_bid"": ""-15610"", ""buy_fpr_req"": ""85"", ""buy_1th_pre_req_pre"": ""0"", ""buy_2th_pre_bid"": ""-15600"", ""buy_2th_pre_req"": ""2149"", ""buy_2th_pre_req_pre"": ""0"", ""buy_3th_pre_bid"": ""-15590"", ""buy_3th_pre_req"": ""1210"", ""buy_3th_pre_req_pre"": ""0"", ""buy_4th_pre_bid"": ""-15580"", ""buy_4th_pre_req"": ""805"", ""buy_4th_pre_req_pre"": ""0"", ""buy_5th_pre_bid"": ""-15570"", ""buy_5th_pre_req"": ""774"", ""buy_5th_pre_req_pre"": ""0"", ""buy_6th_pre_bid"": ""-15560"", ""buy_6th_pre_req"": ""340"", ""buy_6th_pre_req_pre"": ""0"", ""buy_7th_pre_bid"": ""-15550"", ""buy_7th_pre_req"": ""155"", ""buy_7th_pre_req_pre"": ""0"", ""buy_8th_pre_bid"": ""-15540"", ""buy_8th_pre_req"": ""158"", ""buy_8th_pre_req_pre"": ""0"", ""buy_9th_pre_bid"": ""-15530"", ""buy_9th_pre_req"": ""261"", ""buy_9th_pre_req_pre"": ""0"", ""buy_10th_pre_bid"": ""-15520"", ""buy_10th_pre_req"": ""1402"", ""buy_10th_pre_req_pre"": ""0"", ""tot_sel_req_jub_pre"": ""--2"", ""tot_sel_req"": ""2452"", ""tot_buy_req"": ""7339"", ""tot_buy_req_jub_pre"": ""0"", ""ovt_sel_req_pre"": ""0"", ""ovt_sel_req"": ""0"", ""ovt_buy_req"": ""0"", ""ovt_buy_req_pre"": ""0"", ""return_code"": 0, ""return_msg"": ""정상적으로 처리되었습니다""}"
2026-09-10,scan_candidate,009900,2026-09-10T09:30:14.472901,0,main_scan,8250,8630,8250,8240,8250,8270,-0.0890242424242553,0.12121212121212122,13378770,452817247790,12974115215,4.6084989106069685,-4.40324449594438,"{""bid_req_base_tm"": ""093110"", ""sel_10th_pre_req_pre"": ""0"", ""sel_10th_pre_req"": ""436"", ""sel_10th_pre_bid"": ""+8350"", ""sel_9th_pre_req_pre"": ""0"", ""sel_9th_pre_req"": ""543"", ""sel_9th_pre_bid"": ""+8340"", ""sel_8th_pre_req_pre"": ""0"", ""sel_8th_pre_req"": ""60"", ""sel_8th_pre_bid"": ""+8330"", ""sel_7th_pre_req_pre"": ""0"", ""sel_7th_pre_req"": ""521"", ""sel_7th_pre_bid"": ""8310"", ""sel_6th_pre_req_pre"": ""0"", ""sel_6th_pre_req"": ""140"", ""sel_6th_pre_bid"": ""-8300"", ""sel_5th_pre_req_pre"": ""0"", ""sel_5th_pre_req"": ""276"", ""sel_5th_pre_bid"": ""-8290"", ""sel_4th_pre_req_pre"": ""0"", ""sel_4th_pre_req"": ""185"", ""sel_4th_pre_bid"": ""-8280"", ""sel_3th_pre_req_pre"": ""0"", ""sel_3th_pre_req"": ""485"", ""sel_3th_pre_bid"": ""-8270"", ""sel_2th_pre_req_pre"": ""+243"", ""sel_2th_pre_req"": ""525"", ""sel_2th_pre_bid"": ""-8260"", ""sel_1th_pre_req_pre"": ""0"", ""sel_fpr_req"": ""499"", ""sel_fpr_bid"": ""-8250"", ""buy_fpr_bid"": ""-8240"", ""buy_fpr_req"": ""232"", ""buy_1th_pre_req_pre"": ""0"", ""buy_2th_pre_bid"": ""-8230"", ""buy_2th_pre_req"": ""179"", ""buy_2th_pre_req_pre"": ""0"", ""buy_3th_pre_bid"": ""-8220"", ""buy_3th_pre_req"": ""1223"", ""buy_3th_pre_req_pre"": ""+109"", ""buy_4th_pre_bid"": ""-8210"", ""buy_4th_pre_req"": ""362"", ""buy_4th_pre_req_pre"": ""0"", ""buy_5th_pre_bid"": ""-8200"", ""buy_5th_pre_req"": ""207"", ""buy_5th_pre_req_pre"": ""0"", ""buy_6th_pre_bid"": ""-8190"", ""buy_6th_pre_req"": ""588"", ""buy_6th_pre_req_pre"": ""0"", ""buy_7th_pre_bid"": ""-8180"", ""buy_7th_pre_req"": ""283"", ""buy_7th_pre_req_pre"": ""0"", ""buy_8th_pre_bid"": ""-8170"", ""buy_8th_pre_req"": ""236"", ""buy_8th_pre_req_pre"": ""0"", ""buy_9th_pre_bid"": ""-8160"", ""buy_9th_pre_req"": ""102"", ""buy_9th_pre_req_pre"": ""0"", ""buy_10th_pre_bid"": ""-8150"", ""buy_10th_pre_req"": ""351"", ""buy_10th_pre_req_pre"": ""0"", ""tot_sel_req_jub_pre"": ""+243"", ""tot_sel_req"": ""3670"", ""tot_buy_req"": ""3763"", ""tot_buy_req_jub_pre"": ""+109"", ""ovt_sel_req_pre"": ""0"", ""ovt_sel_req"": ""0"", ""ovt_buy_req"": ""0"", ""ovt_buy_req_pre"": ""0"", ""return_code"": 0, ""return_msg"": ""정상적으로 처리되었습니다""}"
2026-09-10,scan_candidate,004710,2026-09-10T09:30:14.472901,0,main_scan,8850,8460,8850,8810,8850,8870,-0.09722598870057944,0.4519774011299435,19733600,449393651820,12405459445,4.6084989106069685,4.609929078014184,"{""bid_req_base_tm"": ""093111"", ""sel_10th_pre_req_pre"": ""0"", ""sel_10th_pre_req"": ""261"", ""sel_10th_pre_bid"": ""+8960"", ""sel_9th_pre_req_pre"": ""0"", ""sel_9th_pre_req"": ""40"", ""sel_9th_pre_bid"": ""+8950"", ""sel_8th_pre_req_pre"": ""0"", ""sel_8th_pre_req"": ""88"", ""sel_8th_pre_bid"": ""+8940"", ""sel_7th_pre_req_pre"": ""0"", ""sel_7th_pre_req"": ""30"", ""sel_7th_pre_bid"": ""+8920"", ""sel_6th_pre_req_pre"": ""0"", ""sel_6th_pre_req"": ""2065"", ""sel_6th_pre_bid"": ""8900"", ""sel_5th_pre_req_pre"": ""0"", ""sel_5th_pre_req"": ""2061"", ""sel_5th_pre_bid"": ""-8890"", ""sel_4th_pre_req_pre"": ""0"", ""sel_4th_pre_req"": ""156"", ""sel_4th_pre_bid"": ""-8880"", ""sel_3th_pre_req_pre"": ""0"", ""sel_3th_pre_req"": ""40"", ""sel_3th_pre_bid"": ""-8870"", ""sel_2th_pre_req_pre"": ""0"", ""sel_2th_pre_req"": ""187"", ""sel_2th_pre_bid"": ""-8860"", ""sel_1th_pre_req_pre"": ""0"", ""sel_fpr_req"": ""778"", ""sel_fpr_bid"": ""-8850"", ""buy_fpr_bid"": ""-8810"", ""buy_fpr_req"": ""1168"", ""buy_1th_pre_req_pre"": ""0"", ""buy_2th_pre_bid"": ""-8800"", ""buy_2th_pre_req"": ""1094"", ""buy_2th_pre_req_pre"": ""0"", ""buy_3th_pre_bid"": ""-8780"", ""buy_3th_pre_req"": ""4916"", ""buy_3th_pre_req_pre"": ""0"", ""buy_4th_pre_bid"": ""-8750"", ""buy_4th_pre_req"": ""107"", ""buy_4th_pre_req_pre"": ""0"", ""buy_5th_pre_bid"": ""-8740"", ""buy_5th_pre_req"": ""1203"", ""buy_5th_pre_req_pre"": ""0"", ""buy_6th_pre_bid"": ""-8730"", ""buy_6th_pre_req"": ""101"", ""buy_6th_pre_req_pre"": ""0"", ""buy_7th_pre_bid"": ""-8720"", ""buy_7th_pre_req"": ""1"", ""buy_7th_pre_req_pre"": ""0"", ""buy_8th_pre_bid"": ""-8710"", ""buy_8th_pre_req"": ""50"", ""buy_8th_pre_req_pre"": ""0"", ""buy_9th_pre_bid"": ""-8700"", ""buy_9th_pre_req"": ""866"", ""buy_9th_pre_req_pre"": ""0"", ""buy_10th_pre_bid"": ""-8690"", ""buy_10th_pre_req"": ""301"", ""buy_10th_pre_req_pre"": ""0"", ""tot_sel_req_jub_pre"": ""0"", ""tot_sel_req"": ""5706"", ""tot_buy_req"": ""9807"", ""tot_buy_req_jub_pre"": ""--896"", ""ovt_sel_req_pre"": ""0"", ""ovt_sel_req"": ""0"", ""ovt_buy_req"": ""0"", ""ovt_buy_req_pre"": ""0"", ""return_code"": 0, ""return_msg"": ""정상적으로 처리되었습니다""}"
2026-09-10,scan_candidate,452260,2026-09-10T09:30:14.472901,0,main_scan,2575,2300,2575,2570,2575,2590,0.1775922330097035,0.1941747572815534,45189420,445877103000,4477390954,4.6084989106069685,11.956521739130435,"{""bid_req_base_tm"": ""093112"", ""sel_10th_pre_req_pre"": ""0"", ""sel_10th_pre_req"": ""625"", ""sel_10th_pre_bid"": ""+2620"", ""sel_9th_pre_req_pre"": ""0"", ""sel_9th_pre_req"": ""4105"", ""sel_9th_pre_bid"": ""+2615"", ""sel_8th_pre_req_pre"": ""0"", ""sel_8th_pre_req"": ""345"", ""sel_8th_pre_bid"": ""+2610"", ""sel_7th_pre_req_pre"": ""0"", ""sel_7th_pre_req"": ""158"", ""sel_7th_pre_bid"": ""+2605"", ""sel_6th_pre_req_pre"": ""0"", ""sel_6th_pre_req"": ""2262"", ""sel_6th_pre_bid"": ""+2600"", ""sel_5th_pre_req_pre"": ""0"", ""sel_5th_pre_req"": ""2398"", ""sel_5th_pre_bid"": ""+2595"", ""sel_4th_pre_req_pre"": ""0"", ""sel_4th_pre_req"": ""3446"", ""sel_4th_pre_bid"": ""+2590"", ""sel_3th_pre_req_pre"": ""0"", ""sel_3th_pre_req"": ""1254"", ""sel_3th_pre_bid"": ""+2585"", ""sel_2th_pre_req_pre"": ""0"", ""sel_2th_pre_req"": ""11458"", ""sel_2th_pre_bid"": ""+2580"", ""sel_1th_pre_req_pre"": ""0"", ""sel_fpr_req"": ""2713"", ""sel_fpr_bid"": ""+2575"", ""buy_fpr_bid"": ""+2570"", ""buy_fpr_req"": ""625"", ""buy_1th_pre_req_pre"": ""0"", ""buy_2th_pre_bid"": ""2565"", ""buy_2th_pre_req"": ""42740"", ""buy_2th_pre_req_pre"": ""0"", ""buy_3th_pre_bid"": ""-2560"", ""buy_3th_pre_req"": ""5025"", ""buy_3th_pre_req_pre"": ""+5"", ""buy_4th_pre_bid"": ""-2555"", ""buy_4th_pre_req"": ""1102"", ""buy_4th_pre_req_pre"": ""0"", ""buy_5th_pre_bid"": ""-2550"", ""buy_5th_pre_req"": ""5639"", ""buy_5th_pre_req_pre"": ""0"", ""buy_6th_pre_bid"": ""-2545"", ""buy_6th_pre_req"": ""567"", ""buy_6th_pre_req_pre"": ""0"", ""buy_7th_pre_bid"": ""-2540"", ""buy_7th_pre_req"": ""3230"", ""buy_7th_pre_req_pre"": ""0"", ""buy_8th_pre_bid"": ""-2535"", ""buy_8th_pre_req"": ""4316"", ""buy_8th_pre_req_pre"": ""0"", ""buy_9th_pre_bid"": ""-2530"", ""buy_9th_pre_req"": ""13734"", ""buy_9th_pre_req_pre"": ""0"", ""buy_10th_pre_bid"": ""-2525"", ""buy_10th_pre_req"": ""10479"", ""buy_10th_pre_req_pre"": ""0"", ""tot_sel_req_jub_pre"": ""0"", ""tot_sel_req"": ""28764"", ""tot_buy_req"": ""87457"", ""tot_buy_req_jub_pre"": ""+5"", ""ovt_sel_req_pre"": ""0"", ""ovt_sel_req"": ""0"", ""ovt_buy_req"": ""0"", ""ovt_buy_req_pre"": ""0"", ""return_code"": 0, ""return_msg"": ""정상적으로 처리되었습니다""}"
2026-09-10,scan_candidate,317400,2026-09-10T09:30:14.472901,0,main_scan,9870,11230,9870,9860,9870,9900,-0.00776089159069342,0.10131712259371835,12466770,435527699600,9042944005,4.6084989106069685,-12.110418521816563,"{""bid_req_base_tm"": ""093111"", ""sel_10th_pre_req_pre"": ""0"", ""sel_10th_pre_req"": ""10"", ""sel_10th_pre_bid"": ""-9970"", ""sel_9th_pre_req_pre"": ""0"", ""sel_9th_pre_req"": ""10"", ""sel_9th_pre_bid"": ""-9960"", ""sel_8th_pre_req_pre"": ""0"", ""sel_8th_pre_req"": ""1626"", ""sel_8th_pre_bid"": ""-9950"", ""sel_7th_pre_req_pre"": ""0"", ""sel_7th_pre_req"": ""37"", ""sel_7th_pre_bid"": ""-9940"", ""sel_6th_pre_req_pre"": ""0"", ""sel_6th_pre_req"": ""3"", ""sel_6th_pre_bid"": ""-9930"", ""sel_5th_pre_req_pre"": ""0"", ""sel_5th_pre_req"": ""3"", ""sel_5th_pre_bid"": ""-9910"", ""sel_4th_pre_req_pre"": ""0"", ""sel_4th_pre_req"": ""27"", ""sel_4th_pre_bid"": ""-9900"", ""sel_3th_pre_req_pre"": ""0"", ""sel_3th_pre_req"": ""8"", ""sel_3th_pre_bid"": ""-9890"", ""sel_2th_pre_req_pre"": ""0"", ""sel_2th_pre_req"": ""1135"", ""sel_2th_pre_bid"": ""-9880"", ""sel_1th_pre_req_pre"": ""0"", ""sel_fpr_req"": ""227"", ""sel_fpr_bid"": ""-9870"", ""buy_fpr_bid"": ""-9860"", ""buy_fpr_req"": ""3"", ""buy_1th_pre_req_pre"": ""0"", ""buy_2th_pre_bid"": ""-9850"", ""buy_2th_pre_req"": ""1423"", ""buy_2th_pre_req_pre"": ""+88"", ""buy_3th_pre_bid"": ""-9840"", ""buy_3th_pre_req"": ""291"", ""buy_3th_pre_req_pre"": ""0"", ""buy_4th_pre_bid"": ""-9830"", ""buy_4th_pre_req"": ""638"", ""buy_4th_pre_req_pre"": ""0"", ""buy_5th_pre_bid"": ""-9810"", ""buy_5th_pre_req"": ""64"", ""buy_5th_pre_req_pre"": ""0"", ""buy_6th_pre_bid"": ""-9800"", ""buy_6th_pre_req"": ""1120"", ""buy_6th_pre_req_pre"": ""0"", ""buy_7th_pre_bid"": ""-9790"", ""buy_7th_pre_req"": ""147"", ""buy_7th_pre_req_pre"": ""0"", ""buy_8th_pre_bid"": ""-9780"", ""buy_8th_pre_req"": ""131"", ""buy_8th_pre_req_pre"": ""0"", ""buy_9th_pre_bid"": ""-9770"", ""buy_9th_pre_req"": ""63"", ""buy_9th_pre_req_pre"": ""0"", ""buy_10th_pre_bid"": ""-9750"", ""buy_10th_pre_req"": ""673"", ""buy_10th_pre_req_pre"": ""0"", ""tot_sel_req_jub_pre"": ""0"", ""tot_sel_req"": ""3086"", ""tot_buy_req"": ""4553"", ""tot_buy_req_jub_pre"": ""+88"", ""ovt_sel_req_pre"": ""0"", ""ovt_sel_req"": ""0"", ""ovt_buy_req"": ""0"", ""ovt_buy_req_pre"": ""0"", ""return_code"": 0, ""return_msg"": ""정상적으로 처리되었습니다""}"
2026-09-10,scan_candidate,003280,2026-09-10T09:30:14.472901,0,main_scan,1878,1724,1878,1871,1878,1870,-0.900875931842404,0.3727369542066028,19960295,414492525876,5227954854,4.6084989106069685,8.932714617169374,"{""bid_req_base_tm"": ""093112"", ""sel_10th_pre_req_pre"": ""0"", ""sel_10th_pre_req"": ""957"", ""sel_10th_pre_bid"": ""+1887"", ""sel_9th_pre_req_pre"": ""0"", ""sel_9th_pre_req"": ""3939"", ""sel_9th_pre_bid"": ""+1886"", ""sel_8th_pre_req_pre"": ""0"", ""sel_8th_pre_req"": ""4693"", ""sel_8th_pre_bid"": ""+1885"", ""sel_7th_pre_req_pre"": ""0"", ""sel_7th_pre_req"": ""13238"", ""sel_7th_pre_bid"": ""+1884"", ""sel_6th_pre_req_pre"": ""0"", ""sel_6th_pre_req"": ""13882"", ""sel_6th_pre_bid"": ""+1883"", ""sel_5th_pre_req_pre"": ""0"", ""sel_5th_pre_req"": ""2471"", ""sel_5th_pre_bid"": ""+1882"", ""sel_4th_pre_req_pre"": ""0"", ""sel_4th_pre_req"": ""268"", ""sel_4th_pre_bid"": ""+1881"", ""sel_3th_pre_req_pre"": ""0"", ""sel_3th_pre_req"": ""3076"", ""sel_3th_pre_bid"": ""+1880"", ""sel_2th_pre_req_pre"": ""+170"", ""sel_2th_pre_req"": ""3650"", ""sel_2th_pre_bid"": ""+1879"", ""sel_1th_pre_req_pre"": ""0"", ""sel_fpr_req"": ""3433"", ""sel_fpr_bid"": ""+1878"", ""buy_fpr_bid"": ""+1871"", ""buy_fpr_req"": ""4023"", ""buy_1th_pre_req_pre"": ""--2"", ""buy_2th_pre_bid"": ""+1870"", ""buy_2th_pre_req"": ""9077"", ""buy_2th_pre_req_pre"": ""+2278"", ""buy_3th_pre_bid"": ""+1869"", ""buy_3th_pre_req"": ""114"", ""buy_3th_pre_req_pre"": ""0"", ""buy_4th_pre_bid"": ""+1868"", ""buy_4th_pre_req"": ""267"", ""buy_4th_pre_req_pre"": ""0"", ""buy_5th_pre_bid"": ""+1867"", ""buy_5th_pre_req"": ""7876"", ""buy_5th_pre_req_pre"": ""0"", ""buy_6th_pre_bid"": ""+1866"", ""buy_6th_pre_req"": ""328"", ""buy_6th_pre_req_pre"": ""0"", ""buy_7th_pre_bid"": ""+1865"", ""buy_7th_pre_req"": ""758"", ""buy_7th_pre_req_pre"": ""0"", ""buy_8th_pre_bid"": ""+1864"", ""buy_8th_pre_req"": ""21"", ""buy_8th_pre_req_pre"": ""0"", ""buy_9th_pre_bid"": ""+1863"", ""buy_9th_pre_req"": ""100"", ""buy_9th_pre_req_pre"": ""0"", ""buy_10th_pre_bid"": ""+1861"", ""buy_10th_pre_req"": ""369"", ""buy_10th_pre_req_pre"": ""0"", ""tot_sel_req_jub_pre"": ""+3170"", ""tot_sel_req"": ""49607"", ""tot_buy_req"": ""22933"", ""tot_buy_req_jub_pre"": ""+2559"", ""ovt_sel_req_pre"": ""0"", ""ovt_sel_req"": ""0"", ""ovt_buy_req"": ""0"", ""ovt_buy_req_pre"": ""0"", ""return_code"": 0, ""return_msg"": ""정상적으로 처리되었습니다""}"
2026-09-10,scan_candidate,017900,2026-09-10T09:30:14.472901,0,main_scan,8100,7070,8100,8090,8100,8100,-0.33321604938272587,0.12345679012345678,25077030,409662404410,3234920480,4.6084989106069685,14.56859971711457,"{""bid_req_base_tm"": ""093112"", ""sel_10th_pre_req_pre"": ""0"", ""sel_10th_pre_req"": ""951"", ""sel_10th_pre_bid"": ""-8200"", ""sel_9th_pre_req_pre"": ""0"", ""sel_9th_pre_req"": ""497"", ""sel_9th_pre_bid"": ""-8190"", ""sel_8th_pre_req_pre"": ""0"", ""sel_8th_pre_req"": ""269"", ""sel_8th_pre_bid"": ""-8180"", ""sel_7th_pre_req_pre"": ""0"", ""sel_7th_pre_req"": ""60"", ""sel_7th_pre_bid"": ""-8170"", ""sel_6th_pre_req_pre"": ""0"", ""sel_6th_pre_req"": ""435"", ""sel_6th_pre_bid"": ""-8160"", ""sel_5th_pre_req_pre"": ""0"", ""sel_5th_pre_req"": ""3513"", ""sel_5th_pre_bid"": ""-8150"", ""sel_4th_pre_req_pre"": ""0"", ""sel_4th_pre_req"": ""605"", ""sel_4th_pre_bid"": ""-8140"", ""sel_3th_pre_req_pre"": ""0"", ""sel_3th_pre_req"": ""61"", ""sel_3th_pre_bid"": ""-8130"", ""sel_2th_pre_req_pre"": ""0"", ""sel_2th_pre_req"": ""653"", ""sel_2th_pre_bid"": ""-8110"", ""sel_1th_pre_req_pre"": ""0"", ""sel_fpr_req"": ""99"", ""sel_fpr_bid"": ""-8100"", ""buy_fpr_bid"": ""-8090"", ""buy_fpr_req"": ""241"", ""buy_1th_pre_req_pre"": ""0"", ""buy_2th_pre_bid"": ""-8080"", ""buy_2th_pre_req"": ""301"", ""buy_2th_pre_req_pre"": ""0"", ""buy_3th_pre_bid"": ""-8070"", ""buy_3th_pre_req"": ""281"", ""buy_3th_pre_req_pre"": ""0"", ""buy_4th_pre_bid"": ""-8060"", ""buy_4th_pre_req"": ""181"", ""buy_4th_pre_req_pre"": ""0"", ""buy_5th_pre_bid"": ""-8050"", ""buy_5th_pre_req"": ""450"", ""buy_5th_pre_req_pre"": ""0"", ""buy_6th_pre_bid"": ""-8040"", ""buy_6th_pre_req"": ""797"", ""buy_6th_pre_req_pre"": ""0"", ""buy_7th_pre_bid"": ""-8030"", ""buy_7th_pre_req"": ""1635"", ""buy_7th_pre_req_pre"": ""0"", ""buy_8th_pre_bid"": ""-8020"", ""buy_8th_pre_req"": ""2715"", ""buy_8th_pre_req_pre"": ""0"", ""buy_9th_pre_bid"": ""-8010"", ""buy_9th_pre_req"": ""13709"", ""buy_9th_pre_req_pre"": ""0"", ""buy_10th_pre_bid"": ""-8000"", ""buy_10th_pre_req"": ""8088"", ""buy_10th_pre_req_pre"": ""0"", ""tot_sel_req_jub_pre"": ""0"", ""tot_sel_req"": ""7143"", ""tot_buy_req"": ""28398"", ""tot_buy_req_jub_pre"": ""0"", ""ovt_sel_req_pre"": ""0"", ""ovt_sel_req"": ""0"", ""ovt_buy_req"": ""0"", ""ovt_buy_req_pre"": ""0"", ""return_code"": 0, ""return_msg"": ""정상적으로 처리되었습니다""}"
2026-09-10,scan_candidate,130660,2026-09-10T09:30:14.472901,0,main_scan,13340,12000,13340,13300,13340,13350,-0.5092653673163532,0.29985007496251875,4022930,391200000000,3463409700,4.6084989106069685,11.166666666666666,"{""bid_req_base_tm"": ""093112"", ""sel_10th_pre_req_pre"": ""0"", ""sel_10th_pre_req"": ""179"", ""sel_10th_pre_bid"": ""-13440"", ""sel_9th_pre_req_pre"": ""0"", ""sel_9th_pre_req"": ""180"", ""sel_9th_pre_bid"": ""-13430"", ""sel_8th_pre_req_pre"": ""0"", ""sel_8th_pre_req"": ""329"", ""sel_8th_pre_bid"": ""-13420"", ""sel_7th_pre_req_pre"": ""0"", ""sel_7th_pre_req"": ""480"", ""sel_7th_pre_bid"": ""-13410"", ""sel_6th_pre_req_pre"": ""0"", ""sel_6th_pre_req"": ""408"", ""sel_6th_pre_bid"": ""-13400"", ""sel_5th_pre_req_pre"": ""0"", ""sel_5th_pre_req"": ""106"", ""sel_5th_pre_bid"": ""-13390"", ""sel_4th_pre_req_pre"": ""0"", ""sel_4th_pre_req"": ""51"", ""sel_4th_pre_bid"": ""-13380"", ""sel_3th_pre_req_pre"": ""0"", ""sel_3th_pre_req"": ""100"", ""sel_3th_pre_bid"": ""-13370"", ""sel_2th_pre_req_pre"": ""0"", ""sel_2th_pre_req"": ""106"", ""sel_2th_pre_bid"": ""-13350"", ""sel_1th_pre_req_pre"": ""0"", ""sel_fpr_req"": ""36"", ""sel_fpr_bid"": ""-13340"", ""buy_fpr_bid"": ""-13300"", ""buy_fpr_req"": ""44"", ""buy_1th_pre_req_pre"": ""0"", ""buy_2th_pre_bid"": ""-13290"", ""buy_2th_pre_req"": ""386"", ""buy_2th_pre_req_pre"": ""0"", ""buy_3th_pre_bid"": ""-13280"", ""buy_3th_pre_req"": ""1121"", ""buy_3th_pre_req_pre"": ""0"", ""buy_4th_pre_bid"": ""-13260"", ""buy_4th_pre_req"": ""127"", ""buy_4th_pre_req_pre"": ""0"", ""buy_5th_pre_bid"": ""-13250"", ""buy_5th_pre_req"": ""473"", ""buy_5th_pre_req_pre"": ""0"", ""buy_6th_pre_bid"": ""-13240"", ""buy_6th_pre_req"": ""13"", ""buy_6th_pre_req_pre"": ""0"", ""buy_7th_pre_bid"": ""-13230"", ""buy_7th_pre_req"": ""80"", ""buy_7th_pre_req_pre"": ""0"", ""buy_8th_pre_bid"": ""-13220"", ""buy_8th_pre_req"": ""140"", ""buy_8th_pre_req_pre"": ""0"", ""buy_9th_pre_bid"": ""-13210"", ""buy_9th_pre_req"": ""1"", ""buy_9th_pre_req_pre"": ""0"", ""buy_10th_pre_bid"": ""-13200"", ""buy_10th_pre_req"": ""209"", ""buy_10th_pre_req_pre"": ""0"", ""tot_sel_req_jub_pre"": ""0"", ""tot_sel_req"": ""1975"", ""tot_buy_req"": ""2594"", ""tot_buy_req_jub_pre"": ""0"", ""ovt_sel_req_pre"": ""0"", ""ovt_sel_req"": ""0"", ""ovt_buy_req"": ""0"", ""ovt_buy_req_pre"": ""0"", ""return_code"": 0, ""return_msg"": ""정상적으로 처리되었습니다""}"
2026-09-10,scan_candidate,092790,2026-09-10T09:30:14.472901,0,main_scan,13660,12990,13660,13640,13660,13650,-0.648382137628121,0.14641288433382138,20866130,337765980000,4018890565,4.6084989106069685,5.157813702848345,"{""bid_req_base_tm"": ""093113"", ""sel_10th_pre_req_pre"": ""0"", ""sel_10th_pre_req"": ""968"", ""sel_10th_pre_bid"": ""+13750"", ""sel_9th_pre_req_pre"": ""0"", ""sel_9th_pre_req"": ""182"", ""sel_9th_pre_bid"": ""+13740"", ""sel_8th_pre_req_pre"": ""0"", ""sel_8th_pre_req"": ""1162"", ""sel_8th_pre_bid"": ""+13730"", ""sel_7th_pre_req_pre"": ""0"", ""sel_7th_pre_req"": ""1833"", ""sel_7th_pre_bid"": ""+13720"", ""sel_6th_pre_req_pre"": ""0"", ""sel_6th_pre_req"": ""1314"", ""sel_6th_pre_bid"": ""+13710"", ""sel_5th_pre_req_pre"": ""0"", ""sel_5th_pre_req"": ""924"", ""sel_5th_pre_bid"": ""+13700"", ""sel_4th_pre_req_pre"": ""0"", ""sel_4th_pre_req"": ""348"", ""sel_4th_pre_bid"": ""+13690"", ""sel_3th_pre_req_pre"": ""0"", ""sel_3th_pre_req"": ""171"", ""sel_3th_pre_bid"": ""+13680"", ""sel_2th_pre_req_pre"": ""0"", ""sel_2th_pre_req"": ""505"", ""sel_2th_pre_bid"": ""+13670"", ""sel_1th_pre_req_pre"": ""+6"", ""sel_fpr_req"": ""198"", ""sel_fpr_bid"": ""+13660"", ""buy_fpr_bid"": ""+13640"", ""buy_fpr_req"": ""183"", ""buy_1th_pre_req_pre"": ""0"", ""buy_2th_pre_bid"": ""+13630"", ""buy_2th_pre_req"": ""499"", ""buy_2th_pre_req_pre"": ""0"", ""buy_3th_pre_bid"": ""+13620"", ""buy_3th_pre_req"": ""2646"", ""buy_3th_pre_req_pre"": ""0"", ""buy_4th_pre_bid"": ""+13600"", ""buy_4th_pre_req"": ""740"", ""buy_4th_pre_req_pre"": ""0"", ""buy_5th_pre_bid"": ""+13580"", ""buy_5th_pre_req"": ""297"", ""buy_5th_pre_req_pre"": ""0"", ""buy_6th_pre_bid"": ""+13570"", ""buy_6th_pre_req"": ""792"", ""buy_6th_pre_req_pre"": ""0"", ""buy_7th_pre_bid"": ""+13560"", ""buy_7th_pre_req"": ""532"", ""buy_7th_pre_req_pre"": ""0"", ""buy_8th_pre_bid"": ""+13550"", ""buy_8th_pre_req"": ""1352"", ""buy_8th_pre_req_pre"": ""0"", ""buy_9th_pre_bid"": ""+13540"", ""buy_9th_pre_req"": ""1302"", ""buy_9th_pre_req_pre"": ""0"", ""buy_10th_pre_bid"": ""+13530"", ""buy_10th_pre_req"": ""1111"", ""buy_10th_pre_req_pre"": ""0"", ""tot_sel_req_jub_pre"": ""+6"", ""tot_sel_req"": ""7605"", ""tot_buy_req"": ""9454"", ""tot_buy_req_jub_pre"": ""0"", ""ovt_sel_req_pre"": ""0"", ""ovt_sel_req"": ""0"", ""ovt_buy_req"": ""0"", ""ovt_buy_req_pre"": ""0"", ""return_code"": 0, ""return_msg"": ""정상적으로 처리되었습니다""}"
2026-09-10,scan_candidate,005950,2026-09-10T09:30:14.472901,0,main_scan,12050,11780,12050,12020,12050,12050,-0.6241286307053978,0.24896265560165973,5647910,309745310820,4937516750,4.6084989106069685,2.2920203735144313,"{""bid_req_base_tm"": ""093110"", ""sel_10th_pre_req_pre"": ""0"", ""sel_10th_pre_req"": ""139"", ""sel_10th_pre_bid"": ""+12160"", ""sel_9th_pre_req_pre"": ""0"", ""sel_9th_pre_req"": ""433"", ""sel_9th_pre_bid"": ""+12150"", ""sel_8th_pre_req_pre"": ""0"", ""sel_8th_pre_req"": ""439"", ""sel_8th_pre_bid"": ""+12140"", ""sel_7th_pre_req_pre"": ""0"", ""sel_7th_pre_req"": ""200"", ""sel_7th_pre_bid"": ""+12130"", ""sel_6th_pre_req_pre"": ""0"", ""sel_6th_pre_req"": ""235"", ""sel_6th_pre_bid"": ""+12120"", ""sel_5th_pre_req_pre"": ""0"", ""sel_5th_pre_req"": ""100"", ""sel_5th_pre_bid"": ""12110"", ""sel_4th_pre_req_pre"": ""0"", ""sel_4th_pre_req"": ""300"", ""sel_4th_pre_bid"": ""-12100"", ""sel_3th_pre_req_pre"": ""0"", ""sel_3th_pre_req"": ""189"", ""sel_3th_pre_bid"": ""-12090"", ""sel_2th_pre_req_pre"": ""0"", ""sel_2th_pre_req"": ""50"", ""sel_2th_pre_bid"": ""-12080"", ""sel_1th_pre_req_pre"": ""--5"", ""sel_fpr_req"": ""20"", ""sel_fpr_bid"": ""-12050"", ""buy_fpr_bid"": ""-12020"", ""buy_fpr_req"": ""23"", ""buy_1th_pre_req_pre"": ""0"", ""buy_2th_pre_bid"": ""-12010"", ""buy_2th_pre_req"": ""165"", ""buy_2th_pre_req_pre"": ""0"", ""buy_3th_pre_bid"": ""-12000"", ""buy_3th_pre_req"": ""493"", ""buy_3th_pre_req_pre"": ""0"", ""buy_4th_pre_bid"": ""-11990"", ""buy_4th_pre_req"": ""736"", ""buy_4th_pre_req_pre"": ""0"", ""buy_5th_pre_bid"": ""-11980"", ""buy_5th_pre_req"": ""757"", ""buy_5th_pre_req_pre"": ""0"", ""buy_6th_pre_bid"": ""-11970"", ""buy_6th_pre_req"": ""117"", ""buy_6th_pre_req_pre"": ""0"", ""buy_7th_pre_bid"": ""-11960"", ""buy_7th_pre_req"": ""775"", ""buy_7th_pre_req_pre"": ""0"", ""buy_8th_pre_bid"": ""-11950"", ""buy_8th_pre_req"": ""657"", ""buy_8th_pre_req_pre"": ""0"", ""buy_9th_pre_bid"": ""-11940"", ""buy_9th_pre_req"": ""1027"", ""buy_9th_pre_req_pre"": ""0"", ""buy_10th_pre_bid"": ""-11930"", ""buy_10th_pre_req"": ""951"", ""buy_10th_pre_req_pre"": ""0"", ""tot_sel_req_jub_pre"": ""--5"", ""tot_sel_req"": ""2105"", ""tot_buy_req"": ""5701"", ""tot_buy_req_jub_pre"": ""0"", ""ovt_sel_req_pre"": ""0"", ""ovt_sel_req"": ""0"", ""ovt_buy_req"": ""0"", ""ovt_buy_req_pre"": ""0"", ""return_code"": 0, ""return_msg"": ""정상적으로 처리되었습니다""}"
2026-09-10,scan_candidate,010955,2026-09-10T09:30:14.472901,0,main_scan,77200,71900,77200,77000,77200,77500,0.048562176165791046,0.2590673575129534,3486900,289176551300,4736468150,4.6084989106069685,7.37134909596662,"{""bid_req_base_tm"": ""093113"", ""sel_10th_pre_req_pre"": ""0"", ""sel_10th_pre_req"": ""1"", ""sel_10th_pre_bid"": ""+78200"", ""sel_9th_pre_req_pre"": ""0"", ""sel_9th_pre_req"": ""142"", ""sel_9th_pre_bid"": ""+78100"", ""sel_8th_pre_req_pre"": ""0"", ""sel_8th_pre_req"": ""277"", ""sel_8th_pre_bid"": ""+78000"", ""sel_7th_pre_req_pre"": ""0"", ""sel_7th_pre_req"": ""51"", ""sel_7th_pre_bid"": ""+77900"", ""sel_6th_pre_req_pre"": ""0"", ""sel_6th_pre_req"": ""3"", ""sel_6th_pre_bid"": ""+77800"", ""sel_5th_pre_req_pre"": ""0"", ""sel_5th_pre_req"": ""2"", ""sel_5th_pre_bid"": ""+77700"", ""sel_4th_pre_req_pre"": ""0"", ""sel_4th_pre_req"": ""31"", ""sel_4th_pre_bid"": ""+77600"", ""sel_3th_pre_req_pre"": ""0"", ""sel_3th_pre_req"": ""16"", ""sel_3th_pre_bid"": ""+77500"", ""sel_2th_pre_req_pre"": ""0"", ""sel_2th_pre_req"": ""5"", ""sel_2th_pre_bid"": ""77300"", ""sel_1th_pre_req_pre"": ""+1"", ""sel_fpr_req"": ""7"", ""sel_fpr_bid"": ""-77200"", ""buy_fpr_bid"": ""-77000"", ""buy_fpr_req"": ""4"", ""buy_1th_pre_req_pre"": ""0"", ""buy_2th_pre_bid"": ""-76800"", ""buy_2th_pre_req"": ""229"", ""buy_2th_pre_req_pre"": ""0"", ""buy_3th_pre_bid"": ""-76700"", ""buy_3th_pre_req"": ""17"", ""buy_3th_pre_req_pre"": ""0"", ""buy_4th_pre_bid"": ""-76500"", ""buy_4th_pre_req"": ""51"", ""buy_4th_pre_req_pre"": ""0"", ""buy_5th_pre_bid"": ""-76400"", ""buy_5th_pre_req"": ""100"", ""buy_5th_pre_req_pre"": ""0"", ""buy_6th_pre_bid"": ""-76200"", ""buy_6th_pre_req"": ""106"", ""buy_6th_pre_req_pre"": ""0"", ""buy_7th_pre_bid"": ""-76100"", ""buy_7th_pre_req"": ""196"", ""buy_7th_pre_req_pre"": ""0"", ""buy_8th_pre_bid"": ""-76000"", ""buy_8th_pre_req"": ""84"", ""buy_8th_pre_req_pre"": ""0"", ""buy_9th_pre_bid"": ""-75500"", ""buy_9th_pre_req"": ""55"", ""buy_9th_pre_req_pre"": ""0"", ""buy_10th_pre_bid"": ""-75200"", ""buy_10th_pre_req"": ""21"", ""buy_10th_pre_req_pre"": ""0"", ""tot_sel_req_jub_pre"": ""+1"", ""tot_sel_req"": ""535"", ""tot_buy_req"": ""863"", ""tot_buy_req_jub_pre"": ""0"", ""ovt_sel_req_pre"": ""0"", ""ovt_sel_req"": ""0"", ""ovt_buy_req"": ""0"", ""ovt_buy_req_pre"": ""0"", ""return_code"": 0, ""return_msg"": ""정상적으로 처리되었습니다""}"
2026-09-10,scan_candidate,003350,2026-09-10T09:30:14.472901,0,main_scan,13040,12750,13040,13010,13040,13050,-0.5161503067484841,0.23006134969325154,2376260,288915000000,7407013385,4.6084989106069685,2.2745098039215685,"{""bid_req_base_tm"": ""093112"", ""sel_10th_pre_req_pre"": ""0"", ""sel_10th_pre_req"": ""192"", ""sel_10th_pre_bid"": ""-13140"", ""sel_9th_pre_req_pre"": ""0"", ""sel_9th_pre_req"": ""45"", ""sel_9th_pre_bid"": ""-13130"", ""sel_8th_pre_req_pre"": ""0"", ""sel_8th_pre_req"": ""100"", ""sel_8th_pre_bid"": ""-13120"", ""sel_7th_pre_req_pre"": ""0"", ""sel_7th_pre_req"": ""58"", ""sel_7th_pre_bid"": ""-13100"", ""sel_6th_pre_req_pre"": ""0"", ""sel_6th_pre_req"": ""37"", ""sel_6th_pre_bid"": ""-13090"", ""sel_5th_pre_req_pre"": ""0"", ""sel_5th_pre_req"": ""36"", ""sel_5th_pre_bid"": ""-13080"", ""sel_4th_pre_req_pre"": ""0"", ""sel_4th_pre_req"": ""34"", ""sel_4th_pre_bid"": ""-13070"", ""sel_3th_pre_req_pre"": ""0"", ""sel_3th_pre_req"": ""33"", ""sel_3th_pre_bid"": ""-13060"", ""sel_2th_pre_req_pre"": ""0"", ""sel_2th_pre_req"": ""109"", ""sel_2th_pre_bid"": ""-13050"", ""sel_1th_pre_req_pre"": ""--2"", ""sel_fpr_req"": ""16"", ""sel_fpr_bid"": ""-13040"", ""buy_fpr_bid"": ""-13010"", ""buy_fpr_req"": ""58"", ""buy_1th_pre_req_pre"": ""0"", ""buy_2th_pre_bid"": ""-13000"", ""buy_2th_pre_req"": ""432"", ""buy_2th_pre_req_pre"": ""0"", ""buy_3th_pre_bid"": ""-12990"", ""buy_3th_pre_req"": ""438"", ""buy_3th_pre_req_pre"": ""0"", ""buy_4th_pre_bid"": ""-12980"", ""buy_4th_pre_req"": ""1233"", ""buy_4th_pre_req_pre"": ""0"", ""buy_5th_pre_bid"": ""-12970"", ""buy_5th_pre_req"": ""1102"", ""buy_5th_pre_req_pre"": ""0"", ""buy_6th_pre_bid"": ""-12960"", ""buy_6th_pre_req"": ""1062"", ""buy_6th_pre_req_pre"": ""0"", ""buy_7th_pre_bid"": ""-12950"", ""buy_7th_pre_req"": ""71"", ""buy_7th_pre_req_pre"": ""0"", ""buy_8th_pre_bid"": ""-12940"", ""buy_8th_pre_req"": ""347"", ""buy_8th_pre_req_pre"": ""0"", ""buy_9th_pre_bid"": ""-12930"", ""buy_9th_pre_req"": ""199"", ""buy_9th_pre_req_pre"": ""0"", ""buy_10th_pre_bid"": ""-12920"", ""buy_10th_pre_req"": ""99"", ""buy_10th_pre_req_pre"": ""0"", ""tot_sel_req_jub_pre"": ""--2"", ""tot_sel_req"": ""660"", ""tot_buy_req"": ""5041"", ""tot_buy_req_jub_pre"": ""0"", ""ovt_sel_req_pre"": ""0"", ""ovt_sel_req"": ""0"", ""ovt_buy_req"": ""0"", ""ovt_buy_req_pre"": ""0"", ""return_code"": 0, ""return_msg"": ""정상적으로 처리되었습니다""}"
2026-09-10,scan_candidate,004430,2026-09-10T09:30:14.472901,0,main_scan,12240,11910,12240,12220,12240,12250,-0.5361601307189707,0.16339869281045752,4914910,285840000000,3881875420,4.6084989106069685,2.770780856423174,"{""bid_req_base_tm"": ""093113"", ""sel_10th_pre_req_pre"": ""0"", ""sel_10th_pre_req"": ""112"", ""sel_10th_pre_bid"": ""+12330"", ""sel_9th_pre_req_pre"": ""0"", ""sel_9th_pre_req"": ""100"", ""sel_9th_pre_bid"": ""+12320"", ""sel_8th_pre_req_pre"": ""0"", ""sel_8th_pre_req"": ""132"", ""sel_8th_pre_bid"": ""+12310"", ""sel_7th_pre_req_pre"": ""0"", ""sel_7th_pre_req"": ""928"", ""sel_7th_pre_bid"": ""+12300"", ""sel_6th_pre_req_pre"": ""0"", ""sel_6th_pre_req"": ""237"", ""sel_6th_pre_bid"": ""+12290"", ""sel_5th_pre_req_pre"": ""0"", ""sel_5th_pre_req"": ""120"", ""sel_5th_pre_bid"": ""+12280"", ""sel_4th_pre_req_pre"": ""0"", ""sel_4th_pre_req"": ""32"", ""sel_4th_pre_bid"": ""+12270"", ""sel_3th_pre_req_pre"": ""0"", ""sel_3th_pre_req"": ""70"", ""sel_3th_pre_bid"": ""+12260"", ""sel_2th_pre_req_pre"": ""0"", ""sel_2th_pre_req"": ""256"", ""sel_2th_pre_bid"": ""+12250"", ""sel_1th_pre_req_pre"": ""0"", ""sel_fpr_req"": ""31"", ""sel_fpr_bid"": ""+12240"", ""buy_fpr_bid"": ""+12220"", ""buy_fpr_req"": ""110"", ""buy_1th_pre_req_pre"": ""0"", ""buy_2th_pre_bid"": ""+12200"", ""buy_2th_pre_req"": ""670"", ""buy_2th_pre_req_pre"": ""0"", ""buy_3th_pre_bid"": ""+12190"", ""buy_3th_pre_req"": ""3"", ""buy_3th_pre_req_pre"": ""0"", ""buy_4th_pre_bid"": ""+12180"", ""buy_4th_pre_req"": ""81"", ""buy_4th_pre_req_pre"": ""0"", ""buy_5th_pre_bid"": ""+12170"", ""buy_5th_pre_req"": ""314"", ""buy_5th_pre_req_pre"": ""0"", ""buy_6th_pre_bid"": ""+12160"", ""buy_6th_pre_req"": ""350"", ""buy_6th_pre_req_pre"": ""0"", ""buy_7th_pre_bid"": ""+12150"", ""buy_7th_pre_req"": ""2"", ""buy_7th_pre_req_pre"": ""0"", ""buy_8th_pre_bid"": ""+12140"", ""buy_8th_pre_req"": ""40"", ""buy_8th_pre_req_pre"": ""0"", ""buy_9th_pre_bid"": ""+12130"", ""buy_9th_pre_req"": ""41"", ""buy_9th_pre_req_pre"": ""0"", ""buy_10th_pre_bid"": ""+12120"", ""buy_10th_pre_req"": ""282"", ""buy_10th_pre_req_pre"": ""0"", ""tot_sel_req_jub_pre"": ""0"", ""tot_sel_req"": ""2018"", ""tot_buy_req"": ""1893"", ""tot_buy_req_jub_pre"": ""0"", ""ovt_sel_req_pre"": ""0"", ""ovt_sel_req"": ""0"", ""ovt_buy_req"": ""0"", ""ovt_buy_req_pre"": ""0"", ""return_code"": 0, ""return_msg"": ""정상적으로 처리되었습니다""}"
2026-09-10,scan_candidate,020120,2026-09-10T09:30:14.472901,0,main_scan,8130,7200,8130,8120,8130,8170,0.15828413284131213,0.12300123001230012,4432760,266859115200,3309925180,4.6084989106069685,12.916666666666668,"{""bid_req_base_tm"": ""093113"", ""sel_10th_pre_req_pre"": ""0"", ""sel_10th_pre_req"": ""3"", ""sel_10th_pre_bid"": ""+8240"", ""sel_9th_pre_req_pre"": ""0"", ""sel_9th_pre_req"": ""505"", ""sel_9th_pre_bid"": ""+8230"", ""sel_8th_pre_req_pre"": ""0"", ""sel_8th_pre_req"": ""2"", ""sel_8th_pre_bid"": ""+8220"", ""sel_7th_pre_req_pre"": ""0"", ""sel_7th_pre_req"": ""5"", ""sel_7th_pre_bid"": ""+8210"", ""sel_6th_pre_req_pre"": ""0"", ""sel_6th_pre_req"": ""352"", ""sel_6th_pre_bid"": ""+8200"", ""sel_5th_pre_req_pre"": ""0"", ""sel_5th_pre_req"": ""114"", ""sel_5th_pre_bid"": ""+8180"", ""sel_4th_pre_req_pre"": ""0"", ""sel_4th_pre_req"": ""166"", ""sel_4th_pre_bid"": ""+8170"", ""sel_3th_pre_req_pre"": ""0"", ""sel_3th_pre_req"": ""10"", ""sel_3th_pre_bid"": ""+8150"", ""sel_2th_pre_req_pre"": ""+19"", ""sel_2th_pre_req"": ""258"", ""sel_2th_pre_bid"": ""+8140"", ""sel_1th_pre_req_pre"": ""+48"", ""sel_fpr_req"": ""133"", ""sel_fpr_bid"": ""+8130"", ""buy_fpr_bid"": ""+8120"", ""buy_fpr_req"": ""3"", ""buy_1th_pre_req_pre"": ""0"", ""buy_2th_pre_bid"": ""+8110"", ""buy_2th_pre_req"": ""22"", ""buy_2th_pre_req_pre"": ""0"", ""buy_3th_pre_bid"": ""+8100"", ""buy_3th_pre_req"": ""3161"", ""buy_3th_pre_req_pre"": ""0"", ""buy_4th_pre_bid"": ""+8090"", ""buy_4th_pre_req"": ""16"", ""buy_4th_pre_req_pre"": ""0"", ""buy_5th_pre_bid"": ""+8080"", ""buy_5th_pre_req"": ""707"", ""buy_5th_pre_req_pre"": ""0"", ""buy_6th_pre_bid"": ""+8070"", ""buy_6th_pre_req"": ""114"", ""buy_6th_pre_req_pre"": ""0"", ""buy_7th_pre_bid"": ""+8060"", ""buy_7th_pre_req"": ""101"", ""buy_7th_pre_req_pre"": ""0"", ""buy_8th_pre_bid"": ""+8050"", ""buy_8th_pre_req"": ""283"", ""buy_8th_pre_req_pre"": ""0"", ""buy_9th_pre_bid"": ""+8040"", ""buy_9th_pre_req"": ""230"", ""buy_9th_pre_req_pre"": ""0"", ""buy_10th_pre_bid"": ""+8030"", ""buy_10th_pre_req"": ""161"", ""buy_10th_pre_req_pre"": ""0"", ""tot_sel_req_jub_pre"": ""+67"", ""tot_sel_req"": ""1548"", ""tot_buy_req"": ""4798"", ""tot_buy_req_jub_pre"": ""0"", ""ovt_sel_req_pre"": ""0"", ""ovt_sel_req"": ""0"", ""ovt_buy_req"": ""0"", ""ovt_buy_req_pre"": ""0"", ""return_code"": 0, ""return_msg"": ""정상적으로 처리되었습니다""}"
2026-09-10,scan_candidate,004310,2026-09-10T09:30:14.472901,0,main_scan,9870,7950,9870,9860,9870,9900,-0.00776089159069342,0.10131712259371835,23052710,254400000000,89520589315,4.6084989106069685,24.150943396226417,"{""bid_req_base_tm"": ""093114"", ""sel_10th_pre_req_pre"": ""0"", ""sel_10th_pre_req"": ""147"", ""sel_10th_pre_bid"": ""-9960"", ""sel_9th_pre_req_pre"": ""0"", ""sel_9th_pre_req"": ""250"", ""sel_9th_pre_bid"": ""-9950"", ""sel_8th_pre_req_pre"": ""0"", ""sel_8th_pre_req"": ""45"", ""sel_8th_pre_bid"": ""-9940"", ""sel_7th_pre_req_pre"": ""0"", ""sel_7th_pre_req"": ""15"", ""sel_7th_pre_bid"": ""-9930"", ""sel_6th_pre_req_pre"": ""0"", ""sel_6th_pre_req"": ""49"", ""sel_6th_pre_bid"": ""-9920"", ""sel_5th_pre_req_pre"": ""0"", ""sel_5th_pre_req"": ""149"", ""sel_5th_pre_bid"": ""-9910"", ""sel_4th_pre_req_pre"": ""0"", ""sel_4th_pre_req"": ""881"", ""sel_4th_pre_bid"": ""-9900"", ""sel_3th_pre_req_pre"": ""0"", ""sel_3th_pre_req"": ""551"", ""sel_3th_pre_bid"": ""-9890"", ""sel_2th_pre_req_pre"": ""0"", ""sel_2th_pre_req"": ""715"", ""sel_2th_pre_bid"": ""-9880"", ""sel_1th_pre_req_pre"": ""+31"", ""sel_fpr_req"": ""597"", ""sel_fpr_bid"": ""-9870"", ""buy_fpr_bid"": ""-9860"", ""buy_fpr_req"": ""1746"", ""buy_1th_pre_req_pre"": ""0"", ""buy_2th_pre_bid"": ""-9850"", ""buy_2th_pre_req"": ""2586"", ""buy_2th_pre_req_pre"": ""0"", ""buy_3th_pre_bid"": ""-9840"", ""buy_3th_pre_req"": ""439"", ""buy_3th_pre_req_pre"": ""0"", ""buy_4th_pre_bid"": ""-9830"", ""buy_4th_pre_req"": ""542"", ""buy_4th_pre_req_pre"": ""0"", ""buy_5th_pre_bid"": ""-9820"", ""buy_5th_pre_req"": ""1936"", ""buy_5th_pre_req_pre"": ""0"", ""buy_6th_pre_bid"": ""-9810"", ""buy_6th_pre_req"": ""7718"", ""buy_6th_pre_req_pre"": ""0"", ""buy_7th_pre_bid"": ""-9800"", ""buy_7th_pre_req"": ""6141"", ""buy_7th_pre_req_pre"": ""0"", ""buy_8th_pre_bid"": ""-9790"", ""buy_8th_pre_req"": ""5401"", ""buy_8th_pre_req_pre"": ""0"", ""buy_9th_pre_bid"": ""-9780"", ""buy_9th_pre_req"": ""8028"", ""buy_9th_pre_req_pre"": ""0"", ""buy_10th_pre_bid"": ""-9770"", ""buy_10th_pre_req"": ""3214"", ""buy_10th_pre_req_pre"": ""0"", ""tot_sel_req_jub_pre"": ""+31"", ""tot_sel_req"": ""3399"", ""tot_buy_req"": ""37751"", ""tot_buy_req_jub_pre"": ""0"", ""ovt_sel_req_pre"": ""0"", ""ovt_sel_req"": ""0"", ""ovt_buy_req"": ""0"", ""ovt_buy_req_pre"": ""0"", ""return_code"": 0, ""return_msg"": ""정상적으로 처리되었습니다""}"
2026-09-10,scan_candidate,196170,2026-09-10T09:30:14.472901,0,main_scan,273500,288500,273500,273000,273500,274500,-0.027541133455214493,0.18281535648994515,929838500,20095505870500,177550119000,4.6084989106069685,-5.1993067590987865,"{""bid_req_base_tm"": ""093114"", ""sel_10th_pre_req_pre"": ""0"", ""sel_10th_pre_req"": ""303"", ""sel_10th_pre_bid"": ""-278000"", ""sel_9th_pre_req_pre"": ""0"", ""sel_9th_pre_req"": ""771"", ""sel_9th_pre_bid"": ""-277500"", ""sel_8th_pre_req_pre"": ""0"", ""sel_8th_pre_req"": ""363"", ""sel_8th_pre_bid"": ""-277000"", ""sel_7th_pre_req_pre"": ""0"", ""sel_7th_pre_req"": ""163"", ""sel_7th_pre_bid"": ""-276500"", ""sel_6th_pre_req_pre"": ""0"", ""sel_6th_pre_req"": ""219"", ""sel_6th_pre_bid"": ""-276000"", ""sel_5th_pre_req_pre"": ""0"", ""sel_5th_pre_req"": ""250"", ""sel_5th_pre_bid"": ""-275500"", ""sel_4th_pre_req_pre"": ""0"", ""sel_4th_pre_req"": ""2178"", ""sel_4th_pre_bid"": ""-275000"", ""sel_3th_pre_req_pre"": ""0"", ""sel_3th_pre_req"": ""1174"", ""sel_3th_pre_bid"": ""-274500"", ""sel_2th_pre_req_pre"": ""0"", ""sel_2th_pre_req"": ""281"", ""sel_2th_pre_bid"": ""-274000"", ""sel_1th_pre_req_pre"": ""+69"", ""sel_fpr_req"": ""633"", ""sel_fpr_bid"": ""-273500"", ""buy_fpr_bid"": ""-273000"", ""buy_fpr_req"": ""190"", ""buy_1th_pre_req_pre"": ""0"", ""buy_2th_pre_bid"": ""-272500"", ""buy_2th_pre_req"": ""147"", ""buy_2th_pre_req_pre"": ""+19"", ""buy_3th_pre_bid"": ""-272000"", ""buy_3th_pre_req"": ""1386"", ""buy_3th_pre_req_pre"": ""0"", ""buy_4th_pre_bid"": ""-271500"", ""buy_4th_pre_req"": ""2680"", ""buy_4th_pre_req_pre"": ""0"", ""buy_5th_pre_bid"": ""-271000"", ""buy_5th_pre_req"": ""3654"", ""buy_5th_pre_req_pre"": ""0"", ""buy_6th_pre_bid"": ""-270500"", ""buy_6th_pre_req"": ""3244"", ""buy_6th_pre_req_pre"": ""0"", ""buy_7th_pre_bid"": ""-270000"", ""buy_7th_pre_req"": ""5587"", ""buy_7th_pre_req_pre"": ""0"", ""buy_8th_pre_bid"": ""-269500"", ""buy_8th_pre_req"": ""1371"", ""buy_8th_pre_req_pre"": ""0"", ""buy_9th_pre_bid"": ""-269000"", ""buy_9th_pre_req"": ""3400"", ""buy_9th_pre_req_pre"": ""0"", ""buy_10th_pre_bid"": ""-268500"", ""buy_10th_pre_req"": ""2198"", ""buy_10th_pre_req_pre"": ""0"", ""tot_sel_req_jub_pre"": ""+69"", ""tot_sel_req"": ""6335"", ""tot_buy_req"": ""23857"", ""tot_buy_req_jub_pre"": ""+19"", ""ovt_sel_req_pre"": ""0"", ""ovt_sel_req"": ""0"", ""ovt_buy_req"": ""0"", ""ovt_buy_req_pre"": ""0"", ""return_code"": 0, ""return_msg"": ""정상적으로 처리되었습니다""}"
2026-09-10,scan_candidate,086520,2026-09-10T09:30:14.472901,0,main_scan,85300,82400,85300,85200,85300,85600,0.02400937866351861,0.11723329425556857,38709700,11187954924800,30519464300,4.6084989106069685,3.5194174757281553,"{""bid_req_base_tm"": ""093113"", ""sel_10th_pre_req_pre"": ""0"", ""sel_10th_pre_req"": ""403"", ""sel_10th_pre_bid"": ""-86200"", ""sel_9th_pre_req_pre"": ""0"", ""sel_9th_pre_req"": ""81"", ""sel_9th_pre_bid"": ""-86100"", ""sel_8th_pre_req_pre"": ""0"", ""sel_8th_pre_req"": ""902"", ""sel_8th_pre_bid"": ""-86000"", ""sel_7th_pre_req_pre"": ""0"", ""sel_7th_pre_req"": ""442"", ""sel_7th_pre_bid"": ""-85900"", ""sel_6th_pre_req_pre"": ""0"", ""sel_6th_pre_req"": ""474"", ""sel_6th_pre_bid"": ""-85800"", ""sel_5th_pre_req_pre"": ""0"", ""sel_5th_pre_req"": ""57"", ""sel_5th_pre_bid"": ""-85700"", ""sel_4th_pre_req_pre"": ""0"", ""sel_4th_pre_req"": ""58"", ""sel_4th_pre_bid"": ""-85600"", ""sel_3th_pre_req_pre"": ""0"", ""sel_3th_pre_req"": ""106"", ""sel_3th_pre_bid"": ""-85500"", ""sel_2th_pre_req_pre"": ""0"", ""sel_2th_pre_req"": ""314"", ""sel_2th_pre_bid"": ""-85400"", ""sel_1th_pre_req_pre"": ""0"", ""sel_fpr_req"": ""21"", ""sel_fpr_bid"": ""-85300"", ""buy_fpr_bid"": ""-85200"", ""buy_fpr_req"": ""408"", ""buy_1th_pre_req_pre"": ""0"", ""buy_2th_pre_bid"": ""-85100"", ""buy_2th_pre_req"": ""446"", ""buy_2th_pre_req_pre"": ""0"", ""buy_3th_pre_bid"": ""-85000"", ""buy_3th_pre_req"": ""2355"", ""buy_3th_pre_req_pre"": ""0"", ""buy_4th_pre_bid"": ""-84900"", ""buy_4th_pre_req"": ""695"", ""buy_4th_pre_req_pre"": ""0"", ""buy_5th_pre_bid"": ""-84800"", ""buy_5th_pre_req"": ""706"", ""buy_5th_pre_req_pre"": ""0"", ""buy_6th_pre_bid"": ""-84700"", ""buy_6th_pre_req"": ""499"", ""buy_6th_pre_req_pre"": ""0"", ""buy_7th_pre_bid"": ""-84600"", ""buy_7th_pre_req"": ""833"", ""buy_7th_pre_req_pre"": ""0"", ""buy_8th_pre_bid"": ""-84500"", ""buy_8th_pre_req"": ""1400"", ""buy_8th_pre_req_pre"": ""0"", ""buy_9th_pre_bid"": ""-84400"", ""buy_9th_pre_req"": ""540"", ""buy_9th_pre_req_pre"": ""0"", ""buy_10th_pre_bid"": ""-84300"", ""buy_10th_pre_req"": ""569"", ""buy_10th_pre_req_pre"": ""0"", ""tot_sel_req_jub_pre"": ""0"", ""tot_sel_req"": ""2858"", ""tot_buy_req"": ""8451"", ""tot_buy_req_jub_pre"": ""0"", ""ovt_sel_req_pre"": ""0"", ""ovt_sel_req"": ""0"", ""ovt_buy_req"": ""0"", ""ovt_buy_req_pre"": ""0"", ""return_code"": 0, ""return_msg"": ""정상적으로 처리되었습니다""}"
2026-09-10,scan_candidate,247540,2026-09-10T09:30:14.472901,0,main_scan,114000,106000,114000,113700,114000,114000,-0.647741228070178,0.2631578947368421,23184500,10370026004000,28684669400,4.6084989106069685,7.547169811320755,"{""bid_req_base_tm"": ""093114"", ""sel_10th_pre_req_pre"": ""0"", ""sel_10th_pre_req"": ""814"", ""sel_10th_pre_bid"": ""114900"", ""sel_9th_pre_req_pre"": ""0"", ""sel_9th_pre_req"": ""155"", ""sel_9th_pre_bid"": ""-114800"", ""sel_8th_pre_req_pre"": ""0"", ""sel_8th_pre_req"": ""1543"", ""sel_8th_pre_bid"": ""-114700"", ""sel_7th_pre_req_pre"": ""0"", ""sel_7th_pre_req"": ""44"", ""sel_7th_pre_bid"": ""-114600"", ""sel_6th_pre_req_pre"": ""0"", ""sel_6th_pre_req"": ""787"", ""sel_6th_pre_bid"": ""-114500"", ""sel_5th_pre_req_pre"": ""0"", ""sel_5th_pre_req"": ""34"", ""sel_5th_pre_bid"": ""-114400"", ""sel_4th_pre_req_pre"": ""0"", ""sel_4th_pre_req"": ""50"", ""sel_4th_pre_bid"": ""-114300"", ""sel_3th_pre_req_pre"": ""0"", ""sel_3th_pre_req"": ""135"", ""sel_3th_pre_bid"": ""-114200"", ""sel_2th_pre_req_pre"": ""--26"", ""sel_2th_pre_req"": ""45"", ""sel_2th_pre_bid"": ""-114100"", ""sel_1th_pre_req_pre"": ""0"", ""sel_fpr_req"": ""6"", ""sel_fpr_bid"": ""-114000"", ""buy_fpr_bid"": ""-113700"", ""buy_fpr_req"": ""405"", ""buy_1th_pre_req_pre"": ""+63"", ""buy_2th_pre_bid"": ""-113600"", ""buy_2th_pre_req"": ""174"", ""buy_2th_pre_req_pre"": ""0"", ""buy_3th_pre_bid"": ""-113500"", ""buy_3th_pre_req"": ""258"", ""buy_3th_pre_req_pre"": ""0"", ""buy_4th_pre_bid"": ""-113400"", ""buy_4th_pre_req"": ""167"", ""buy_4th_pre_req_pre"": ""0"", ""buy_5th_pre_bid"": ""-113300"", ""buy_5th_pre_req"": ""80"", ""buy_5th_pre_req_pre"": ""0"", ""buy_6th_pre_bid"": ""-113200"", ""buy_6th_pre_req"": ""64"", ""buy_6th_pre_req_pre"": ""0"", ""buy_7th_pre_bid"": ""-113100"", ""buy_7th_pre_req"": ""67"", ""buy_7th_pre_req_pre"": ""0"", ""buy_8th_pre_bid"": ""-113000"", ""buy_8th_pre_req"": ""417"", ""buy_8th_pre_req_pre"": ""0"", ""buy_9th_pre_bid"": ""-112900"", ""buy_9th_pre_req"": ""20"", ""buy_9th_pre_req_pre"": ""0"", ""buy_10th_pre_bid"": ""-112800"", ""buy_10th_pre_req"": ""82"", ""buy_10th_pre_req_pre"": ""0"", ""tot_sel_req_jub_pre"": ""+753"", ""tot_sel_req"": ""3613"", ""tot_buy_req"": ""1734"", ""tot_buy_req_jub_pre"": ""+63"", ""ovt_sel_req_pre"": ""0"", ""ovt_sel_req"": ""0"", ""ovt_buy_req"": ""0"", ""ovt_buy_req_pre"": ""0"", ""return_code"": 0, ""return_msg"": ""정상적으로 처리되었습니다""}"
2026-09-10,scan_candidate,277810,2026-09-10T09:30:14.472901,0,main_scan,452000,459000,452000,451500,452000,450000,-0.76201880530975,0.11061946902654868,243374000,8904534822000,58184778750,4.6084989106069685,-1.5250544662309369,"{""bid_req_base_tm"": ""093115"", ""sel_10th_pre_req_pre"": ""0"", ""sel_10th_pre_req"": ""100"", ""sel_10th_pre_bid"": ""+456500"", ""sel_9th_pre_req_pre"": ""0"", ""sel_9th_pre_req"": ""199"", ""sel_9th_pre_bid"": ""+456000"", ""sel_8th_pre_req_pre"": ""0"", ""sel_8th_pre_req"": ""76"", ""sel_8th_pre_bid"": ""+455500"", ""sel_7th_pre_req_pre"": ""0"", ""sel_7th_pre_req"": ""774"", ""sel_7th_pre_bid"": ""+455000"", ""sel_6th_pre_req_pre"": ""0"", ""sel_6th_pre_req"": ""430"", ""sel_6th_pre_bid"": ""+454500"", ""sel_5th_pre_req_pre"": ""0"", ""sel_5th_pre_req"": ""204"", ""sel_5th_pre_bid"": ""+454000"", ""sel_4th_pre_req_pre"": ""0"", ""sel_4th_pre_req"": ""141"", ""sel_4th_pre_bid"": ""+453500"", ""sel_3th_pre_req_pre"": ""0"", ""sel_3th_pre_req"": ""314"", ""sel_3th_pre_bid"": ""+453000"", ""sel_2th_pre_req_pre"": ""0"", ""sel_2th_pre_req"": ""88"", ""sel_2th_pre_bid"": ""+452500"", ""sel_1th_pre_req_pre"": ""0"", ""sel_fpr_req"": ""8"", ""sel_fpr_bid"": ""+452000"", ""buy_fpr_bid"": ""+451500"", ""buy_fpr_req"": ""8"", ""buy_1th_pre_req_pre"": ""0"", ""buy_2th_pre_bid"": ""+451000"", ""buy_2th_pre_req"": ""61"", ""buy_2th_pre_req_pre"": ""0"", ""buy_3th_pre_bid"": ""+450500"", ""buy_3th_pre_req"": ""6"", ""buy_3th_pre_req_pre"": ""0"", ""buy_4th_pre_bid"": ""+450000"", ""buy_4th_pre_req"": ""76"", ""buy_4th_pre_req_pre"": ""0"", ""buy_5th_pre_bid"": ""+449500"", ""buy_5th_pre_req"": ""45"", ""buy_5th_pre_req_pre"": ""0"", ""buy_6th_pre_bid"": ""+449000"", ""buy_6th_pre_req"": ""49"", ""buy_6th_pre_req_pre"": ""0"", ""buy_7th_pre_bid"": ""+448500"", ""buy_7th_pre_req"": ""202"", ""buy_7th_pre_req_pre"": ""0"", ""buy_8th_pre_bid"": ""+448000"", ""buy_8th_pre_req"": ""148"", ""buy_8th_pre_req_pre"": ""0"", ""buy_9th_pre_bid"": ""+447500"", ""buy_9th_pre_req"": ""14"", ""buy_9th_pre_req_pre"": ""0"", ""buy_10th_pre_bid"": ""+447000"", ""buy_10th_pre_req"": ""29"", ""buy_10th_pre_req_pre"": ""0"", ""tot_sel_req_jub_pre"": ""--123"", ""tot_sel_req"": ""2334"", ""tot_buy_req"": ""638"", ""tot_buy_req_jub_pre"": ""0"", ""ovt_sel_req_pre"": ""0"", ""ovt_sel_req"": ""0"", ""ovt_buy_req"": ""0"", ""ovt_buy_req_pre"": ""0"", ""return_code"": 0, ""return_msg"": ""정상적으로 처리되었습니다""}"
2026-09-10,scan_candidate,036930,2026-09-10T09:30:14.472901,0,main_scan,203000,178300,203000,202500,203000,203500,-0.21000000000000862,0.24630541871921183,775650000,8287583874300,153740085850,4.6084989106069685,13.853056646102074,"{""bid_req_base_tm"": ""093115"", ""sel_10th_pre_req_pre"": ""0"", ""sel_10th_pre_req"": ""603"", ""sel_10th_pre_bid"": ""+207500"", ""sel_9th_pre_req_pre"": ""0"", ""sel_9th_pre_req"": ""2299"", ""sel_9th_pre_bid"": ""+207000"", ""sel_8th_pre_req_pre"": ""0"", ""sel_8th_pre_req"": ""2018"", ""sel_8th_pre_bid"": ""206500"", ""sel_7th_pre_req_pre"": ""0"", ""sel_7th_pre_req"": ""1473"", ""sel_7th_pre_bid"": ""-206000"", ""sel_6th_pre_req_pre"": ""0"", ""sel_6th_pre_req"": ""419"", ""sel_6th_pre_bid"": ""-205500"", ""sel_5th_pre_req_pre"": ""0"", ""sel_5th_pre_req"": ""1474"", ""sel_5th_pre_bid"": ""-205000"", ""sel_4th_pre_req_pre"": ""0"", ""sel_4th_pre_req"": ""1119"", ""sel_4th_pre_bid"": ""-204500"", ""sel_3th_pre_req_pre"": ""+10"", ""sel_3th_pre_req"": ""1301"", ""sel_3th_pre_bid"": ""-204000"", ""sel_2th_pre_req_pre"": ""0"", ""sel_2th_pre_req"": ""626"", ""sel_2th_pre_bid"": ""-203500"", ""sel_1th_pre_req_pre"": ""0"", ""sel_fpr_req"": ""668"", ""sel_fpr_bid"": ""-203000"", ""buy_fpr_bid"": ""-202500"", ""buy_fpr_req"": ""355"", ""buy_1th_pre_req_pre"": ""0"", ""buy_2th_pre_bid"": ""-202000"", ""buy_2th_pre_req"": ""1791"", ""buy_2th_pre_req_pre"": ""0"", ""buy_3th_pre_bid"": ""-201500"", ""buy_3th_pre_req"": ""209"", ""buy_3th_pre_req_pre"": ""0"", ""buy_4th_pre_bid"": ""-201000"", ""buy_4th_pre_req"": ""1132"", ""buy_4th_pre_req_pre"": ""0"", ""buy_5th_pre_bid"": ""-200500"", ""buy_5th_pre_req"": ""1871"", ""buy_5th_pre_req_pre"": ""0"", ""buy_6th_pre_bid"": ""-200000"", ""buy_6th_pre_req"": ""5082"", ""buy_6th_pre_req_pre"": ""0"", ""buy_7th_pre_bid"": ""-199900"", ""buy_7th_pre_req"": ""529"", ""buy_7th_pre_req_pre"": ""0"", ""buy_8th_pre_bid"": ""-199800"", ""buy_8th_pre_req"": ""346"", ""buy_8th_pre_req_pre"": ""0"", ""buy_9th_pre_bid"": ""-199700"", ""buy_9th_pre_req"": ""1944"", ""buy_9th_pre_req_pre"": ""0"", ""buy_10th_pre_bid"": ""-199600"", ""buy_10th_pre_req"": ""1196"", ""buy_10th_pre_req_pre"": ""0"", ""tot_sel_req_jub_pre"": ""+10"", ""tot_sel_req"": ""12000"", ""tot_buy_req"": ""14455"", ""tot_buy_req_jub_pre"": ""0"", ""ovt_sel_req_pre"": ""0"", ""ovt_sel_req"": ""0"", ""ovt_buy_req"": ""0"", ""ovt_buy_req_pre"": ""0"", ""return_code"": 0, ""return_msg"": ""정상적으로 처리되었습니다""}"
2026-09-10,scan_candidate,240810,2026-09-10T09:30:14.472901,0,main_scan,117000,114800,117000,116900,117000,117000,-0.6365170940171114,0.08547008547008547,65227000,5634831834800,102161216850,4.6084989106069685,1.9163763066202089,"{""bid_req_base_tm"": ""093115"", ""sel_10th_pre_req_pre"": ""0"", ""sel_10th_pre_req"": ""336"", ""sel_10th_pre_bid"": ""-118100"", ""sel_9th_pre_req_pre"": ""0"", ""sel_9th_pre_req"": ""586"", ""sel_9th_pre_bid"": ""-118000"", ""sel_8th_pre_req_pre"": ""0"", ""sel_8th_pre_req"": ""130"", ""sel_8th_pre_bid"": ""-117900"", ""sel_7th_pre_req_pre"": ""0"", ""sel_7th_pre_req"": ""418"", ""sel_7th_pre_bid"": ""-117800"", ""sel_6th_pre_req_pre"": ""0"", ""sel_6th_pre_req"": ""43"", ""sel_6th_pre_bid"": ""-117700"", ""sel_5th_pre_req_pre"": ""0"", ""sel_5th_pre_req"": ""37"", ""sel_5th_pre_bid"": ""-117500"", ""sel_4th_pre_req_pre"": ""0"", ""sel_4th_pre_req"": ""82"", ""sel_4th_pre_bid"": ""-117400"", ""sel_3th_pre_req_pre"": ""0"", ""sel_3th_pre_req"": ""77"", ""sel_3th_pre_bid"": ""-117200"", ""sel_2th_pre_req_pre"": ""0"", ""sel_2th_pre_req"": ""152"", ""sel_2th_pre_bid"": ""-117100"", ""sel_1th_pre_req_pre"": ""0"", ""sel_fpr_req"": ""286"", ""sel_fpr_bid"": ""-117000"", ""buy_fpr_bid"": ""-116900"", ""buy_fpr_req"": ""202"", ""buy_1th_pre_req_pre"": ""0"", ""buy_2th_pre_bid"": ""-116800"", ""buy_2th_pre_req"": ""107"", ""buy_2th_pre_req_pre"": ""0"", ""buy_3th_pre_bid"": ""-116700"", ""buy_3th_pre_req"": ""156"", ""buy_3th_pre_req_pre"": ""0"", ""buy_4th_pre_bid"": ""-116600"", ""buy_4th_pre_req"": ""167"", ""buy_4th_pre_req_pre"": ""0"", ""buy_5th_pre_bid"": ""-116500"", ""buy_5th_pre_req"": ""205"", ""buy_5th_pre_req_pre"": ""0"", ""buy_6th_pre_bid"": ""-116400"", ""buy_6th_pre_req"": ""94"", ""buy_6th_pre_req_pre"": ""+1"", ""buy_7th_pre_bid"": ""-116300"", ""buy_7th_pre_req"": ""143"", ""buy_7th_pre_req_pre"": ""0"", ""buy_8th_pre_bid"": ""-116200"", ""buy_8th_pre_req"": ""55"", ""buy_8th_pre_req_pre"": ""0"", ""buy_9th_pre_bid"": ""-116100"", ""buy_9th_pre_req"": ""202"", ""buy_9th_pre_req_pre"": ""0"", ""buy_10th_pre_bid"": ""-116000"", ""buy_10th_pre_req"": ""744"", ""buy_10th_pre_req_pre"": ""0"", ""tot_sel_req_jub_pre"": ""0"", ""tot_sel_req"": ""2147"", ""tot_buy_req"": ""2075"", ""tot_buy_req_jub_pre"": ""+1"", ""ovt_sel_req_pre"": ""0"", ""ovt_sel_req"": ""0"", ""ovt_buy_req"": ""0"", ""ovt_buy_req_pre"": ""0"", ""return_code"": 0, ""return_msg"": ""정상적으로 처리되었습니다""}"
2026-09-10,scan_candidate,039030,2026-09-10T09:30:14.472901,0,main_scan,465500,443000,465500,465000,465500,468500,0.32600966702469464,0.10741138560687433,52629500,5457560650000,76365600250,4.6084989106069685,5.07900677200903,"{""bid_req_base_tm"": ""093115"", ""sel_10th_pre_req_pre"": ""0"", ""sel_10th_pre_req"": ""1"", ""sel_10th_pre_bid"": ""+473500"", ""sel_9th_pre_req_pre"": ""0"", ""sel_9th_pre_req"": ""217"", ""sel_9th_pre_bid"": ""+473000"", ""sel_8th_pre_req_pre"": ""0"", ""sel_8th_pre_req"": ""8"", ""sel_8th_pre_bid"": ""+472500"", ""sel_7th_pre_req_pre"": ""0"", ""sel_7th_pre_req"": ""157"", ""sel_7th_pre_bid"": ""+472000"", ""sel_6th_pre_req_pre"": ""0"", ""sel_6th_pre_req"": ""197"", ""sel_6th_pre_bid"": ""470000"", ""sel_5th_pre_req_pre"": ""0"", ""sel_5th_pre_req"": ""2"", ""sel_5th_pre_bid"": ""-469500"", ""sel_4th_pre_req_pre"": ""0"", ""sel_4th_pre_req"": ""4"", ""sel_4th_pre_bid"": ""-469000"", ""sel_3th_pre_req_pre"": ""0"", ""sel_3th_pre_req"": ""15"", ""sel_3th_pre_bid"": ""-466500"", ""sel_2th_pre_req_pre"": ""0"", ""sel_2th_pre_req"": ""3"", ""sel_2th_pre_bid"": ""-466000"", ""sel_1th_pre_req_pre"": ""--6"", ""sel_fpr_req"": ""94"", ""sel_fpr_bid"": ""-465500"", ""buy_fpr_bid"": ""-465000"", ""buy_fpr_req"": ""238"", ""buy_1th_pre_req_pre"": ""0"", ""buy_2th_pre_bid"": ""-464500"", ""buy_2th_pre_req"": ""32"", ""buy_2th_pre_req_pre"": ""0"", ""buy_3th_pre_bid"": ""-464000"", ""buy_3th_pre_req"": ""24"", ""buy_3th_pre_req_pre"": ""0"", ""buy_4th_pre_bid"": ""-463500"", ""buy_4th_pre_req"": ""225"", ""buy_4th_pre_req_pre"": ""0"", ""buy_5th_pre_bid"": ""-463000"", ""buy_5th_pre_req"": ""68"", ""buy_5th_pre_req_pre"": ""0"", ""buy_6th_pre_bid"": ""-462500"", ""buy_6th_pre_req"": ""222"", ""buy_6th_pre_req_pre"": ""0"", ""buy_7th_pre_bid"": ""-462000"", ""buy_7th_pre_req"": ""5"", ""buy_7th_pre_req_pre"": ""0"", ""buy_8th_pre_bid"": ""-461500"", ""buy_8th_pre_req"": ""8"", ""buy_8th_pre_req_pre"": ""0"", ""buy_9th_pre_bid"": ""-461000"", ""buy_9th_pre_req"": ""9"", ""buy_9th_pre_req_pre"": ""0"", ""buy_10th_pre_bid"": ""-460500"", ""buy_10th_pre_req"": ""125"", ""buy_10th_pre_req_pre"": ""0"", ""tot_sel_req_jub_pre"": ""--6"", ""tot_sel_req"": ""698"", ""tot_buy_req"": ""956"", ""tot_buy_req_jub_pre"": ""0"", ""ovt_sel_req_pre"": ""0"", ""ovt_sel_req"": ""0"", ""ovt_buy_req"": ""0"", ""ovt_buy_req_pre"": ""0"", ""return_code"": 0, ""return_msg"": ""정상적으로 처리되었습니다""}"
2026-09-10,scan_candidate,058470,2026-09-10T09:30:14.472901,0,main_scan,69200,66600,69200,69100,69200,69500,0.07845375722542428,0.1445086705202312,128809500,5075709210000,26715391500,4.6084989106069685,3.903903903903904,"{""bid_req_base_tm"": ""093115"", ""sel_10th_pre_req_pre"": ""0"", ""sel_10th_pre_req"": ""276"", ""sel_10th_pre_bid"": ""70100"", ""sel_9th_pre_req_pre"": ""0"", ""sel_9th_pre_req"": ""73"", ""sel_9th_pre_bid"": ""-70000"", ""sel_8th_pre_req_pre"": ""0"", ""sel_8th_pre_req"": ""22"", ""sel_8th_pre_bid"": ""-69900"", ""sel_7th_pre_req_pre"": ""0"", ""sel_7th_pre_req"": ""44"", ""sel_7th_pre_bid"": ""-69800"", ""sel_6th_pre_req_pre"": ""0"", ""sel_6th_pre_req"": ""4"", ""sel_6th_pre_bid"": ""-69700"", ""sel_5th_pre_req_pre"": ""0"", ""sel_5th_pre_req"": ""382"", ""sel_5th_pre_bid"": ""-69600"", ""sel_4th_pre_req_pre"": ""0"", ""sel_4th_pre_req"": ""105"", ""sel_4th_pre_bid"": ""-69500"", ""sel_3th_pre_req_pre"": ""0"", ""sel_3th_pre_req"": ""569"", ""sel_3th_pre_bid"": ""-69400"", ""sel_2th_pre_req_pre"": ""0"", ""sel_2th_pre_req"": ""467"", ""sel_2th_pre_bid"": ""-69300"", ""sel_1th_pre_req_pre"": ""--4"", ""sel_fpr_req"": ""718"", ""sel_fpr_bid"": ""-69200"", ""buy_fpr_bid"": ""-69100"", ""buy_fpr_req"": ""869"", ""buy_1th_pre_req_pre"": ""0"", ""buy_2th_pre_bid"": ""-69000"", ""buy_2th_pre_req"": ""941"", ""buy_2th_pre_req_pre"": ""0"", ""buy_3th_pre_bid"": ""-68900"", ""buy_3th_pre_req"": ""607"", ""buy_3th_pre_req_pre"": ""0"", ""buy_4th_pre_bid"": ""-68800"", ""buy_4th_pre_req"": ""205"", ""buy_4th_pre_req_pre"": ""+5"", ""buy_5th_pre_bid"": ""-68700"", ""buy_5th_pre_req"": ""496"", ""buy_5th_pre_req_pre"": ""0"", ""buy_6th_pre_bid"": ""-68600"", ""buy_6th_pre_req"": ""944"", ""buy_6th_pre_req_pre"": ""0"", ""buy_7th_pre_bid"": ""-68500"", ""buy_7th_pre_req"": ""371"", ""buy_7th_pre_req_pre"": ""0"", ""buy_8th_pre_bid"": ""-68400"", ""buy_8th_pre_req"": ""678"", ""buy_8th_pre_req_pre"": ""0"", ""buy_9th_pre_bid"": ""-68300"", ""buy_9th_pre_req"": ""1131"", ""buy_9th_pre_req_pre"": ""0"", ""buy_10th_pre_bid"": ""-68200"", ""buy_10th_pre_req"": ""2862"", ""buy_10th_pre_req_pre"": ""0"", ""tot_sel_req_jub_pre"": ""--4"", ""tot_sel_req"": ""2660"", ""tot_buy_req"": ""9104"", ""tot_buy_req_jub_pre"": ""+5"", ""ovt_sel_req_pre"": ""0"", ""ovt_sel_req"": ""0"", ""ovt_buy_req"": ""0"", ""ovt_buy_req_pre"": ""0"", ""return_code"": 0, ""return_msg"": ""정상적으로 처리되었습니다""}"
2026-09-10,scan_candidate,028300,2026-09-10T09:30:14.472901,0,main_scan,30850,33750,30850,30800,30850,30950,-0.04824149108591036,0.1620745542949757,97308100,4495440026250,15859549925,4.6084989106069685,-8.592592592592592,"{""bid_req_base_tm"": ""093116"", ""sel_10th_pre_req_pre"": ""0"", ""sel_10th_pre_req"": ""221"", ""sel_10th_pre_bid"": ""-31300"", ""sel_9th_pre_req_pre"": ""0"", ""sel_9th_pre_req"": ""1615"", ""sel_9th_pre_bid"": ""-31250"", ""sel_8th_pre_req_pre"": ""0"", ""sel_8th_pre_req"": ""340"", ""sel_8th_pre_bid"": ""-31200"", ""sel_7th_pre_req_pre"": ""0"", ""sel_7th_pre_req"": ""180"", ""sel_7th_pre_bid"": ""-31150"", ""sel_6th_pre_req_pre"": ""0"", ""sel_6th_pre_req"": ""777"", ""sel_6th_pre_bid"": ""-31100"", ""sel_5th_pre_req_pre"": ""0"", ""sel_5th_pre_req"": ""318"", ""sel_5th_pre_bid"": ""-31050"", ""sel_4th_pre_req_pre"": ""0"", ""sel_4th_pre_req"": ""212"", ""sel_4th_pre_bid"": ""-31000"", ""sel_3th_pre_req_pre"": ""0"", ""sel_3th_pre_req"": ""1224"", ""sel_3th_pre_bid"": ""-30950"", ""sel_2th_pre_req_pre"": ""0"", ""sel_2th_pre_req"": ""1607"", ""sel_2th_pre_bid"": ""-30900"", ""sel_1th_pre_req_pre"": ""0"", ""sel_fpr_req"": ""449"", ""sel_fpr_bid"": ""-30850"", ""buy_fpr_bid"": ""-30800"", ""buy_fpr_req"": ""2364"", ""buy_1th_pre_req_pre"": ""0"", ""buy_2th_pre_bid"": ""-30750"", ""buy_2th_pre_req"": ""843"", ""buy_2th_pre_req_pre"": ""0"", ""buy_3th_pre_bid"": ""-30700"", ""buy_3th_pre_req"": ""818"", ""buy_3th_pre_req_pre"": ""0"", ""buy_4th_pre_bid"": ""-30650"", ""buy_4th_pre_req"": ""895"", ""buy_4th_pre_req_pre"": ""+5"", ""buy_5th_pre_bid"": ""-30600"", ""buy_5th_pre_req"": ""1281"", ""buy_5th_pre_req_pre"": ""0"", ""buy_6th_pre_bid"": ""-30550"", ""buy_6th_pre_req"": ""1568"", ""buy_6th_pre_req_pre"": ""0"", ""buy_7th_pre_bid"": ""-30500"", ""buy_7th_pre_req"": ""3541"", ""buy_7th_pre_req_pre"": ""0"", ""buy_8th_pre_bid"": ""-30450"", ""buy_8th_pre_req"": ""457"", ""buy_8th_pre_req_pre"": ""0"", ""buy_9th_pre_bid"": ""-30400"", ""buy_9th_pre_req"": ""675"", ""buy_9th_pre_req_pre"": ""0"", ""buy_10th_pre_bid"": ""-30350"", ""buy_10th_pre_req"": ""787"", ""buy_10th_pre_req_pre"": ""0"", ""tot_sel_req_jub_pre"": ""0"", ""tot_sel_req"": ""6943"", ""tot_buy_req"": ""13229"", ""tot_buy_req_jub_pre"": ""+5"", ""ovt_sel_req_pre"": ""0"", ""ovt_sel_req"": ""0"", ""ovt_buy_req"": ""0"", ""ovt_buy_req_pre"": ""0"", ""return_code"": 0, ""return_msg"": ""정상적으로 처리되었습니다""}"
2026-09-10,scan_candidate,222800,2026-09-10T09:30:14.472901,0,main_scan,129200,117900,129200,129000,129200,128500,-1.1369814241486262,0.15479876160990713,118319800,4477161481200,87225634500,4.6084989106069685,9.584393553859202,"{""bid_req_base_tm"": ""093116"", ""sel_10th_pre_req_pre"": ""0"", ""sel_10th_pre_req"": ""163"", ""sel_10th_pre_bid"": ""-130100"", ""sel_9th_pre_req_pre"": ""0"", ""sel_9th_pre_req"": ""51"", ""sel_9th_pre_bid"": ""-130000"", ""sel_8th_pre_req_pre"": ""0"", ""sel_8th_pre_req"": ""182"", ""sel_8th_pre_bid"": ""-129900"", ""sel_7th_pre_req_pre"": ""0"", ""sel_7th_pre_req"": ""133"", ""sel_7th_pre_bid"": ""-129800"", ""sel_6th_pre_req_pre"": ""0"", ""sel_6th_pre_req"": ""14"", ""sel_6th_pre_bid"": ""-129700"", ""sel_5th_pre_req_pre"": ""0"", ""sel_5th_pre_req"": ""111"", ""sel_5th_pre_bid"": ""-129600"", ""sel_4th_pre_req_pre"": ""0"", ""sel_4th_pre_req"": ""79"", ""sel_4th_pre_bid"": ""-129500"", ""sel_3th_pre_req_pre"": ""0"", ""sel_3th_pre_req"": ""24"", ""sel_3th_pre_bid"": ""-129400"", ""sel_2th_pre_req_pre"": ""0"", ""sel_2th_pre_req"": ""645"", ""sel_2th_pre_bid"": ""-129300"", ""sel_1th_pre_req_pre"": ""0"", ""sel_fpr_req"": ""208"", ""sel_fpr_bid"": ""-129200"", ""buy_fpr_bid"": ""-129000"", ""buy_fpr_req"": ""88"", ""buy_1th_pre_req_pre"": ""0"", ""buy_2th_pre_bid"": ""-128900"", ""buy_2th_pre_req"": ""1"", ""buy_2th_pre_req_pre"": ""0"", ""buy_3th_pre_bid"": ""-128800"", ""buy_3th_pre_req"": ""72"", ""buy_3th_pre_req_pre"": ""0"", ""buy_4th_pre_bid"": ""-128700"", ""buy_4th_pre_req"": ""67"", ""buy_4th_pre_req_pre"": ""0"", ""buy_5th_pre_bid"": ""-128600"", ""buy_5th_pre_req"": ""200"", ""buy_5th_pre_req_pre"": ""0"", ""buy_6th_pre_bid"": ""-128500"", ""buy_6th_pre_req"": ""332"", ""buy_6th_pre_req_pre"": ""0"", ""buy_7th_pre_bid"": ""-128400"", ""buy_7th_pre_req"": ""136"", ""buy_7th_pre_req_pre"": ""0"", ""buy_8th_pre_bid"": ""-128300"", ""buy_8th_pre_req"": ""250"", ""buy_8th_pre_req_pre"": ""0"", ""buy_9th_pre_bid"": ""-128200"", ""buy_9th_pre_req"": ""886"", ""buy_9th_pre_req_pre"": ""0"", ""buy_10th_pre_bid"": ""-128100"", ""buy_10th_pre_req"": ""582"", ""buy_10th_pre_req_pre"": ""0"", ""tot_sel_req_jub_pre"": ""0"", ""tot_sel_req"": ""1610"", ""tot_buy_req"": ""2614"", ""tot_buy_req_jub_pre"": ""+571"", ""ovt_sel_req_pre"": ""0"", ""ovt_sel_req"": ""0"", ""ovt_buy_req"": ""0"", ""ovt_buy_req_pre"": ""0"", ""return_code"": 0, ""return_msg"": ""정상적으로 처리되었습니다""}"
2026-09-10,scan_candidate,108490,2026-09-10T09:30:14.472901,0,main_scan,330500,304500,330500,330000,330500,329000,-0.813963691376709,0.15128593040847202,433624500,4466110026000,428180410000,4.6084989106069685,8.538587848932677,"{""bid_req_base_tm"": ""093116"", ""sel_10th_pre_req_pre"": ""0"", ""sel_10th_pre_req"": ""4288"", ""sel_10th_pre_bid"": ""+335000"", ""sel_9th_pre_req_pre"": ""0"", ""sel_9th_pre_req"": ""1963"", ""sel_9th_pre_bid"": ""+334500"", ""sel_8th_pre_req_pre"": ""0"", ""sel_8th_pre_req"": ""2678"", ""sel_8th_pre_bid"": ""+334000"", ""sel_7th_pre_req_pre"": ""0"", ""sel_7th_pre_req"": ""2385"", ""sel_7th_pre_bid"": ""+333500"", ""sel_6th_pre_req_pre"": ""0"", ""sel_6th_pre_req"": ""1659"", ""sel_6th_pre_bid"": ""+333000"", ""sel_5th_pre_req_pre"": ""0"", ""sel_5th_pre_req"": ""846"", ""sel_5th_pre_bid"": ""+332500"", ""sel_4th_pre_req_pre"": ""0"", ""sel_4th_pre_req"": ""379"", ""sel_4th_pre_bid"": ""+332000"", ""sel_3th_pre_req_pre"": ""0"", ""sel_3th_pre_req"": ""210"", ""sel_3th_pre_bid"": ""+331500"", ""sel_2th_pre_req_pre"": ""0"", ""sel_2th_pre_req"": ""402"", ""sel_2th_pre_bid"": ""+331000"", ""sel_1th_pre_req_pre"": ""+5"", ""sel_fpr_req"": ""64"", ""sel_fpr_bid"": ""+330500"", ""buy_fpr_bid"": ""+330000"", ""buy_fpr_req"": ""102"", ""buy_1th_pre_req_pre"": ""0"", ""buy_2th_pre_bid"": ""+329500"", ""buy_2th_pre_req"": ""486"", ""buy_2th_pre_req_pre"": ""0"", ""buy_3th_pre_bid"": ""+329000"", ""buy_3th_pre_req"": ""811"", ""buy_3th_pre_req_pre"": ""0"", ""buy_4th_pre_bid"": ""+328500"", ""buy_4th_pre_req"": ""186"", ""buy_4th_pre_req_pre"": ""0"", ""buy_5th_pre_bid"": ""+328000"", ""buy_5th_pre_req"": ""345"", ""buy_5th_pre_req_pre"": ""0"", ""buy_6th_pre_bid"": ""+327500"", ""buy_6th_pre_req"": ""284"", ""buy_6th_pre_req_pre"": ""0"", ""buy_7th_pre_bid"": ""+327000"", ""buy_7th_pre_req"": ""453"", ""buy_7th_pre_req_pre"": ""0"", ""buy_8th_pre_bid"": ""+326500"", ""buy_8th_pre_req"": ""271"", ""buy_8th_pre_req_pre"": ""0"", ""buy_9th_pre_bid"": ""+326000"", ""buy_9th_pre_req"": ""309"", ""buy_9th_pre_req_pre"": ""0"", ""buy_10th_pre_bid"": ""+325500"", ""buy_10th_pre_req"": ""52"", ""buy_10th_pre_req_pre"": ""0"", ""tot_sel_req_jub_pre"": ""+5"", ""tot_sel_req"": ""14874"", ""tot_buy_req"": ""3299"", ""tot_buy_req_jub_pre"": ""0"", ""ovt_sel_req_pre"": ""0"", ""ovt_sel_req"": ""0"", ""ovt_buy_req"": ""0"", ""ovt_buy_req_pre"": ""0"", ""return_code"": 0, ""return_msg"": ""정상적으로 처리되었습니다""}"
2026-09-10,scan_candidate,403870,2026-09-10T09:30:14.472901,0,main_scan,54100,50800,54100,54000,54100,54200,-0.2100000000000145,0.18484288354898337,409701400,4180840000000,76419799275,4.6084989106069685,6.496062992125983,"{""bid_req_base_tm"": ""093116"", ""sel_10th_pre_req_pre"": ""0"", ""sel_10th_pre_req"": ""5073"", ""sel_10th_pre_bid"": ""-55000"", ""sel_9th_pre_req_pre"": ""0"", ""sel_9th_pre_req"": ""1769"", ""sel_9th_pre_bid"": ""-54900"", ""sel_8th_pre_req_pre"": ""0"", ""sel_8th_pre_req"": ""1320"", ""sel_8th_pre_bid"": ""-54800"", ""sel_7th_pre_req_pre"": ""0"", ""sel_7th_pre_req"": ""2402"", ""sel_7th_pre_bid"": ""-54700"", ""sel_6th_pre_req_pre"": ""0"", ""sel_6th_pre_req"": ""1941"", ""sel_6th_pre_bid"": ""-54600"", ""sel_5th_pre_req_pre"": ""0"", ""sel_5th_pre_req"": ""1623"", ""sel_5th_pre_bid"": ""-54500"", ""sel_4th_pre_req_pre"": ""0"", ""sel_4th_pre_req"": ""1736"", ""sel_4th_pre_bid"": ""-54400"", ""sel_3th_pre_req_pre"": ""0"", ""sel_3th_pre_req"": ""1944"", ""sel_3th_pre_bid"": ""-54300"", ""sel_2th_pre_req_pre"": ""0"", ""sel_2th_pre_req"": ""2048"", ""sel_2th_pre_bid"": ""-54200"", ""sel_1th_pre_req_pre"": ""+1"", ""sel_fpr_req"": ""2160"", ""sel_fpr_bid"": ""-54100"", ""buy_fpr_bid"": ""-54000"", ""buy_fpr_req"": ""576"", ""buy_1th_pre_req_pre"": ""0"", ""buy_2th_pre_bid"": ""-53900"", ""buy_2th_pre_req"": ""1203"", ""buy_2th_pre_req_pre"": ""0"", ""buy_3th_pre_bid"": ""-53800"", ""buy_3th_pre_req"": ""2507"", ""buy_3th_pre_req_pre"": ""0"", ""buy_4th_pre_bid"": ""-53700"", ""buy_4th_pre_req"": ""2263"", ""buy_4th_pre_req_pre"": ""0"", ""buy_5th_pre_bid"": ""-53600"", ""buy_5th_pre_req"": ""3740"", ""buy_5th_pre_req_pre"": ""0"", ""buy_6th_pre_bid"": ""-53500"", ""buy_6th_pre_req"": ""6965"", ""buy_6th_pre_req_pre"": ""0"", ""buy_7th_pre_bid"": ""-53400"", ""buy_7th_pre_req"": ""3329"", ""buy_7th_pre_req_pre"": ""0"", ""buy_8th_pre_bid"": ""-53300"", ""buy_8th_pre_req"": ""3713"", ""buy_8th_pre_req_pre"": ""0"", ""buy_9th_pre_bid"": ""-53200"", ""buy_9th_pre_req"": ""6611"", ""buy_9th_pre_req_pre"": ""0"", ""buy_10th_pre_bid"": ""-53100"", ""buy_10th_pre_req"": ""10886"", ""buy_10th_pre_req_pre"": ""0"", ""tot_sel_req_jub_pre"": ""+1"", ""tot_sel_req"": ""22016"", ""tot_buy_req"": ""41793"", ""tot_buy_req_jub_pre"": ""0"", ""ovt_sel_req_pre"": ""0"", ""ovt_sel_req"": ""0"", ""ovt_buy_req"": ""0"", ""ovt_buy_req_pre"": ""0"", ""return_code"": 0, ""return_msg"": ""정상적으로 처리되었습니다""}"
2026-09-10,scan_candidate,214450,2026-09-10T09:30:14.472901,0,main_scan,349000,386500,349000,348500,349000,351000,0.2189613180515726,0.14326647564469913,92448000,4015598952000,21636137000,4.6084989106069685,-9.702457956015524,"{""bid_req_base_tm"": ""093116"", ""sel_10th_pre_req_pre"": ""0"", ""sel_10th_pre_req"": ""41"", ""sel_10th_pre_bid"": ""-354000"", ""sel_9th_pre_req_pre"": ""0"", ""sel_9th_pre_req"": ""37"", ""sel_9th_pre_bid"": ""-353000"", ""sel_8th_pre_req_pre"": ""0"", ""sel_8th_pre_req"": ""54"", ""sel_8th_pre_bid"": ""-352500"", ""sel_7th_pre_req_pre"": ""0"", ""sel_7th_pre_req"": ""7"", ""sel_7th_pre_bid"": ""-352000"", ""sel_6th_pre_req_pre"": ""0"", ""sel_6th_pre_req"": ""40"", ""sel_6th_pre_bid"": ""-351500"", ""sel_5th_pre_req_pre"": ""0"", ""sel_5th_pre_req"": ""95"", ""sel_5th_pre_bid"": ""-351000"", ""sel_4th_pre_req_pre"": ""0"", ""sel_4th_pre_req"": ""137"", ""sel_4th_pre_bid"": ""-350500"", ""sel_3th_pre_req_pre"": ""0"", ""sel_3th_pre_req"": ""49"", ""sel_3th_pre_bid"": ""-350000"", ""sel_2th_pre_req_pre"": ""0"", ""sel_2th_pre_req"": ""71"", ""sel_2th_pre_bid"": ""-349500"", ""sel_1th_pre_req_pre"": ""0"", ""sel_fpr_req"": ""19"", ""sel_fpr_bid"": ""-349000"", ""buy_fpr_bid"": ""-348500"", ""buy_fpr_req"": ""65"", ""buy_1th_pre_req_pre"": ""0"", ""buy_2th_pre_bid"": ""-348000"", ""buy_2th_pre_req"": ""814"", ""buy_2th_pre_req_pre"": ""+10"", ""buy_3th_pre_bid"": ""-347500"", ""buy_3th_pre_req"": ""254"", ""buy_3th_pre_req_pre"": ""0"", ""buy_4th_pre_bid"": ""-347000"", ""buy_4th_pre_req"": ""464"", ""buy_4th_pre_req_pre"": ""0"", ""buy_5th_pre_bid"": ""-346500"", ""buy_5th_pre_req"": ""226"", ""buy_5th_pre_req_pre"": ""0"", ""buy_6th_pre_bid"": ""-346000"", ""buy_6th_pre_req"": ""509"", ""buy_6th_pre_req_pre"": ""0"", ""buy_7th_pre_bid"": ""-345500"", ""buy_7th_pre_req"": ""610"", ""buy_7th_pre_req_pre"": ""0"", ""buy_8th_pre_bid"": ""-345000"", ""buy_8th_pre_req"": ""1098"", ""buy_8th_pre_req_pre"": ""0"", ""buy_9th_pre_bid"": ""-344500"", ""buy_9th_pre_req"": ""73"", ""buy_9th_pre_req_pre"": ""0"", ""buy_10th_pre_bid"": ""-344000"", ""buy_10th_pre_req"": ""236"", ""buy_10th_pre_req_pre"": ""0"", ""tot_sel_req_jub_pre"": ""0"", ""tot_sel_req"": ""550"", ""tot_buy_req"": ""4349"", ""tot_buy_req_jub_pre"": ""+10"", ""ovt_sel_req_pre"": ""0"", ""ovt_sel_req"": ""0"", ""ovt_buy_req"": ""0"", ""ovt_buy_req_pre"": ""0"", ""return_code"": 0, ""return_msg"": ""정상적으로 처리되었습니다""}"
2026-09-10,scan_candidate,298380,2026-09-10T09:30:14.472901,0,main_scan,67100,71400,67100,67000,67100,67400,0.08748137108792413,0.14903129657228018,53702400,3997504858200,11915864150,4.6084989106069685,-6.022408963585434,"{""bid_req_base_tm"": ""093116"", ""sel_10th_pre_req_pre"": ""0"", ""sel_10th_pre_req"": ""462"", ""sel_10th_pre_bid"": ""-68000"", ""sel_9th_pre_req_pre"": ""0"", ""sel_9th_pre_req"": ""65"", ""sel_9th_pre_bid"": ""-67900"", ""sel_8th_pre_req_pre"": ""0"", ""sel_8th_pre_req"": ""12"", ""sel_8th_pre_bid"": ""-67800"", ""sel_7th_pre_req_pre"": ""0"", ""sel_7th_pre_req"": ""70"", ""sel_7th_pre_bid"": ""-67700"", ""sel_6th_pre_req_pre"": ""0"", ""sel_6th_pre_req"": ""100"", ""sel_6th_pre_bid"": ""-67600"", ""sel_5th_pre_req_pre"": ""0"", ""sel_5th_pre_req"": ""49"", ""sel_5th_pre_bid"": ""-67500"", ""sel_4th_pre_req_pre"": ""0"", ""sel_4th_pre_req"": ""163"", ""sel_4th_pre_bid"": ""-67400"", ""sel_3th_pre_req_pre"": ""0"", ""sel_3th_pre_req"": ""194"", ""sel_3th_pre_bid"": ""-67300"", ""sel_2th_pre_req_pre"": ""0"", ""sel_2th_pre_req"": ""178"", ""sel_2th_pre_bid"": ""-67200"", ""sel_1th_pre_req_pre"": ""0"", ""sel_fpr_req"": ""354"", ""sel_fpr_bid"": ""-67100"", ""buy_fpr_bid"": ""-67000"", ""buy_fpr_req"": ""586"", ""buy_1th_pre_req_pre"": ""+3"", ""buy_2th_pre_bid"": ""-66900"", ""buy_2th_pre_req"": ""311"", ""buy_2th_pre_req_pre"": ""0"", ""buy_3th_pre_bid"": ""-66800"", ""buy_3th_pre_req"": ""851"", ""buy_3th_pre_req_pre"": ""0"", ""buy_4th_pre_bid"": ""-66700"", ""buy_4th_pre_req"": ""1067"", ""buy_4th_pre_req_pre"": ""0"", ""buy_5th_pre_bid"": ""-66600"", ""buy_5th_pre_req"": ""691"", ""buy_5th_pre_req_pre"": ""0"", ""buy_6th_pre_bid"": ""-66500"", ""buy_6th_pre_req"": ""1290"", ""buy_6th_pre_req_pre"": ""0"", ""buy_7th_pre_bid"": ""-66400"", ""buy_7th_pre_req"": ""248"", ""buy_7th_pre_req_pre"": ""0"", ""buy_8th_pre_bid"": ""-66300"", ""buy_8th_pre_req"": ""440"", ""buy_8th_pre_req_pre"": ""0"", ""buy_9th_pre_bid"": ""-66200"", ""buy_9th_pre_req"": ""645"", ""buy_9th_pre_req_pre"": ""0"", ""buy_10th_pre_bid"": ""-66100"", ""buy_10th_pre_req"": ""926"", ""buy_10th_pre_req_pre"": ""0"", ""tot_sel_req_jub_pre"": ""0"", ""tot_sel_req"": ""1647"", ""tot_buy_req"": ""7055"", ""tot_buy_req_jub_pre"": ""+3"", ""ovt_sel_req_pre"": ""0"", ""ovt_sel_req"": ""0"", ""ovt_buy_req"": ""0"", ""ovt_buy_req_pre"": ""0"", ""return_code"": 0, ""return_msg"": ""정상적으로 처리되었습니다""}"
2026-09-10,scan_candidate,095340,2026-09-10T09:30:14.472901,0,main_scan,188100,182000,188100,188000,188100,189000,0.002238171185519802,0.053163211057947905,22091900,3857864556000,30856453500,4.6084989106069685,3.3516483516483517,"{""bid_req_base_tm"": ""093117"", ""sel_10th_pre_req_pre"": ""0"", ""sel_10th_pre_req"": ""177"", ""sel_10th_pre_bid"": ""+191000"", ""sel_9th_pre_req_pre"": ""0"", ""sel_9th_pre_req"": ""3"", ""sel_9th_pre_bid"": ""+190900"", ""sel_8th_pre_req_pre"": ""0"", ""sel_8th_pre_req"": ""18"", ""sel_8th_pre_bid"": ""-189800"", ""sel_7th_pre_req_pre"": ""0"", ""sel_7th_pre_req"": ""171"", ""sel_7th_pre_bid"": ""-189700"", ""sel_6th_pre_req_pre"": ""0"", ""sel_6th_pre_req"": ""2"", ""sel_6th_pre_bid"": ""-189100"", ""sel_5th_pre_req_pre"": ""0"", ""sel_5th_pre_req"": ""159"", ""sel_5th_pre_bid"": ""-189000"", ""sel_4th_pre_req_pre"": ""0"", ""sel_4th_pre_req"": ""1"", ""sel_4th_pre_bid"": ""-188900"", ""sel_3th_pre_req_pre"": ""0"", ""sel_3th_pre_req"": ""5"", ""sel_3th_pre_bid"": ""-188700"", ""sel_2th_pre_req_pre"": ""0"", ""sel_2th_pre_req"": ""10"", ""sel_2th_pre_bid"": ""-188300"", ""sel_1th_pre_req_pre"": ""0"", ""sel_fpr_req"": ""15"", ""sel_fpr_bid"": ""-188100"", ""buy_fpr_bid"": ""-188000"", ""buy_fpr_req"": ""1"", ""buy_1th_pre_req_pre"": ""0"", ""buy_2th_pre_bid"": ""-187900"", ""buy_2th_pre_req"": ""14"", ""buy_2th_pre_req_pre"": ""0"", ""buy_3th_pre_bid"": ""-187800"", ""buy_3th_pre_req"": ""234"", ""buy_3th_pre_req_pre"": ""0"", ""buy_4th_pre_bid"": ""-187700"", ""buy_4th_pre_req"": ""23"", ""buy_4th_pre_req_pre"": ""0"", ""buy_5th_pre_bid"": ""-187600"", ""buy_5th_pre_req"": ""9"", ""buy_5th_pre_req_pre"": ""0"", ""buy_6th_pre_bid"": ""-187500"", ""buy_6th_pre_req"": ""12"", ""buy_6th_pre_req_pre"": ""0"", ""buy_7th_pre_bid"": ""-187400"", ""buy_7th_pre_req"": ""7"", ""buy_7th_pre_req_pre"": ""0"", ""buy_8th_pre_bid"": ""-187300"", ""buy_8th_pre_req"": ""128"", ""buy_8th_pre_req_pre"": ""0"", ""buy_9th_pre_bid"": ""-187200"", ""buy_9th_pre_req"": ""12"", ""buy_9th_pre_req_pre"": ""0"", ""buy_10th_pre_bid"": ""-187100"", ""buy_10th_pre_req"": ""24"", ""buy_10th_pre_req_pre"": ""+1"", ""tot_sel_req_jub_pre"": ""0"", ""tot_sel_req"": ""561"", ""tot_buy_req"": ""464"", ""tot_buy_req_jub_pre"": ""+1"", ""ovt_sel_req_pre"": ""0"", ""ovt_sel_req"": ""0"", ""ovt_buy_req"": ""0"", ""ovt_buy_req_pre"": ""0"", ""return_code"": 0, ""return_msg"": ""정상적으로 처리되었습니다""}"
2026-09-10,scan_candidate,000250,2026-09-10T09:30:14.472901,0,main_scan,161300,157000,161300,161200,161300,161500,-0.3956261624302657,0.06199628022318661,73781500,3682823104000,10445159600,4.6084989106069685,2.7388535031847137,"{""bid_req_base_tm"": ""093117"", ""sel_10th_pre_req_pre"": ""0"", ""sel_10th_pre_req"": ""34"", ""sel_10th_pre_bid"": ""-162600"", ""sel_9th_pre_req_pre"": ""0"", ""sel_9th_pre_req"": ""53"", ""sel_9th_pre_bid"": ""-162500"", ""sel_8th_pre_req_pre"": ""0"", ""sel_8th_pre_req"": ""19"", ""sel_8th_pre_bid"": ""-162400"", ""sel_7th_pre_req_pre"": ""0"", ""sel_7th_pre_req"": ""60"", ""sel_7th_pre_bid"": ""-162300"", ""sel_6th_pre_req_pre"": ""0"", ""sel_6th_pre_req"": ""35"", ""sel_6th_pre_bid"": ""-162200"", ""sel_5th_pre_req_pre"": ""0"", ""sel_5th_pre_req"": ""500"", ""sel_5th_pre_bid"": ""-162000"", ""sel_4th_pre_req_pre"": ""+50"", ""sel_4th_pre_req"": ""139"", ""sel_4th_pre_bid"": ""-161600"", ""sel_3th_pre_req_pre"": ""0"", ""sel_3th_pre_req"": ""28"", ""sel_3th_pre_bid"": ""-161500"", ""sel_2th_pre_req_pre"": ""0"", ""sel_2th_pre_req"": ""20"", ""sel_2th_pre_bid"": ""-161400"", ""sel_1th_pre_req_pre"": ""0"", ""sel_fpr_req"": ""45"", ""sel_fpr_bid"": ""-161300"", ""buy_fpr_bid"": ""-161200"", ""buy_fpr_req"": ""170"", ""buy_1th_pre_req_pre"": ""0"", ""buy_2th_pre_bid"": ""-161100"", ""buy_2th_pre_req"": ""14"", ""buy_2th_pre_req_pre"": ""0"", ""buy_3th_pre_bid"": ""-161000"", ""buy_3th_pre_req"": ""101"", ""buy_3th_pre_req_pre"": ""0"", ""buy_4th_pre_bid"": ""-160900"", ""buy_4th_pre_req"": ""59"", ""buy_4th_pre_req_pre"": ""0"", ""buy_5th_pre_bid"": ""-160800"", ""buy_5th_pre_req"": ""16"", ""buy_5th_pre_req_pre"": ""0"", ""buy_6th_pre_bid"": ""-160700"", ""buy_6th_pre_req"": ""75"", ""buy_6th_pre_req_pre"": ""0"", ""buy_7th_pre_bid"": ""-160600"", ""buy_7th_pre_req"": ""190"", ""buy_7th_pre_req_pre"": ""0"", ""buy_8th_pre_bid"": ""-160500"", ""buy_8th_pre_req"": ""511"", ""buy_8th_pre_req_pre"": ""0"", ""buy_9th_pre_bid"": ""-160400"", ""buy_9th_pre_req"": ""154"", ""buy_9th_pre_req_pre"": ""0"", ""buy_10th_pre_bid"": ""-160300"", ""buy_10th_pre_req"": ""439"", ""buy_10th_pre_req_pre"": ""0"", ""tot_sel_req_jub_pre"": ""+50"", ""tot_sel_req"": ""933"", ""tot_buy_req"": ""1729"", ""tot_buy_req_jub_pre"": ""0"", ""ovt_sel_req_pre"": ""0"", ""ovt_sel_req"": ""0"", ""ovt_buy_req"": ""0"", ""ovt_buy_req_pre"": ""0"", ""return_code"": 0, ""return_msg"": ""정상적으로 처리되었습니다""}"
2026-09-10,scan_candidate,087010,2026-09-10T09:30:14.472901,0,main_scan,143700,157300,143700,143500,143700,143500,-0.6961760612387111,0.13917884481558804,21022000,3667819155000,20056089100,4.6084989106069685,-8.645899554990464,"{""bid_req_base_tm"": ""093117"", ""sel_10th_pre_req_pre"": ""0"", ""sel_10th_pre_req"": ""32"", ""sel_10th_pre_bid"": ""-144700"", ""sel_9th_pre_req_pre"": ""0"", ""sel_9th_pre_req"": ""20"", ""sel_9th_pre_bid"": ""-144600"", ""sel_8th_pre_req_pre"": ""0"", ""sel_8th_pre_req"": ""91"", ""sel_8th_pre_bid"": ""-144500"", ""sel_7th_pre_req_pre"": ""0"", ""sel_7th_pre_req"": ""204"", ""sel_7th_pre_bid"": ""-144400"", ""sel_6th_pre_req_pre"": ""0"", ""sel_6th_pre_req"": ""221"", ""sel_6th_pre_bid"": ""-144300"", ""sel_5th_pre_req_pre"": ""0"", ""sel_5th_pre_req"": ""85"", ""sel_5th_pre_bid"": ""-144200"", ""sel_4th_pre_req_pre"": ""0"", ""sel_4th_pre_req"": ""70"", ""sel_4th_pre_bid"": ""-144000"", ""sel_3th_pre_req_pre"": ""--14"", ""sel_3th_pre_req"": ""15"", ""sel_3th_pre_bid"": ""-143900"", ""sel_2th_pre_req_pre"": ""0"", ""sel_2th_pre_req"": ""20"", ""sel_2th_pre_bid"": ""-143800"", ""sel_1th_pre_req_pre"": ""+14"", ""sel_fpr_req"": ""22"", ""sel_fpr_bid"": ""-143700"", ""buy_fpr_bid"": ""-143500"", ""buy_fpr_req"": ""25"", ""buy_1th_pre_req_pre"": ""0"", ""buy_2th_pre_bid"": ""-143400"", ""buy_2th_pre_req"": ""71"", ""buy_2th_pre_req_pre"": ""0"", ""buy_3th_pre_bid"": ""-143300"", ""buy_3th_pre_req"": ""69"", ""buy_3th_pre_req_pre"": ""0"", ""buy_4th_pre_bid"": ""-143200"", ""buy_4th_pre_req"": ""80"", ""buy_4th_pre_req_pre"": ""0"", ""buy_5th_pre_bid"": ""-143100"", ""buy_5th_pre_req"": ""41"", ""buy_5th_pre_req_pre"": ""0"", ""buy_6th_pre_bid"": ""-143000"", ""buy_6th_pre_req"": ""36"", ""buy_6th_pre_req_pre"": ""0"", ""buy_7th_pre_bid"": ""-142900"", ""buy_7th_pre_req"": ""14"", ""buy_7th_pre_req_pre"": ""0"", ""buy_8th_pre_bid"": ""-142800"", ""buy_8th_pre_req"": ""70"", ""buy_8th_pre_req_pre"": ""0"", ""buy_9th_pre_bid"": ""-142700"", ""buy_9th_pre_req"": ""76"", ""buy_9th_pre_req_pre"": ""0"", ""buy_10th_pre_bid"": ""-142600"", ""buy_10th_pre_req"": ""1"", ""buy_10th_pre_req_pre"": ""0"", ""tot_sel_req_jub_pre"": ""0"", ""tot_sel_req"": ""780"", ""tot_buy_req"": ""483"", ""tot_buy_req_jub_pre"": ""0"", ""ovt_sel_req_pre"": ""0"", ""ovt_sel_req"": ""0"", ""ovt_buy_req"": ""0"", ""ovt_buy_req_pre"": ""0"", ""return_code"": 0, ""return_msg"": ""정상적으로 처리되었습니다""}"
2026-09-10,scan_candidate,319660,2026-09-10T09:30:14.472901,0,main_scan,129000,126500,129000,128900,129000,129500,-0.21000000000000676,0.07751937984496124,35251800,3664289321000,30428749000,4.6084989106069685,1.9762845849802373,"{""bid_req_base_tm"": ""093117"", ""sel_10th_pre_req_pre"": ""0"", ""sel_10th_pre_req"": ""5"", ""sel_10th_pre_bid"": ""-130300"", ""sel_9th_pre_req_pre"": ""0"", ""sel_9th_pre_req"": ""4"", ""sel_9th_pre_bid"": ""-130200"", ""sel_8th_pre_req_pre"": ""0"", ""sel_8th_pre_req"": ""6"", ""sel_8th_pre_bid"": ""-129800"", ""sel_7th_pre_req_pre"": ""0"", ""sel_7th_pre_req"": ""30"", ""sel_7th_pre_bid"": ""-129700"", ""sel_6th_pre_req_pre"": ""0"", ""sel_6th_pre_req"": ""6"", ""sel_6th_pre_bid"": ""-129500"", ""sel_5th_pre_req_pre"": ""0"", ""sel_5th_pre_req"": ""36"", ""sel_5th_pre_bid"": ""-129400"", ""sel_4th_pre_req_pre"": ""0"", ""sel_4th_pre_req"": ""5"", ""sel_4th_pre_bid"": ""-129300"", ""sel_3th_pre_req_pre"": ""0"", ""sel_3th_pre_req"": ""48"", ""sel_3th_pre_bid"": ""-129200"", ""sel_2th_pre_req_pre"": ""0"", ""sel_2th_pre_req"": ""208"", ""sel_2th_pre_bid"": ""-129100"", ""sel_1th_pre_req_pre"": ""0"", ""sel_fpr_req"": ""28"", ""sel_fpr_bid"": ""-129000"", ""buy_fpr_bid"": ""-128900"", ""buy_fpr_req"": ""82"", ""buy_1th_pre_req_pre"": ""+9"", ""buy_2th_pre_bid"": ""-128800"", ""buy_2th_pre_req"": ""148"", ""buy_2th_pre_req_pre"": ""0"", ""buy_3th_pre_bid"": ""-128700"", ""buy_3th_pre_req"": ""133"", ""buy_3th_pre_req_pre"": ""0"", ""buy_4th_pre_bid"": ""-128600"", ""buy_4th_pre_req"": ""96"", ""buy_4th_pre_req_pre"": ""0"", ""buy_5th_pre_bid"": ""-128500"", ""buy_5th_pre_req"": ""73"", ""buy_5th_pre_req_pre"": ""0"", ""buy_6th_pre_bid"": ""-128400"", ""buy_6th_pre_req"": ""7"", ""buy_6th_pre_req_pre"": ""0"", ""buy_7th_pre_bid"": ""-128300"", ""buy_7th_pre_req"": ""79"", ""buy_7th_pre_req_pre"": ""0"", ""buy_8th_pre_bid"": ""-128200"", ""buy_8th_pre_req"": ""2"", ""buy_8th_pre_req_pre"": ""0"", ""buy_9th_pre_bid"": ""-128100"", ""buy_9th_pre_req"": ""34"", ""buy_9th_pre_req_pre"": ""0"", ""buy_10th_pre_bid"": ""-128000"", ""buy_10th_pre_req"": ""197"", ""buy_10th_pre_req_pre"": ""0"", ""tot_sel_req_jub_pre"": ""0"", ""tot_sel_req"": ""376"", ""tot_buy_req"": ""851"", ""tot_buy_req_jub_pre"": ""+9"", ""ovt_sel_req_pre"": ""0"", ""ovt_sel_req"": ""0"", ""ovt_buy_req"": ""0"", ""ovt_buy_req_pre"": ""0"", ""return_code"": 0, ""return_msg"": ""정상적으로 처리되었습니다""}"
2026-09-10,scan_candidate,141080,2026-09-10T09:30:14.472901,0,main_scan,86700,92000,86700,86600,86700,87000,0.02023068050748973,0.11534025374855825,59275800,3405786456000,14872998900,4.6084989106069685,-5.760869565217392,"{""bid_req_base_tm"": ""093117"", ""sel_10th_pre_req_pre"": ""0"", ""sel_10th_pre_req"": ""35"", ""sel_10th_pre_bid"": ""-87700"", ""sel_9th_pre_req_pre"": ""0"", ""sel_9th_pre_req"": ""310"", ""sel_9th_pre_bid"": ""-87600"", ""sel_8th_pre_req_pre"": ""0"", ""sel_8th_pre_req"": ""81"", ""sel_8th_pre_bid"": ""-87500"", ""sel_7th_pre_req_pre"": ""0"", ""sel_7th_pre_req"": ""36"", ""sel_7th_pre_bid"": ""-87400"", ""sel_6th_pre_req_pre"": ""0"", ""sel_6th_pre_req"": ""100"", ""sel_6th_pre_bid"": ""-87300"", ""sel_5th_pre_req_pre"": ""0"", ""sel_5th_pre_req"": ""1"", ""sel_5th_pre_bid"": ""-87200"", ""sel_4th_pre_req_pre"": ""0"", ""sel_4th_pre_req"": ""121"", ""sel_4th_pre_bid"": ""-87100"", ""sel_3th_pre_req_pre"": ""0"", ""sel_3th_pre_req"": ""362"", ""sel_3th_pre_bid"": ""-87000"", ""sel_2th_pre_req_pre"": ""0"", ""sel_2th_pre_req"": ""325"", ""sel_2th_pre_bid"": ""-86800"", ""sel_1th_pre_req_pre"": ""0"", ""sel_fpr_req"": ""29"", ""sel_fpr_bid"": ""-86700"", ""buy_fpr_bid"": ""-86600"", ""buy_fpr_req"": ""33"", ""buy_1th_pre_req_pre"": ""0"", ""buy_2th_pre_bid"": ""-86500"", ""buy_2th_pre_req"": ""588"", ""buy_2th_pre_req_pre"": ""+10"", ""buy_3th_pre_bid"": ""-86400"", ""buy_3th_pre_req"": ""188"", ""buy_3th_pre_req_pre"": ""0"", ""buy_4th_pre_bid"": ""-86300"", ""buy_4th_pre_req"": ""285"", ""buy_4th_pre_req_pre"": ""0"", ""buy_5th_pre_bid"": ""-86200"", ""buy_5th_pre_req"": ""309"", ""buy_5th_pre_req_pre"": ""0"", ""buy_6th_pre_bid"": ""-86100"", ""buy_6th_pre_req"": ""633"", ""buy_6th_pre_req_pre"": ""0"", ""buy_7th_pre_bid"": ""-86000"", ""buy_7th_pre_req"": ""1075"", ""buy_7th_pre_req_pre"": ""0"", ""buy_8th_pre_bid"": ""-85900"", ""buy_8th_pre_req"": ""416"", ""buy_8th_pre_req_pre"": ""0"", ""buy_9th_pre_bid"": ""-85800"", ""buy_9th_pre_req"": ""583"", ""buy_9th_pre_req_pre"": ""0"", ""buy_10th_pre_bid"": ""-85700"", ""buy_10th_pre_req"": ""533"", ""buy_10th_pre_req_pre"": ""0"", ""tot_sel_req_jub_pre"": ""0"", ""tot_sel_req"": ""1400"", ""tot_buy_req"": ""4643"", ""tot_buy_req_jub_pre"": ""+10"", ""ovt_sel_req_pre"": ""0"", ""ovt_sel_req"": ""0"", ""ovt_buy_req"": ""0"", ""ovt_buy_req_pre"": ""0"", ""return_code"": 0, ""return_msg"": ""정상적으로 처리되었습니다""}"
2026-09-10,scan_candidate,440110,2026-09-10T09:30:14.472901,0,main_scan,72700,67300,72700,72600,72700,72900,-0.07271664374143025,0.1375515818431912,25426600,3372472117100,30777378800,4.6084989106069685,8.023774145616642,"{""bid_req_base_tm"": ""093114"", ""sel_10th_pre_req_pre"": ""0"", ""sel_10th_pre_req"": ""71"", ""sel_10th_pre_bid"": ""-73700"", ""sel_9th_pre_req_pre"": ""0"", ""sel_9th_pre_req"": ""649"", ""sel_9th_pre_bid"": ""-73600"", ""sel_8th_pre_req_pre"": ""0"", ""sel_8th_pre_req"": ""55"", ""sel_8th_pre_bid"": ""-73500"", ""sel_7th_pre_req_pre"": ""0"", ""sel_7th_pre_req"": ""1"", ""sel_7th_pre_bid"": ""-73400"", ""sel_6th_pre_req_pre"": ""0"", ""sel_6th_pre_req"": ""128"", ""sel_6th_pre_bid"": ""-73300"", ""sel_5th_pre_req_pre"": ""0"", ""sel_5th_pre_req"": ""2"", ""sel_5th_pre_bid"": ""-73200"", ""sel_4th_pre_req_pre"": ""0"", ""sel_4th_pre_req"": ""136"", ""sel_4th_pre_bid"": ""-73000"", ""sel_3th_pre_req_pre"": ""0"", ""sel_3th_pre_req"": ""12"", ""sel_3th_pre_bid"": ""-72900"", ""sel_2th_pre_req_pre"": ""0"", ""sel_2th_pre_req"": ""278"", ""sel_2th_pre_bid"": ""-72800"", ""sel_1th_pre_req_pre"": ""0"", ""sel_fpr_req"": ""1"", ""sel_fpr_bid"": ""-72700"", ""buy_fpr_bid"": ""-72600"", ""buy_fpr_req"": ""100"", ""buy_1th_pre_req_pre"": ""0"", ""buy_2th_pre_bid"": ""-72500"", ""buy_2th_pre_req"": ""222"", ""buy_2th_pre_req_pre"": ""0"", ""buy_3th_pre_bid"": ""-72400"", ""buy_3th_pre_req"": ""26"", ""buy_3th_pre_req_pre"": ""+10"", ""buy_4th_pre_bid"": ""-72300"", ""buy_4th_pre_req"": ""152"", ""buy_4th_pre_req_pre"": ""0"", ""buy_5th_pre_bid"": ""-72200"", ""buy_5th_pre_req"": ""222"", ""buy_5th_pre_req_pre"": ""0"", ""buy_6th_pre_bid"": ""-72100"", ""buy_6th_pre_req"": ""303"", ""buy_6th_pre_req_pre"": ""0"", ""buy_7th_pre_bid"": ""-72000"", ""buy_7th_pre_req"": ""2035"", ""buy_7th_pre_req_pre"": ""0"", ""buy_8th_pre_bid"": ""-71900"", ""buy_8th_pre_req"": ""200"", ""buy_8th_pre_req_pre"": ""0"", ""buy_9th_pre_bid"": ""-71800"", ""buy_9th_pre_req"": ""125"", ""buy_9th_pre_req_pre"": ""0"", ""buy_10th_pre_bid"": ""-71700"", ""buy_10th_pre_req"": ""145"", ""buy_10th_pre_req_pre"": ""0"", ""tot_sel_req_jub_pre"": ""0"", ""tot_sel_req"": ""1333"", ""tot_buy_req"": ""3530"", ""tot_buy_req_jub_pre"": ""+10"", ""ovt_sel_req_pre"": ""0"", ""ovt_sel_req"": ""0"", ""ovt_buy_req"": ""0"", ""ovt_buy_req_pre"": ""0"", ""return_code"": 0, ""return_msg"": ""정상적으로 처리되었습니다""}"
2026-09-10,scan_candidate,257720,2026-09-10T09:30:14.472901,0,main_scan,42900,48000,42900,42850,42900,43050,0.022645687645679504,0.11655011655011654,64543950,3147660096000,36152013100,4.6084989106069685,-10.625,"{""bid_req_base_tm"": ""093118"", ""sel_10th_pre_req_pre"": ""0"", ""sel_10th_pre_req"": ""604"", ""sel_10th_pre_bid"": ""-43350"", ""sel_9th_pre_req_pre"": ""0"", ""sel_9th_pre_req"": ""534"", ""sel_9th_pre_bid"": ""-43300"", ""sel_8th_pre_req_pre"": ""0"", ""sel_8th_pre_req"": ""124"", ""sel_8th_pre_bid"": ""-43250"", ""sel_7th_pre_req_pre"": ""0"", ""sel_7th_pre_req"": ""209"", ""sel_7th_pre_bid"": ""-43200"", ""sel_6th_pre_req_pre"": ""0"", ""sel_6th_pre_req"": ""104"", ""sel_6th_pre_bid"": ""-43150"", ""sel_5th_pre_req_pre"": ""0"", ""sel_5th_pre_req"": ""34"", ""sel_5th_pre_bid"": ""-43100"", ""sel_4th_pre_req_pre"": ""0"", ""sel_4th_pre_req"": ""308"", ""sel_4th_pre_bid"": ""-43050"", ""sel_3th_pre_req_pre"": ""0"", ""sel_3th_pre_req"": ""887"", ""sel_3th_pre_bid"": ""-43000"", ""sel_2th_pre_req_pre"": ""0"", ""sel_2th_pre_req"": ""103"", ""sel_2th_pre_bid"": ""-42950"", ""sel_1th_pre_req_pre"": ""--1"", ""sel_fpr_req"": ""496"", ""sel_fpr_bid"": ""-42900"", ""buy_fpr_bid"": ""-42850"", ""buy_fpr_req"": ""205"", ""buy_1th_pre_req_pre"": ""0"", ""buy_2th_pre_bid"": ""-42800"", ""buy_2th_pre_req"": ""4309"", ""buy_2th_pre_req_pre"": ""0"", ""buy_3th_pre_bid"": ""-42750"", ""buy_3th_pre_req"": ""3522"", ""buy_3th_pre_req_pre"": ""0"", ""buy_4th_pre_bid"": ""-42700"", ""buy_4th_pre_req"": ""3183"", ""buy_4th_pre_req_pre"": ""0"", ""buy_5th_pre_bid"": ""-42650"", ""buy_5th_pre_req"": ""8080"", ""buy_5th_pre_req_pre"": ""0"", ""buy_6th_pre_bid"": ""-42600"", ""buy_6th_pre_req"": ""4456"", ""buy_6th_pre_req_pre"": ""--20"", ""buy_7th_pre_bid"": ""-42550"", ""buy_7th_pre_req"": ""810"", ""buy_7th_pre_req_pre"": ""0"", ""buy_8th_pre_bid"": ""-42500"", ""buy_8th_pre_req"": ""2233"", ""buy_8th_pre_req_pre"": ""0"", ""buy_9th_pre_bid"": ""-42450"", ""buy_9th_pre_req"": ""486"", ""buy_9th_pre_req_pre"": ""0"", ""buy_10th_pre_bid"": ""-42400"", ""buy_10th_pre_req"": ""650"", ""buy_10th_pre_req_pre"": ""0"", ""tot_sel_req_jub_pre"": ""--1"", ""tot_sel_req"": ""3403"", ""tot_buy_req"": ""27934"", ""tot_buy_req_jub_pre"": ""--20"", ""ovt_sel_req_pre"": ""0"", ""ovt_sel_req"": ""0"", ""ovt_buy_req"": ""0"", ""ovt_buy_req_pre"": ""0"", ""return_code"": 0, ""return_msg"": ""정상적으로 처리되었습니다""}"
2026-09-10,scan_candidate,084370,2026-09-10T09:30:14.472901,0,main_scan,140900,136500,140900,140800,140900,140500,-0.8475053229240662,0.07097232079488999,14252500,3128039733000,11435680500,4.6084989106069685,3.223443223443224,"{""bid_req_base_tm"": ""093118"", ""sel_10th_pre_req_pre"": ""0"", ""sel_10th_pre_req"": ""3"", ""sel_10th_pre_bid"": ""-143300"", ""sel_9th_pre_req_pre"": ""0"", ""sel_9th_pre_req"": ""17"", ""sel_9th_pre_bid"": ""-143200"", ""sel_8th_pre_req_pre"": ""0"", ""sel_8th_pre_req"": ""1"", ""sel_8th_pre_bid"": ""-143100"", ""sel_7th_pre_req_pre"": ""0"", ""sel_7th_pre_req"": ""15"", ""sel_7th_pre_bid"": ""-142600"", ""sel_6th_pre_req_pre"": ""0"", ""sel_6th_pre_req"": ""44"", ""sel_6th_pre_bid"": ""-142000"", ""sel_5th_pre_req_pre"": ""0"", ""sel_5th_pre_req"": ""7"", ""sel_5th_pre_bid"": ""-141900"", ""sel_4th_pre_req_pre"": ""0"", ""sel_4th_pre_req"": ""76"", ""sel_4th_pre_bid"": ""-141200"", ""sel_3th_pre_req_pre"": ""0"", ""sel_3th_pre_req"": ""10"", ""sel_3th_pre_bid"": ""-141100"", ""sel_2th_pre_req_pre"": ""0"", ""sel_2th_pre_req"": ""8"", ""sel_2th_pre_bid"": ""-141000"", ""sel_1th_pre_req_pre"": ""0"", ""sel_fpr_req"": ""31"", ""sel_fpr_bid"": ""-140900"", ""buy_fpr_bid"": ""-140800"", ""buy_fpr_req"": ""22"", ""buy_1th_pre_req_pre"": ""0"", ""buy_2th_pre_bid"": ""-140600"", ""buy_2th_pre_req"": ""10"", ""buy_2th_pre_req_pre"": ""0"", ""buy_3th_pre_bid"": ""-140500"", ""buy_3th_pre_req"": ""3"", ""buy_3th_pre_req_pre"": ""0"", ""buy_4th_pre_bid"": ""-140400"", ""buy_4th_pre_req"": ""19"", ""buy_4th_pre_req_pre"": ""0"", ""buy_5th_pre_bid"": ""-140300"", ""buy_5th_pre_req"": ""23"", ""buy_5th_pre_req_pre"": ""0"", ""buy_6th_pre_bid"": ""-140200"", ""buy_6th_pre_req"": ""4"", ""buy_6th_pre_req_pre"": ""0"", ""buy_7th_pre_bid"": ""-140100"", ""buy_7th_pre_req"": ""29"", ""buy_7th_pre_req_pre"": ""0"", ""buy_8th_pre_bid"": ""-140000"", ""buy_8th_pre_req"": ""69"", ""buy_8th_pre_req_pre"": ""0"", ""buy_9th_pre_bid"": ""-139900"", ""buy_9th_pre_req"": ""57"", ""buy_9th_pre_req_pre"": ""0"", ""buy_10th_pre_bid"": ""-139800"", ""buy_10th_pre_req"": ""38"", ""buy_10th_pre_req_pre"": ""0"", ""tot_sel_req_jub_pre"": ""0"", ""tot_sel_req"": ""212"", ""tot_buy_req"": ""274"", ""tot_buy_req_jub_pre"": ""0"", ""ovt_sel_req_pre"": ""0"", ""ovt_sel_req"": ""0"", ""ovt_buy_req"": ""0"", ""ovt_buy_req_pre"": ""0"", ""return_code"": 0, ""return_msg"": ""정상적으로 처리되었습니다""}"
2026-09-10,scan_candidate,031980,2026-09-10T09:30:14.472901,0,main_scan,152500,144000,152500,152200,152500,152500,-0.5372295081967176,0.19672131147540983,5198000,3104984880000,37493067100,4.6084989106069685,5.902777777777778,"{""bid_req_base_tm"": ""093118"", ""sel_10th_pre_req_pre"": ""0"", ""sel_10th_pre_req"": ""27"", ""sel_10th_pre_bid"": ""+154000"", ""sel_9th_pre_req_pre"": ""0"", ""sel_9th_pre_req"": ""53"", ""sel_9th_pre_bid"": ""+153900"", ""sel_8th_pre_req_pre"": ""0"", ""sel_8th_pre_req"": ""31"", ""sel_8th_pre_bid"": ""+153800"", ""sel_7th_pre_req_pre"": ""0"", ""sel_7th_pre_req"": ""49"", ""sel_7th_pre_bid"": ""+153600"", ""sel_6th_pre_req_pre"": ""0"", ""sel_6th_pre_req"": ""12"", ""sel_6th_pre_bid"": ""+153500"", ""sel_5th_pre_req_pre"": ""0"", ""sel_5th_pre_req"": ""25"", ""sel_5th_pre_bid"": ""+153100"", ""sel_4th_pre_req_pre"": ""+1"", ""sel_4th_pre_req"": ""3"", ""sel_4th_pre_bid"": ""+153000"", ""sel_3th_pre_req_pre"": ""0"", ""sel_3th_pre_req"": ""10"", ""sel_3th_pre_bid"": ""+152900"", ""sel_2th_pre_req_pre"": ""0"", ""sel_2th_pre_req"": ""4"", ""sel_2th_pre_bid"": ""+152600"", ""sel_1th_pre_req_pre"": ""0"", ""sel_fpr_req"": ""6"", ""sel_fpr_bid"": ""+152500"", ""buy_fpr_bid"": ""-152200"", ""buy_fpr_req"": ""9"", ""buy_1th_pre_req_pre"": ""0"", ""buy_2th_pre_bid"": ""-152100"", ""buy_2th_pre_req"": ""1"", ""buy_2th_pre_req_pre"": ""0"", ""buy_3th_pre_bid"": ""-152000"", ""buy_3th_pre_req"": ""51"", ""buy_3th_pre_req_pre"": ""0"", ""buy_4th_pre_bid"": ""-151800"", ""buy_4th_pre_req"": ""4"", ""buy_4th_pre_req_pre"": ""0"", ""buy_5th_pre_bid"": ""-151700"", ""buy_5th_pre_req"": ""40"", ""buy_5th_pre_req_pre"": ""0"", ""buy_6th_pre_bid"": ""-151500"", ""buy_6th_pre_req"": ""3"", ""buy_6th_pre_req_pre"": ""0"", ""buy_7th_pre_bid"": ""-151400"", ""buy_7th_pre_req"": ""3"", ""buy_7th_pre_req_pre"": ""0"", ""buy_8th_pre_bid"": ""-151300"", ""buy_8th_pre_req"": ""17"", ""buy_8th_pre_req_pre"": ""0"", ""buy_9th_pre_bid"": ""-151200"", ""buy_9th_pre_req"": ""10"", ""buy_9th_pre_req_pre"": ""0"", ""buy_10th_pre_bid"": ""-151100"", ""buy_10th_pre_req"": ""5"", ""buy_10th_pre_req_pre"": ""0"", ""tot_sel_req_jub_pre"": ""+1"", ""tot_sel_req"": ""220"", ""tot_buy_req"": ""143"", ""tot_buy_req_jub_pre"": ""0"", ""ovt_sel_req_pre"": ""0"", ""ovt_sel_req"": ""0"", ""ovt_buy_req"": ""0"", ""ovt_buy_req_pre"": ""0"", ""return_code"": 0, ""return_msg"": ""정상적으로 처리되었습니다""}"
2026-09-10,scan_candidate,145020,2026-09-10T09:30:14.472901,0,main_scan,231500,244000,231500,231000,231500,233500,0.43668466522676425,0.21598272138228944,50065500,3053702212000,6755066500,4.6084989106069685,-5.122950819672131,"{""bid_req_base_tm"": ""093115"", ""sel_10th_pre_req_pre"": ""0"", ""sel_10th_pre_req"": ""23"", ""sel_10th_pre_bid"": ""+237000"", ""sel_9th_pre_req_pre"": ""0"", ""sel_9th_pre_req"": ""13"", ""sel_9th_pre_bid"": ""+236500"", ""sel_8th_pre_req_pre"": ""0"", ""sel_8th_pre_req"": ""17"", ""sel_8th_pre_bid"": ""236000"", ""sel_7th_pre_req_pre"": ""0"", ""sel_7th_pre_req"": ""100"", ""sel_7th_pre_bid"": ""-235000"", ""sel_6th_pre_req_pre"": ""0"", ""sel_6th_pre_req"": ""1"", ""sel_6th_pre_bid"": ""-234500"", ""sel_5th_pre_req_pre"": ""0"", ""sel_5th_pre_req"": ""106"", ""sel_5th_pre_bid"": ""-234000"", ""sel_4th_pre_req_pre"": ""0"", ""sel_4th_pre_req"": ""114"", ""sel_4th_pre_bid"": ""-233000"", ""sel_3th_pre_req_pre"": ""0"", ""sel_3th_pre_req"": ""15"", ""sel_3th_pre_bid"": ""-232500"", ""sel_2th_pre_req_pre"": ""0"", ""sel_2th_pre_req"": ""44"", ""sel_2th_pre_bid"": ""-232000"", ""sel_1th_pre_req_pre"": ""0"", ""sel_fpr_req"": ""29"", ""sel_fpr_bid"": ""-231500"", ""buy_fpr_bid"": ""-231000"", ""buy_fpr_req"": ""110"", ""buy_1th_pre_req_pre"": ""0"", ""buy_2th_pre_bid"": ""-230500"", ""buy_2th_pre_req"": ""380"", ""buy_2th_pre_req_pre"": ""0"", ""buy_3th_pre_bid"": ""-230000"", ""buy_3th_pre_req"": ""372"", ""buy_3th_pre_req_pre"": ""0"", ""buy_4th_pre_bid"": ""-229500"", ""buy_4th_pre_req"": ""527"", ""buy_4th_pre_req_pre"": ""0"", ""buy_5th_pre_bid"": ""-229000"", ""buy_5th_pre_req"": ""129"", ""buy_5th_pre_req_pre"": ""0"", ""buy_6th_pre_bid"": ""-228500"", ""buy_6th_pre_req"": ""186"", ""buy_6th_pre_req_pre"": ""0"", ""buy_7th_pre_bid"": ""-228000"", ""buy_7th_pre_req"": ""217"", ""buy_7th_pre_req_pre"": ""0"", ""buy_8th_pre_bid"": ""-227500"", ""buy_8th_pre_req"": ""345"", ""buy_8th_pre_req_pre"": ""0"", ""buy_9th_pre_bid"": ""-227000"", ""buy_9th_pre_req"": ""75"", ""buy_9th_pre_req_pre"": ""0"", ""buy_10th_pre_bid"": ""-226500"", ""buy_10th_pre_req"": ""6"", ""buy_10th_pre_req_pre"": ""0"", ""tot_sel_req_jub_pre"": ""0"", ""tot_sel_req"": ""462"", ""tot_buy_req"": ""2347"", ""tot_buy_req_jub_pre"": ""0"", ""ovt_sel_req_pre"": ""0"", ""ovt_sel_req"": ""0"", ""ovt_buy_req"": ""0"", ""ovt_buy_req_pre"": ""0"", ""return_code"": 0, ""return_msg"": ""정상적으로 처리되었습니다""}"
2026-09-10,scan_candidate,095610,2026-09-10T09:30:14.472901,0,main_scan,151400,146800,151400,151100,151400,151500,-0.4736856010568247,0.19815059445178335,7731300,2842048000000,69298153700,4.6084989106069685,3.1335149863760217,"{""bid_req_base_tm"": ""093119"", ""sel_10th_pre_req_pre"": ""0"", ""sel_10th_pre_req"": ""98"", ""sel_10th_pre_bid"": ""-152800"", ""sel_9th_pre_req_pre"": ""0"", ""sel_9th_pre_req"": ""45"", ""sel_9th_pre_bid"": ""-152700"", ""sel_8th_pre_req_pre"": ""0"", ""sel_8th_pre_req"": ""41"", ""sel_8th_pre_bid"": ""-152600"", ""sel_7th_pre_req_pre"": ""0"", ""sel_7th_pre_req"": ""97"", ""sel_7th_pre_bid"": ""-152500"", ""sel_6th_pre_req_pre"": ""0"", ""sel_6th_pre_req"": ""4"", ""sel_6th_pre_bid"": ""-152400"", ""sel_5th_pre_req_pre"": ""0"", ""sel_5th_pre_req"": ""9"", ""sel_5th_pre_bid"": ""-152300"", ""sel_4th_pre_req_pre"": ""0"", ""sel_4th_pre_req"": ""7"", ""sel_4th_pre_bid"": ""-152200"", ""sel_3th_pre_req_pre"": ""0"", ""sel_3th_pre_req"": ""2"", ""sel_3th_pre_bid"": ""-151900"", ""sel_2th_pre_req_pre"": ""0"", ""sel_2th_pre_req"": ""2"", ""sel_2th_pre_bid"": ""-151600"", ""sel_1th_pre_req_pre"": ""--8"", ""sel_fpr_req"": ""37"", ""sel_fpr_bid"": ""-151400"", ""buy_fpr_bid"": ""-151100"", ""buy_fpr_req"": ""129"", ""buy_1th_pre_req_pre"": ""0"", ""buy_2th_pre_bid"": ""-151000"", ""buy_2th_pre_req"": ""20"", ""buy_2th_pre_req_pre"": ""0"", ""buy_3th_pre_bid"": ""-150900"", ""buy_3th_pre_req"": ""63"", ""buy_3th_pre_req_pre"": ""0"", ""buy_4th_pre_bid"": ""-150800"", ""buy_4th_pre_req"": ""474"", ""buy_4th_pre_req_pre"": ""0"", ""buy_5th_pre_bid"": ""-150700"", ""buy_5th_pre_req"": ""204"", ""buy_5th_pre_req_pre"": ""0"", ""buy_6th_pre_bid"": ""-150600"", ""buy_6th_pre_req"": ""10"", ""buy_6th_pre_req_pre"": ""0"", ""buy_7th_pre_bid"": ""-150500"", ""buy_7th_pre_req"": ""26"", ""buy_7th_pre_req_pre"": ""0"", ""buy_8th_pre_bid"": ""-150400"", ""buy_8th_pre_req"": ""105"", ""buy_8th_pre_req_pre"": ""0"", ""buy_9th_pre_bid"": ""-150300"", ""buy_9th_pre_req"": ""241"", ""buy_9th_pre_req_pre"": ""0"", ""buy_10th_pre_bid"": ""-150200"", ""buy_10th_pre_req"": ""230"", ""buy_10th_pre_req_pre"": ""0"", ""tot_sel_req_jub_pre"": ""--8"", ""tot_sel_req"": ""342"", ""tot_buy_req"": ""1502"", ""tot_buy_req_jub_pre"": ""0"", ""ovt_sel_req_pre"": ""0"", ""ovt_sel_req"": ""0"", ""ovt_buy_req"": ""0"", ""ovt_buy_req_pre"": ""0"", ""return_code"": 0, ""return_msg"": ""정상적으로 처리되었습니다""}"
2026-09-10,scan_candidate,310210,2026-09-10T09:30:14.472901,0,main_scan,144600,153000,144600,144000,144600,145000,-0.2790214384508966,0.4149377593360996,10021200,2834102844000,7672303200,4.6084989106069685,-5.490196078431373,"{""bid_req_base_tm"": ""093116"", ""sel_10th_pre_req_pre"": ""0"", ""sel_10th_pre_req"": ""4"", ""sel_10th_pre_bid"": ""-146800"", ""sel_9th_pre_req_pre"": ""0"", ""sel_9th_pre_req"": ""5"", ""sel_9th_pre_bid"": ""-146600"", ""sel_8th_pre_req_pre"": ""0"", ""sel_8th_pre_req"": ""24"", ""sel_8th_pre_bid"": ""-146500"", ""sel_7th_pre_req_pre"": ""0"", ""sel_7th_pre_req"": ""8"", ""sel_7th_pre_bid"": ""-146400"", ""sel_6th_pre_req_pre"": ""0"", ""sel_6th_pre_req"": ""6"", ""sel_6th_pre_bid"": ""-146200"", ""sel_5th_pre_req_pre"": ""0"", ""sel_5th_pre_req"": ""1"", ""sel_5th_pre_bid"": ""-146000"", ""sel_4th_pre_req_pre"": ""0"", ""sel_4th_pre_req"": ""9"", ""sel_4th_pre_bid"": ""-145700"", ""sel_3th_pre_req_pre"": ""0"", ""sel_3th_pre_req"": ""66"", ""sel_3th_pre_bid"": ""-145300"", ""sel_2th_pre_req_pre"": ""0"", ""sel_2th_pre_req"": ""1"", ""sel_2th_pre_bid"": ""-144700"", ""sel_1th_pre_req_pre"": ""--4"", ""sel_fpr_req"": ""10"", ""sel_fpr_bid"": ""-144600"", ""buy_fpr_bid"": ""-144000"", ""buy_fpr_req"": ""31"", ""buy_1th_pre_req_pre"": ""0"", ""buy_2th_pre_bid"": ""-143900"", ""buy_2th_pre_req"": ""1"", ""buy_2th_pre_req_pre"": ""0"", ""buy_3th_pre_bid"": ""-143800"", ""buy_3th_pre_req"": ""49"", ""buy_3th_pre_req_pre"": ""0"", ""buy_4th_pre_bid"": ""-143700"", ""buy_4th_pre_req"": ""3"", ""buy_4th_pre_req_pre"": ""0"", ""buy_5th_pre_bid"": ""-143600"", ""buy_5th_pre_req"": ""8"", ""buy_5th_pre_req_pre"": ""0"", ""buy_6th_pre_bid"": ""-143500"", ""buy_6th_pre_req"": ""30"", ""buy_6th_pre_req_pre"": ""0"", ""buy_7th_pre_bid"": ""-143400"", ""buy_7th_pre_req"": ""3"", ""buy_7th_pre_req_pre"": ""0"", ""buy_8th_pre_bid"": ""-143300"", ""buy_8th_pre_req"": ""10"", ""buy_8th_pre_req_pre"": ""0"", ""buy_9th_pre_bid"": ""-143200"", ""buy_9th_pre_req"": ""3"", ""buy_9th_pre_req_pre"": ""0"", ""buy_10th_pre_bid"": ""-143100"", ""buy_10th_pre_req"": ""16"", ""buy_10th_pre_req_pre"": ""0"", ""tot_sel_req_jub_pre"": ""--4"", ""tot_sel_req"": ""134"", ""tot_buy_req"": ""154"", ""tot_buy_req_jub_pre"": ""--48"", ""ovt_sel_req_pre"": ""0"", ""ovt_sel_req"": ""0"", ""ovt_buy_req"": ""0"", ""ovt_buy_req_pre"": ""0"", ""return_code"": 0, ""return_msg"": ""정상적으로 처리되었습니다""}"
2026-09-10,scan_candidate,064760,2026-09-10T09:30:14.472901,0,main_scan,263000,252000,263000,262500,263000,261000,-1.1587167300380294,0.19011406844106463,104718000,2817212832000,16080283500,4.6084989106069685,4.365079365079365,"{""bid_req_base_tm"": ""093119"", ""sel_10th_pre_req_pre"": ""0"", ""sel_10th_pre_req"": ""212"", ""sel_10th_pre_bid"": ""+267500"", ""sel_9th_pre_req_pre"": ""0"", ""sel_9th_pre_req"": ""131"", ""sel_9th_pre_bid"": ""+267000"", ""sel_8th_pre_req_pre"": ""0"", ""sel_8th_pre_req"": ""24"", ""sel_8th_pre_bid"": ""+266500"", ""sel_7th_pre_req_pre"": ""0"", ""sel_7th_pre_req"": ""365"", ""sel_7th_pre_bid"": ""+266000"", ""sel_6th_pre_req_pre"": ""0"", ""sel_6th_pre_req"": ""85"", ""sel_6th_pre_bid"": ""+265500"", ""sel_5th_pre_req_pre"": ""0"", ""sel_5th_pre_req"": ""75"", ""sel_5th_pre_bid"": ""+265000"", ""sel_4th_pre_req_pre"": ""0"", ""sel_4th_pre_req"": ""71"", ""sel_4th_pre_bid"": ""+264500"", ""sel_3th_pre_req_pre"": ""0"", ""sel_3th_pre_req"": ""133"", ""sel_3th_pre_bid"": ""+264000"", ""sel_2th_pre_req_pre"": ""0"", ""sel_2th_pre_req"": ""111"", ""sel_2th_pre_bid"": ""+263500"", ""sel_1th_pre_req_pre"": ""+50"", ""sel_fpr_req"": ""106"", ""sel_fpr_bid"": ""+263000"", ""buy_fpr_bid"": ""+262500"", ""buy_fpr_req"": ""4"", ""buy_1th_pre_req_pre"": ""0"", ""buy_2th_pre_bid"": ""+262000"", ""buy_2th_pre_req"": ""40"", ""buy_2th_pre_req_pre"": ""0"", ""buy_3th_pre_bid"": ""+261500"", ""buy_3th_pre_req"": ""123"", ""buy_3th_pre_req_pre"": ""0"", ""buy_4th_pre_bid"": ""+261000"", ""buy_4th_pre_req"": ""27"", ""buy_4th_pre_req_pre"": ""0"", ""buy_5th_pre_bid"": ""+260500"", ""buy_5th_pre_req"": ""31"", ""buy_5th_pre_req_pre"": ""0"", ""buy_6th_pre_bid"": ""+260000"", ""buy_6th_pre_req"": ""72"", ""buy_6th_pre_req_pre"": ""0"", ""buy_7th_pre_bid"": ""+259500"", ""buy_7th_pre_req"": ""6"", ""buy_7th_pre_req_pre"": ""0"", ""buy_8th_pre_bid"": ""+259000"", ""buy_8th_pre_req"": ""10"", ""buy_8th_pre_req_pre"": ""0"", ""buy_9th_pre_bid"": ""+258500"", ""buy_9th_pre_req"": ""26"", ""buy_9th_pre_req_pre"": ""0"", ""buy_10th_pre_bid"": ""+258000"", ""buy_10th_pre_req"": ""56"", ""buy_10th_pre_req_pre"": ""0"", ""tot_sel_req_jub_pre"": ""+50"", ""tot_sel_req"": ""1313"", ""tot_buy_req"": ""395"", ""tot_buy_req_jub_pre"": ""0"", ""ovt_sel_req_pre"": ""0"", ""ovt_sel_req"": ""0"", ""ovt_buy_req"": ""0"", ""ovt_buy_req_pre"": ""0"", ""return_code"": 0, ""return_msg"": ""정상적으로 처리되었습니다""}"
2026-09-10,scan_candidate,131290,2026-09-10T09:30:14.472901,0,main_scan,264000,236500,264000,263000,264000,264000,-0.39902462121213883,0.3787878787878788,26272500,2616027958500,18821580500,4.6084989106069685,11.627906976744185,"{""bid_req_base_tm"": ""093118"", ""sel_10th_pre_req_pre"": ""0"", ""sel_10th_pre_req"": ""122"", ""sel_10th_pre_bid"": ""268500"", ""sel_9th_pre_req_pre"": ""0"", ""sel_9th_pre_req"": ""20"", ""sel_9th_pre_bid"": ""-268000"", ""sel_8th_pre_req_pre"": ""0"", ""sel_8th_pre_req"": ""51"", ""sel_8th_pre_bid"": ""-267500"", ""sel_7th_pre_req_pre"": ""0"", ""sel_7th_pre_req"": ""5"", ""sel_7th_pre_bid"": ""-267000"", ""sel_6th_pre_req_pre"": ""0"", ""sel_6th_pre_req"": ""201"", ""sel_6th_pre_bid"": ""-266500"", ""sel_5th_pre_req_pre"": ""0"", ""sel_5th_pre_req"": ""101"", ""sel_5th_pre_bid"": ""-266000"", ""sel_4th_pre_req_pre"": ""0"", ""sel_4th_pre_req"": ""6"", ""sel_4th_pre_bid"": ""-265500"", ""sel_3th_pre_req_pre"": ""0"", ""sel_3th_pre_req"": ""8"", ""sel_3th_pre_bid"": ""-265000"", ""sel_2th_pre_req_pre"": ""0"", ""sel_2th_pre_req"": ""28"", ""sel_2th_pre_bid"": ""-264500"", ""sel_1th_pre_req_pre"": ""0"", ""sel_fpr_req"": ""8"", ""sel_fpr_bid"": ""-264000"", ""buy_fpr_bid"": ""-263000"", ""buy_fpr_req"": ""11"", ""buy_1th_pre_req_pre"": ""0"", ""buy_2th_pre_bid"": ""-262500"", ""buy_2th_pre_req"": ""17"", ""buy_2th_pre_req_pre"": ""0"", ""buy_3th_pre_bid"": ""-262000"", ""buy_3th_pre_req"": ""17"", ""buy_3th_pre_req_pre"": ""0"", ""buy_4th_pre_bid"": ""-261500"", ""buy_4th_pre_req"": ""51"", ""buy_4th_pre_req_pre"": ""0"", ""buy_5th_pre_bid"": ""-261000"", ""buy_5th_pre_req"": ""31"", ""buy_5th_pre_req_pre"": ""0"", ""buy_6th_pre_bid"": ""-260500"", ""buy_6th_pre_req"": ""114"", ""buy_6th_pre_req_pre"": ""+20"", ""buy_7th_pre_bid"": ""-260000"", ""buy_7th_pre_req"": ""99"", ""buy_7th_pre_req_pre"": ""0"", ""buy_8th_pre_bid"": ""-259500"", ""buy_8th_pre_req"": ""1036"", ""buy_8th_pre_req_pre"": ""0"", ""buy_9th_pre_bid"": ""-259000"", ""buy_9th_pre_req"": ""30"", ""buy_9th_pre_req_pre"": ""0"", ""buy_10th_pre_bid"": ""-258500"", ""buy_10th_pre_req"": ""55"", ""buy_10th_pre_req_pre"": ""0"", ""tot_sel_req_jub_pre"": ""0"", ""tot_sel_req"": ""550"", ""tot_buy_req"": ""1461"", ""tot_buy_req_jub_pre"": ""+20"", ""ovt_sel_req_pre"": ""0"", ""ovt_sel_req"": ""0"", ""ovt_buy_req"": ""0"", ""ovt_buy_req_pre"": ""0"", ""return_code"": 0, ""return_msg"": ""정상적으로 처리되었습니다""}"
2026-09-10,scan_candidate,357780,2026-09-10T09:30:14.472901,0,main_scan,337000,325000,337000,336000,337000,338000,-0.06192136498517702,0.2967359050445104,26700000,2528033950000,7831461000,4.6084989106069685,3.6923076923076925,"{""bid_req_base_tm"": ""093118"", ""sel_10th_pre_req_pre"": ""0"", ""sel_10th_pre_req"": ""20"", ""sel_10th_pre_bid"": ""+342000"", ""sel_9th_pre_req_pre"": ""0"", ""sel_9th_pre_req"": ""2"", ""sel_9th_pre_bid"": ""+341500"", ""sel_8th_pre_req_pre"": ""0"", ""sel_8th_pre_req"": ""8"", ""sel_8th_pre_bid"": ""+341000"", ""sel_7th_pre_req_pre"": ""0"", ""sel_7th_pre_req"": ""3"", ""sel_7th_pre_bid"": ""+340000"", ""sel_6th_pre_req_pre"": ""0"", ""sel_6th_pre_req"": ""3"", ""sel_6th_pre_bid"": ""+339500"", ""sel_5th_pre_req_pre"": ""0"", ""sel_5th_pre_req"": ""7"", ""sel_5th_pre_bid"": ""+339000"", ""sel_4th_pre_req_pre"": ""0"", ""sel_4th_pre_req"": ""6"", ""sel_4th_pre_bid"": ""+338500"", ""sel_3th_pre_req_pre"": ""0"", ""sel_3th_pre_req"": ""74"", ""sel_3th_pre_bid"": ""338000"", ""sel_2th_pre_req_pre"": ""0"", ""sel_2th_pre_req"": ""11"", ""sel_2th_pre_bid"": ""-337500"", ""sel_1th_pre_req_pre"": ""0"", ""sel_fpr_req"": ""3"", ""sel_fpr_bid"": ""-337000"", ""buy_fpr_bid"": ""-336000"", ""buy_fpr_req"": ""7"", ""buy_1th_pre_req_pre"": ""0"", ""buy_2th_pre_bid"": ""-335500"", ""buy_2th_pre_req"": ""3"", ""buy_2th_pre_req_pre"": ""0"", ""buy_3th_pre_bid"": ""-335000"", ""buy_3th_pre_req"": ""16"", ""buy_3th_pre_req_pre"": ""0"", ""buy_4th_pre_bid"": ""-334500"", ""buy_4th_pre_req"": ""56"", ""buy_4th_pre_req_pre"": ""0"", ""buy_5th_pre_bid"": ""-334000"", ""buy_5th_pre_req"": ""177"", ""buy_5th_pre_req_pre"": ""0"", ""buy_6th_pre_bid"": ""-333500"", ""buy_6th_pre_req"": ""9"", ""buy_6th_pre_req_pre"": ""0"", ""buy_7th_pre_bid"": ""-333000"", ""buy_7th_pre_req"": ""7"", ""buy_7th_pre_req_pre"": ""0"", ""buy_8th_pre_bid"": ""-332500"", ""buy_8th_pre_req"": ""8"", ""buy_8th_pre_req_pre"": ""0"", ""buy_9th_pre_bid"": ""-332000"", ""buy_9th_pre_req"": ""19"", ""buy_9th_pre_req_pre"": ""0"", ""buy_10th_pre_bid"": ""-331500"", ""buy_10th_pre_req"": ""17"", ""buy_10th_pre_req_pre"": ""+1"", ""tot_sel_req_jub_pre"": ""0"", ""tot_sel_req"": ""137"", ""tot_buy_req"": ""319"", ""tot_buy_req_jub_pre"": ""+1"", ""ovt_sel_req_pre"": ""0"", ""ovt_sel_req"": ""0"", ""ovt_buy_req"": ""0"", ""ovt_buy_req_pre"": ""0"", ""return_code"": 0, ""return_msg"": ""정상적으로 처리되었습니다""}"
2026-09-10,scan_candidate,080220,2026-09-10T09:30:14.472901,0,main_scan,73700,71800,73700,73600,73700,74100,0.1962618724558881,0.13568521031207598,74541300,2472995409400,53009842450,4.6084989106069685,2.6462395543175488,"{""bid_req_base_tm"": ""093120"", ""sel_10th_pre_req_pre"": ""0"", ""sel_10th_pre_req"": ""553"", ""sel_10th_pre_bid"": ""-74700"", ""sel_9th_pre_req_pre"": ""0"", ""sel_9th_pre_req"": ""119"", ""sel_9th_pre_bid"": ""-74600"", ""sel_8th_pre_req_pre"": ""0"", ""sel_8th_pre_req"": ""434"", ""sel_8th_pre_bid"": ""-74500"", ""sel_7th_pre_req_pre"": ""0"", ""sel_7th_pre_req"": ""151"", ""sel_7th_pre_bid"": ""-74400"", ""sel_6th_pre_req_pre"": ""0"", ""sel_6th_pre_req"": ""262"", ""sel_6th_pre_bid"": ""-74300"", ""sel_5th_pre_req_pre"": ""0"", ""sel_5th_pre_req"": ""473"", ""sel_5th_pre_bid"": ""-74200"", ""sel_4th_pre_req_pre"": ""0"", ""sel_4th_pre_req"": ""169"", ""sel_4th_pre_bid"": ""-74100"", ""sel_3th_pre_req_pre"": ""0"", ""sel_3th_pre_req"": ""52"", ""sel_3th_pre_bid"": ""-74000"", ""sel_2th_pre_req_pre"": ""0"", ""sel_2th_pre_req"": ""354"", ""sel_2th_pre_bid"": ""-73900"", ""sel_1th_pre_req_pre"": ""+48"", ""sel_fpr_req"": ""277"", ""sel_fpr_bid"": ""-73700"", ""buy_fpr_bid"": ""-73600"", ""buy_fpr_req"": ""398"", ""buy_1th_pre_req_pre"": ""0"", ""buy_2th_pre_bid"": ""-73500"", ""buy_2th_pre_req"": ""6326"", ""buy_2th_pre_req_pre"": ""0"", ""buy_3th_pre_bid"": ""-73400"", ""buy_3th_pre_req"": ""2359"", ""buy_3th_pre_req_pre"": ""+10"", ""buy_4th_pre_bid"": ""-73300"", ""buy_4th_pre_req"": ""5139"", ""buy_4th_pre_req_pre"": ""0"", ""buy_5th_pre_bid"": ""-73200"", ""buy_5th_pre_req"": ""3168"", ""buy_5th_pre_req_pre"": ""0"", ""buy_6th_pre_bid"": ""-73100"", ""buy_6th_pre_req"": ""5380"", ""buy_6th_pre_req_pre"": ""0"", ""buy_7th_pre_bid"": ""-73000"", ""buy_7th_pre_req"": ""8252"", ""buy_7th_pre_req_pre"": ""0"", ""buy_8th_pre_bid"": ""-72900"", ""buy_8th_pre_req"": ""1715"", ""buy_8th_pre_req_pre"": ""0"", ""buy_9th_pre_bid"": ""-72800"", ""buy_9th_pre_req"": ""1388"", ""buy_9th_pre_req_pre"": ""0"", ""buy_10th_pre_bid"": ""-72700"", ""buy_10th_pre_req"": ""3357"", ""buy_10th_pre_req_pre"": ""0"", ""tot_sel_req_jub_pre"": ""+48"", ""tot_sel_req"": ""2844"", ""tot_buy_req"": ""37482"", ""tot_buy_req_jub_pre"": ""+10"", ""ovt_sel_req_pre"": ""0"", ""ovt_sel_req"": ""0"", ""ovt_buy_req"": ""0"", ""ovt_buy_req_pre"": ""0"", ""return_code"": 0, ""return_msg"": ""정상적으로 처리되었습니다""}"
2026-09-10,scan_candidate,319400,2026-09-10T09:30:14.472901,0,main_scan,21900,22050,21900,21850,21900,22050,0.24573059360728333,0.228310502283105,119295900,2455841659950,18007267900,4.6084989106069685,-0.6802721088435374,"{""bid_req_base_tm"": ""093118"", ""sel_10th_pre_req_pre"": ""0"", ""sel_10th_pre_req"": ""608"", ""sel_10th_pre_bid"": ""+22350"", ""sel_9th_pre_req_pre"": ""0"", ""sel_9th_pre_req"": ""1573"", ""sel_9th_pre_bid"": ""+22300"", ""sel_8th_pre_req_pre"": ""0"", ""sel_8th_pre_req"": ""418"", ""sel_8th_pre_bid"": ""+22250"", ""sel_7th_pre_req_pre"": ""0"", ""sel_7th_pre_req"": ""1432"", ""sel_7th_pre_bid"": ""+22200"", ""sel_6th_pre_req_pre"": ""0"", ""sel_6th_pre_req"": ""140"", ""sel_6th_pre_bid"": ""+22150"", ""sel_5th_pre_req_pre"": ""0"", ""sel_5th_pre_req"": ""1156"", ""sel_5th_pre_bid"": ""+22100"", ""sel_4th_pre_req_pre"": ""0"", ""sel_4th_pre_req"": ""1218"", ""sel_4th_pre_bid"": ""+22050"", ""sel_3th_pre_req_pre"": ""0"", ""sel_3th_pre_req"": ""3889"", ""sel_3th_pre_bid"": ""22000"", ""sel_2th_pre_req_pre"": ""0"", ""sel_2th_pre_req"": ""524"", ""sel_2th_pre_bid"": ""-21950"", ""sel_1th_pre_req_pre"": ""0"", ""sel_fpr_req"": ""476"", ""sel_fpr_bid"": ""-21900"", ""buy_fpr_bid"": ""-21850"", ""buy_fpr_req"": ""1874"", ""buy_1th_pre_req_pre"": ""--37"", ""buy_2th_pre_bid"": ""-21800"", ""buy_2th_pre_req"": ""4557"", ""buy_2th_pre_req_pre"": ""+37"", ""buy_3th_pre_bid"": ""-21750"", ""buy_3th_pre_req"": ""5782"", ""buy_3th_pre_req_pre"": ""0"", ""buy_4th_pre_bid"": ""-21700"", ""buy_4th_pre_req"": ""9495"", ""buy_4th_pre_req_pre"": ""0"", ""buy_5th_pre_bid"": ""-21650"", ""buy_5th_pre_req"": ""3057"", ""buy_5th_pre_req_pre"": ""0"", ""buy_6th_pre_bid"": ""-21600"", ""buy_6th_pre_req"": ""2929"", ""buy_6th_pre_req_pre"": ""0"", ""buy_7th_pre_bid"": ""-21550"", ""buy_7th_pre_req"": ""4800"", ""buy_7th_pre_req_pre"": ""0"", ""buy_8th_pre_bid"": ""-21500"", ""buy_8th_pre_req"": ""8407"", ""buy_8th_pre_req_pre"": ""0"", ""buy_9th_pre_bid"": ""-21450"", ""buy_9th_pre_req"": ""1049"", ""buy_9th_pre_req_pre"": ""0"", ""buy_10th_pre_bid"": ""-21400"", ""buy_10th_pre_req"": ""1009"", ""buy_10th_pre_req_pre"": ""0"", ""tot_sel_req_jub_pre"": ""0"", ""tot_sel_req"": ""11434"", ""tot_buy_req"": ""42959"", ""tot_buy_req_jub_pre"": ""0"", ""ovt_sel_req_pre"": ""0"", ""ovt_sel_req"": ""0"", ""ovt_buy_req"": ""0"", ""ovt_buy_req_pre"": ""0"", ""return_code"": 0, ""return_msg"": ""정상적으로 처리되었습니다""}"
2026-09-10,scan_candidate,214370,2026-09-10T09:30:14.472901,0,main_scan,42400,44500,42400,42300,42400,42450,-0.21000000000000207,0.2358490566037736,9777650,2390317500000,3191834350,4.6084989106069685,-4.719101123595506,"{""bid_req_base_tm"": ""093119"", ""sel_10th_pre_req_pre"": ""0"", ""sel_10th_pre_req"": ""309"", ""sel_10th_pre_bid"": ""-42900"", ""sel_9th_pre_req_pre"": ""0"", ""sel_9th_pre_req"": ""34"", ""sel_9th_pre_bid"": ""-42850"", ""sel_8th_pre_req_pre"": ""0"", ""sel_8th_pre_req"": ""23"", ""sel_8th_pre_bid"": ""-42750"", ""sel_7th_pre_req_pre"": ""0"", ""sel_7th_pre_req"": ""450"", ""sel_7th_pre_bid"": ""-42700"", ""sel_6th_pre_req_pre"": ""0"", ""sel_6th_pre_req"": ""6"", ""sel_6th_pre_bid"": ""-42650"", ""sel_5th_pre_req_pre"": ""0"", ""sel_5th_pre_req"": ""106"", ""sel_5th_pre_bid"": ""-42600"", ""sel_4th_pre_req_pre"": ""0"", ""sel_4th_pre_req"": ""14"", ""sel_4th_pre_bid"": ""-42550"", ""sel_3th_pre_req_pre"": ""0"", ""sel_3th_pre_req"": ""160"", ""sel_3th_pre_bid"": ""-42500"", ""sel_2th_pre_req_pre"": ""0"", ""sel_2th_pre_req"": ""2"", ""sel_2th_pre_bid"": ""-42450"", ""sel_1th_pre_req_pre"": ""0"", ""sel_fpr_req"": ""36"", ""sel_fpr_bid"": ""-42400"", ""buy_fpr_bid"": ""-42300"", ""buy_fpr_req"": ""72"", ""buy_1th_pre_req_pre"": ""0"", ""buy_2th_pre_bid"": ""-42250"", ""buy_2th_pre_req"": ""28"", ""buy_2th_pre_req_pre"": ""0"", ""buy_3th_pre_bid"": ""-42200"", ""buy_3th_pre_req"": ""160"", ""buy_3th_pre_req_pre"": ""0"", ""buy_4th_pre_bid"": ""-42150"", ""buy_4th_pre_req"": ""169"", ""buy_4th_pre_req_pre"": ""0"", ""buy_5th_pre_bid"": ""-42100"", ""buy_5th_pre_req"": ""6"", ""buy_5th_pre_req_pre"": ""0"", ""buy_6th_pre_bid"": ""-42050"", ""buy_6th_pre_req"": ""54"", ""buy_6th_pre_req_pre"": ""0"", ""buy_7th_pre_bid"": ""-42000"", ""buy_7th_pre_req"": ""373"", ""buy_7th_pre_req_pre"": ""0"", ""buy_8th_pre_bid"": ""-41900"", ""buy_8th_pre_req"": ""265"", ""buy_8th_pre_req_pre"": ""0"", ""buy_9th_pre_bid"": ""-41850"", ""buy_9th_pre_req"": ""155"", ""buy_9th_pre_req_pre"": ""0"", ""buy_10th_pre_bid"": ""-41800"", ""buy_10th_pre_req"": ""401"", ""buy_10th_pre_req_pre"": ""0"", ""tot_sel_req_jub_pre"": ""0"", ""tot_sel_req"": ""1140"", ""tot_buy_req"": ""1683"", ""tot_buy_req_jub_pre"": ""0"", ""ovt_sel_req_pre"": ""0"", ""ovt_sel_req"": ""0"", ""ovt_buy_req"": ""0"", ""ovt_buy_req_pre"": ""0"", ""return_code"": 0, ""return_msg"": ""정상적으로 처리되었습니다""}"
2026-09-10,scan_candidate,067310,2026-09-10T09:30:14.472901,0,main_scan,35350,34850,35350,35300,35350,35450,-0.06883309759548537,0.14144271570014144,70079250,2317206784650,22578324975,4.6084989106069685,1.4347202295552368,"{""bid_req_base_tm"": ""093120"", ""sel_10th_pre_req_pre"": ""0"", ""sel_10th_pre_req"": ""4063"", ""sel_10th_pre_bid"": ""+35800"", ""sel_9th_pre_req_pre"": ""0"", ""sel_9th_pre_req"": ""1929"", ""sel_9th_pre_bid"": ""+35750"", ""sel_8th_pre_req_pre"": ""0"", ""sel_8th_pre_req"": ""574"", ""sel_8th_pre_bid"": ""+35700"", ""sel_7th_pre_req_pre"": ""0"", ""sel_7th_pre_req"": ""419"", ""sel_7th_pre_bid"": ""+35650"", ""sel_6th_pre_req_pre"": ""0"", ""sel_6th_pre_req"": ""308"", ""sel_6th_pre_bid"": ""+35600"", ""sel_5th_pre_req_pre"": ""0"", ""sel_5th_pre_req"": ""647"", ""sel_5th_pre_bid"": ""+35550"", ""sel_4th_pre_req_pre"": ""0"", ""sel_4th_pre_req"": ""1334"", ""sel_4th_pre_bid"": ""+35500"", ""sel_3th_pre_req_pre"": ""0"", ""sel_3th_pre_req"": ""45"", ""sel_3th_pre_bid"": ""35450"", ""sel_2th_pre_req_pre"": ""0"", ""sel_2th_pre_req"": ""427"", ""sel_2th_pre_bid"": ""-35400"", ""sel_1th_pre_req_pre"": ""0"", ""sel_fpr_req"": ""313"", ""sel_fpr_bid"": ""-35350"", ""buy_fpr_bid"": ""-35300"", ""buy_fpr_req"": ""308"", ""buy_1th_pre_req_pre"": ""+29"", ""buy_2th_pre_bid"": ""-35250"", ""buy_2th_pre_req"": ""781"", ""buy_2th_pre_req_pre"": ""--27"", ""buy_3th_pre_bid"": ""-35200"", ""buy_3th_pre_req"": ""1233"", ""buy_3th_pre_req_pre"": ""0"", ""buy_4th_pre_bid"": ""-35150"", ""buy_4th_pre_req"": ""1456"", ""buy_4th_pre_req_pre"": ""0"", ""buy_5th_pre_bid"": ""-35100"", ""buy_5th_pre_req"": ""2633"", ""buy_5th_pre_req_pre"": ""0"", ""buy_6th_pre_bid"": ""-35050"", ""buy_6th_pre_req"": ""1321"", ""buy_6th_pre_req_pre"": ""0"", ""buy_7th_pre_bid"": ""-35000"", ""buy_7th_pre_req"": ""3276"", ""buy_7th_pre_req_pre"": ""0"", ""buy_8th_pre_bid"": ""-34950"", ""buy_8th_pre_req"": ""280"", ""buy_8th_pre_req_pre"": ""0"", ""buy_9th_pre_bid"": ""-34900"", ""buy_9th_pre_req"": ""1400"", ""buy_9th_pre_req_pre"": ""0"", ""buy_10th_pre_bid"": ""-34850"", ""buy_10th_pre_req"": ""769"", ""buy_10th_pre_req_pre"": ""0"", ""tot_sel_req_jub_pre"": ""0"", ""tot_sel_req"": ""10059"", ""tot_buy_req"": ""13457"", ""tot_buy_req_jub_pre"": ""+2"", ""ovt_sel_req_pre"": ""0"", ""ovt_sel_req"": ""0"", ""ovt_buy_req"": ""0"", ""ovt_buy_req_pre"": ""0"", ""return_code"": 0, ""return_msg"": ""정상적으로 처리되었습니다""}"
2026-09-10,scan_candidate,347850,2026-09-10T09:30:14.472901,0,main_scan,47850,49200,47850,47800,47850,47950,-0.10571055381401061,0.10449320794148381,91203950,2255210362800,21005236700,4.6084989106069685,-2.7439024390243905,"{""bid_req_base_tm"": ""093120"", ""sel_10th_pre_req_pre"": ""0"", ""sel_10th_pre_req"": ""201"", ""sel_10th_pre_bid"": ""-48300"", ""sel_9th_pre_req_pre"": ""0"", ""sel_9th_pre_req"": ""655"", ""sel_9th_pre_bid"": ""-48250"", ""sel_8th_pre_req_pre"": ""0"", ""sel_8th_pre_req"": ""842"", ""sel_8th_pre_bid"": ""-48200"", ""sel_7th_pre_req_pre"": ""0"", ""sel_7th_pre_req"": ""202"", ""sel_7th_pre_bid"": ""-48150"", ""sel_6th_pre_req_pre"": ""0"", ""sel_6th_pre_req"": ""573"", ""sel_6th_pre_bid"": ""-48100"", ""sel_5th_pre_req_pre"": ""0"", ""sel_5th_pre_req"": ""60"", ""sel_5th_pre_bid"": ""-48050"", ""sel_4th_pre_req_pre"": ""0"", ""sel_4th_pre_req"": ""629"", ""sel_4th_pre_bid"": ""-48000"", ""sel_3th_pre_req_pre"": ""0"", ""sel_3th_pre_req"": ""250"", ""sel_3th_pre_bid"": ""-47950"", ""sel_2th_pre_req_pre"": ""0"", ""sel_2th_pre_req"": ""1272"", ""sel_2th_pre_bid"": ""-47900"", ""sel_1th_pre_req_pre"": ""--5"", ""sel_fpr_req"": ""126"", ""sel_fpr_bid"": ""-47850"", ""buy_fpr_bid"": ""-47800"", ""buy_fpr_req"": ""372"", ""buy_1th_pre_req_pre"": ""0"", ""buy_2th_pre_bid"": ""-47750"", ""buy_2th_pre_req"": ""409"", ""buy_2th_pre_req_pre"": ""0"", ""buy_3th_pre_bid"": ""-47700"", ""buy_3th_pre_req"": ""1076"", ""buy_3th_pre_req_pre"": ""0"", ""buy_4th_pre_bid"": ""-47650"", ""buy_4th_pre_req"": ""1106"", ""buy_4th_pre_req_pre"": ""0"", ""buy_5th_pre_bid"": ""-47600"", ""buy_5th_pre_req"": ""1512"", ""buy_5th_pre_req_pre"": ""0"", ""buy_6th_pre_bid"": ""-47550"", ""buy_6th_pre_req"": ""2643"", ""buy_6th_pre_req_pre"": ""+1"", ""buy_7th_pre_bid"": ""-47500"", ""buy_7th_pre_req"": ""5126"", ""buy_7th_pre_req_pre"": ""+3"", ""buy_8th_pre_bid"": ""-47450"", ""buy_8th_pre_req"": ""1933"", ""buy_8th_pre_req_pre"": ""0"", ""buy_9th_pre_bid"": ""-47400"", ""buy_9th_pre_req"": ""1142"", ""buy_9th_pre_req_pre"": ""0"", ""buy_10th_pre_bid"": ""-47350"", ""buy_10th_pre_req"": ""956"", ""buy_10th_pre_req_pre"": ""0"", ""tot_sel_req_jub_pre"": ""--5"", ""tot_sel_req"": ""4810"", ""tot_buy_req"": ""16275"", ""tot_buy_req_jub_pre"": ""+4"", ""ovt_sel_req_pre"": ""0"", ""ovt_sel_req"": ""0"", ""ovt_buy_req"": ""0"", ""ovt_buy_req_pre"": ""0"", ""return_code"": 0, ""return_msg"": ""정상적으로 처리되었습니다""}"
2026-09-10,scan_candidate,263750,2026-09-10T09:30:14.472901,0,main_scan,34650,34500,34650,34600,34650,34800,0.07803751803752056,0.1443001443001443,14372200,2168114895000,36198582900,4.6084989106069685,0.43478260869565216,"{""bid_req_base_tm"": ""093118"", ""sel_10th_pre_req_pre"": ""0"", ""sel_10th_pre_req"": ""221"", ""sel_10th_pre_bid"": ""-35100"", ""sel_9th_pre_req_pre"": ""0"", ""sel_9th_pre_req"": ""226"", ""sel_9th_pre_bid"": ""-35050"", ""sel_8th_pre_req_pre"": ""0"", ""sel_8th_pre_req"": ""216"", ""sel_8th_pre_bid"": ""-35000"", ""sel_7th_pre_req_pre"": ""0"", ""sel_7th_pre_req"": ""124"", ""sel_7th_pre_bid"": ""-34950"", ""sel_6th_pre_req_pre"": ""0"", ""sel_6th_pre_req"": ""61"", ""sel_6th_pre_bid"": ""-34900"", ""sel_5th_pre_req_pre"": ""0"", ""sel_5th_pre_req"": ""33"", ""sel_5th_pre_bid"": ""-34850"", ""sel_4th_pre_req_pre"": ""0"", ""sel_4th_pre_req"": ""33"", ""sel_4th_pre_bid"": ""-34800"", ""sel_3th_pre_req_pre"": ""0"", ""sel_3th_pre_req"": ""190"", ""sel_3th_pre_bid"": ""-34750"", ""sel_2th_pre_req_pre"": ""+9"", ""sel_2th_pre_req"": ""122"", ""sel_2th_pre_bid"": ""-34700"", ""sel_1th_pre_req_pre"": ""0"", ""sel_fpr_req"": ""118"", ""sel_fpr_bid"": ""-34650"", ""buy_fpr_bid"": ""-34600"", ""buy_fpr_req"": ""101"", ""buy_1th_pre_req_pre"": ""0"", ""buy_2th_pre_bid"": ""-34550"", ""buy_2th_pre_req"": ""667"", ""buy_2th_pre_req_pre"": ""0"", ""buy_3th_pre_bid"": ""-34500"", ""buy_3th_pre_req"": ""1132"", ""buy_3th_pre_req_pre"": ""0"", ""buy_4th_pre_bid"": ""-34450"", ""buy_4th_pre_req"": ""4050"", ""buy_4th_pre_req_pre"": ""0"", ""buy_5th_pre_bid"": ""-34400"", ""buy_5th_pre_req"": ""1904"", ""buy_5th_pre_req_pre"": ""0"", ""buy_6th_pre_bid"": ""-34350"", ""buy_6th_pre_req"": ""5811"", ""buy_6th_pre_req_pre"": ""0"", ""buy_7th_pre_bid"": ""-34300"", ""buy_7th_pre_req"": ""363"", ""buy_7th_pre_req_pre"": ""0"", ""buy_8th_pre_bid"": ""-34250"", ""buy_8th_pre_req"": ""383"", ""buy_8th_pre_req_pre"": ""0"", ""buy_9th_pre_bid"": ""-34200"", ""buy_9th_pre_req"": ""766"", ""buy_9th_pre_req_pre"": ""0"", ""buy_10th_pre_bid"": ""-34150"", ""buy_10th_pre_req"": ""1313"", ""buy_10th_pre_req_pre"": ""0"", ""tot_sel_req_jub_pre"": ""+9"", ""tot_sel_req"": ""1344"", ""tot_buy_req"": ""16490"", ""tot_buy_req_jub_pre"": ""0"", ""ovt_sel_req_pre"": ""0"", ""ovt_sel_req"": ""0"", ""ovt_buy_req"": ""0"", ""ovt_buy_req_pre"": ""0"", ""return_code"": 0, ""return_msg"": ""정상적으로 처리되었습니다""}"
2026-09-10,scan_candidate,178320,2026-09-10T09:30:14.472901,0,main_scan,35750,33650,35750,35700,35750,35950,0.20876223776223696,0.13986013986013987,43893600,2141847300050,17525403550,4.6084989106069685,6.240713224368499,"{""bid_req_base_tm"": ""093121"", ""sel_10th_pre_req_pre"": ""0"", ""sel_10th_pre_req"": ""13"", ""sel_10th_pre_bid"": ""-36250"", ""sel_9th_pre_req_pre"": ""0"", ""sel_9th_pre_req"": ""766"", ""sel_9th_pre_bid"": ""-36200"", ""sel_8th_pre_req_pre"": ""0"", ""sel_8th_pre_req"": ""198"", ""sel_8th_pre_bid"": ""-36150"", ""sel_7th_pre_req_pre"": ""0"", ""sel_7th_pre_req"": ""217"", ""sel_7th_pre_bid"": ""-36100"", ""sel_6th_pre_req_pre"": ""0"", ""sel_6th_pre_req"": ""17"", ""sel_6th_pre_bid"": ""-36050"", ""sel_5th_pre_req_pre"": ""0"", ""sel_5th_pre_req"": ""420"", ""sel_5th_pre_bid"": ""-36000"", ""sel_4th_pre_req_pre"": ""0"", ""sel_4th_pre_req"": ""282"", ""sel_4th_pre_bid"": ""-35900"", ""sel_3th_pre_req_pre"": ""0"", ""sel_3th_pre_req"": ""376"", ""sel_3th_pre_bid"": ""-35850"", ""sel_2th_pre_req_pre"": ""0"", ""sel_2th_pre_req"": ""449"", ""sel_2th_pre_bid"": ""-35800"", ""sel_1th_pre_req_pre"": ""--50"", ""sel_fpr_req"": ""112"", ""sel_fpr_bid"": ""-35750"", ""buy_fpr_bid"": ""-35700"", ""buy_fpr_req"": ""1306"", ""buy_1th_pre_req_pre"": ""0"", ""buy_2th_pre_bid"": ""-35650"", ""buy_2th_pre_req"": ""2702"", ""buy_2th_pre_req_pre"": ""0"", ""buy_3th_pre_bid"": ""-35600"", ""buy_3th_pre_req"": ""8463"", ""buy_3th_pre_req_pre"": ""0"", ""buy_4th_pre_bid"": ""-35550"", ""buy_4th_pre_req"": ""4710"", ""buy_4th_pre_req_pre"": ""0"", ""buy_5th_pre_bid"": ""-35500"", ""buy_5th_pre_req"": ""5906"", ""buy_5th_pre_req_pre"": ""0"", ""buy_6th_pre_bid"": ""-35450"", ""buy_6th_pre_req"": ""1752"", ""buy_6th_pre_req_pre"": ""0"", ""buy_7th_pre_bid"": ""-35400"", ""buy_7th_pre_req"": ""1689"", ""buy_7th_pre_req_pre"": ""0"", ""buy_8th_pre_bid"": ""-35350"", ""buy_8th_pre_req"": ""151"", ""buy_8th_pre_req_pre"": ""0"", ""buy_9th_pre_bid"": ""-35300"", ""buy_9th_pre_req"": ""473"", ""buy_9th_pre_req_pre"": ""0"", ""buy_10th_pre_bid"": ""-35250"", ""buy_10th_pre_req"": ""1438"", ""buy_10th_pre_req_pre"": ""0"", ""tot_sel_req_jub_pre"": ""--50"", ""tot_sel_req"": ""2850"", ""tot_buy_req"": ""28590"", ""tot_buy_req_jub_pre"": ""0"", ""ovt_sel_req_pre"": ""0"", ""ovt_sel_req"": ""0"", ""ovt_buy_req"": ""0"", ""ovt_buy_req_pre"": ""0"", ""return_code"": 0, ""return_msg"": ""정상적으로 처리되었습니다""}"
2026-09-10,scan_candidate,237690,2026-09-10T09:30:14.472901,0,main_scan,89100,101200,89100,89000,89100,89500,0.1260437710437632,0.11223344556677892,42152000,2112715765600,4541884400,4.6084989106069685,-11.956521739130435,"{""bid_req_base_tm"": ""093120"", ""sel_10th_pre_req_pre"": ""0"", ""sel_10th_pre_req"": ""2"", ""sel_10th_pre_bid"": ""-90100"", ""sel_9th_pre_req_pre"": ""0"", ""sel_9th_pre_req"": ""53"", ""sel_9th_pre_bid"": ""-90000"", ""sel_8th_pre_req_pre"": ""0"", ""sel_8th_pre_req"": ""86"", ""sel_8th_pre_bid"": ""-89900"", ""sel_7th_pre_req_pre"": ""0"", ""sel_7th_pre_req"": ""2"", ""sel_7th_pre_bid"": ""-89800"", ""sel_6th_pre_req_pre"": ""0"", ""sel_6th_pre_req"": ""7"", ""sel_6th_pre_bid"": ""-89700"", ""sel_5th_pre_req_pre"": ""0"", ""sel_5th_pre_req"": ""181"", ""sel_5th_pre_bid"": ""-89600"", ""sel_4th_pre_req_pre"": ""0"", ""sel_4th_pre_req"": ""51"", ""sel_4th_pre_bid"": ""-89500"", ""sel_3th_pre_req_pre"": ""0"", ""sel_3th_pre_req"": ""104"", ""sel_3th_pre_bid"": ""-89400"", ""sel_2th_pre_req_pre"": ""0"", ""sel_2th_pre_req"": ""47"", ""sel_2th_pre_bid"": ""-89300"", ""sel_1th_pre_req_pre"": ""0"", ""sel_fpr_req"": ""214"", ""sel_fpr_bid"": ""-89100"", ""buy_fpr_bid"": ""-89000"", ""buy_fpr_req"": ""818"", ""buy_1th_pre_req_pre"": ""0"", ""buy_2th_pre_bid"": ""-88900"", ""buy_2th_pre_req"": ""193"", ""buy_2th_pre_req_pre"": ""0"", ""buy_3th_pre_bid"": ""-88800"", ""buy_3th_pre_req"": ""282"", ""buy_3th_pre_req_pre"": ""0"", ""buy_4th_pre_bid"": ""-88700"", ""buy_4th_pre_req"": ""400"", ""buy_4th_pre_req_pre"": ""0"", ""buy_5th_pre_bid"": ""-88600"", ""buy_5th_pre_req"": ""472"", ""buy_5th_pre_req_pre"": ""0"", ""buy_6th_pre_bid"": ""-88500"", ""buy_6th_pre_req"": ""645"", ""buy_6th_pre_req_pre"": ""--12"", ""buy_7th_pre_bid"": ""-88400"", ""buy_7th_pre_req"": ""133"", ""buy_7th_pre_req_pre"": ""0"", ""buy_8th_pre_bid"": ""-88300"", ""buy_8th_pre_req"": ""119"", ""buy_8th_pre_req_pre"": ""0"", ""buy_9th_pre_bid"": ""-88200"", ""buy_9th_pre_req"": ""158"", ""buy_9th_pre_req_pre"": ""0"", ""buy_10th_pre_bid"": ""-88100"", ""buy_10th_pre_req"": ""144"", ""buy_10th_pre_req_pre"": ""0"", ""tot_sel_req_jub_pre"": ""0"", ""tot_sel_req"": ""747"", ""tot_buy_req"": ""3364"", ""tot_buy_req_jub_pre"": ""--12"", ""ovt_sel_req_pre"": ""0"", ""ovt_sel_req"": ""0"", ""ovt_buy_req"": ""0"", ""ovt_buy_req_pre"": ""0"", ""return_code"": 0, ""return_msg"": ""정상적으로 처리되었습니다""}"
2026-09-10,scan_candidate,058610,2026-09-10T09:30:14.472901,0,main_scan,98200,94200,98200,98000,98200,97700,-0.8198065173116267,0.20366598778004072,211044300,2089107312000,103978911850,4.6084989106069685,4.246284501061571,"{""bid_req_base_tm"": ""093122"", ""sel_10th_pre_req_pre"": ""0"", ""sel_10th_pre_req"": ""540"", ""sel_10th_pre_bid"": ""+99100"", ""sel_9th_pre_req_pre"": ""0"", ""sel_9th_pre_req"": ""3237"", ""sel_9th_pre_bid"": ""+99000"", ""sel_8th_pre_req_pre"": ""0"", ""sel_8th_pre_req"": ""2169"", ""sel_8th_pre_bid"": ""+98900"", ""sel_7th_pre_req_pre"": ""0"", ""sel_7th_pre_req"": ""1223"", ""sel_7th_pre_bid"": ""+98800"", ""sel_6th_pre_req_pre"": ""0"", ""sel_6th_pre_req"": ""1769"", ""sel_6th_pre_bid"": ""+98700"", ""sel_5th_pre_req_pre"": ""0"", ""sel_5th_pre_req"": ""608"", ""sel_5th_pre_bid"": ""+98600"", ""sel_4th_pre_req_pre"": ""0"", ""sel_4th_pre_req"": ""1230"", ""sel_4th_pre_bid"": ""+98500"", ""sel_3th_pre_req_pre"": ""0"", ""sel_3th_pre_req"": ""511"", ""sel_3th_pre_bid"": ""+98400"", ""sel_2th_pre_req_pre"": ""0"", ""sel_2th_pre_req"": ""483"", ""sel_2th_pre_bid"": ""+98300"", ""sel_1th_pre_req_pre"": ""0"", ""sel_fpr_req"": ""160"", ""sel_fpr_bid"": ""+98200"", ""buy_fpr_bid"": ""+98000"", ""buy_fpr_req"": ""168"", ""buy_1th_pre_req_pre"": ""--10"", ""buy_2th_pre_bid"": ""+97900"", ""buy_2th_pre_req"": ""124"", ""buy_2th_pre_req_pre"": ""0"", ""buy_3th_pre_bid"": ""+97800"", ""buy_3th_pre_req"": ""45"", ""buy_3th_pre_req_pre"": ""0"", ""buy_4th_pre_bid"": ""+97700"", ""buy_4th_pre_req"": ""26"", ""buy_4th_pre_req_pre"": ""0"", ""buy_5th_pre_bid"": ""+97600"", ""buy_5th_pre_req"": ""47"", ""buy_5th_pre_req_pre"": ""0"", ""buy_6th_pre_bid"": ""+97500"", ""buy_6th_pre_req"": ""102"", ""buy_6th_pre_req_pre"": ""0"", ""buy_7th_pre_bid"": ""+97400"", ""buy_7th_pre_req"": ""61"", ""buy_7th_pre_req_pre"": ""0"", ""buy_8th_pre_bid"": ""+97300"", ""buy_8th_pre_req"": ""29"", ""buy_8th_pre_req_pre"": ""0"", ""buy_9th_pre_bid"": ""+97200"", ""buy_9th_pre_req"": ""54"", ""buy_9th_pre_req_pre"": ""0"", ""buy_10th_pre_bid"": ""+97100"", ""buy_10th_pre_req"": ""162"", ""buy_10th_pre_req_pre"": ""0"", ""tot_sel_req_jub_pre"": ""0"", ""tot_sel_req"": ""11930"", ""tot_buy_req"": ""818"", ""tot_buy_req_jub_pre"": ""+142"", ""ovt_sel_req_pre"": ""0"", ""ovt_sel_req"": ""0"", ""ovt_buy_req"": ""0"", ""ovt_buy_req_pre"": ""0"", ""return_code"": 0, ""return_msg"": ""정상적으로 처리되었습니다""}"
2026-09-10,scan_candidate,214150,2026-09-10T09:30:14.472901,0,main_scan,30750,31800,30750,30700,30750,30950,0.27685365853657257,0.16260162601626016,7789850,2074493956200,4699719375,4.6084989106069685,-3.30188679245283,"{""bid_req_base_tm"": ""093121"", ""sel_10th_pre_req_pre"": ""0"", ""sel_10th_pre_req"": ""58"", ""sel_10th_pre_bid"": ""-31250"", ""sel_9th_pre_req_pre"": ""0"", ""sel_9th_pre_req"": ""23"", ""sel_9th_pre_bid"": ""-31200"", ""sel_8th_pre_req_pre"": ""0"", ""sel_8th_pre_req"": ""10"", ""sel_8th_pre_bid"": ""-31150"", ""sel_7th_pre_req_pre"": ""0"", ""sel_7th_pre_req"": ""5"", ""sel_7th_pre_bid"": ""-31100"", ""sel_6th_pre_req_pre"": ""0"", ""sel_6th_pre_req"": ""50"", ""sel_6th_pre_bid"": ""-31050"", ""sel_5th_pre_req_pre"": ""0"", ""sel_5th_pre_req"": ""50"", ""sel_5th_pre_bid"": ""-31000"", ""sel_4th_pre_req_pre"": ""0"", ""sel_4th_pre_req"": ""1"", ""sel_4th_pre_bid"": ""-30950"", ""sel_3th_pre_req_pre"": ""0"", ""sel_3th_pre_req"": ""4"", ""sel_3th_pre_bid"": ""-30850"", ""sel_2th_pre_req_pre"": ""0"", ""sel_2th_pre_req"": ""58"", ""sel_2th_pre_bid"": ""-30800"", ""sel_1th_pre_req_pre"": ""0"", ""sel_fpr_req"": ""169"", ""sel_fpr_bid"": ""-30750"", ""buy_fpr_bid"": ""-30700"", ""buy_fpr_req"": ""478"", ""buy_1th_pre_req_pre"": ""0"", ""buy_2th_pre_bid"": ""-30650"", ""buy_2th_pre_req"": ""880"", ""buy_2th_pre_req_pre"": ""0"", ""buy_3th_pre_bid"": ""-30600"", ""buy_3th_pre_req"": ""1159"", ""buy_3th_pre_req_pre"": ""0"", ""buy_4th_pre_bid"": ""-30550"", ""buy_4th_pre_req"": ""1599"", ""buy_4th_pre_req_pre"": ""0"", ""buy_5th_pre_bid"": ""-30500"", ""buy_5th_pre_req"": ""1356"", ""buy_5th_pre_req_pre"": ""0"", ""buy_6th_pre_bid"": ""-30450"", ""buy_6th_pre_req"": ""1407"", ""buy_6th_pre_req_pre"": ""0"", ""buy_7th_pre_bid"": ""-30400"", ""buy_7th_pre_req"": ""642"", ""buy_7th_pre_req_pre"": ""0"", ""buy_8th_pre_bid"": ""-30350"", ""buy_8th_pre_req"": ""413"", ""buy_8th_pre_req_pre"": ""0"", ""buy_9th_pre_bid"": ""-30300"", ""buy_9th_pre_req"": ""792"", ""buy_9th_pre_req_pre"": ""0"", ""buy_10th_pre_bid"": ""-30250"", ""buy_10th_pre_req"": ""443"", ""buy_10th_pre_req_pre"": ""0"", ""tot_sel_req_jub_pre"": ""0"", ""tot_sel_req"": ""428"", ""tot_buy_req"": ""9169"", ""tot_buy_req_jub_pre"": ""0"", ""ovt_sel_req_pre"": ""0"", ""ovt_sel_req"": ""0"", ""ovt_buy_req"": ""0"", ""ovt_buy_req_pre"": ""0"", ""return_code"": 0, ""return_msg"": ""정상적으로 처리되었습니다""}"
2026-09-10,scan_candidate,005290,2026-09-10T09:30:14.472901,0,main_scan,42000,40250,42000,41950,42000,42150,0.02763095238094268,0.11904761904761905,52594600,2051547571500,7632410850,4.6084989106069685,4.3478260869565215,"{""bid_req_base_tm"": ""093121"", ""sel_10th_pre_req_pre"": ""0"", ""sel_10th_pre_req"": ""774"", ""sel_10th_pre_bid"": ""+42450"", ""sel_9th_pre_req_pre"": ""0"", ""sel_9th_pre_req"": ""166"", ""sel_9th_pre_bid"": ""+42400"", ""sel_8th_pre_req_pre"": ""0"", ""sel_8th_pre_req"": ""1225"", ""sel_8th_pre_bid"": ""+42350"", ""sel_7th_pre_req_pre"": ""0"", ""sel_7th_pre_req"": ""6"", ""sel_7th_pre_bid"": ""+42300"", ""sel_6th_pre_req_pre"": ""0"", ""sel_6th_pre_req"": ""5"", ""sel_6th_pre_bid"": ""+42250"", ""sel_5th_pre_req_pre"": ""0"", ""sel_5th_pre_req"": ""215"", ""sel_5th_pre_bid"": ""+42200"", ""sel_4th_pre_req_pre"": ""0"", ""sel_4th_pre_req"": ""70"", ""sel_4th_pre_bid"": ""+42150"", ""sel_3th_pre_req_pre"": ""0"", ""sel_3th_pre_req"": ""567"", ""sel_3th_pre_bid"": ""+42100"", ""sel_2th_pre_req_pre"": ""0"", ""sel_2th_pre_req"": ""442"", ""sel_2th_pre_bid"": ""+42050"", ""sel_1th_pre_req_pre"": ""0"", ""sel_fpr_req"": ""250"", ""sel_fpr_bid"": ""42000"", ""buy_fpr_bid"": ""-41950"", ""buy_fpr_req"": ""497"", ""buy_1th_pre_req_pre"": ""--2"", ""buy_2th_pre_bid"": ""-41900"", ""buy_2th_pre_req"": ""1496"", ""buy_2th_pre_req_pre"": ""0"", ""buy_3th_pre_bid"": ""-41850"", ""buy_3th_pre_req"": ""872"", ""buy_3th_pre_req_pre"": ""0"", ""buy_4th_pre_bid"": ""-41800"", ""buy_4th_pre_req"": ""1209"", ""buy_4th_pre_req_pre"": ""0"", ""buy_5th_pre_bid"": ""-41750"", ""buy_5th_pre_req"": ""851"", ""buy_5th_pre_req_pre"": ""0"", ""buy_6th_pre_bid"": ""-41700"", ""buy_6th_pre_req"": ""902"", ""buy_6th_pre_req_pre"": ""0"", ""buy_7th_pre_bid"": ""-41650"", ""buy_7th_pre_req"": ""617"", ""buy_7th_pre_req_pre"": ""0"", ""buy_8th_pre_bid"": ""-41600"", ""buy_8th_pre_req"": ""712"", ""buy_8th_pre_req_pre"": ""0"", ""buy_9th_pre_bid"": ""-41550"", ""buy_9th_pre_req"": ""591"", ""buy_9th_pre_req_pre"": ""0"", ""buy_10th_pre_bid"": ""-41500"", ""buy_10th_pre_req"": ""2451"", ""buy_10th_pre_req_pre"": ""0"", ""tot_sel_req_jub_pre"": ""0"", ""tot_sel_req"": ""3720"", ""tot_buy_req"": ""10198"", ""tot_buy_req_jub_pre"": ""--2"", ""ovt_sel_req_pre"": ""0"", ""ovt_sel_req"": ""0"", ""ovt_buy_req"": ""0"", ""ovt_buy_req_pre"": ""0"", ""return_code"": 0, ""return_msg"": ""정상적으로 처리되었습니다""}"
2026-09-10,scan_candidate,010170,2026-09-10T09:30:14.472901,0,main_scan,14550,13010,14550,14520,14550,14550,-0.5529725085910683,0.2061855670103093,54136690,2022868436600,48725133165,4.6084989106069685,11.837048424289009,"{""bid_req_base_tm"": ""093122"", ""sel_10th_pre_req_pre"": ""0"", ""sel_10th_pre_req"": ""1498"", ""sel_10th_pre_bid"": ""-14640"", ""sel_9th_pre_req_pre"": ""0"", ""sel_9th_pre_req"": ""1422"", ""sel_9th_pre_bid"": ""-14630"", ""sel_8th_pre_req_pre"": ""0"", ""sel_8th_pre_req"": ""583"", ""sel_8th_pre_bid"": ""-14620"", ""sel_7th_pre_req_pre"": ""0"", ""sel_7th_pre_req"": ""1798"", ""sel_7th_pre_bid"": ""-14610"", ""sel_6th_pre_req_pre"": ""0"", ""sel_6th_pre_req"": ""5644"", ""sel_6th_pre_bid"": ""-14600"", ""sel_5th_pre_req_pre"": ""0"", ""sel_5th_pre_req"": ""2904"", ""sel_5th_pre_bid"": ""-14590"", ""sel_4th_pre_req_pre"": ""0"", ""sel_4th_pre_req"": ""791"", ""sel_4th_pre_bid"": ""-14580"", ""sel_3th_pre_req_pre"": ""0"", ""sel_3th_pre_req"": ""347"", ""sel_3th_pre_bid"": ""-14570"", ""sel_2th_pre_req_pre"": ""0"", ""sel_2th_pre_req"": ""1379"", ""sel_2th_pre_bid"": ""-14560"", ""sel_1th_pre_req_pre"": ""0"", ""sel_fpr_req"": ""78"", ""sel_fpr_bid"": ""-14550"", ""buy_fpr_bid"": ""-14520"", ""buy_fpr_req"": ""400"", ""buy_1th_pre_req_pre"": ""0"", ""buy_2th_pre_bid"": ""-14510"", ""buy_2th_pre_req"": ""686"", ""buy_2th_pre_req_pre"": ""+7"", ""buy_3th_pre_bid"": ""-14500"", ""buy_3th_pre_req"": ""3809"", ""buy_3th_pre_req_pre"": ""0"", ""buy_4th_pre_bid"": ""-14490"", ""buy_4th_pre_req"": ""3867"", ""buy_4th_pre_req_pre"": ""0"", ""buy_5th_pre_bid"": ""-14480"", ""buy_5th_pre_req"": ""1821"", ""buy_5th_pre_req_pre"": ""0"", ""buy_6th_pre_bid"": ""-14470"", ""buy_6th_pre_req"": ""2220"", ""buy_6th_pre_req_pre"": ""0"", ""buy_7th_pre_bid"": ""-14460"", ""buy_7th_pre_req"": ""1140"", ""buy_7th_pre_req_pre"": ""0"", ""buy_8th_pre_bid"": ""-14450"", ""buy_8th_pre_req"": ""15377"", ""buy_8th_pre_req_pre"": ""0"", ""buy_9th_pre_bid"": ""-14440"", ""buy_9th_pre_req"": ""2201"", ""buy_9th_pre_req_pre"": ""0"", ""buy_10th_pre_bid"": ""-14430"", ""buy_10th_pre_req"": ""6024"", ""buy_10th_pre_req_pre"": ""0"", ""tot_sel_req_jub_pre"": ""0"", ""tot_sel_req"": ""16444"", ""tot_buy_req"": ""37545"", ""tot_buy_req_jub_pre"": ""+7"", ""ovt_sel_req_pre"": ""0"", ""ovt_sel_req"": ""0"", ""ovt_buy_req"": ""0"", ""ovt_buy_req_pre"": ""0"", ""return_code"": 0, ""return_msg"": ""정상적으로 처리되었습니다""}"
2026-09-10,scan_candidate,226950,2026-09-10T09:30:14.472901,0,main_scan,94200,95900,94200,94000,94200,94700,0.21380042462844392,0.21231422505307856,15656100,2019927315000,11643776950,4.6084989106069685,-1.7726798748696557,"{""bid_req_base_tm"": ""093122"", ""sel_10th_pre_req_pre"": ""0"", ""sel_10th_pre_req"": ""50"", ""sel_10th_pre_bid"": ""-95600"", ""sel_9th_pre_req_pre"": ""0"", ""sel_9th_pre_req"": ""9"", ""sel_9th_pre_bid"": ""-95300"", ""sel_8th_pre_req_pre"": ""0"", ""sel_8th_pre_req"": ""55"", ""sel_8th_pre_bid"": ""-95200"", ""sel_7th_pre_req_pre"": ""0"", ""sel_7th_pre_req"": ""50"", ""sel_7th_pre_bid"": ""-94800"", ""sel_6th_pre_req_pre"": ""0"", ""sel_6th_pre_req"": ""19"", ""sel_6th_pre_bid"": ""-94700"", ""sel_5th_pre_req_pre"": ""0"", ""sel_5th_pre_req"": ""2"", ""sel_5th_pre_bid"": ""-94600"", ""sel_4th_pre_req_pre"": ""0"", ""sel_4th_pre_req"": ""3"", ""sel_4th_pre_bid"": ""-94500"", ""sel_3th_pre_req_pre"": ""0"", ""sel_3th_pre_req"": ""47"", ""sel_3th_pre_bid"": ""-94400"", ""sel_2th_pre_req_pre"": ""0"", ""sel_2th_pre_req"": ""118"", ""sel_2th_pre_bid"": ""-94300"", ""sel_1th_pre_req_pre"": ""0"", ""sel_fpr_req"": ""21"", ""sel_fpr_bid"": ""-94200"", ""buy_fpr_bid"": ""-94000"", ""buy_fpr_req"": ""192"", ""buy_1th_pre_req_pre"": ""0"", ""buy_2th_pre_bid"": ""-93900"", ""buy_2th_pre_req"": ""198"", ""buy_2th_pre_req_pre"": ""0"", ""buy_3th_pre_bid"": ""-93800"", ""buy_3th_pre_req"": ""126"", ""buy_3th_pre_req_pre"": ""0"", ""buy_4th_pre_bid"": ""-93700"", ""buy_4th_pre_req"": ""132"", ""buy_4th_pre_req_pre"": ""0"", ""buy_5th_pre_bid"": ""-93600"", ""buy_5th_pre_req"": ""84"", ""buy_5th_pre_req_pre"": ""0"", ""buy_6th_pre_bid"": ""-93500"", ""buy_6th_pre_req"": ""212"", ""buy_6th_pre_req_pre"": ""0"", ""buy_7th_pre_bid"": ""-93400"", ""buy_7th_pre_req"": ""14"", ""buy_7th_pre_req_pre"": ""0"", ""buy_8th_pre_bid"": ""-93300"", ""buy_8th_pre_req"": ""34"", ""buy_8th_pre_req_pre"": ""0"", ""buy_9th_pre_bid"": ""-93200"", ""buy_9th_pre_req"": ""151"", ""buy_9th_pre_req_pre"": ""0"", ""buy_10th_pre_bid"": ""-93100"", ""buy_10th_pre_req"": ""433"", ""buy_10th_pre_req_pre"": ""0"", ""tot_sel_req_jub_pre"": ""0"", ""tot_sel_req"": ""374"", ""tot_buy_req"": ""1576"", ""tot_buy_req_jub_pre"": ""0"", ""ovt_sel_req_pre"": ""0"", ""ovt_sel_req"": ""0"", ""ovt_buy_req"": ""0"", ""ovt_buy_req_pre"": ""0"", ""return_code"": 0, ""return_msg"": ""정상적으로 처리되었습니다""}"
2026-09-10,scan_candidate,140410,2026-09-10T09:30:14.472901,0,main_scan,72600,65000,72600,72500,72600,73000,0.20241735537188318,0.13774104683195593,18862700,1990408810000,4066216000,4.6084989106069685,11.692307692307692,"{""bid_req_base_tm"": ""093122"", ""sel_10th_pre_req_pre"": ""0"", ""sel_10th_pre_req"": ""2"", ""sel_10th_pre_bid"": ""-73600"", ""sel_9th_pre_req_pre"": ""0"", ""sel_9th_pre_req"": ""17"", ""sel_9th_pre_bid"": ""-73500"", ""sel_8th_pre_req_pre"": ""0"", ""sel_8th_pre_req"": ""50"", ""sel_8th_pre_bid"": ""-73400"", ""sel_7th_pre_req_pre"": ""0"", ""sel_7th_pre_req"": ""20"", ""sel_7th_pre_bid"": ""-73300"", ""sel_6th_pre_req_pre"": ""0"", ""sel_6th_pre_req"": ""174"", ""sel_6th_pre_bid"": ""-73100"", ""sel_5th_pre_req_pre"": ""0"", ""sel_5th_pre_req"": ""200"", ""sel_5th_pre_bid"": ""-73000"", ""sel_4th_pre_req_pre"": ""0"", ""sel_4th_pre_req"": ""42"", ""sel_4th_pre_bid"": ""-72900"", ""sel_3th_pre_req_pre"": ""0"", ""sel_3th_pre_req"": ""38"", ""sel_3th_pre_bid"": ""-72800"", ""sel_2th_pre_req_pre"": ""0"", ""sel_2th_pre_req"": ""6"", ""sel_2th_pre_bid"": ""-72700"", ""sel_1th_pre_req_pre"": ""0"", ""sel_fpr_req"": ""85"", ""sel_fpr_bid"": ""-72600"", ""buy_fpr_bid"": ""-72500"", ""buy_fpr_req"": ""591"", ""buy_1th_pre_req_pre"": ""+15"", ""buy_2th_pre_bid"": ""-72400"", ""buy_2th_pre_req"": ""613"", ""buy_2th_pre_req_pre"": ""0"", ""buy_3th_pre_bid"": ""-72300"", ""buy_3th_pre_req"": ""266"", ""buy_3th_pre_req_pre"": ""0"", ""buy_4th_pre_bid"": ""-72200"", ""buy_4th_pre_req"": ""864"", ""buy_4th_pre_req_pre"": ""0"", ""buy_5th_pre_bid"": ""-72100"", ""buy_5th_pre_req"": ""690"", ""buy_5th_pre_req_pre"": ""0"", ""buy_6th_pre_bid"": ""-72000"", ""buy_6th_pre_req"": ""886"", ""buy_6th_pre_req_pre"": ""0"", ""buy_7th_pre_bid"": ""-71900"", ""buy_7th_pre_req"": ""32"", ""buy_7th_pre_req_pre"": ""0"", ""buy_8th_pre_bid"": ""-71800"", ""buy_8th_pre_req"": ""119"", ""buy_8th_pre_req_pre"": ""0"", ""buy_9th_pre_bid"": ""-71700"", ""buy_9th_pre_req"": ""592"", ""buy_9th_pre_req_pre"": ""0"", ""buy_10th_pre_bid"": ""-71600"", ""buy_10th_pre_req"": ""693"", ""buy_10th_pre_req_pre"": ""0"", ""tot_sel_req_jub_pre"": ""0"", ""tot_sel_req"": ""634"", ""tot_buy_req"": ""5346"", ""tot_buy_req_jub_pre"": ""+15"", ""ovt_sel_req_pre"": ""0"", ""ovt_sel_req"": ""0"", ""ovt_buy_req"": ""0"", ""ovt_buy_req_pre"": ""0"", ""return_code"": 0, ""return_msg"": ""정상적으로 처리되었습니다""}"
2026-09-10,scan_candidate,098460,2026-09-10T09:30:14.472901,0,main_scan,28000,27900,28000,27950,28000,28150,0.14644642857140622,0.17857142857142858,90485550,1902897542700,19207834450,4.6084989106069685,0.35842293906810035,"{""bid_req_base_tm"": ""093123"", ""sel_10th_pre_req_pre"": ""0"", ""sel_10th_pre_req"": ""3642"", ""sel_10th_pre_bid"": ""+28450"", ""sel_9th_pre_req_pre"": ""0"", ""sel_9th_pre_req"": ""3885"", ""sel_9th_pre_bid"": ""+28400"", ""sel_8th_pre_req_pre"": ""0"", ""sel_8th_pre_req"": ""1694"", ""sel_8th_pre_bid"": ""+28350"", ""sel_7th_pre_req_pre"": ""0"", ""sel_7th_pre_req"": ""968"", ""sel_7th_pre_bid"": ""+28300"", ""sel_6th_pre_req_pre"": ""0"", ""sel_6th_pre_req"": ""202"", ""sel_6th_pre_bid"": ""+28250"", ""sel_5th_pre_req_pre"": ""0"", ""sel_5th_pre_req"": ""150"", ""sel_5th_pre_bid"": ""+28200"", ""sel_4th_pre_req_pre"": ""0"", ""sel_4th_pre_req"": ""527"", ""sel_4th_pre_bid"": ""+28150"", ""sel_3th_pre_req_pre"": ""0"", ""sel_3th_pre_req"": ""680"", ""sel_3th_pre_bid"": ""+28100"", ""sel_2th_pre_req_pre"": ""0"", ""sel_2th_pre_req"": ""797"", ""sel_2th_pre_bid"": ""+28050"", ""sel_1th_pre_req_pre"": ""+69"", ""sel_fpr_req"": ""1555"", ""sel_fpr_bid"": ""+28000"", ""buy_fpr_bid"": ""+27950"", ""buy_fpr_req"": ""3850"", ""buy_1th_pre_req_pre"": ""0"", ""buy_2th_pre_bid"": ""+27900"", ""buy_2th_pre_req"": ""3712"", ""buy_2th_pre_req_pre"": ""0"", ""buy_3th_pre_bid"": ""+27850"", ""buy_3th_pre_req"": ""1077"", ""buy_3th_pre_req_pre"": ""0"", ""buy_4th_pre_bid"": ""+27800"", ""buy_4th_pre_req"": ""1359"", ""buy_4th_pre_req_pre"": ""0"", ""buy_5th_pre_bid"": ""+27750"", ""buy_5th_pre_req"": ""1973"", ""buy_5th_pre_req_pre"": ""0"", ""buy_6th_pre_bid"": ""+27700"", ""buy_6th_pre_req"": ""2380"", ""buy_6th_pre_req_pre"": ""0"", ""buy_7th_pre_bid"": ""+27650"", ""buy_7th_pre_req"": ""1252"", ""buy_7th_pre_req_pre"": ""0"", ""buy_8th_pre_bid"": ""+27600"", ""buy_8th_pre_req"": ""1625"", ""buy_8th_pre_req_pre"": ""0"", ""buy_9th_pre_bid"": ""+27550"", ""buy_9th_pre_req"": ""770"", ""buy_9th_pre_req_pre"": ""0"", ""buy_10th_pre_bid"": ""+27500"", ""buy_10th_pre_req"": ""5903"", ""buy_10th_pre_req_pre"": ""0"", ""tot_sel_req_jub_pre"": ""+69"", ""tot_sel_req"": ""14100"", ""tot_buy_req"": ""23901"", ""tot_buy_req_jub_pre"": ""0"", ""ovt_sel_req_pre"": ""0"", ""ovt_sel_req"": ""0"", ""ovt_buy_req"": ""0"", ""ovt_buy_req_pre"": ""0"", ""return_code"": 0, ""return_msg"": ""정상적으로 처리되었습니다""}"
2026-09-10,scan_candidate,083650,2026-09-10T09:30:14.472901,0,main_scan,65900,60000,65900,65800,65900,66200,0.09289833080422855,0.15174506828528073,32213800,1856662500000,11863717950,4.6084989106069685,9.833333333333332,"{""bid_req_base_tm"": ""093123"", ""sel_10th_pre_req_pre"": ""0"", ""sel_10th_pre_req"": ""101"", ""sel_10th_pre_bid"": ""+66800"", ""sel_9th_pre_req_pre"": ""0"", ""sel_9th_pre_req"": ""1090"", ""sel_9th_pre_bid"": ""66700"", ""sel_8th_pre_req_pre"": ""0"", ""sel_8th_pre_req"": ""231"", ""sel_8th_pre_bid"": ""-66600"", ""sel_7th_pre_req_pre"": ""0"", ""sel_7th_pre_req"": ""382"", ""sel_7th_pre_bid"": ""-66500"", ""sel_6th_pre_req_pre"": ""0"", ""sel_6th_pre_req"": ""266"", ""sel_6th_pre_bid"": ""-66400"", ""sel_5th_pre_req_pre"": ""0"", ""sel_5th_pre_req"": ""202"", ""sel_5th_pre_bid"": ""-66300"", ""sel_4th_pre_req_pre"": ""0"", ""sel_4th_pre_req"": ""229"", ""sel_4th_pre_bid"": ""-66200"", ""sel_3th_pre_req_pre"": ""0"", ""sel_3th_pre_req"": ""101"", ""sel_3th_pre_bid"": ""-66100"", ""sel_2th_pre_req_pre"": ""0"", ""sel_2th_pre_req"": ""157"", ""sel_2th_pre_bid"": ""-66000"", ""sel_1th_pre_req_pre"": ""0"", ""sel_fpr_req"": ""3"", ""sel_fpr_bid"": ""-65900"", ""buy_fpr_bid"": ""-65800"", ""buy_fpr_req"": ""184"", ""buy_1th_pre_req_pre"": ""0"", ""buy_2th_pre_bid"": ""-65700"", ""buy_2th_pre_req"": ""611"", ""buy_2th_pre_req_pre"": ""0"", ""buy_3th_pre_bid"": ""-65600"", ""buy_3th_pre_req"": ""393"", ""buy_3th_pre_req_pre"": ""0"", ""buy_4th_pre_bid"": ""-65500"", ""buy_4th_pre_req"": ""449"", ""buy_4th_pre_req_pre"": ""0"", ""buy_5th_pre_bid"": ""-65400"", ""buy_5th_pre_req"": ""151"", ""buy_5th_pre_req_pre"": ""0"", ""buy_6th_pre_bid"": ""-65300"", ""buy_6th_pre_req"": ""128"", ""buy_6th_pre_req_pre"": ""0"", ""buy_7th_pre_bid"": ""-65200"", ""buy_7th_pre_req"": ""61"", ""buy_7th_pre_req_pre"": ""0"", ""buy_8th_pre_bid"": ""-65100"", ""buy_8th_pre_req"": ""176"", ""buy_8th_pre_req_pre"": ""0"", ""buy_9th_pre_bid"": ""-65000"", ""buy_9th_pre_req"": ""699"", ""buy_9th_pre_req_pre"": ""0"", ""buy_10th_pre_bid"": ""-64900"", ""buy_10th_pre_req"": ""85"", ""buy_10th_pre_req_pre"": ""0"", ""tot_sel_req_jub_pre"": ""0"", ""tot_sel_req"": ""2762"", ""tot_buy_req"": ""2937"", ""tot_buy_req_jub_pre"": ""0"", ""ovt_sel_req_pre"": ""0"", ""ovt_sel_req"": ""0"", ""ovt_buy_req"": ""0"", ""ovt_buy_req_pre"": ""0"", ""return_code"": 0, ""return_msg"": ""정상적으로 처리되었습니다""}"
2026-09-10,scan_candidate,140860,2026-09-10T09:30:14.472901,0,main_scan,250500,262500,250500,250000,250500,251500,-0.010788423153701909,0.19960079840319359,18100000,1838148112500,4479137000,4.6084989106069685,-4.571428571428571,"{""bid_req_base_tm"": ""093123"", ""sel_10th_pre_req_pre"": ""0"", ""sel_10th_pre_req"": ""108"", ""sel_10th_pre_bid"": ""-255000"", ""sel_9th_pre_req_pre"": ""0"", ""sel_9th_pre_req"": ""13"", ""sel_9th_pre_bid"": ""-254500"", ""sel_8th_pre_req_pre"": ""0"", ""sel_8th_pre_req"": ""13"", ""sel_8th_pre_bid"": ""-254000"", ""sel_7th_pre_req_pre"": ""0"", ""sel_7th_pre_req"": ""102"", ""sel_7th_pre_bid"": ""-253500"", ""sel_6th_pre_req_pre"": ""0"", ""sel_6th_pre_req"": ""36"", ""sel_6th_pre_bid"": ""-253000"", ""sel_5th_pre_req_pre"": ""0"", ""sel_5th_pre_req"": ""8"", ""sel_5th_pre_bid"": ""-252500"", ""sel_4th_pre_req_pre"": ""0"", ""sel_4th_pre_req"": ""26"", ""sel_4th_pre_bid"": ""-252000"", ""sel_3th_pre_req_pre"": ""0"", ""sel_3th_pre_req"": ""27"", ""sel_3th_pre_bid"": ""-251500"", ""sel_2th_pre_req_pre"": ""0"", ""sel_2th_pre_req"": ""21"", ""sel_2th_pre_bid"": ""-251000"", ""sel_1th_pre_req_pre"": ""0"", ""sel_fpr_req"": ""11"", ""sel_fpr_bid"": ""-250500"", ""buy_fpr_bid"": ""-250000"", ""buy_fpr_req"": ""13"", ""buy_1th_pre_req_pre"": ""+5"", ""buy_2th_pre_bid"": ""-249500"", ""buy_2th_pre_req"": ""30"", ""buy_2th_pre_req_pre"": ""--3"", ""buy_3th_pre_bid"": ""-249000"", ""buy_3th_pre_req"": ""40"", ""buy_3th_pre_req_pre"": ""0"", ""buy_4th_pre_bid"": ""-248500"", ""buy_4th_pre_req"": ""64"", ""buy_4th_pre_req_pre"": ""0"", ""buy_5th_pre_bid"": ""-248000"", ""buy_5th_pre_req"": ""24"", ""buy_5th_pre_req_pre"": ""0"", ""buy_6th_pre_bid"": ""-247500"", ""buy_6th_pre_req"": ""24"", ""buy_6th_pre_req_pre"": ""0"", ""buy_7th_pre_bid"": ""-247000"", ""buy_7th_pre_req"": ""56"", ""buy_7th_pre_req_pre"": ""0"", ""buy_8th_pre_bid"": ""-246500"", ""buy_8th_pre_req"": ""69"", ""buy_8th_pre_req_pre"": ""0"", ""buy_9th_pre_bid"": ""-246000"", ""buy_9th_pre_req"": ""133"", ""buy_9th_pre_req_pre"": ""0"", ""buy_10th_pre_bid"": ""-245500"", ""buy_10th_pre_req"": ""188"", ""buy_10th_pre_req_pre"": ""0"", ""tot_sel_req_jub_pre"": ""0"", ""tot_sel_req"": ""365"", ""tot_buy_req"": ""641"", ""tot_buy_req_jub_pre"": ""+2"", ""ovt_sel_req_pre"": ""0"", ""ovt_sel_req"": ""0"", ""ovt_buy_req"": ""0"", ""ovt_buy_req_pre"": ""0"", ""return_code"": 0, ""return_msg"": ""정상적으로 처리되었습니다""}"
2026-09-10,scan_candidate,032820,2026-09-10T09:30:14.472901,0,main_scan,13730,10630,13730,13710,13730,13650,-1.154985433357623,0.14566642388929352,87251500,1836700425560,16871118985,4.6084989106069685,29.162746942615243,"{""bid_req_base_tm"": ""093124"", ""sel_10th_pre_req_pre"": ""0"", ""sel_10th_pre_req"": ""603"", ""sel_10th_pre_bid"": ""-13820"", ""sel_9th_pre_req_pre"": ""0"", ""sel_9th_pre_req"": ""5153"", ""sel_9th_pre_bid"": ""-13810"", ""sel_8th_pre_req_pre"": ""0"", ""sel_8th_pre_req"": ""5849"", ""sel_8th_pre_bid"": ""-13800"", ""sel_7th_pre_req_pre"": ""0"", ""sel_7th_pre_req"": ""2337"", ""sel_7th_pre_bid"": ""-13790"", ""sel_6th_pre_req_pre"": ""0"", ""sel_6th_pre_req"": ""1977"", ""sel_6th_pre_bid"": ""-13780"", ""sel_5th_pre_req_pre"": ""0"", ""sel_5th_pre_req"": ""1473"", ""sel_5th_pre_bid"": ""-13770"", ""sel_4th_pre_req_pre"": ""0"", ""sel_4th_pre_req"": ""15"", ""sel_4th_pre_bid"": ""-13760"", ""sel_3th_pre_req_pre"": ""0"", ""sel_3th_pre_req"": ""6207"", ""sel_3th_pre_bid"": ""-13750"", ""sel_2th_pre_req_pre"": ""0"", ""sel_2th_pre_req"": ""570"", ""sel_2th_pre_bid"": ""-13740"", ""sel_1th_pre_req_pre"": ""0"", ""sel_fpr_req"": ""182"", ""sel_fpr_bid"": ""-13730"", ""buy_fpr_bid"": ""-13710"", ""buy_fpr_req"": ""10"", ""buy_1th_pre_req_pre"": ""0"", ""buy_2th_pre_bid"": ""-13700"", ""buy_2th_pre_req"": ""61"", ""buy_2th_pre_req_pre"": ""0"", ""buy_3th_pre_bid"": ""-13690"", ""buy_3th_pre_req"": ""32"", ""buy_3th_pre_req_pre"": ""0"", ""buy_4th_pre_bid"": ""-13680"", ""buy_4th_pre_req"": ""386"", ""buy_4th_pre_req_pre"": ""0"", ""buy_5th_pre_bid"": ""-13670"", ""buy_5th_pre_req"": ""1742"", ""buy_5th_pre_req_pre"": ""0"", ""buy_6th_pre_bid"": ""-13660"", ""buy_6th_pre_req"": ""3572"", ""buy_6th_pre_req_pre"": ""0"", ""buy_7th_pre_bid"": ""-13650"", ""buy_7th_pre_req"": ""4594"", ""buy_7th_pre_req_pre"": ""0"", ""buy_8th_pre_bid"": ""-13640"", ""buy_8th_pre_req"": ""4177"", ""buy_8th_pre_req_pre"": ""0"", ""buy_9th_pre_bid"": ""-13630"", ""buy_9th_pre_req"": ""1947"", ""buy_9th_pre_req_pre"": ""0"", ""buy_10th_pre_bid"": ""-13620"", ""buy_10th_pre_req"": ""4044"", ""buy_10th_pre_req_pre"": ""0"", ""tot_sel_req_jub_pre"": ""--1751"", ""tot_sel_req"": ""24366"", ""tot_buy_req"": ""20565"", ""tot_buy_req_jub_pre"": ""0"", ""ovt_sel_req_pre"": ""0"", ""ovt_sel_req"": ""0"", ""ovt_buy_req"": ""0"", ""ovt_buy_req_pre"": ""0"", ""return_code"": 0, ""return_msg"": ""정상적으로 처리되었습니다""}"
2026-09-10,scan_candidate,041510,2026-09-10T09:30:14.472901,0,main_scan,79200,79000,79200,79100,79200,79000,-0.5880492424242432,0.12626262626262627,29610900,1808680510000,8569614000,4.6084989106069685,0.25316455696202533,"{""bid_req_base_tm"": ""093116"", ""sel_10th_pre_req_pre"": ""0"", ""sel_10th_pre_req"": ""69"", ""sel_10th_pre_bid"": ""-80100"", ""sel_9th_pre_req_pre"": ""0"", ""sel_9th_pre_req"": ""22"", ""sel_9th_pre_bid"": ""-80000"", ""sel_8th_pre_req_pre"": ""0"", ""sel_8th_pre_req"": ""301"", ""sel_8th_pre_bid"": ""-79900"", ""sel_7th_pre_req_pre"": ""0"", ""sel_7th_pre_req"": ""26"", ""sel_7th_pre_bid"": ""-79800"", ""sel_6th_pre_req_pre"": ""0"", ""sel_6th_pre_req"": ""23"", ""sel_6th_pre_bid"": ""-79700"", ""sel_5th_pre_req_pre"": ""0"", ""sel_5th_pre_req"": ""1"", ""sel_5th_pre_bid"": ""-79600"", ""sel_4th_pre_req_pre"": ""0"", ""sel_4th_pre_req"": ""51"", ""sel_4th_pre_bid"": ""-79500"", ""sel_3th_pre_req_pre"": ""0"", ""sel_3th_pre_req"": ""359"", ""sel_3th_pre_bid"": ""-79400"", ""sel_2th_pre_req_pre"": ""0"", ""sel_2th_pre_req"": ""33"", ""sel_2th_pre_bid"": ""-79300"", ""sel_1th_pre_req_pre"": ""--2"", ""sel_fpr_req"": ""30"", ""sel_fpr_bid"": ""-79200"", ""buy_fpr_bid"": ""-79100"", ""buy_fpr_req"": ""104"", ""buy_1th_pre_req_pre"": ""--2"", ""buy_2th_pre_bid"": ""-79000"", ""buy_2th_pre_req"": ""85"", ""buy_2th_pre_req_pre"": ""0"", ""buy_3th_pre_bid"": ""-78900"", ""buy_3th_pre_req"": ""49"", ""buy_3th_pre_req_pre"": ""0"", ""buy_4th_pre_bid"": ""-78800"", ""buy_4th_pre_req"": ""170"", ""buy_4th_pre_req_pre"": ""0"", ""buy_5th_pre_bid"": ""-78700"", ""buy_5th_pre_req"": ""16"", ""buy_5th_pre_req_pre"": ""0"", ""buy_6th_pre_bid"": ""-78600"", ""buy_6th_pre_req"": ""84"", ""buy_6th_pre_req_pre"": ""0"", ""buy_7th_pre_bid"": ""-78500"", ""buy_7th_pre_req"": ""21"", ""buy_7th_pre_req_pre"": ""0"", ""buy_8th_pre_bid"": ""-78400"", ""buy_8th_pre_req"": ""31"", ""buy_8th_pre_req_pre"": ""0"", ""buy_9th_pre_bid"": ""-78300"", ""buy_9th_pre_req"": ""50"", ""buy_9th_pre_req_pre"": ""0"", ""buy_10th_pre_bid"": ""-78200"", ""buy_10th_pre_req"": ""75"", ""buy_10th_pre_req_pre"": ""0"", ""tot_sel_req_jub_pre"": ""--2"", ""tot_sel_req"": ""915"", ""tot_buy_req"": ""685"", ""tot_buy_req_jub_pre"": ""--2"", ""ovt_sel_req_pre"": ""0"", ""ovt_sel_req"": ""0"", ""ovt_buy_req"": ""0"", ""ovt_buy_req_pre"": ""0"", ""return_code"": 0, ""return_msg"": ""정상적으로 처리되었습니다""}"
2026-09-10,scan_candidate,089030,2026-09-10T09:30:14.472901,0,main_scan,48650,47100,48650,48550,48650,48850,0.09772353545732507,0.20554984583761562,30293650,1745226679500,16779664175,4.6084989106069685,3.290870488322718,"{""bid_req_base_tm"": ""093124"", ""sel_10th_pre_req_pre"": ""0"", ""sel_10th_pre_req"": ""299"", ""sel_10th_pre_bid"": ""+49300"", ""sel_9th_pre_req_pre"": ""0"", ""sel_9th_pre_req"": ""156"", ""sel_9th_pre_bid"": ""+49200"", ""sel_8th_pre_req_pre"": ""0"", ""sel_8th_pre_req"": ""85"", ""sel_8th_pre_bid"": ""+49150"", ""sel_7th_pre_req_pre"": ""0"", ""sel_7th_pre_req"": ""287"", ""sel_7th_pre_bid"": ""+49100"", ""sel_6th_pre_req_pre"": ""0"", ""sel_6th_pre_req"": ""144"", ""sel_6th_pre_bid"": ""+49000"", ""sel_5th_pre_req_pre"": ""0"", ""sel_5th_pre_req"": ""108"", ""sel_5th_pre_bid"": ""+48950"", ""sel_4th_pre_req_pre"": ""0"", ""sel_4th_pre_req"": ""8"", ""sel_4th_pre_bid"": ""+48850"", ""sel_3th_pre_req_pre"": ""0"", ""sel_3th_pre_req"": ""35"", ""sel_3th_pre_bid"": ""+48750"", ""sel_2th_pre_req_pre"": ""0"", ""sel_2th_pre_req"": ""262"", ""sel_2th_pre_bid"": ""+48700"", ""sel_1th_pre_req_pre"": ""+20"", ""sel_fpr_req"": ""297"", ""sel_fpr_bid"": ""+48650"", ""buy_fpr_bid"": ""+48550"", ""buy_fpr_req"": ""179"", ""buy_1th_pre_req_pre"": ""0"", ""buy_2th_pre_bid"": ""+48500"", ""buy_2th_pre_req"": ""63"", ""buy_2th_pre_req_pre"": ""0"", ""buy_3th_pre_bid"": ""+48450"", ""buy_3th_pre_req"": ""290"", ""buy_3th_pre_req_pre"": ""0"", ""buy_4th_pre_bid"": ""+48400"", ""buy_4th_pre_req"": ""934"", ""buy_4th_pre_req_pre"": ""0"", ""buy_5th_pre_bid"": ""+48350"", ""buy_5th_pre_req"": ""96"", ""buy_5th_pre_req_pre"": ""0"", ""buy_6th_pre_bid"": ""+48300"", ""buy_6th_pre_req"": ""241"", ""buy_6th_pre_req_pre"": ""0"", ""buy_7th_pre_bid"": ""+48250"", ""buy_7th_pre_req"": ""329"", ""buy_7th_pre_req_pre"": ""0"", ""buy_8th_pre_bid"": ""48200"", ""buy_8th_pre_req"": ""594"", ""buy_8th_pre_req_pre"": ""0"", ""buy_9th_pre_bid"": ""-48150"", ""buy_9th_pre_req"": ""170"", ""buy_9th_pre_req_pre"": ""0"", ""buy_10th_pre_bid"": ""-48100"", ""buy_10th_pre_req"": ""306"", ""buy_10th_pre_req_pre"": ""0"", ""tot_sel_req_jub_pre"": ""+20"", ""tot_sel_req"": ""1681"", ""tot_buy_req"": ""3202"", ""tot_buy_req_jub_pre"": ""0"", ""ovt_sel_req_pre"": ""0"", ""ovt_sel_req"": ""0"", ""ovt_buy_req"": ""0"", ""ovt_buy_req_pre"": ""0"", ""return_code"": 0, ""return_msg"": ""정상적으로 처리되었습니다""}"
2026-09-10,scan_candidate,030530,2026-09-10T09:30:14.472901,0,main_scan,23400,22500,23400,23350,23400,23550,0.2165170940170822,0.2136752136752137,89485300,1737854572500,145138338300,4.6084989106069685,4.0,"{""bid_req_base_tm"": ""093124"", ""sel_10th_pre_req_pre"": ""0"", ""sel_10th_pre_req"": ""5800"", ""sel_10th_pre_bid"": ""+23850"", ""sel_9th_pre_req_pre"": ""0"", ""sel_9th_pre_req"": ""5552"", ""sel_9th_pre_bid"": ""+23800"", ""sel_8th_pre_req_pre"": ""0"", ""sel_8th_pre_req"": ""3053"", ""sel_8th_pre_bid"": ""+23750"", ""sel_7th_pre_req_pre"": ""0"", ""sel_7th_pre_req"": ""1837"", ""sel_7th_pre_bid"": ""+23700"", ""sel_6th_pre_req_pre"": ""0"", ""sel_6th_pre_req"": ""516"", ""sel_6th_pre_bid"": ""+23650"", ""sel_5th_pre_req_pre"": ""0"", ""sel_5th_pre_req"": ""795"", ""sel_5th_pre_bid"": ""+23600"", ""sel_4th_pre_req_pre"": ""0"", ""sel_4th_pre_req"": ""334"", ""sel_4th_pre_bid"": ""+23550"", ""sel_3th_pre_req_pre"": ""0"", ""sel_3th_pre_req"": ""1975"", ""sel_3th_pre_bid"": ""+23500"", ""sel_2th_pre_req_pre"": ""0"", ""sel_2th_pre_req"": ""730"", ""sel_2th_pre_bid"": ""+23450"", ""sel_1th_pre_req_pre"": ""0"", ""sel_fpr_req"": ""961"", ""sel_fpr_bid"": ""+23400"", ""buy_fpr_bid"": ""+23350"", ""buy_fpr_req"": ""2223"", ""buy_1th_pre_req_pre"": ""--31"", ""buy_2th_pre_bid"": ""+23300"", ""buy_2th_pre_req"": ""2336"", ""buy_2th_pre_req_pre"": ""0"", ""buy_3th_pre_bid"": ""23250"", ""buy_3th_pre_req"": ""9667"", ""buy_3th_pre_req_pre"": ""0"", ""buy_4th_pre_bid"": ""-23200"", ""buy_4th_pre_req"": ""4037"", ""buy_4th_pre_req_pre"": ""0"", ""buy_5th_pre_bid"": ""-23150"", ""buy_5th_pre_req"": ""1437"", ""buy_5th_pre_req_pre"": ""0"", ""buy_6th_pre_bid"": ""-23100"", ""buy_6th_pre_req"": ""2217"", ""buy_6th_pre_req_pre"": ""0"", ""buy_7th_pre_bid"": ""-23050"", ""buy_7th_pre_req"": ""2806"", ""buy_7th_pre_req_pre"": ""0"", ""buy_8th_pre_bid"": ""-23000"", ""buy_8th_pre_req"": ""7177"", ""buy_8th_pre_req_pre"": ""0"", ""buy_9th_pre_bid"": ""-22950"", ""buy_9th_pre_req"": ""2613"", ""buy_9th_pre_req_pre"": ""0"", ""buy_10th_pre_bid"": ""-22900"", ""buy_10th_pre_req"": ""3967"", ""buy_10th_pre_req_pre"": ""0"", ""tot_sel_req_jub_pre"": ""0"", ""tot_sel_req"": ""21553"", ""tot_buy_req"": ""38480"", ""tot_buy_req_jub_pre"": ""--31"", ""ovt_sel_req_pre"": ""0"", ""ovt_sel_req"": ""0"", ""ovt_buy_req"": ""0"", ""ovt_buy_req_pre"": ""0"", ""return_code"": 0, ""return_msg"": ""정상적으로 처리되었습니다""}"
2026-09-10,scan_candidate,096530,2026-09-10T09:30:14.472901,0,main_scan,30500,31900,30500,30450,30500,30350,-0.864459016393454,0.16393442622950818,55557450,1666009208600,4198222375,4.6084989106069685,-4.38871473354232,"{""bid_req_base_tm"": ""093122"", ""sel_10th_pre_req_pre"": ""0"", ""sel_10th_pre_req"": ""510"", ""sel_10th_pre_bid"": ""+30950"", ""sel_9th_pre_req_pre"": ""0"", ""sel_9th_pre_req"": ""413"", ""sel_9th_pre_bid"": ""+30900"", ""sel_8th_pre_req_pre"": ""0"", ""sel_8th_pre_req"": ""385"", ""sel_8th_pre_bid"": ""+30850"", ""sel_7th_pre_req_pre"": ""0"", ""sel_7th_pre_req"": ""569"", ""sel_7th_pre_bid"": ""+30800"", ""sel_6th_pre_req_pre"": ""0"", ""sel_6th_pre_req"": ""720"", ""sel_6th_pre_bid"": ""+30750"", ""sel_5th_pre_req_pre"": ""0"", ""sel_5th_pre_req"": ""935"", ""sel_5th_pre_bid"": ""+30700"", ""sel_4th_pre_req_pre"": ""0"", ""sel_4th_pre_req"": ""882"", ""sel_4th_pre_bid"": ""+30650"", ""sel_3th_pre_req_pre"": ""0"", ""sel_3th_pre_req"": ""375"", ""sel_3th_pre_bid"": ""+30600"", ""sel_2th_pre_req_pre"": ""0"", ""sel_2th_pre_req"": ""208"", ""sel_2th_pre_bid"": ""+30550"", ""sel_1th_pre_req_pre"": ""+62"", ""sel_fpr_req"": ""230"", ""sel_fpr_bid"": ""+30500"", ""buy_fpr_bid"": ""+30450"", ""buy_fpr_req"": ""97"", ""buy_1th_pre_req_pre"": ""0"", ""buy_2th_pre_bid"": ""+30400"", ""buy_2th_pre_req"": ""916"", ""buy_2th_pre_req_pre"": ""0"", ""buy_3th_pre_bid"": ""30350"", ""buy_3th_pre_req"": ""265"", ""buy_3th_pre_req_pre"": ""0"", ""buy_4th_pre_bid"": ""-30300"", ""buy_4th_pre_req"": ""157"", ""buy_4th_pre_req_pre"": ""0"", ""buy_5th_pre_bid"": ""-30250"", ""buy_5th_pre_req"": ""170"", ""buy_5th_pre_req_pre"": ""0"", ""buy_6th_pre_bid"": ""-30200"", ""buy_6th_pre_req"": ""278"", ""buy_6th_pre_req_pre"": ""0"", ""buy_7th_pre_bid"": ""-30150"", ""buy_7th_pre_req"": ""154"", ""buy_7th_pre_req_pre"": ""0"", ""buy_8th_pre_bid"": ""-30100"", ""buy_8th_pre_req"": ""555"", ""buy_8th_pre_req_pre"": ""0"", ""buy_9th_pre_bid"": ""-30050"", ""buy_9th_pre_req"": ""847"", ""buy_9th_pre_req_pre"": ""0"", ""buy_10th_pre_bid"": ""-30000"", ""buy_10th_pre_req"": ""2760"", ""buy_10th_pre_req_pre"": ""0"", ""tot_sel_req_jub_pre"": ""+62"", ""tot_sel_req"": ""5227"", ""tot_buy_req"": ""6199"", ""tot_buy_req_jub_pre"": ""0"", ""ovt_sel_req_pre"": ""0"", ""ovt_sel_req"": ""0"", ""ovt_buy_req"": ""0"", ""ovt_buy_req_pre"": ""0"", ""return_code"": 0, ""return_msg"": ""정상적으로 처리되었습니다""}"
2026-09-10,scan_candidate,007390,2026-09-10T09:30:14.472901,0,main_scan,24900,23950,24900,24850,24900,24950,-0.2100000000000035,0.2008032128514056,36747950,1543219591200,4030684475,4.6084989106069685,3.966597077244259,"{""bid_req_base_tm"": ""093125"", ""sel_10th_pre_req_pre"": ""0"", ""sel_10th_pre_req"": ""121"", ""sel_10th_pre_bid"": ""+25350"", ""sel_9th_pre_req_pre"": ""0"", ""sel_9th_pre_req"": ""1091"", ""sel_9th_pre_bid"": ""+25300"", ""sel_8th_pre_req_pre"": ""0"", ""sel_8th_pre_req"": ""391"", ""sel_8th_pre_bid"": ""+25250"", ""sel_7th_pre_req_pre"": ""0"", ""sel_7th_pre_req"": ""749"", ""sel_7th_pre_bid"": ""+25200"", ""sel_6th_pre_req_pre"": ""0"", ""sel_6th_pre_req"": ""181"", ""sel_6th_pre_bid"": ""+25150"", ""sel_5th_pre_req_pre"": ""0"", ""sel_5th_pre_req"": ""1140"", ""sel_5th_pre_bid"": ""+25100"", ""sel_4th_pre_req_pre"": ""0"", ""sel_4th_pre_req"": ""602"", ""sel_4th_pre_bid"": ""+25050"", ""sel_3th_pre_req_pre"": ""0"", ""sel_3th_pre_req"": ""388"", ""sel_3th_pre_bid"": ""+25000"", ""sel_2th_pre_req_pre"": ""0"", ""sel_2th_pre_req"": ""61"", ""sel_2th_pre_bid"": ""+24950"", ""sel_1th_pre_req_pre"": ""0"", ""sel_fpr_req"": ""77"", ""sel_fpr_bid"": ""+24900"", ""buy_fpr_bid"": ""+24850"", ""buy_fpr_req"": ""46"", ""buy_1th_pre_req_pre"": ""0"", ""buy_2th_pre_bid"": ""24800"", ""buy_2th_pre_req"": ""575"", ""buy_2th_pre_req_pre"": ""0"", ""buy_3th_pre_bid"": ""-24750"", ""buy_3th_pre_req"": ""220"", ""buy_3th_pre_req_pre"": ""0"", ""buy_4th_pre_bid"": ""-24700"", ""buy_4th_pre_req"": ""725"", ""buy_4th_pre_req_pre"": ""--5"", ""buy_5th_pre_bid"": ""-24650"", ""buy_5th_pre_req"": ""805"", ""buy_5th_pre_req_pre"": ""+5"", ""buy_6th_pre_bid"": ""-24600"", ""buy_6th_pre_req"": ""417"", ""buy_6th_pre_req_pre"": ""0"", ""buy_7th_pre_bid"": ""-24550"", ""buy_7th_pre_req"": ""1057"", ""buy_7th_pre_req_pre"": ""0"", ""buy_8th_pre_bid"": ""-24500"", ""buy_8th_pre_req"": ""2426"", ""buy_8th_pre_req_pre"": ""0"", ""buy_9th_pre_bid"": ""-24450"", ""buy_9th_pre_req"": ""420"", ""buy_9th_pre_req_pre"": ""0"", ""buy_10th_pre_bid"": ""-24400"", ""buy_10th_pre_req"": ""1888"", ""buy_10th_pre_req_pre"": ""0"", ""tot_sel_req_jub_pre"": ""0"", ""tot_sel_req"": ""4801"", ""tot_buy_req"": ""8579"", ""tot_buy_req_jub_pre"": ""0"", ""ovt_sel_req_pre"": ""0"", ""ovt_sel_req"": ""0"", ""ovt_buy_req"": ""0"", ""ovt_buy_req_pre"": ""0"", ""return_code"": 0, ""return_msg"": ""정상적으로 처리되었습니다""}"
2026-09-10,scan_candidate,950160,2026-09-10T09:30:14.472901,0,main_scan,17080,17100,17080,17070,17080,17100,-0.38530152224826125,0.0585480093676815,16579910,1452989736000,11937780245,4.6084989106069685,-0.11695906432748539,"{""bid_req_base_tm"": ""093124"", ""sel_10th_pre_req_pre"": ""0"", ""sel_10th_pre_req"": ""313"", ""sel_10th_pre_bid"": ""-17170"", ""sel_9th_pre_req_pre"": ""0"", ""sel_9th_pre_req"": ""211"", ""sel_9th_pre_bid"": ""-17160"", ""sel_8th_pre_req_pre"": ""0"", ""sel_8th_pre_req"": ""208"", ""sel_8th_pre_bid"": ""-17150"", ""sel_7th_pre_req_pre"": ""0"", ""sel_7th_pre_req"": ""895"", ""sel_7th_pre_bid"": ""-17140"", ""sel_6th_pre_req_pre"": ""0"", ""sel_6th_pre_req"": ""364"", ""sel_6th_pre_bid"": ""-17130"", ""sel_5th_pre_req_pre"": ""0"", ""sel_5th_pre_req"": ""93"", ""sel_5th_pre_bid"": ""-17120"", ""sel_4th_pre_req_pre"": ""0"", ""sel_4th_pre_req"": ""471"", ""sel_4th_pre_bid"": ""-17110"", ""sel_3th_pre_req_pre"": ""0"", ""sel_3th_pre_req"": ""45"", ""sel_3th_pre_bid"": ""-17100"", ""sel_2th_pre_req_pre"": ""0"", ""sel_2th_pre_req"": ""12"", ""sel_2th_pre_bid"": ""-17090"", ""sel_1th_pre_req_pre"": ""0"", ""sel_fpr_req"": ""558"", ""sel_fpr_bid"": ""-17080"", ""buy_fpr_bid"": ""-17070"", ""buy_fpr_req"": ""3116"", ""buy_1th_pre_req_pre"": ""0"", ""buy_2th_pre_bid"": ""-17060"", ""buy_2th_pre_req"": ""3300"", ""buy_2th_pre_req_pre"": ""0"", ""buy_3th_pre_bid"": ""-17050"", ""buy_3th_pre_req"": ""1382"", ""buy_3th_pre_req_pre"": ""0"", ""buy_4th_pre_bid"": ""-17040"", ""buy_4th_pre_req"": ""1098"", ""buy_4th_pre_req_pre"": ""0"", ""buy_5th_pre_bid"": ""-17030"", ""buy_5th_pre_req"": ""220"", ""buy_5th_pre_req_pre"": ""0"", ""buy_6th_pre_bid"": ""-17020"", ""buy_6th_pre_req"": ""368"", ""buy_6th_pre_req_pre"": ""0"", ""buy_7th_pre_bid"": ""-17010"", ""buy_7th_pre_req"": ""615"", ""buy_7th_pre_req_pre"": ""0"", ""buy_8th_pre_bid"": ""-17000"", ""buy_8th_pre_req"": ""2717"", ""buy_8th_pre_req_pre"": ""0"", ""buy_9th_pre_bid"": ""-16990"", ""buy_9th_pre_req"": ""279"", ""buy_9th_pre_req_pre"": ""0"", ""buy_10th_pre_bid"": ""-16980"", ""buy_10th_pre_req"": ""519"", ""buy_10th_pre_req_pre"": ""+50"", ""tot_sel_req_jub_pre"": ""0"", ""tot_sel_req"": ""3170"", ""tot_buy_req"": ""13614"", ""tot_buy_req_jub_pre"": ""+50"", ""ovt_sel_req_pre"": ""0"", ""ovt_sel_req"": ""0"", ""ovt_buy_req"": ""0"", ""ovt_buy_req_pre"": ""0"", ""return_code"": 0, ""return_msg"": ""정상적으로 처리되었습니다""}"
2026-09-10,scan_candidate,241710,2026-09-10T09:30:14.472901,0,main_scan,116900,134500,116900,116700,116900,117000,-0.5515055603079734,0.1710863986313088,12426100,1436460000000,11791225700,4.6084989106069685,-13.085501858736059,"{""bid_req_base_tm"": ""093123"", ""sel_10th_pre_req_pre"": ""0"", ""sel_10th_pre_req"": ""11"", ""sel_10th_pre_bid"": ""-118100"", ""sel_9th_pre_req_pre"": ""0"", ""sel_9th_pre_req"": ""17"", ""sel_9th_pre_bid"": ""-118000"", ""sel_8th_pre_req_pre"": ""0"", ""sel_8th_pre_req"": ""60"", ""sel_8th_pre_bid"": ""-117900"", ""sel_7th_pre_req_pre"": ""0"", ""sel_7th_pre_req"": ""42"", ""sel_7th_pre_bid"": ""-117800"", ""sel_6th_pre_req_pre"": ""0"", ""sel_6th_pre_req"": ""24"", ""sel_6th_pre_bid"": ""-117600"", ""sel_5th_pre_req_pre"": ""0"", ""sel_5th_pre_req"": ""76"", ""sel_5th_pre_bid"": ""-117500"", ""sel_4th_pre_req_pre"": ""0"", ""sel_4th_pre_req"": ""8"", ""sel_4th_pre_bid"": ""-117400"", ""sel_3th_pre_req_pre"": ""0"", ""sel_3th_pre_req"": ""12"", ""sel_3th_pre_bid"": ""-117300"", ""sel_2th_pre_req_pre"": ""0"", ""sel_2th_pre_req"": ""38"", ""sel_2th_pre_bid"": ""-117000"", ""sel_1th_pre_req_pre"": ""0"", ""sel_fpr_req"": ""16"", ""sel_fpr_bid"": ""-116900"", ""buy_fpr_bid"": ""-116700"", ""buy_fpr_req"": ""34"", ""buy_1th_pre_req_pre"": ""0"", ""buy_2th_pre_bid"": ""-116600"", ""buy_2th_pre_req"": ""31"", ""buy_2th_pre_req_pre"": ""0"", ""buy_3th_pre_bid"": ""-116500"", ""buy_3th_pre_req"": ""22"", ""buy_3th_pre_req_pre"": ""0"", ""buy_4th_pre_bid"": ""-116400"", ""buy_4th_pre_req"": ""25"", ""buy_4th_pre_req_pre"": ""0"", ""buy_5th_pre_bid"": ""-116300"", ""buy_5th_pre_req"": ""3"", ""buy_5th_pre_req_pre"": ""0"", ""buy_6th_pre_bid"": ""-116200"", ""buy_6th_pre_req"": ""3"", ""buy_6th_pre_req_pre"": ""0"", ""buy_7th_pre_bid"": ""-116100"", ""buy_7th_pre_req"": ""102"", ""buy_7th_pre_req_pre"": ""0"", ""buy_8th_pre_bid"": ""-116000"", ""buy_8th_pre_req"": ""389"", ""buy_8th_pre_req_pre"": ""0"", ""buy_9th_pre_bid"": ""-115900"", ""buy_9th_pre_req"": ""121"", ""buy_9th_pre_req_pre"": ""0"", ""buy_10th_pre_bid"": ""-115800"", ""buy_10th_pre_req"": ""132"", ""buy_10th_pre_req_pre"": ""0"", ""tot_sel_req_jub_pre"": ""0"", ""tot_sel_req"": ""304"", ""tot_buy_req"": ""862"", ""tot_buy_req_jub_pre"": ""0"", ""ovt_sel_req_pre"": ""0"", ""ovt_sel_req"": ""0"", ""ovt_buy_req"": ""0"", ""ovt_buy_req_pre"": ""0"", ""return_code"": 0, ""return_msg"": ""정상적으로 처리되었습니다""}"
2026-09-10,scan_candidate,131970,2026-09-10T09:30:14.472901,0,main_scan,86000,74300,86000,85800,86000,85500,-0.9063139534883808,0.23255813953488372,91133100,1436013783400,13139190000,4.6084989106069685,15.746971736204577,"{""bid_req_base_tm"": ""093125"", ""sel_10th_pre_req_pre"": ""0"", ""sel_10th_pre_req"": ""655"", ""sel_10th_pre_bid"": ""+86900"", ""sel_9th_pre_req_pre"": ""0"", ""sel_9th_pre_req"": ""305"", ""sel_9th_pre_bid"": ""+86800"", ""sel_8th_pre_req_pre"": ""0"", ""sel_8th_pre_req"": ""402"", ""sel_8th_pre_bid"": ""+86700"", ""sel_7th_pre_req_pre"": ""0"", ""sel_7th_pre_req"": ""914"", ""sel_7th_pre_bid"": ""+86600"", ""sel_6th_pre_req_pre"": ""0"", ""sel_6th_pre_req"": ""1330"", ""sel_6th_pre_bid"": ""+86500"", ""sel_5th_pre_req_pre"": ""0"", ""sel_5th_pre_req"": ""453"", ""sel_5th_pre_bid"": ""+86400"", ""sel_4th_pre_req_pre"": ""0"", ""sel_4th_pre_req"": ""18"", ""sel_4th_pre_bid"": ""+86300"", ""sel_3th_pre_req_pre"": ""0"", ""sel_3th_pre_req"": ""775"", ""sel_3th_pre_bid"": ""+86200"", ""sel_2th_pre_req_pre"": ""0"", ""sel_2th_pre_req"": ""69"", ""sel_2th_pre_bid"": ""+86100"", ""sel_1th_pre_req_pre"": ""0"", ""sel_fpr_req"": ""129"", ""sel_fpr_bid"": ""+86000"", ""buy_fpr_bid"": ""+85800"", ""buy_fpr_req"": ""15"", ""buy_1th_pre_req_pre"": ""0"", ""buy_2th_pre_bid"": ""+85700"", ""buy_2th_pre_req"": ""48"", ""buy_2th_pre_req_pre"": ""0"", ""buy_3th_pre_bid"": ""+85600"", ""buy_3th_pre_req"": ""171"", ""buy_3th_pre_req_pre"": ""0"", ""buy_4th_pre_bid"": ""+85500"", ""buy_4th_pre_req"": ""174"", ""buy_4th_pre_req_pre"": ""0"", ""buy_5th_pre_bid"": ""+85400"", ""buy_5th_pre_req"": ""120"", ""buy_5th_pre_req_pre"": ""0"", ""buy_6th_pre_bid"": ""+85300"", ""buy_6th_pre_req"": ""120"", ""buy_6th_pre_req_pre"": ""0"", ""buy_7th_pre_bid"": ""+85200"", ""buy_7th_pre_req"": ""203"", ""buy_7th_pre_req_pre"": ""0"", ""buy_8th_pre_bid"": ""+85100"", ""buy_8th_pre_req"": ""70"", ""buy_8th_pre_req_pre"": ""0"", ""buy_9th_pre_bid"": ""+85000"", ""buy_9th_pre_req"": ""279"", ""buy_9th_pre_req_pre"": ""0"", ""buy_10th_pre_bid"": ""+84900"", ""buy_10th_pre_req"": ""11"", ""buy_10th_pre_req_pre"": ""0"", ""tot_sel_req_jub_pre"": ""0"", ""tot_sel_req"": ""5050"", ""tot_buy_req"": ""1211"", ""tot_buy_req_jub_pre"": ""0"", ""ovt_sel_req_pre"": ""0"", ""ovt_sel_req"": ""0"", ""ovt_buy_req"": ""0"", ""ovt_buy_req_pre"": ""0"", ""return_code"": 0, ""return_msg"": ""정상적으로 처리되었습니다""}"
2026-09-10,scan_candidate,039200,2026-09-10T09:30:14.472901,0,main_scan,34200,36600,34200,34150,34200,34500,0.5195687134502848,0.14619883040935672,8302000,1400249241600,5545006525,4.6084989106069685,-6.557377049180328,"{""bid_req_base_tm"": ""093119"", ""sel_10th_pre_req_pre"": ""0"", ""sel_10th_pre_req"": ""591"", ""sel_10th_pre_bid"": ""+35000"", ""sel_9th_pre_req_pre"": ""0"", ""sel_9th_pre_req"": ""157"", ""sel_9th_pre_bid"": ""+34950"", ""sel_8th_pre_req_pre"": ""0"", ""sel_8th_pre_req"": ""268"", ""sel_8th_pre_bid"": ""+34900"", ""sel_7th_pre_req_pre"": ""0"", ""sel_7th_pre_req"": ""48"", ""sel_7th_pre_bid"": ""34800"", ""sel_6th_pre_req_pre"": ""0"", ""sel_6th_pre_req"": ""306"", ""sel_6th_pre_bid"": ""-34550"", ""sel_5th_pre_req_pre"": ""0"", ""sel_5th_pre_req"": ""116"", ""sel_5th_pre_bid"": ""-34400"", ""sel_4th_pre_req_pre"": ""0"", ""sel_4th_pre_req"": ""25"", ""sel_4th_pre_bid"": ""-34350"", ""sel_3th_pre_req_pre"": ""0"", ""sel_3th_pre_req"": ""92"", ""sel_3th_pre_bid"": ""-34300"", ""sel_2th_pre_req_pre"": ""0"", ""sel_2th_pre_req"": ""69"", ""sel_2th_pre_bid"": ""-34250"", ""sel_1th_pre_req_pre"": ""0"", ""sel_fpr_req"": ""28"", ""sel_fpr_bid"": ""-34200"", ""buy_fpr_bid"": ""-34150"", ""buy_fpr_req"": ""29"", ""buy_1th_pre_req_pre"": ""0"", ""buy_2th_pre_bid"": ""-34100"", ""buy_2th_pre_req"": ""73"", ""buy_2th_pre_req_pre"": ""0"", ""buy_3th_pre_bid"": ""-34050"", ""buy_3th_pre_req"": ""530"", ""buy_3th_pre_req_pre"": ""0"", ""buy_4th_pre_bid"": ""-34000"", ""buy_4th_pre_req"": ""1039"", ""buy_4th_pre_req_pre"": ""--10"", ""buy_5th_pre_bid"": ""-33950"", ""buy_5th_pre_req"": ""197"", ""buy_5th_pre_req_pre"": ""0"", ""buy_6th_pre_bid"": ""-33900"", ""buy_6th_pre_req"": ""390"", ""buy_6th_pre_req_pre"": ""0"", ""buy_7th_pre_bid"": ""-33850"", ""buy_7th_pre_req"": ""495"", ""buy_7th_pre_req_pre"": ""0"", ""buy_8th_pre_bid"": ""-33800"", ""buy_8th_pre_req"": ""520"", ""buy_8th_pre_req_pre"": ""0"", ""buy_9th_pre_bid"": ""-33750"", ""buy_9th_pre_req"": ""774"", ""buy_9th_pre_req_pre"": ""0"", ""buy_10th_pre_bid"": ""-33700"", ""buy_10th_pre_req"": ""150"", ""buy_10th_pre_req_pre"": ""0"", ""tot_sel_req_jub_pre"": ""0"", ""tot_sel_req"": ""1700"", ""tot_buy_req"": ""4197"", ""tot_buy_req_jub_pre"": ""--10"", ""ovt_sel_req_pre"": ""0"", ""ovt_sel_req"": ""0"", ""ovt_buy_req"": ""0"", ""ovt_buy_req_pre"": ""0"", ""return_code"": 0, ""return_msg"": ""정상적으로 처리되었습니다""}"
2026-09-10,scan_candidate,035900,2026-09-10T09:30:14.472901,0,main_scan,38500,39300,38500,38450,38500,38700,0.17885064935064482,0.12987012987012986,18209550,1396426935600,6531825325,4.6084989106069685,-2.035623409669211,"{""bid_req_base_tm"": ""093126"", ""sel_10th_pre_req_pre"": ""0"", ""sel_10th_pre_req"": ""2035"", ""sel_10th_pre_bid"": ""+39000"", ""sel_9th_pre_req_pre"": ""0"", ""sel_9th_pre_req"": ""176"", ""sel_9th_pre_bid"": ""+38950"", ""sel_8th_pre_req_pre"": ""0"", ""sel_8th_pre_req"": ""458"", ""sel_8th_pre_bid"": ""+38900"", ""sel_7th_pre_req_pre"": ""0"", ""sel_7th_pre_req"": ""526"", ""sel_7th_pre_bid"": ""38850"", ""sel_6th_pre_req_pre"": ""0"", ""sel_6th_pre_req"": ""512"", ""sel_6th_pre_bid"": ""-38800"", ""sel_5th_pre_req_pre"": ""0"", ""sel_5th_pre_req"": ""157"", ""sel_5th_pre_bid"": ""-38750"", ""sel_4th_pre_req_pre"": ""0"", ""sel_4th_pre_req"": ""267"", ""sel_4th_pre_bid"": ""-38700"", ""sel_3th_pre_req_pre"": ""0"", ""sel_3th_pre_req"": ""16"", ""sel_3th_pre_bid"": ""-38650"", ""sel_2th_pre_req_pre"": ""0"", ""sel_2th_pre_req"": ""190"", ""sel_2th_pre_bid"": ""-38600"", ""sel_1th_pre_req_pre"": ""--1"", ""sel_fpr_req"": ""25"", ""sel_fpr_bid"": ""-38500"", ""buy_fpr_bid"": ""-38450"", ""buy_fpr_req"": ""575"", ""buy_1th_pre_req_pre"": ""0"", ""buy_2th_pre_bid"": ""-38400"", ""buy_2th_pre_req"": ""1202"", ""buy_2th_pre_req_pre"": ""0"", ""buy_3th_pre_bid"": ""-38350"", ""buy_3th_pre_req"": ""910"", ""buy_3th_pre_req_pre"": ""0"", ""buy_4th_pre_bid"": ""-38300"", ""buy_4th_pre_req"": ""1890"", ""buy_4th_pre_req_pre"": ""0"", ""buy_5th_pre_bid"": ""-38250"", ""buy_5th_pre_req"": ""1629"", ""buy_5th_pre_req_pre"": ""0"", ""buy_6th_pre_bid"": ""-38200"", ""buy_6th_pre_req"": ""2265"", ""buy_6th_pre_req_pre"": ""0"", ""buy_7th_pre_bid"": ""-38150"", ""buy_7th_pre_req"": ""2323"", ""buy_7th_pre_req_pre"": ""0"", ""buy_8th_pre_bid"": ""-38100"", ""buy_8th_pre_req"": ""3314"", ""buy_8th_pre_req_pre"": ""0"", ""buy_9th_pre_bid"": ""-38050"", ""buy_9th_pre_req"": ""3859"", ""buy_9th_pre_req_pre"": ""0"", ""buy_10th_pre_bid"": ""-38000"", ""buy_10th_pre_req"": ""4566"", ""buy_10th_pre_req_pre"": ""0"", ""tot_sel_req_jub_pre"": ""--1"", ""tot_sel_req"": ""4362"", ""tot_buy_req"": ""22533"", ""tot_buy_req_jub_pre"": ""0"", ""ovt_sel_req_pre"": ""0"", ""ovt_sel_req"": ""0"", ""ovt_buy_req"": ""0"", ""ovt_buy_req_pre"": ""0"", ""return_code"": 0, ""return_msg"": ""정상적으로 처리되었습니다""}"
2026-09-10,scan_candidate,089970,2026-09-10T09:30:14.472901,0,main_scan,48200,52800,48200,48150,48200,48300,-0.10646784232366112,0.1037344398340249,89360550,1390053192000,30948631150,4.6084989106069685,-8.712121212121213,"{""bid_req_base_tm"": ""093125"", ""sel_10th_pre_req_pre"": ""0"", ""sel_10th_pre_req"": ""33"", ""sel_10th_pre_bid"": ""-48650"", ""sel_9th_pre_req_pre"": ""0"", ""sel_9th_pre_req"": ""30"", ""sel_9th_pre_bid"": ""-48600"", ""sel_8th_pre_req_pre"": ""0"", ""sel_8th_pre_req"": ""150"", ""sel_8th_pre_bid"": ""-48550"", ""sel_7th_pre_req_pre"": ""0"", ""sel_7th_pre_req"": ""92"", ""sel_7th_pre_bid"": ""-48500"", ""sel_6th_pre_req_pre"": ""0"", ""sel_6th_pre_req"": ""50"", ""sel_6th_pre_bid"": ""-48450"", ""sel_5th_pre_req_pre"": ""0"", ""sel_5th_pre_req"": ""505"", ""sel_5th_pre_bid"": ""-48400"", ""sel_4th_pre_req_pre"": ""0"", ""sel_4th_pre_req"": ""36"", ""sel_4th_pre_bid"": ""-48350"", ""sel_3th_pre_req_pre"": ""0"", ""sel_3th_pre_req"": ""231"", ""sel_3th_pre_bid"": ""-48300"", ""sel_2th_pre_req_pre"": ""0"", ""sel_2th_pre_req"": ""368"", ""sel_2th_pre_bid"": ""-48250"", ""sel_1th_pre_req_pre"": ""0"", ""sel_fpr_req"": ""1040"", ""sel_fpr_bid"": ""-48200"", ""buy_fpr_bid"": ""-48150"", ""buy_fpr_req"": ""401"", ""buy_1th_pre_req_pre"": ""0"", ""buy_2th_pre_bid"": ""-48100"", ""buy_2th_pre_req"": ""687"", ""buy_2th_pre_req_pre"": ""+84"", ""buy_3th_pre_bid"": ""-48050"", ""buy_3th_pre_req"": ""971"", ""buy_3th_pre_req_pre"": ""0"", ""buy_4th_pre_bid"": ""-48000"", ""buy_4th_pre_req"": ""1483"", ""buy_4th_pre_req_pre"": ""0"", ""buy_5th_pre_bid"": ""-47950"", ""buy_5th_pre_req"": ""406"", ""buy_5th_pre_req_pre"": ""0"", ""buy_6th_pre_bid"": ""-47900"", ""buy_6th_pre_req"": ""988"", ""buy_6th_pre_req_pre"": ""0"", ""buy_7th_pre_bid"": ""-47850"", ""buy_7th_pre_req"": ""1338"", ""buy_7th_pre_req_pre"": ""0"", ""buy_8th_pre_bid"": ""-47800"", ""buy_8th_pre_req"": ""1995"", ""buy_8th_pre_req_pre"": ""0"", ""buy_9th_pre_bid"": ""-47750"", ""buy_9th_pre_req"": ""531"", ""buy_9th_pre_req_pre"": ""0"", ""buy_10th_pre_bid"": ""-47700"", ""buy_10th_pre_req"": ""1619"", ""buy_10th_pre_req_pre"": ""0"", ""tot_sel_req_jub_pre"": ""0"", ""tot_sel_req"": ""2535"", ""tot_buy_req"": ""10419"", ""tot_buy_req_jub_pre"": ""+84"", ""ovt_sel_req_pre"": ""0"", ""ovt_sel_req"": ""0"", ""ovt_buy_req"": ""0"", ""ovt_buy_req_pre"": ""0"", ""return_code"": 0, ""return_msg"": ""정상적으로 처리되었습니다""}"
2026-09-10,scan_candidate,323280,2026-09-10T09:30:14.472901,0,main_scan,47050,44850,47050,47000,47050,47250,0.10818809776832414,0.10626992561105207,10232950,1369628403000,9771093900,4.6084989106069685,4.9052396878483835,"{""bid_req_base_tm"": ""093126"", ""sel_10th_pre_req_pre"": ""0"", ""sel_10th_pre_req"": ""345"", ""sel_10th_pre_bid"": ""-47500"", ""sel_9th_pre_req_pre"": ""0"", ""sel_9th_pre_req"": ""16"", ""sel_9th_pre_bid"": ""-47450"", ""sel_8th_pre_req_pre"": ""0"", ""sel_8th_pre_req"": ""13"", ""sel_8th_pre_bid"": ""-47400"", ""sel_7th_pre_req_pre"": ""0"", ""sel_7th_pre_req"": ""1"", ""sel_7th_pre_bid"": ""-47350"", ""sel_6th_pre_req_pre"": ""0"", ""sel_6th_pre_req"": ""16"", ""sel_6th_pre_bid"": ""-47300"", ""sel_5th_pre_req_pre"": ""0"", ""sel_5th_pre_req"": ""128"", ""sel_5th_pre_bid"": ""-47250"", ""sel_4th_pre_req_pre"": ""0"", ""sel_4th_pre_req"": ""45"", ""sel_4th_pre_bid"": ""-47200"", ""sel_3th_pre_req_pre"": ""0"", ""sel_3th_pre_req"": ""29"", ""sel_3th_pre_bid"": ""-47150"", ""sel_2th_pre_req_pre"": ""0"", ""sel_2th_pre_req"": ""47"", ""sel_2th_pre_bid"": ""-47100"", ""sel_1th_pre_req_pre"": ""+21"", ""sel_fpr_req"": ""51"", ""sel_fpr_bid"": ""-47050"", ""buy_fpr_bid"": ""-47000"", ""buy_fpr_req"": ""757"", ""buy_1th_pre_req_pre"": ""0"", ""buy_2th_pre_bid"": ""-46950"", ""buy_2th_pre_req"": ""232"", ""buy_2th_pre_req_pre"": ""0"", ""buy_3th_pre_bid"": ""-46900"", ""buy_3th_pre_req"": ""543"", ""buy_3th_pre_req_pre"": ""0"", ""buy_4th_pre_bid"": ""-46850"", ""buy_4th_pre_req"": ""432"", ""buy_4th_pre_req_pre"": ""0"", ""buy_5th_pre_bid"": ""-46800"", ""buy_5th_pre_req"": ""2673"", ""buy_5th_pre_req_pre"": ""0"", ""buy_6th_pre_bid"": ""-46750"", ""buy_6th_pre_req"": ""290"", ""buy_6th_pre_req_pre"": ""0"", ""buy_7th_pre_bid"": ""-46700"", ""buy_7th_pre_req"": ""227"", ""buy_7th_pre_req_pre"": ""0"", ""buy_8th_pre_bid"": ""-46650"", ""buy_8th_pre_req"": ""1031"", ""buy_8th_pre_req_pre"": ""0"", ""buy_9th_pre_bid"": ""-46600"", ""buy_9th_pre_req"": ""408"", ""buy_9th_pre_req_pre"": ""0"", ""buy_10th_pre_bid"": ""-46550"", ""buy_10th_pre_req"": ""661"", ""buy_10th_pre_req_pre"": ""0"", ""tot_sel_req_jub_pre"": ""+21"", ""tot_sel_req"": ""691"", ""tot_buy_req"": ""7254"", ""tot_buy_req_jub_pre"": ""0"", ""ovt_sel_req_pre"": ""0"", ""ovt_sel_req"": ""0"", ""ovt_buy_req"": ""0"", ""ovt_buy_req_pre"": ""0"", ""return_code"": 0, ""return_msg"": ""정상적으로 처리되었습니다""}"
2026-09-10,scan_candidate,082920,2026-09-10T09:30:14.472901,0,main_scan,27850,29800,27850,27800,27850,28050,0.3275493716337517,0.17953321364452424,9103400,1345156414600,22152848375,4.6084989106069685,-6.543624161073826,"{""bid_req_base_tm"": ""093124"", ""sel_10th_pre_req_pre"": ""0"", ""sel_10th_pre_req"": ""86"", ""sel_10th_pre_bid"": ""+28500"", ""sel_9th_pre_req_pre"": ""0"", ""sel_9th_pre_req"": ""1167"", ""sel_9th_pre_bid"": ""+28450"", ""sel_8th_pre_req_pre"": ""0"", ""sel_8th_pre_req"": ""749"", ""sel_8th_pre_bid"": ""+28400"", ""sel_7th_pre_req_pre"": ""0"", ""sel_7th_pre_req"": ""150"", ""sel_7th_pre_bid"": ""28350"", ""sel_6th_pre_req_pre"": ""0"", ""sel_6th_pre_req"": ""561"", ""sel_6th_pre_bid"": ""-28300"", ""sel_5th_pre_req_pre"": ""0"", ""sel_5th_pre_req"": ""109"", ""sel_5th_pre_bid"": ""-28250"", ""sel_4th_pre_req_pre"": ""0"", ""sel_4th_pre_req"": ""88"", ""sel_4th_pre_bid"": ""-28200"", ""sel_3th_pre_req_pre"": ""0"", ""sel_3th_pre_req"": ""17"", ""sel_3th_pre_bid"": ""-28150"", ""sel_2th_pre_req_pre"": ""0"", ""sel_2th_pre_req"": ""72"", ""sel_2th_pre_bid"": ""-27900"", ""sel_1th_pre_req_pre"": ""0"", ""sel_fpr_req"": ""128"", ""sel_fpr_bid"": ""-27850"", ""buy_fpr_bid"": ""-27800"", ""buy_fpr_req"": ""71"", ""buy_1th_pre_req_pre"": ""0"", ""buy_2th_pre_bid"": ""-27750"", ""buy_2th_pre_req"": ""514"", ""buy_2th_pre_req_pre"": ""0"", ""buy_3th_pre_bid"": ""-27700"", ""buy_3th_pre_req"": ""253"", ""buy_3th_pre_req_pre"": ""+51"", ""buy_4th_pre_bid"": ""-27650"", ""buy_4th_pre_req"": ""1095"", ""buy_4th_pre_req_pre"": ""0"", ""buy_5th_pre_bid"": ""-27600"", ""buy_5th_pre_req"": ""952"", ""buy_5th_pre_req_pre"": ""0"", ""buy_6th_pre_bid"": ""-27550"", ""buy_6th_pre_req"": ""1167"", ""buy_6th_pre_req_pre"": ""0"", ""buy_7th_pre_bid"": ""-27500"", ""buy_7th_pre_req"": ""3663"", ""buy_7th_pre_req_pre"": ""0"", ""buy_8th_pre_bid"": ""-27450"", ""buy_8th_pre_req"": ""150"", ""buy_8th_pre_req_pre"": ""0"", ""buy_9th_pre_bid"": ""-27400"", ""buy_9th_pre_req"": ""782"", ""buy_9th_pre_req_pre"": ""0"", ""buy_10th_pre_bid"": ""-27350"", ""buy_10th_pre_req"": ""105"", ""buy_10th_pre_req_pre"": ""0"", ""tot_sel_req_jub_pre"": ""0"", ""tot_sel_req"": ""3127"", ""tot_buy_req"": ""8752"", ""tot_buy_req_jub_pre"": ""+51"", ""ovt_sel_req_pre"": ""0"", ""ovt_sel_req"": ""0"", ""ovt_buy_req"": ""0"", ""ovt_buy_req_pre"": ""0"", ""return_code"": 0, ""return_msg"": ""정상적으로 처리되었습니다""}"
2026-09-10,scan_candidate,078600,2026-09-10T09:30:14.472901,0,main_scan,85700,84600,85700,85600,85700,85300,-0.792292882147036,0.11668611435239205,57691600,1328570074800,6222772000,4.6084989106069685,1.3002364066193852,"{""bid_req_base_tm"": ""093125"", ""sel_10th_pre_req_pre"": ""0"", ""sel_10th_pre_req"": ""499"", ""sel_10th_pre_bid"": ""-86700"", ""sel_9th_pre_req_pre"": ""0"", ""sel_9th_pre_req"": ""32"", ""sel_9th_pre_bid"": ""-86600"", ""sel_8th_pre_req_pre"": ""0"", ""sel_8th_pre_req"": ""218"", ""sel_8th_pre_bid"": ""-86500"", ""sel_7th_pre_req_pre"": ""0"", ""sel_7th_pre_req"": ""112"", ""sel_7th_pre_bid"": ""-86400"", ""sel_6th_pre_req_pre"": ""0"", ""sel_6th_pre_req"": ""80"", ""sel_6th_pre_bid"": ""-86300"", ""sel_5th_pre_req_pre"": ""0"", ""sel_5th_pre_req"": ""169"", ""sel_5th_pre_bid"": ""-86200"", ""sel_4th_pre_req_pre"": ""0"", ""sel_4th_pre_req"": ""29"", ""sel_4th_pre_bid"": ""-86100"", ""sel_3th_pre_req_pre"": ""0"", ""sel_3th_pre_req"": ""124"", ""sel_3th_pre_bid"": ""-86000"", ""sel_2th_pre_req_pre"": ""0"", ""sel_2th_pre_req"": ""100"", ""sel_2th_pre_bid"": ""-85900"", ""sel_1th_pre_req_pre"": ""+20"", ""sel_fpr_req"": ""374"", ""sel_fpr_bid"": ""-85700"", ""buy_fpr_bid"": ""-85600"", ""buy_fpr_req"": ""21"", ""buy_1th_pre_req_pre"": ""0"", ""buy_2th_pre_bid"": ""-85500"", ""buy_2th_pre_req"": ""27"", ""buy_2th_pre_req_pre"": ""0"", ""buy_3th_pre_bid"": ""-85400"", ""buy_3th_pre_req"": ""46"", ""buy_3th_pre_req_pre"": ""0"", ""buy_4th_pre_bid"": ""-85300"", ""buy_4th_pre_req"": ""85"", ""buy_4th_pre_req_pre"": ""0"", ""buy_5th_pre_bid"": ""-85200"", ""buy_5th_pre_req"": ""101"", ""buy_5th_pre_req_pre"": ""0"", ""buy_6th_pre_bid"": ""-85100"", ""buy_6th_pre_req"": ""74"", ""buy_6th_pre_req_pre"": ""0"", ""buy_7th_pre_bid"": ""-85000"", ""buy_7th_pre_req"": ""331"", ""buy_7th_pre_req_pre"": ""0"", ""buy_8th_pre_bid"": ""-84900"", ""buy_8th_pre_req"": ""245"", ""buy_8th_pre_req_pre"": ""0"", ""buy_9th_pre_bid"": ""-84800"", ""buy_9th_pre_req"": ""190"", ""buy_9th_pre_req_pre"": ""0"", ""buy_10th_pre_bid"": ""-84700"", ""buy_10th_pre_req"": ""237"", ""buy_10th_pre_req_pre"": ""0"", ""tot_sel_req_jub_pre"": ""+20"", ""tot_sel_req"": ""1737"", ""tot_buy_req"": ""1357"", ""tot_buy_req_jub_pre"": ""0"", ""ovt_sel_req_pre"": ""0"", ""ovt_sel_req"": ""0"", ""ovt_buy_req"": ""0"", ""ovt_buy_req_pre"": ""0"", ""return_code"": 0, ""return_msg"": ""정상적으로 처리되었습니다""}"
2026-09-10,scan_candidate,290650,2026-09-10T09:30:14.472901,0,main_scan,49550,47900,49550,49500,49550,49600,-0.2100000000000006,0.10090817356205853,7688400,1291848821600,6025911175,4.6084989106069685,3.4446764091858038,"{""bid_req_base_tm"": ""093126"", ""sel_10th_pre_req_pre"": ""0"", ""sel_10th_pre_req"": ""126"", ""sel_10th_pre_bid"": ""-50000"", ""sel_9th_pre_req_pre"": ""0"", ""sel_9th_pre_req"": ""82"", ""sel_9th_pre_bid"": ""-49950"", ""sel_8th_pre_req_pre"": ""0"", ""sel_8th_pre_req"": ""6"", ""sel_8th_pre_bid"": ""-49900"", ""sel_7th_pre_req_pre"": ""0"", ""sel_7th_pre_req"": ""6"", ""sel_7th_pre_bid"": ""-49850"", ""sel_6th_pre_req_pre"": ""0"", ""sel_6th_pre_req"": ""6"", ""sel_6th_pre_bid"": ""-49800"", ""sel_5th_pre_req_pre"": ""0"", ""sel_5th_pre_req"": ""6"", ""sel_5th_pre_bid"": ""-49750"", ""sel_4th_pre_req_pre"": ""0"", ""sel_4th_pre_req"": ""6"", ""sel_4th_pre_bid"": ""-49700"", ""sel_3th_pre_req_pre"": ""0"", ""sel_3th_pre_req"": ""6"", ""sel_3th_pre_bid"": ""-49650"", ""sel_2th_pre_req_pre"": ""0"", ""sel_2th_pre_req"": ""145"", ""sel_2th_pre_bid"": ""-49600"", ""sel_1th_pre_req_pre"": ""0"", ""sel_fpr_req"": ""14"", ""sel_fpr_bid"": ""-49550"", ""buy_fpr_bid"": ""-49500"", ""buy_fpr_req"": ""2"", ""buy_1th_pre_req_pre"": ""0"", ""buy_2th_pre_bid"": ""-49450"", ""buy_2th_pre_req"": ""11"", ""buy_2th_pre_req_pre"": ""0"", ""buy_3th_pre_bid"": ""-49400"", ""buy_3th_pre_req"": ""8"", ""buy_3th_pre_req_pre"": ""0"", ""buy_4th_pre_bid"": ""-49350"", ""buy_4th_pre_req"": ""6"", ""buy_4th_pre_req_pre"": ""0"", ""buy_5th_pre_bid"": ""-49300"", ""buy_5th_pre_req"": ""9"", ""buy_5th_pre_req_pre"": ""0"", ""buy_6th_pre_bid"": ""-49250"", ""buy_6th_pre_req"": ""200"", ""buy_6th_pre_req_pre"": ""0"", ""buy_7th_pre_bid"": ""-49200"", ""buy_7th_pre_req"": ""267"", ""buy_7th_pre_req_pre"": ""0"", ""buy_8th_pre_bid"": ""-49150"", ""buy_8th_pre_req"": ""919"", ""buy_8th_pre_req_pre"": ""0"", ""buy_9th_pre_bid"": ""-49100"", ""buy_9th_pre_req"": ""421"", ""buy_9th_pre_req_pre"": ""0"", ""buy_10th_pre_bid"": ""-49050"", ""buy_10th_pre_req"": ""253"", ""buy_10th_pre_req_pre"": ""0"", ""tot_sel_req_jub_pre"": ""--488"", ""tot_sel_req"": ""403"", ""tot_buy_req"": ""2096"", ""tot_buy_req_jub_pre"": ""+252"", ""ovt_sel_req_pre"": ""0"", ""ovt_sel_req"": ""0"", ""ovt_buy_req"": ""0"", ""ovt_buy_req_pre"": ""0"", ""return_code"": 0, ""return_msg"": ""정상적으로 처리되었습니다""}"
2026-09-10,scan_candidate,183300,2026-09-10T09:30:14.472901,0,main_scan,27850,25100,27850,27800,27850,28050,0.3275493716337517,0.17953321364452424,10075200,1289218202500,8362646300,4.6084989106069685,10.95617529880478,"{""bid_req_base_tm"": ""093127"", ""sel_10th_pre_req_pre"": ""0"", ""sel_10th_pre_req"": ""144"", ""sel_10th_pre_bid"": ""+28350"", ""sel_9th_pre_req_pre"": ""0"", ""sel_9th_pre_req"": ""297"", ""sel_9th_pre_bid"": ""+28300"", ""sel_8th_pre_req_pre"": ""0"", ""sel_8th_pre_req"": ""385"", ""sel_8th_pre_bid"": ""+28250"", ""sel_7th_pre_req_pre"": ""0"", ""sel_7th_pre_req"": ""323"", ""sel_7th_pre_bid"": ""+28200"", ""sel_6th_pre_req_pre"": ""0"", ""sel_6th_pre_req"": ""110"", ""sel_6th_pre_bid"": ""+28150"", ""sel_5th_pre_req_pre"": ""0"", ""sel_5th_pre_req"": ""10"", ""sel_5th_pre_bid"": ""+28100"", ""sel_4th_pre_req_pre"": ""0"", ""sel_4th_pre_req"": ""104"", ""sel_4th_pre_bid"": ""+28050"", ""sel_3th_pre_req_pre"": ""0"", ""sel_3th_pre_req"": ""268"", ""sel_3th_pre_bid"": ""+28000"", ""sel_2th_pre_req_pre"": ""0"", ""sel_2th_pre_req"": ""61"", ""sel_2th_pre_bid"": ""+27900"", ""sel_1th_pre_req_pre"": ""0"", ""sel_fpr_req"": ""23"", ""sel_fpr_bid"": ""+27850"", ""buy_fpr_bid"": ""+27800"", ""buy_fpr_req"": ""789"", ""buy_1th_pre_req_pre"": ""0"", ""buy_2th_pre_bid"": ""+27750"", ""buy_2th_pre_req"": ""316"", ""buy_2th_pre_req_pre"": ""0"", ""buy_3th_pre_bid"": ""+27700"", ""buy_3th_pre_req"": ""543"", ""buy_3th_pre_req_pre"": ""0"", ""buy_4th_pre_bid"": ""+27650"", ""buy_4th_pre_req"": ""385"", ""buy_4th_pre_req_pre"": ""0"", ""buy_5th_pre_bid"": ""27600"", ""buy_5th_pre_req"": ""514"", ""buy_5th_pre_req_pre"": ""--24"", ""buy_6th_pre_bid"": ""-27550"", ""buy_6th_pre_req"": ""380"", ""buy_6th_pre_req_pre"": ""0"", ""buy_7th_pre_bid"": ""-27500"", ""buy_7th_pre_req"": ""1085"", ""buy_7th_pre_req_pre"": ""0"", ""buy_8th_pre_bid"": ""-27450"", ""buy_8th_pre_req"": ""333"", ""buy_8th_pre_req_pre"": ""0"", ""buy_9th_pre_bid"": ""-27400"", ""buy_9th_pre_req"": ""552"", ""buy_9th_pre_req_pre"": ""0"", ""buy_10th_pre_bid"": ""-27350"", ""buy_10th_pre_req"": ""503"", ""buy_10th_pre_req_pre"": ""0"", ""tot_sel_req_jub_pre"": ""0"", ""tot_sel_req"": ""1725"", ""tot_buy_req"": ""5400"", ""tot_buy_req_jub_pre"": ""--24"", ""ovt_sel_req_pre"": ""0"", ""ovt_sel_req"": ""0"", ""ovt_buy_req"": ""0"", ""ovt_buy_req_pre"": ""0"", ""return_code"": 0, ""return_msg"": ""정상적으로 처리되었습니다""}"
2026-09-10,scan_candidate,218410,2026-09-10T09:30:14.472901,0,main_scan,48950,48300,48950,48900,48950,49150,0.09583758937689738,0.10214504596527069,39007750,1283593848600,12868671675,4.6084989106069685,1.3457556935817805,"{""bid_req_base_tm"": ""093127"", ""sel_10th_pre_req_pre"": ""0"", ""sel_10th_pre_req"": ""1"", ""sel_10th_pre_bid"": ""-49500"", ""sel_9th_pre_req_pre"": ""0"", ""sel_9th_pre_req"": ""5"", ""sel_9th_pre_bid"": ""-49450"", ""sel_8th_pre_req_pre"": ""0"", ""sel_8th_pre_req"": ""19"", ""sel_8th_pre_bid"": ""-49400"", ""sel_7th_pre_req_pre"": ""0"", ""sel_7th_pre_req"": ""1"", ""sel_7th_pre_bid"": ""-49300"", ""sel_6th_pre_req_pre"": ""0"", ""sel_6th_pre_req"": ""20"", ""sel_6th_pre_bid"": ""-49250"", ""sel_5th_pre_req_pre"": ""0"", ""sel_5th_pre_req"": ""67"", ""sel_5th_pre_bid"": ""-49150"", ""sel_4th_pre_req_pre"": ""0"", ""sel_4th_pre_req"": ""50"", ""sel_4th_pre_bid"": ""-49100"", ""sel_3th_pre_req_pre"": ""0"", ""sel_3th_pre_req"": ""211"", ""sel_3th_pre_bid"": ""-49050"", ""sel_2th_pre_req_pre"": ""0"", ""sel_2th_pre_req"": ""333"", ""sel_2th_pre_bid"": ""-49000"", ""sel_1th_pre_req_pre"": ""--80"", ""sel_fpr_req"": ""266"", ""sel_fpr_bid"": ""-48950"", ""buy_fpr_bid"": ""-48900"", ""buy_fpr_req"": ""359"", ""buy_1th_pre_req_pre"": ""0"", ""buy_2th_pre_bid"": ""-48850"", ""buy_2th_pre_req"": ""381"", ""buy_2th_pre_req_pre"": ""0"", ""buy_3th_pre_bid"": ""-48800"", ""buy_3th_pre_req"": ""306"", ""buy_3th_pre_req_pre"": ""0"", ""buy_4th_pre_bid"": ""-48750"", ""buy_4th_pre_req"": ""320"", ""buy_4th_pre_req_pre"": ""0"", ""buy_5th_pre_bid"": ""-48700"", ""buy_5th_pre_req"": ""421"", ""buy_5th_pre_req_pre"": ""0"", ""buy_6th_pre_bid"": ""-48650"", ""buy_6th_pre_req"": ""478"", ""buy_6th_pre_req_pre"": ""0"", ""buy_7th_pre_bid"": ""-48600"", ""buy_7th_pre_req"": ""212"", ""buy_7th_pre_req_pre"": ""0"", ""buy_8th_pre_bid"": ""-48550"", ""buy_8th_pre_req"": ""590"", ""buy_8th_pre_req_pre"": ""0"", ""buy_9th_pre_bid"": ""-48500"", ""buy_9th_pre_req"": ""1712"", ""buy_9th_pre_req_pre"": ""0"", ""buy_10th_pre_bid"": ""-48450"", ""buy_10th_pre_req"": ""564"", ""buy_10th_pre_req_pre"": ""0"", ""tot_sel_req_jub_pre"": ""--80"", ""tot_sel_req"": ""973"", ""tot_buy_req"": ""5343"", ""tot_buy_req_jub_pre"": ""0"", ""ovt_sel_req_pre"": ""0"", ""ovt_sel_req"": ""0"", ""ovt_buy_req"": ""0"", ""ovt_buy_req_pre"": ""0"", ""return_code"": 0, ""return_msg"": ""정상적으로 처리되었습니다""}"
2026-09-10,scan_candidate,420770,2026-09-10T09:30:14.472901,0,main_scan,99800,101200,99800,99700,99800,99200,-0.9100350701402917,0.1002004008016032,27508100,1282786709600,6310722600,4.6084989106069685,-1.383399209486166,"{""bid_req_base_tm"": ""093128"", ""sel_10th_pre_req_pre"": ""0"", ""sel_10th_pre_req"": ""65"", ""sel_10th_pre_bid"": ""+100700"", ""sel_9th_pre_req_pre"": ""0"", ""sel_9th_pre_req"": ""14"", ""sel_9th_pre_bid"": ""+100600"", ""sel_8th_pre_req_pre"": ""0"", ""sel_8th_pre_req"": ""21"", ""sel_8th_pre_bid"": ""+100500"", ""sel_7th_pre_req_pre"": ""0"", ""sel_7th_pre_req"": ""44"", ""sel_7th_pre_bid"": ""+100400"", ""sel_6th_pre_req_pre"": ""0"", ""sel_6th_pre_req"": ""265"", ""sel_6th_pre_bid"": ""+100300"", ""sel_5th_pre_req_pre"": ""0"", ""sel_5th_pre_req"": ""17"", ""sel_5th_pre_bid"": ""+100200"", ""sel_4th_pre_req_pre"": ""0"", ""sel_4th_pre_req"": ""101"", ""sel_4th_pre_bid"": ""+100100"", ""sel_3th_pre_req_pre"": ""0"", ""sel_3th_pre_req"": ""252"", ""sel_3th_pre_bid"": ""+100000"", ""sel_2th_pre_req_pre"": ""0"", ""sel_2th_pre_req"": ""2"", ""sel_2th_pre_bid"": ""+99900"", ""sel_1th_pre_req_pre"": ""0"", ""sel_fpr_req"": ""1"", ""sel_fpr_bid"": ""+99800"", ""buy_fpr_bid"": ""+99700"", ""buy_fpr_req"": ""70"", ""buy_1th_pre_req_pre"": ""0"", ""buy_2th_pre_bid"": ""+99600"", ""buy_2th_pre_req"": ""28"", ""buy_2th_pre_req_pre"": ""0"", ""buy_3th_pre_bid"": ""+99500"", ""buy_3th_pre_req"": ""17"", ""buy_3th_pre_req_pre"": ""0"", ""buy_4th_pre_bid"": ""+99400"", ""buy_4th_pre_req"": ""24"", ""buy_4th_pre_req_pre"": ""0"", ""buy_5th_pre_bid"": ""+99300"", ""buy_5th_pre_req"": ""183"", ""buy_5th_pre_req_pre"": ""0"", ""buy_6th_pre_bid"": ""+99100"", ""buy_6th_pre_req"": ""1"", ""buy_6th_pre_req_pre"": ""0"", ""buy_7th_pre_bid"": ""+98900"", ""buy_7th_pre_req"": ""8"", ""buy_7th_pre_req_pre"": ""0"", ""buy_8th_pre_bid"": ""+98800"", ""buy_8th_pre_req"": ""2"", ""buy_8th_pre_req_pre"": ""0"", ""buy_9th_pre_bid"": ""+98500"", ""buy_9th_pre_req"": ""1"", ""buy_9th_pre_req_pre"": ""0"", ""buy_10th_pre_bid"": ""+98300"", ""buy_10th_pre_req"": ""1"", ""buy_10th_pre_req_pre"": ""0"", ""tot_sel_req_jub_pre"": ""--3"", ""tot_sel_req"": ""782"", ""tot_buy_req"": ""335"", ""tot_buy_req_jub_pre"": ""0"", ""ovt_sel_req_pre"": ""0"", ""ovt_sel_req"": ""0"", ""ovt_buy_req"": ""0"", ""ovt_buy_req_pre"": ""0"", ""return_code"": 0, ""return_msg"": ""정상적으로 처리되었습니다""}"
2026-09-10,scan_candidate,003380,2026-09-10T09:30:14.472901,0,main_scan,10990,11020,10990,10980,10990,11000,-0.5732575068244042,0.09099181073703368,7033090,1234301943420,4150713845,4.6084989106069685,-0.27223230490018147,"{""bid_req_base_tm"": ""093126"", ""sel_10th_pre_req_pre"": ""0"", ""sel_10th_pre_req"": ""44"", ""sel_10th_pre_bid"": ""-11080"", ""sel_9th_pre_req_pre"": ""0"", ""sel_9th_pre_req"": ""44"", ""sel_9th_pre_bid"": ""-11070"", ""sel_8th_pre_req_pre"": ""0"", ""sel_8th_pre_req"": ""43"", ""sel_8th_pre_bid"": ""-11060"", ""sel_7th_pre_req_pre"": ""0"", ""sel_7th_pre_req"": ""1162"", ""sel_7th_pre_bid"": ""-11050"", ""sel_6th_pre_req_pre"": ""0"", ""sel_6th_pre_req"": ""227"", ""sel_6th_pre_bid"": ""-11040"", ""sel_5th_pre_req_pre"": ""0"", ""sel_5th_pre_req"": ""104"", ""sel_5th_pre_bid"": ""-11030"", ""sel_4th_pre_req_pre"": ""0"", ""sel_4th_pre_req"": ""179"", ""sel_4th_pre_bid"": ""-11020"", ""sel_3th_pre_req_pre"": ""0"", ""sel_3th_pre_req"": ""19"", ""sel_3th_pre_bid"": ""-11010"", ""sel_2th_pre_req_pre"": ""0"", ""sel_2th_pre_req"": ""483"", ""sel_2th_pre_bid"": ""-11000"", ""sel_1th_pre_req_pre"": ""0"", ""sel_fpr_req"": ""18"", ""sel_fpr_bid"": ""-10990"", ""buy_fpr_bid"": ""-10980"", ""buy_fpr_req"": ""58"", ""buy_1th_pre_req_pre"": ""+5"", ""buy_2th_pre_bid"": ""-10970"", ""buy_2th_pre_req"": ""180"", ""buy_2th_pre_req_pre"": ""0"", ""buy_3th_pre_bid"": ""-10960"", ""buy_3th_pre_req"": ""460"", ""buy_3th_pre_req_pre"": ""0"", ""buy_4th_pre_bid"": ""-10950"", ""buy_4th_pre_req"": ""2267"", ""buy_4th_pre_req_pre"": ""0"", ""buy_5th_pre_bid"": ""-10940"", ""buy_5th_pre_req"": ""492"", ""buy_5th_pre_req_pre"": ""0"", ""buy_6th_pre_bid"": ""-10930"", ""buy_6th_pre_req"": ""160"", ""buy_6th_pre_req_pre"": ""0"", ""buy_7th_pre_bid"": ""-10920"", ""buy_7th_pre_req"": ""983"", ""buy_7th_pre_req_pre"": ""0"", ""buy_8th_pre_bid"": ""-10910"", ""buy_8th_pre_req"": ""1531"", ""buy_8th_pre_req_pre"": ""0"", ""buy_9th_pre_bid"": ""-10900"", ""buy_9th_pre_req"": ""351"", ""buy_9th_pre_req_pre"": ""0"", ""buy_10th_pre_bid"": ""-10890"", ""buy_10th_pre_req"": ""1609"", ""buy_10th_pre_req_pre"": ""0"", ""tot_sel_req_jub_pre"": ""0"", ""tot_sel_req"": ""2323"", ""tot_buy_req"": ""8091"", ""tot_buy_req_jub_pre"": ""+5"", ""ovt_sel_req_pre"": ""0"", ""ovt_sel_req"": ""0"", ""ovt_buy_req"": ""0"", ""ovt_buy_req_pre"": ""0"", ""return_code"": 0, ""return_msg"": ""정상적으로 처리되었습니다""}"
2026-09-10,scan_candidate,127120,2026-09-10T09:30:14.472901,0,main_scan,32250,33600,32250,32200,32250,32550,0.5636821705426311,0.15503875968992248,9113900,1230955051200,15529981575,4.6084989106069685,-4.017857142857143,"{""bid_req_base_tm"": ""093128"", ""sel_10th_pre_req_pre"": ""0"", ""sel_10th_pre_req"": ""800"", ""sel_10th_pre_bid"": ""-32950"", ""sel_9th_pre_req_pre"": ""0"", ""sel_9th_pre_req"": ""385"", ""sel_9th_pre_bid"": ""-32900"", ""sel_8th_pre_req_pre"": ""0"", ""sel_8th_pre_req"": ""303"", ""sel_8th_pre_bid"": ""-32850"", ""sel_7th_pre_req_pre"": ""0"", ""sel_7th_pre_req"": ""255"", ""sel_7th_pre_bid"": ""-32600"", ""sel_6th_pre_req_pre"": ""0"", ""sel_6th_pre_req"": ""100"", ""sel_6th_pre_bid"": ""-32550"", ""sel_5th_pre_req_pre"": ""0"", ""sel_5th_pre_req"": ""50"", ""sel_5th_pre_bid"": ""-32500"", ""sel_4th_pre_req_pre"": ""0"", ""sel_4th_pre_req"": ""2"", ""sel_4th_pre_bid"": ""-32400"", ""sel_3th_pre_req_pre"": ""0"", ""sel_3th_pre_req"": ""46"", ""sel_3th_pre_bid"": ""-32350"", ""sel_2th_pre_req_pre"": ""0"", ""sel_2th_pre_req"": ""195"", ""sel_2th_pre_bid"": ""-32300"", ""sel_1th_pre_req_pre"": ""--2"", ""sel_fpr_req"": ""44"", ""sel_fpr_bid"": ""-32250"", ""buy_fpr_bid"": ""-32200"", ""buy_fpr_req"": ""528"", ""buy_1th_pre_req_pre"": ""0"", ""buy_2th_pre_bid"": ""-32150"", ""buy_2th_pre_req"": ""36"", ""buy_2th_pre_req_pre"": ""0"", ""buy_3th_pre_bid"": ""-32100"", ""buy_3th_pre_req"": ""200"", ""buy_3th_pre_req_pre"": ""0"", ""buy_4th_pre_bid"": ""-32050"", ""buy_4th_pre_req"": ""165"", ""buy_4th_pre_req_pre"": ""0"", ""buy_5th_pre_bid"": ""-32000"", ""buy_5th_pre_req"": ""903"", ""buy_5th_pre_req_pre"": ""0"", ""buy_6th_pre_bid"": ""-31950"", ""buy_6th_pre_req"": ""305"", ""buy_6th_pre_req_pre"": ""0"", ""buy_7th_pre_bid"": ""-31900"", ""buy_7th_pre_req"": ""299"", ""buy_7th_pre_req_pre"": ""0"", ""buy_8th_pre_bid"": ""-31850"", ""buy_8th_pre_req"": ""3"", ""buy_8th_pre_req_pre"": ""0"", ""buy_9th_pre_bid"": ""-31800"", ""buy_9th_pre_req"": ""165"", ""buy_9th_pre_req_pre"": ""0"", ""buy_10th_pre_bid"": ""-31750"", ""buy_10th_pre_req"": ""40"", ""buy_10th_pre_req_pre"": ""0"", ""tot_sel_req_jub_pre"": ""--2"", ""tot_sel_req"": ""2180"", ""tot_buy_req"": ""2644"", ""tot_buy_req_jub_pre"": ""0"", ""ovt_sel_req_pre"": ""0"", ""ovt_sel_req"": ""0"", ""ovt_buy_req"": ""0"", ""ovt_buy_req_pre"": ""0"", ""return_code"": 0, ""return_msg"": ""정상적으로 처리되었습니다""}"
2026-09-10,scan_candidate,475830,2026-09-10T09:30:14.472901,0,main_scan,51800,55900,51800,51500,51800,52000,-0.017326254826266062,0.5791505791505791,4783400,1214125081000,4619714250,4.6084989106069685,-7.334525939177102,"{""bid_req_base_tm"": ""093121"", ""sel_10th_pre_req_pre"": ""0"", ""sel_10th_pre_req"": ""5"", ""sel_10th_pre_bid"": ""-52700"", ""sel_9th_pre_req_pre"": ""0"", ""sel_9th_pre_req"": ""5"", ""sel_9th_pre_bid"": ""-52600"", ""sel_8th_pre_req_pre"": ""0"", ""sel_8th_pre_req"": ""23"", ""sel_8th_pre_bid"": ""-52500"", ""sel_7th_pre_req_pre"": ""0"", ""sel_7th_pre_req"": ""3"", ""sel_7th_pre_bid"": ""-52400"", ""sel_6th_pre_req_pre"": ""0"", ""sel_6th_pre_req"": ""103"", ""sel_6th_pre_bid"": ""-52300"", ""sel_5th_pre_req_pre"": ""0"", ""sel_5th_pre_req"": ""26"", ""sel_5th_pre_bid"": ""-52200"", ""sel_4th_pre_req_pre"": ""0"", ""sel_4th_pre_req"": ""6"", ""sel_4th_pre_bid"": ""-52100"", ""sel_3th_pre_req_pre"": ""0"", ""sel_3th_pre_req"": ""53"", ""sel_3th_pre_bid"": ""-52000"", ""sel_2th_pre_req_pre"": ""0"", ""sel_2th_pre_req"": ""31"", ""sel_2th_pre_bid"": ""-51900"", ""sel_1th_pre_req_pre"": ""--1"", ""sel_fpr_req"": ""5"", ""sel_fpr_bid"": ""-51800"", ""buy_fpr_bid"": ""-51500"", ""buy_fpr_req"": ""14"", ""buy_1th_pre_req_pre"": ""0"", ""buy_2th_pre_bid"": ""-51400"", ""buy_2th_pre_req"": ""65"", ""buy_2th_pre_req_pre"": ""0"", ""buy_3th_pre_bid"": ""-51300"", ""buy_3th_pre_req"": ""125"", ""buy_3th_pre_req_pre"": ""0"", ""buy_4th_pre_bid"": ""-51200"", ""buy_4th_pre_req"": ""106"", ""buy_4th_pre_req_pre"": ""0"", ""buy_5th_pre_bid"": ""-51100"", ""buy_5th_pre_req"": ""166"", ""buy_5th_pre_req_pre"": ""0"", ""buy_6th_pre_bid"": ""-51000"", ""buy_6th_pre_req"": ""419"", ""buy_6th_pre_req_pre"": ""0"", ""buy_7th_pre_bid"": ""-50900"", ""buy_7th_pre_req"": ""131"", ""buy_7th_pre_req_pre"": ""0"", ""buy_8th_pre_bid"": ""-50800"", ""buy_8th_pre_req"": ""125"", ""buy_8th_pre_req_pre"": ""0"", ""buy_9th_pre_bid"": ""-50700"", ""buy_9th_pre_req"": ""229"", ""buy_9th_pre_req_pre"": ""0"", ""buy_10th_pre_bid"": ""-50600"", ""buy_10th_pre_req"": ""269"", ""buy_10th_pre_req_pre"": ""0"", ""tot_sel_req_jub_pre"": ""--1"", ""tot_sel_req"": ""260"", ""tot_buy_req"": ""1649"", ""tot_buy_req_jub_pre"": ""0"", ""ovt_sel_req_pre"": ""0"", ""ovt_sel_req"": ""0"", ""ovt_buy_req"": ""0"", ""ovt_buy_req_pre"": ""0"", ""return_code"": 0, ""return_msg"": ""정상적으로 처리되었습니다""}"
2026-09-10,scan_candidate,195940,2026-09-10T09:30:14.472901,0,main_scan,39550,42050,39550,39450,39550,39750,0.16852718078380913,0.2528445006321113,30175350,1191271916550,3308147650,4.6084989106069685,-5.945303210463734,"{""bid_req_base_tm"": ""093128"", ""sel_10th_pre_req_pre"": ""0"", ""sel_10th_pre_req"": ""500"", ""sel_10th_pre_bid"": ""+40100"", ""sel_9th_pre_req_pre"": ""0"", ""sel_9th_pre_req"": ""512"", ""sel_9th_pre_bid"": ""+40050"", ""sel_8th_pre_req_pre"": ""0"", ""sel_8th_pre_req"": ""15"", ""sel_8th_pre_bid"": ""-39950"", ""sel_7th_pre_req_pre"": ""0"", ""sel_7th_pre_req"": ""1"", ""sel_7th_pre_bid"": ""-39900"", ""sel_6th_pre_req_pre"": ""0"", ""sel_6th_pre_req"": ""29"", ""sel_6th_pre_bid"": ""-39850"", ""sel_5th_pre_req_pre"": ""0"", ""sel_5th_pre_req"": ""24"", ""sel_5th_pre_bid"": ""-39750"", ""sel_4th_pre_req_pre"": ""0"", ""sel_4th_pre_req"": ""34"", ""sel_4th_pre_bid"": ""-39700"", ""sel_3th_pre_req_pre"": ""0"", ""sel_3th_pre_req"": ""254"", ""sel_3th_pre_bid"": ""-39650"", ""sel_2th_pre_req_pre"": ""0"", ""sel_2th_pre_req"": ""279"", ""sel_2th_pre_bid"": ""-39600"", ""sel_1th_pre_req_pre"": ""0"", ""sel_fpr_req"": ""280"", ""sel_fpr_bid"": ""-39550"", ""buy_fpr_bid"": ""-39450"", ""buy_fpr_req"": ""8"", ""buy_1th_pre_req_pre"": ""0"", ""buy_2th_pre_bid"": ""-39400"", ""buy_2th_pre_req"": ""1218"", ""buy_2th_pre_req_pre"": ""+64"", ""buy_3th_pre_bid"": ""-39350"", ""buy_3th_pre_req"": ""108"", ""buy_3th_pre_req_pre"": ""0"", ""buy_4th_pre_bid"": ""-39300"", ""buy_4th_pre_req"": ""181"", ""buy_4th_pre_req_pre"": ""0"", ""buy_5th_pre_bid"": ""-39250"", ""buy_5th_pre_req"": ""211"", ""buy_5th_pre_req_pre"": ""0"", ""buy_6th_pre_bid"": ""-39200"", ""buy_6th_pre_req"": ""272"", ""buy_6th_pre_req_pre"": ""0"", ""buy_7th_pre_bid"": ""-39150"", ""buy_7th_pre_req"": ""347"", ""buy_7th_pre_req_pre"": ""0"", ""buy_8th_pre_bid"": ""-39100"", ""buy_8th_pre_req"": ""436"", ""buy_8th_pre_req_pre"": ""0"", ""buy_9th_pre_bid"": ""-39050"", ""buy_9th_pre_req"": ""969"", ""buy_9th_pre_req_pre"": ""0"", ""buy_10th_pre_bid"": ""-39000"", ""buy_10th_pre_req"": ""515"", ""buy_10th_pre_req_pre"": ""0"", ""tot_sel_req_jub_pre"": ""0"", ""tot_sel_req"": ""1928"", ""tot_buy_req"": ""4265"", ""tot_buy_req_jub_pre"": ""+64"", ""ovt_sel_req_pre"": ""0"", ""ovt_sel_req"": ""0"", ""ovt_buy_req"": ""0"", ""ovt_buy_req_pre"": ""0"", ""return_code"": 0, ""return_msg"": ""정상적으로 처리되었습니다""}"
2026-09-10,scan_candidate,043260,2026-09-10T09:30:14.472901,0,main_scan,17950,15670,17950,17940,17950,18000,-0.20999999999999838,0.05571030640668524,22498270,1150703759840,14123454215,4.6084989106069685,14.550095724313975,"{""bid_req_base_tm"": ""093129"", ""sel_10th_pre_req_pre"": ""0"", ""sel_10th_pre_req"": ""5"", ""sel_10th_pre_bid"": ""-18070"", ""sel_9th_pre_req_pre"": ""0"", ""sel_9th_pre_req"": ""5"", ""sel_9th_pre_bid"": ""-18050"", ""sel_8th_pre_req_pre"": ""0"", ""sel_8th_pre_req"": ""5"", ""sel_8th_pre_bid"": ""-18040"", ""sel_7th_pre_req_pre"": ""0"", ""sel_7th_pre_req"": ""355"", ""sel_7th_pre_bid"": ""-18030"", ""sel_6th_pre_req_pre"": ""0"", ""sel_6th_pre_req"": ""10"", ""sel_6th_pre_bid"": ""-18020"", ""sel_5th_pre_req_pre"": ""0"", ""sel_5th_pre_req"": ""1010"", ""sel_5th_pre_bid"": ""-18010"", ""sel_4th_pre_req_pre"": ""0"", ""sel_4th_pre_req"": ""267"", ""sel_4th_pre_bid"": ""-17980"", ""sel_3th_pre_req_pre"": ""0"", ""sel_3th_pre_req"": ""10"", ""sel_3th_pre_bid"": ""-17970"", ""sel_2th_pre_req_pre"": ""0"", ""sel_2th_pre_req"": ""412"", ""sel_2th_pre_bid"": ""-17960"", ""sel_1th_pre_req_pre"": ""0"", ""sel_fpr_req"": ""138"", ""sel_fpr_bid"": ""-17950"", ""buy_fpr_bid"": ""-17940"", ""buy_fpr_req"": ""893"", ""buy_1th_pre_req_pre"": ""0"", ""buy_2th_pre_bid"": ""-17930"", ""buy_2th_pre_req"": ""4108"", ""buy_2th_pre_req_pre"": ""0"", ""buy_3th_pre_bid"": ""-17920"", ""buy_3th_pre_req"": ""1210"", ""buy_3th_pre_req_pre"": ""0"", ""buy_4th_pre_bid"": ""-17910"", ""buy_4th_pre_req"": ""554"", ""buy_4th_pre_req_pre"": ""0"", ""buy_5th_pre_bid"": ""-17900"", ""buy_5th_pre_req"": ""2962"", ""buy_5th_pre_req_pre"": ""+10"", ""buy_6th_pre_bid"": ""-17890"", ""buy_6th_pre_req"": ""168"", ""buy_6th_pre_req_pre"": ""0"", ""buy_7th_pre_bid"": ""-17880"", ""buy_7th_pre_req"": ""564"", ""buy_7th_pre_req_pre"": ""0"", ""buy_8th_pre_bid"": ""-17870"", ""buy_8th_pre_req"": ""257"", ""buy_8th_pre_req_pre"": ""0"", ""buy_9th_pre_bid"": ""-17860"", ""buy_9th_pre_req"": ""283"", ""buy_9th_pre_req_pre"": ""0"", ""buy_10th_pre_bid"": ""-17850"", ""buy_10th_pre_req"": ""722"", ""buy_10th_pre_req_pre"": ""0"", ""tot_sel_req_jub_pre"": ""0"", ""tot_sel_req"": ""2217"", ""tot_buy_req"": ""11721"", ""tot_buy_req_jub_pre"": ""+10"", ""ovt_sel_req_pre"": ""0"", ""ovt_sel_req"": ""0"", ""ovt_buy_req"": ""0"", ""ovt_buy_req_pre"": ""0"", ""return_code"": 0, ""return_msg"": ""정상적으로 처리되었습니다""}"
2026-09-10,scan_candidate,204270,2026-09-10T09:30:14.472901,0,main_scan,21400,19130,21400,21300,21400,21450,-0.21000000000001087,0.46728971962616817,86722450,1106641154580,10658408840,4.6084989106069685,11.866178776790381,"{""bid_req_base_tm"": ""093129"", ""sel_10th_pre_req_pre"": ""0"", ""sel_10th_pre_req"": ""2229"", ""sel_10th_pre_bid"": ""+21850"", ""sel_9th_pre_req_pre"": ""0"", ""sel_9th_pre_req"": ""1045"", ""sel_9th_pre_bid"": ""+21800"", ""sel_8th_pre_req_pre"": ""0"", ""sel_8th_pre_req"": ""203"", ""sel_8th_pre_bid"": ""+21750"", ""sel_7th_pre_req_pre"": ""0"", ""sel_7th_pre_req"": ""1255"", ""sel_7th_pre_bid"": ""+21700"", ""sel_6th_pre_req_pre"": ""0"", ""sel_6th_pre_req"": ""2012"", ""sel_6th_pre_bid"": ""+21650"", ""sel_5th_pre_req_pre"": ""0"", ""sel_5th_pre_req"": ""662"", ""sel_5th_pre_bid"": ""+21600"", ""sel_4th_pre_req_pre"": ""0"", ""sel_4th_pre_req"": ""310"", ""sel_4th_pre_bid"": ""+21550"", ""sel_3th_pre_req_pre"": ""0"", ""sel_3th_pre_req"": ""1021"", ""sel_3th_pre_bid"": ""+21500"", ""sel_2th_pre_req_pre"": ""0"", ""sel_2th_pre_req"": ""1372"", ""sel_2th_pre_bid"": ""+21450"", ""sel_1th_pre_req_pre"": ""0"", ""sel_fpr_req"": ""1452"", ""sel_fpr_bid"": ""+21400"", ""buy_fpr_bid"": ""+21300"", ""buy_fpr_req"": ""2147"", ""buy_1th_pre_req_pre"": ""0"", ""buy_2th_pre_bid"": ""+21250"", ""buy_2th_pre_req"": ""295"", ""buy_2th_pre_req_pre"": ""+2"", ""buy_3th_pre_bid"": ""21200"", ""buy_3th_pre_req"": ""2363"", ""buy_3th_pre_req_pre"": ""0"", ""buy_4th_pre_bid"": ""-21150"", ""buy_4th_pre_req"": ""1900"", ""buy_4th_pre_req_pre"": ""0"", ""buy_5th_pre_bid"": ""-21100"", ""buy_5th_pre_req"": ""6130"", ""buy_5th_pre_req_pre"": ""0"", ""buy_6th_pre_bid"": ""-21050"", ""buy_6th_pre_req"": ""1119"", ""buy_6th_pre_req_pre"": ""0"", ""buy_7th_pre_bid"": ""-21000"", ""buy_7th_pre_req"": ""4085"", ""buy_7th_pre_req_pre"": ""0"", ""buy_8th_pre_bid"": ""-20950"", ""buy_8th_pre_req"": ""551"", ""buy_8th_pre_req_pre"": ""0"", ""buy_9th_pre_bid"": ""-20900"", ""buy_9th_pre_req"": ""2961"", ""buy_9th_pre_req_pre"": ""0"", ""buy_10th_pre_bid"": ""-20850"", ""buy_10th_pre_req"": ""991"", ""buy_10th_pre_req_pre"": ""0"", ""tot_sel_req_jub_pre"": ""0"", ""tot_sel_req"": ""11561"", ""tot_buy_req"": ""22542"", ""tot_buy_req_jub_pre"": ""+2"", ""ovt_sel_req_pre"": ""0"", ""ovt_sel_req"": ""0"", ""ovt_buy_req"": ""0"", ""ovt_buy_req_pre"": ""0"", ""return_code"": 0, ""return_msg"": ""정상적으로 처리되었습니다""}"
2026-09-10,scan_candidate,437730,2026-09-10T09:30:14.472901,0,main_scan,37100,32550,37100,37050,37100,36950,-0.748032345013488,0.13477088948787064,39532950,1032081305850,9305200950,4.6084989106069685,13.978494623655912,"{""bid_req_base_tm"": ""093129"", ""sel_10th_pre_req_pre"": ""0"", ""sel_10th_pre_req"": ""39"", ""sel_10th_pre_bid"": ""+37550"", ""sel_9th_pre_req_pre"": ""0"", ""sel_9th_pre_req"": ""930"", ""sel_9th_pre_bid"": ""+37500"", ""sel_8th_pre_req_pre"": ""0"", ""sel_8th_pre_req"": ""464"", ""sel_8th_pre_bid"": ""+37450"", ""sel_7th_pre_req_pre"": ""0"", ""sel_7th_pre_req"": ""265"", ""sel_7th_pre_bid"": ""+37400"", ""sel_6th_pre_req_pre"": ""0"", ""sel_6th_pre_req"": ""109"", ""sel_6th_pre_bid"": ""+37350"", ""sel_5th_pre_req_pre"": ""0"", ""sel_5th_pre_req"": ""308"", ""sel_5th_pre_bid"": ""+37300"", ""sel_4th_pre_req_pre"": ""+50"", ""sel_4th_pre_req"": ""125"", ""sel_4th_pre_bid"": ""+37250"", ""sel_3th_pre_req_pre"": ""0"", ""sel_3th_pre_req"": ""125"", ""sel_3th_pre_bid"": ""+37200"", ""sel_2th_pre_req_pre"": ""0"", ""sel_2th_pre_req"": ""50"", ""sel_2th_pre_bid"": ""+37150"", ""sel_1th_pre_req_pre"": ""0"", ""sel_fpr_req"": ""669"", ""sel_fpr_bid"": ""+37100"", ""buy_fpr_bid"": ""+37050"", ""buy_fpr_req"": ""29"", ""buy_1th_pre_req_pre"": ""0"", ""buy_2th_pre_bid"": ""+37000"", ""buy_2th_pre_req"": ""592"", ""buy_2th_pre_req_pre"": ""0"", ""buy_3th_pre_bid"": ""+36950"", ""buy_3th_pre_req"": ""7"", ""buy_3th_pre_req_pre"": ""0"", ""buy_4th_pre_bid"": ""+36900"", ""buy_4th_pre_req"": ""131"", ""buy_4th_pre_req_pre"": ""0"", ""buy_5th_pre_bid"": ""+36850"", ""buy_5th_pre_req"": ""349"", ""buy_5th_pre_req_pre"": ""0"", ""buy_6th_pre_bid"": ""+36800"", ""buy_6th_pre_req"": ""85"", ""buy_6th_pre_req_pre"": ""0"", ""buy_7th_pre_bid"": ""+36750"", ""buy_7th_pre_req"": ""27"", ""buy_7th_pre_req_pre"": ""0"", ""buy_8th_pre_bid"": ""+36700"", ""buy_8th_pre_req"": ""233"", ""buy_8th_pre_req_pre"": ""0"", ""buy_9th_pre_bid"": ""+36650"", ""buy_9th_pre_req"": ""230"", ""buy_9th_pre_req_pre"": ""0"", ""buy_10th_pre_bid"": ""+36600"", ""buy_10th_pre_req"": ""146"", ""buy_10th_pre_req_pre"": ""0"", ""tot_sel_req_jub_pre"": ""+50"", ""tot_sel_req"": ""3084"", ""tot_buy_req"": ""1829"", ""tot_buy_req_jub_pre"": ""0"", ""ovt_sel_req_pre"": ""0"", ""ovt_sel_req"": ""0"", ""ovt_buy_req"": ""0"", ""ovt_buy_req_pre"": ""0"", ""return_code"": 0, ""return_msg"": ""정상적으로 처리되었습니다""}"
2026-09-10,scan_candidate,347700,2026-09-10T09:30:14.472901,0,main_scan,20050,19520,20050,20000,20050,20150,0.038890274314199225,0.24937655860349126,49460650,1006282586240,16900458980,4.6084989106069685,2.7151639344262293,"{""bid_req_base_tm"": ""093128"", ""sel_10th_pre_req_pre"": ""0"", ""sel_10th_pre_req"": ""754"", ""sel_10th_pre_bid"": ""-20500"", ""sel_9th_pre_req_pre"": ""0"", ""sel_9th_pre_req"": ""1462"", ""sel_9th_pre_bid"": ""-20450"", ""sel_8th_pre_req_pre"": ""0"", ""sel_8th_pre_req"": ""734"", ""sel_8th_pre_bid"": ""-20400"", ""sel_7th_pre_req_pre"": ""0"", ""sel_7th_pre_req"": ""127"", ""sel_7th_pre_bid"": ""-20350"", ""sel_6th_pre_req_pre"": ""0"", ""sel_6th_pre_req"": ""813"", ""sel_6th_pre_bid"": ""-20300"", ""sel_5th_pre_req_pre"": ""0"", ""sel_5th_pre_req"": ""747"", ""sel_5th_pre_bid"": ""-20250"", ""sel_4th_pre_req_pre"": ""0"", ""sel_4th_pre_req"": ""881"", ""sel_4th_pre_bid"": ""-20200"", ""sel_3th_pre_req_pre"": ""--49"", ""sel_3th_pre_req"": ""18"", ""sel_3th_pre_bid"": ""-20150"", ""sel_2th_pre_req_pre"": ""0"", ""sel_2th_pre_req"": ""1021"", ""sel_2th_pre_bid"": ""-20100"", ""sel_1th_pre_req_pre"": ""+15"", ""sel_fpr_req"": ""532"", ""sel_fpr_bid"": ""-20050"", ""buy_fpr_bid"": ""-20000"", ""buy_fpr_req"": ""903"", ""buy_1th_pre_req_pre"": ""--222"", ""buy_2th_pre_bid"": ""-19990"", ""buy_2th_pre_req"": ""66"", ""buy_2th_pre_req_pre"": ""0"", ""buy_3th_pre_bid"": ""-19980"", ""buy_3th_pre_req"": ""1158"", ""buy_3th_pre_req_pre"": ""0"", ""buy_4th_pre_bid"": ""-19970"", ""buy_4th_pre_req"": ""421"", ""buy_4th_pre_req_pre"": ""0"", ""buy_5th_pre_bid"": ""-19960"", ""buy_5th_pre_req"": ""875"", ""buy_5th_pre_req_pre"": ""0"", ""buy_6th_pre_bid"": ""-19950"", ""buy_6th_pre_req"": ""835"", ""buy_6th_pre_req_pre"": ""0"", ""buy_7th_pre_bid"": ""-19940"", ""buy_7th_pre_req"": ""179"", ""buy_7th_pre_req_pre"": ""0"", ""buy_8th_pre_bid"": ""-19930"", ""buy_8th_pre_req"": ""268"", ""buy_8th_pre_req_pre"": ""0"", ""buy_9th_pre_bid"": ""-19920"", ""buy_9th_pre_req"": ""325"", ""buy_9th_pre_req_pre"": ""0"", ""buy_10th_pre_bid"": ""-19910"", ""buy_10th_pre_req"": ""1157"", ""buy_10th_pre_req_pre"": ""0"", ""tot_sel_req_jub_pre"": ""--34"", ""tot_sel_req"": ""7089"", ""tot_buy_req"": ""6187"", ""tot_buy_req_jub_pre"": ""--222"", ""ovt_sel_req_pre"": ""0"", ""ovt_sel_req"": ""0"", ""ovt_buy_req"": ""0"", ""ovt_buy_req_pre"": ""0"", ""return_code"": 0, ""return_msg"": ""정상적으로 처리되었습니다""}"
2026-09-10,scan_candidate,166090,2026-09-10T09:30:14.472901,0,main_scan,51900,49900,51900,51800,51900,52200,0.17460500963390238,0.1926782273603083,13010500,986905932600,8540746125,4.6084989106069685,4.008016032064128,"{""bid_req_base_tm"": ""093128"", ""sel_10th_pre_req_pre"": ""0"", ""sel_10th_pre_req"": ""156"", ""sel_10th_pre_bid"": ""+52900"", ""sel_9th_pre_req_pre"": ""0"", ""sel_9th_pre_req"": ""51"", ""sel_9th_pre_bid"": ""+52800"", ""sel_8th_pre_req_pre"": ""0"", ""sel_8th_pre_req"": ""34"", ""sel_8th_pre_bid"": ""+52700"", ""sel_7th_pre_req_pre"": ""0"", ""sel_7th_pre_req"": ""95"", ""sel_7th_pre_bid"": ""+52600"", ""sel_6th_pre_req_pre"": ""0"", ""sel_6th_pre_req"": ""14"", ""sel_6th_pre_bid"": ""+52500"", ""sel_5th_pre_req_pre"": ""0"", ""sel_5th_pre_req"": ""2"", ""sel_5th_pre_bid"": ""+52400"", ""sel_4th_pre_req_pre"": ""0"", ""sel_4th_pre_req"": ""63"", ""sel_4th_pre_bid"": ""+52300"", ""sel_3th_pre_req_pre"": ""0"", ""sel_3th_pre_req"": ""53"", ""sel_3th_pre_bid"": ""52100"", ""sel_2th_pre_req_pre"": ""0"", ""sel_2th_pre_req"": ""113"", ""sel_2th_pre_bid"": ""-52000"", ""sel_1th_pre_req_pre"": ""--1"", ""sel_fpr_req"": ""66"", ""sel_fpr_bid"": ""-51900"", ""buy_fpr_bid"": ""-51800"", ""buy_fpr_req"": ""113"", ""buy_1th_pre_req_pre"": ""0"", ""buy_2th_pre_bid"": ""-51700"", ""buy_2th_pre_req"": ""94"", ""buy_2th_pre_req_pre"": ""0"", ""buy_3th_pre_bid"": ""-51600"", ""buy_3th_pre_req"": ""87"", ""buy_3th_pre_req_pre"": ""0"", ""buy_4th_pre_bid"": ""-51500"", ""buy_4th_pre_req"": ""90"", ""buy_4th_pre_req_pre"": ""0"", ""buy_5th_pre_bid"": ""-51400"", ""buy_5th_pre_req"": ""61"", ""buy_5th_pre_req_pre"": ""0"", ""buy_6th_pre_bid"": ""-51300"", ""buy_6th_pre_req"": ""106"", ""buy_6th_pre_req_pre"": ""0"", ""buy_7th_pre_bid"": ""-51200"", ""buy_7th_pre_req"": ""732"", ""buy_7th_pre_req_pre"": ""0"", ""buy_8th_pre_bid"": ""-51100"", ""buy_8th_pre_req"": ""160"", ""buy_8th_pre_req_pre"": ""0"", ""buy_9th_pre_bid"": ""-51000"", ""buy_9th_pre_req"": ""286"", ""buy_9th_pre_req_pre"": ""0"", ""buy_10th_pre_bid"": ""-50900"", ""buy_10th_pre_req"": ""264"", ""buy_10th_pre_req_pre"": ""0"", ""tot_sel_req_jub_pre"": ""--1"", ""tot_sel_req"": ""647"", ""tot_buy_req"": ""1993"", ""tot_buy_req_jub_pre"": ""0"", ""ovt_sel_req_pre"": ""0"", ""ovt_sel_req"": ""0"", ""ovt_buy_req"": ""0"", ""ovt_buy_req_pre"": ""0"", ""return_code"": 0, ""return_msg"": ""정상적으로 처리되었습니다""}"
2026-09-10,scan_candidate,086450,2026-09-10T09:30:14.472901,0,main_scan,19390,21600,19390,19380,19390,19450,-0.15852759154204804,0.0515729757607014,11120900,976977072000,16371932000,4.6084989106069685,-10.231481481481481,"{""bid_req_base_tm"": ""093129"", ""sel_10th_pre_req_pre"": ""0"", ""sel_10th_pre_req"": ""3"", ""sel_10th_pre_bid"": ""-19580"", ""sel_9th_pre_req_pre"": ""0"", ""sel_9th_pre_req"": ""2"", ""sel_9th_pre_bid"": ""-19560"", ""sel_8th_pre_req_pre"": ""0"", ""sel_8th_pre_req"": ""52"", ""sel_8th_pre_bid"": ""-19520"", ""sel_7th_pre_req_pre"": ""0"", ""sel_7th_pre_req"": ""3"", ""sel_7th_pre_bid"": ""-19500"", ""sel_6th_pre_req_pre"": ""0"", ""sel_6th_pre_req"": ""1"", ""sel_6th_pre_bid"": ""-19460"", ""sel_5th_pre_req_pre"": ""0"", ""sel_5th_pre_req"": ""131"", ""sel_5th_pre_bid"": ""-19450"", ""sel_4th_pre_req_pre"": ""0"", ""sel_4th_pre_req"": ""24"", ""sel_4th_pre_bid"": ""-19440"", ""sel_3th_pre_req_pre"": ""0"", ""sel_3th_pre_req"": ""193"", ""sel_3th_pre_bid"": ""-19410"", ""sel_2th_pre_req_pre"": ""+34"", ""sel_2th_pre_req"": ""253"", ""sel_2th_pre_bid"": ""-19400"", ""sel_1th_pre_req_pre"": ""0"", ""sel_fpr_req"": ""109"", ""sel_fpr_bid"": ""-19390"", ""buy_fpr_bid"": ""-19380"", ""buy_fpr_req"": ""197"", ""buy_1th_pre_req_pre"": ""+100"", ""buy_2th_pre_bid"": ""-19370"", ""buy_2th_pre_req"": ""559"", ""buy_2th_pre_req_pre"": ""0"", ""buy_3th_pre_bid"": ""-19360"", ""buy_3th_pre_req"": ""1254"", ""buy_3th_pre_req_pre"": ""+104"", ""buy_4th_pre_bid"": ""-19350"", ""buy_4th_pre_req"": ""2297"", ""buy_4th_pre_req_pre"": ""0"", ""buy_5th_pre_bid"": ""-19340"", ""buy_5th_pre_req"": ""69"", ""buy_5th_pre_req_pre"": ""0"", ""buy_6th_pre_bid"": ""-19330"", ""buy_6th_pre_req"": ""565"", ""buy_6th_pre_req_pre"": ""0"", ""buy_7th_pre_bid"": ""-19320"", ""buy_7th_pre_req"": ""128"", ""buy_7th_pre_req_pre"": ""0"", ""buy_8th_pre_bid"": ""-19310"", ""buy_8th_pre_req"": ""662"", ""buy_8th_pre_req_pre"": ""0"", ""buy_9th_pre_bid"": ""-19300"", ""buy_9th_pre_req"": ""1117"", ""buy_9th_pre_req_pre"": ""0"", ""buy_10th_pre_bid"": ""-19290"", ""buy_10th_pre_req"": ""83"", ""buy_10th_pre_req_pre"": ""0"", ""tot_sel_req_jub_pre"": ""+34"", ""tot_sel_req"": ""771"", ""tot_buy_req"": ""6931"", ""tot_buy_req_jub_pre"": ""+204"", ""ovt_sel_req_pre"": ""0"", ""ovt_sel_req"": ""0"", ""ovt_buy_req"": ""0"", ""ovt_buy_req_pre"": ""0"", ""return_code"": 0, ""return_msg"": ""정상적으로 처리되었습니다""}"
2026-09-10,scan_candidate,232140,2026-09-10T09:30:14.472901,0,main_scan,11740,11730,11740,11720,11740,11750,-0.5500511073253912,0.17035775127768313,6068300,962391955500,18622670855,4.6084989106069685,0.08525149190110827,"{""bid_req_base_tm"": ""093129"", ""sel_10th_pre_req_pre"": ""0"", ""sel_10th_pre_req"": ""837"", ""sel_10th_pre_bid"": ""+11830"", ""sel_9th_pre_req_pre"": ""0"", ""sel_9th_pre_req"": ""534"", ""sel_9th_pre_bid"": ""+11820"", ""sel_8th_pre_req_pre"": ""0"", ""sel_8th_pre_req"": ""50"", ""sel_8th_pre_bid"": ""+11810"", ""sel_7th_pre_req_pre"": ""0"", ""sel_7th_pre_req"": ""436"", ""sel_7th_pre_bid"": ""+11800"", ""sel_6th_pre_req_pre"": ""0"", ""sel_6th_pre_req"": ""150"", ""sel_6th_pre_bid"": ""+11790"", ""sel_5th_pre_req_pre"": ""0"", ""sel_5th_pre_req"": ""89"", ""sel_5th_pre_bid"": ""+11780"", ""sel_4th_pre_req_pre"": ""0"", ""sel_4th_pre_req"": ""5"", ""sel_4th_pre_bid"": ""+11770"", ""sel_3th_pre_req_pre"": ""0"", ""sel_3th_pre_req"": ""506"", ""sel_3th_pre_bid"": ""11760"", ""sel_2th_pre_req_pre"": ""0"", ""sel_2th_pre_req"": ""60"", ""sel_2th_pre_bid"": ""-11750"", ""sel_1th_pre_req_pre"": ""0"", ""sel_fpr_req"": ""17"", ""sel_fpr_bid"": ""-11740"", ""buy_fpr_bid"": ""-11720"", ""buy_fpr_req"": ""30"", ""buy_1th_pre_req_pre"": ""0"", ""buy_2th_pre_bid"": ""-11700"", ""buy_2th_pre_req"": ""777"", ""buy_2th_pre_req_pre"": ""0"", ""buy_3th_pre_bid"": ""-11690"", ""buy_3th_pre_req"": ""429"", ""buy_3th_pre_req_pre"": ""--1"", ""buy_4th_pre_bid"": ""-11680"", ""buy_4th_pre_req"": ""956"", ""buy_4th_pre_req_pre"": ""0"", ""buy_5th_pre_bid"": ""-11670"", ""buy_5th_pre_req"": ""588"", ""buy_5th_pre_req_pre"": ""0"", ""buy_6th_pre_bid"": ""-11660"", ""buy_6th_pre_req"": ""590"", ""buy_6th_pre_req_pre"": ""0"", ""buy_7th_pre_bid"": ""-11650"", ""buy_7th_pre_req"": ""754"", ""buy_7th_pre_req_pre"": ""0"", ""buy_8th_pre_bid"": ""-11640"", ""buy_8th_pre_req"": ""704"", ""buy_8th_pre_req_pre"": ""0"", ""buy_9th_pre_bid"": ""-11630"", ""buy_9th_pre_req"": ""159"", ""buy_9th_pre_req_pre"": ""0"", ""buy_10th_pre_bid"": ""-11620"", ""buy_10th_pre_req"": ""715"", ""buy_10th_pre_req_pre"": ""0"", ""tot_sel_req_jub_pre"": ""0"", ""tot_sel_req"": ""2684"", ""tot_buy_req"": ""5702"", ""tot_buy_req_jub_pre"": ""--1"", ""ovt_sel_req_pre"": ""0"", ""ovt_sel_req"": ""0"", ""ovt_buy_req"": ""0"", ""ovt_buy_req_pre"": ""0"", ""return_code"": 0, ""return_msg"": ""정상적으로 처리되었습니다""}"
2026-09-10,scan_candidate,036540,2026-09-10T09:30:14.472901,0,main_scan,6970,5610,6970,6960,6970,6980,-0.21000000000002203,0.1434720229555237,67805990,922622299830,6691848905,4.6084989106069685,24.242424242424242,"{""bid_req_base_tm"": ""093130"", ""sel_10th_pre_req_pre"": ""0"", ""sel_10th_pre_req"": ""4340"", ""sel_10th_pre_bid"": ""+7060"", ""sel_9th_pre_req_pre"": ""0"", ""sel_9th_pre_req"": ""4526"", ""sel_9th_pre_bid"": ""+7050"", ""sel_8th_pre_req_pre"": ""0"", ""sel_8th_pre_req"": ""1150"", ""sel_8th_pre_bid"": ""+7040"", ""sel_7th_pre_req_pre"": ""0"", ""sel_7th_pre_req"": ""473"", ""sel_7th_pre_bid"": ""+7030"", ""sel_6th_pre_req_pre"": ""0"", ""sel_6th_pre_req"": ""439"", ""sel_6th_pre_bid"": ""+7020"", ""sel_5th_pre_req_pre"": ""0"", ""sel_5th_pre_req"": ""811"", ""sel_5th_pre_bid"": ""+7010"", ""sel_4th_pre_req_pre"": ""0"", ""sel_4th_pre_req"": ""4373"", ""sel_4th_pre_bid"": ""+7000"", ""sel_3th_pre_req_pre"": ""0"", ""sel_3th_pre_req"": ""1769"", ""sel_3th_pre_bid"": ""+6990"", ""sel_2th_pre_req_pre"": ""0"", ""sel_2th_pre_req"": ""1709"", ""sel_2th_pre_bid"": ""+6980"", ""sel_1th_pre_req_pre"": ""0"", ""sel_fpr_req"": ""3446"", ""sel_fpr_bid"": ""+6970"", ""buy_fpr_bid"": ""+6960"", ""buy_fpr_req"": ""3022"", ""buy_1th_pre_req_pre"": ""0"", ""buy_2th_pre_bid"": ""+6950"", ""buy_2th_pre_req"": ""5246"", ""buy_2th_pre_req_pre"": ""0"", ""buy_3th_pre_bid"": ""+6940"", ""buy_3th_pre_req"": ""1550"", ""buy_3th_pre_req_pre"": ""0"", ""buy_4th_pre_bid"": ""+6930"", ""buy_4th_pre_req"": ""1294"", ""buy_4th_pre_req_pre"": ""0"", ""buy_5th_pre_bid"": ""+6920"", ""buy_5th_pre_req"": ""1357"", ""buy_5th_pre_req_pre"": ""0"", ""buy_6th_pre_bid"": ""+6910"", ""buy_6th_pre_req"": ""3335"", ""buy_6th_pre_req_pre"": ""0"", ""buy_7th_pre_bid"": ""+6900"", ""buy_7th_pre_req"": ""7211"", ""buy_7th_pre_req_pre"": ""0"", ""buy_8th_pre_bid"": ""+6890"", ""buy_8th_pre_req"": ""239109"", ""buy_8th_pre_req_pre"": ""0"", ""buy_9th_pre_bid"": ""+6880"", ""buy_9th_pre_req"": ""3402"", ""buy_9th_pre_req_pre"": ""0"", ""buy_10th_pre_bid"": ""+6870"", ""buy_10th_pre_req"": ""3494"", ""buy_10th_pre_req_pre"": ""0"", ""tot_sel_req_jub_pre"": ""0"", ""tot_sel_req"": ""23036"", ""tot_buy_req"": ""269020"", ""tot_buy_req_jub_pre"": ""0"", ""ovt_sel_req_pre"": ""0"", ""ovt_sel_req"": ""0"", ""ovt_buy_req"": ""0"", ""ovt_buy_req_pre"": ""0"", ""return_code"": 0, ""return_msg"": ""정상적으로 처리되었습니다""}"
2026-09-10,scan_candidate,356860,2026-09-10T09:30:14.472901,0,main_scan,36700,37150,36700,36650,36700,36800,-0.07402588555859184,0.13623978201634876,60444900,880501809000,30735231150,4.6084989106069685,-1.2113055181695829,"{""bid_req_base_tm"": ""093129"", ""sel_10th_pre_req_pre"": ""0"", ""sel_10th_pre_req"": ""119"", ""sel_10th_pre_bid"": ""-37150"", ""sel_9th_pre_req_pre"": ""0"", ""sel_9th_pre_req"": ""81"", ""sel_9th_pre_bid"": ""-37100"", ""sel_8th_pre_req_pre"": ""0"", ""sel_8th_pre_req"": ""1002"", ""sel_8th_pre_bid"": ""-37050"", ""sel_7th_pre_req_pre"": ""0"", ""sel_7th_pre_req"": ""400"", ""sel_7th_pre_bid"": ""-37000"", ""sel_6th_pre_req_pre"": ""0"", ""sel_6th_pre_req"": ""122"", ""sel_6th_pre_bid"": ""-36950"", ""sel_5th_pre_req_pre"": ""0"", ""sel_5th_pre_req"": ""839"", ""sel_5th_pre_bid"": ""-36900"", ""sel_4th_pre_req_pre"": ""0"", ""sel_4th_pre_req"": ""1023"", ""sel_4th_pre_bid"": ""-36850"", ""sel_3th_pre_req_pre"": ""0"", ""sel_3th_pre_req"": ""178"", ""sel_3th_pre_bid"": ""-36800"", ""sel_2th_pre_req_pre"": ""0"", ""sel_2th_pre_req"": ""245"", ""sel_2th_pre_bid"": ""-36750"", ""sel_1th_pre_req_pre"": ""0"", ""sel_fpr_req"": ""137"", ""sel_fpr_bid"": ""-36700"", ""buy_fpr_bid"": ""-36650"", ""buy_fpr_req"": ""125"", ""buy_1th_pre_req_pre"": ""--92"", ""buy_2th_pre_bid"": ""-36600"", ""buy_2th_pre_req"": ""1176"", ""buy_2th_pre_req_pre"": ""0"", ""buy_3th_pre_bid"": ""-36550"", ""buy_3th_pre_req"": ""867"", ""buy_3th_pre_req_pre"": ""0"", ""buy_4th_pre_bid"": ""-36500"", ""buy_4th_pre_req"": ""1374"", ""buy_4th_pre_req_pre"": ""0"", ""buy_5th_pre_bid"": ""-36450"", ""buy_5th_pre_req"": ""762"", ""buy_5th_pre_req_pre"": ""0"", ""buy_6th_pre_bid"": ""-36400"", ""buy_6th_pre_req"": ""960"", ""buy_6th_pre_req_pre"": ""0"", ""buy_7th_pre_bid"": ""-36350"", ""buy_7th_pre_req"": ""1211"", ""buy_7th_pre_req_pre"": ""0"", ""buy_8th_pre_bid"": ""-36300"", ""buy_8th_pre_req"": ""602"", ""buy_8th_pre_req_pre"": ""0"", ""buy_9th_pre_bid"": ""-36250"", ""buy_9th_pre_req"": ""791"", ""buy_9th_pre_req_pre"": ""0"", ""buy_10th_pre_bid"": ""-36200"", ""buy_10th_pre_req"": ""1469"", ""buy_10th_pre_req_pre"": ""0"", ""tot_sel_req_jub_pre"": ""0"", ""tot_sel_req"": ""4146"", ""tot_buy_req"": ""9337"", ""tot_buy_req_jub_pre"": ""--92"", ""ovt_sel_req_pre"": ""0"", ""ovt_sel_req"": ""0"", ""ovt_buy_req"": ""0"", ""ovt_buy_req_pre"": ""0"", ""return_code"": 0, ""return_msg"": ""정상적으로 처리되었습니다""}"
2026-09-10,scan_candidate,491000,2026-09-10T09:30:14.472901,0,main_scan,34500,34500,34500,34400,34500,34250,-1.0778695652174064,0.2898550724637681,294907150,871306849500,6643357375,4.6084989106069685,0.0,"{""bid_req_base_tm"": ""093128"", ""sel_10th_pre_req_pre"": ""0"", ""sel_10th_pre_req"": ""4"", ""sel_10th_pre_bid"": ""-35200"", ""sel_9th_pre_req_pre"": ""0"", ""sel_9th_pre_req"": ""3"", ""sel_9th_pre_bid"": ""-35150"", ""sel_8th_pre_req_pre"": ""0"", ""sel_8th_pre_req"": ""49"", ""sel_8th_pre_bid"": ""-35000"", ""sel_7th_pre_req_pre"": ""0"", ""sel_7th_pre_req"": ""697"", ""sel_7th_pre_bid"": ""-34900"", ""sel_6th_pre_req_pre"": ""0"", ""sel_6th_pre_req"": ""500"", ""sel_6th_pre_bid"": ""-34850"", ""sel_5th_pre_req_pre"": ""0"", ""sel_5th_pre_req"": ""8"", ""sel_5th_pre_bid"": ""-34700"", ""sel_4th_pre_req_pre"": ""0"", ""sel_4th_pre_req"": ""1736"", ""sel_4th_pre_bid"": ""-34650"", ""sel_3th_pre_req_pre"": ""0"", ""sel_3th_pre_req"": ""9284"", ""sel_3th_pre_bid"": ""-34600"", ""sel_2th_pre_req_pre"": ""0"", ""sel_2th_pre_req"": ""38"", ""sel_2th_pre_bid"": ""-34550"", ""sel_1th_pre_req_pre"": ""0"", ""sel_fpr_req"": ""106"", ""sel_fpr_bid"": ""-34500"", ""buy_fpr_bid"": ""-34400"", ""buy_fpr_req"": ""120"", ""buy_1th_pre_req_pre"": ""+50"", ""buy_2th_pre_bid"": ""-34350"", ""buy_2th_pre_req"": ""87"", ""buy_2th_pre_req_pre"": ""0"", ""buy_3th_pre_bid"": ""-34300"", ""buy_3th_pre_req"": ""25"", ""buy_3th_pre_req_pre"": ""0"", ""buy_4th_pre_bid"": ""-34250"", ""buy_4th_pre_req"": ""170"", ""buy_4th_pre_req_pre"": ""0"", ""buy_5th_pre_bid"": ""-34200"", ""buy_5th_pre_req"": ""196"", ""buy_5th_pre_req_pre"": ""0"", ""buy_6th_pre_bid"": ""-34150"", ""buy_6th_pre_req"": ""456"", ""buy_6th_pre_req_pre"": ""0"", ""buy_7th_pre_bid"": ""-34100"", ""buy_7th_pre_req"": ""703"", ""buy_7th_pre_req_pre"": ""0"", ""buy_8th_pre_bid"": ""-34050"", ""buy_8th_pre_req"": ""514"", ""buy_8th_pre_req_pre"": ""0"", ""buy_9th_pre_bid"": ""-34000"", ""buy_9th_pre_req"": ""1859"", ""buy_9th_pre_req_pre"": ""0"", ""buy_10th_pre_bid"": ""-33950"", ""buy_10th_pre_req"": ""389"", ""buy_10th_pre_req_pre"": ""0"", ""tot_sel_req_jub_pre"": ""0"", ""tot_sel_req"": ""12425"", ""tot_buy_req"": ""4519"", ""tot_buy_req_jub_pre"": ""+50"", ""ovt_sel_req_pre"": ""0"", ""ovt_sel_req"": ""0"", ""ovt_buy_req"": ""0"", ""ovt_buy_req_pre"": ""0"", ""return_code"": 0, ""return_msg"": ""정상적으로 처리되었습니다""}"
2026-09-10,scan_candidate,115180,2026-09-10T09:30:14.472901,0,main_scan,21950,23050,21950,21900,21950,22050,0.017346241457837554,0.22779043280182232,4731600,865162180550,14055225720,4.6084989106069685,-4.772234273318872,"{""bid_req_base_tm"": ""093130"", ""sel_10th_pre_req_pre"": ""0"", ""sel_10th_pre_req"": ""100"", ""sel_10th_pre_bid"": ""22500"", ""sel_9th_pre_req_pre"": ""0"", ""sel_9th_pre_req"": ""19"", ""sel_9th_pre_bid"": ""-22450"", ""sel_8th_pre_req_pre"": ""0"", ""sel_8th_pre_req"": ""156"", ""sel_8th_pre_bid"": ""-22400"", ""sel_7th_pre_req_pre"": ""0"", ""sel_7th_pre_req"": ""357"", ""sel_7th_pre_bid"": ""-22350"", ""sel_6th_pre_req_pre"": ""0"", ""sel_6th_pre_req"": ""431"", ""sel_6th_pre_bid"": ""-22300"", ""sel_5th_pre_req_pre"": ""0"", ""sel_5th_pre_req"": ""22"", ""sel_5th_pre_bid"": ""-22250"", ""sel_4th_pre_req_pre"": ""0"", ""sel_4th_pre_req"": ""15"", ""sel_4th_pre_bid"": ""-22150"", ""sel_3th_pre_req_pre"": ""0"", ""sel_3th_pre_req"": ""76"", ""sel_3th_pre_bid"": ""-22050"", ""sel_2th_pre_req_pre"": ""0"", ""sel_2th_pre_req"": ""19"", ""sel_2th_pre_bid"": ""-22000"", ""sel_1th_pre_req_pre"": ""0"", ""sel_fpr_req"": ""117"", ""sel_fpr_bid"": ""-21950"", ""buy_fpr_bid"": ""-21900"", ""buy_fpr_req"": ""49"", ""buy_1th_pre_req_pre"": ""0"", ""buy_2th_pre_bid"": ""-21850"", ""buy_2th_pre_req"": ""38"", ""buy_2th_pre_req_pre"": ""+8"", ""buy_3th_pre_bid"": ""-21800"", ""buy_3th_pre_req"": ""117"", ""buy_3th_pre_req_pre"": ""0"", ""buy_4th_pre_bid"": ""-21750"", ""buy_4th_pre_req"": ""295"", ""buy_4th_pre_req_pre"": ""0"", ""buy_5th_pre_bid"": ""-21700"", ""buy_5th_pre_req"": ""311"", ""buy_5th_pre_req_pre"": ""0"", ""buy_6th_pre_bid"": ""-21650"", ""buy_6th_pre_req"": ""110"", ""buy_6th_pre_req_pre"": ""0"", ""buy_7th_pre_bid"": ""-21600"", ""buy_7th_pre_req"": ""130"", ""buy_7th_pre_req_pre"": ""0"", ""buy_8th_pre_bid"": ""-21550"", ""buy_8th_pre_req"": ""223"", ""buy_8th_pre_req_pre"": ""0"", ""buy_9th_pre_bid"": ""-21500"", ""buy_9th_pre_req"": ""490"", ""buy_9th_pre_req_pre"": ""0"", ""buy_10th_pre_bid"": ""-21450"", ""buy_10th_pre_req"": ""148"", ""buy_10th_pre_req_pre"": ""0"", ""tot_sel_req_jub_pre"": ""0"", ""tot_sel_req"": ""1312"", ""tot_buy_req"": ""1911"", ""tot_buy_req_jub_pre"": ""+8"", ""ovt_sel_req_pre"": ""0"", ""ovt_sel_req"": ""0"", ""ovt_buy_req"": ""0"", ""ovt_buy_req_pre"": ""0"", ""return_code"": 0, ""return_msg"": ""정상적으로 처리되었습니다""}"
2026-09-10,scan_candidate,101490,2026-09-10T09:30:14.472901,0,main_scan,40400,40050,40400,40300,40400,40550,0.037042079207912144,0.24752475247524752,12217600,854461903950,5747479250,4.6084989106069685,0.8739076154806492,"{""bid_req_base_tm"": ""093129"", ""sel_10th_pre_req_pre"": ""0"", ""sel_10th_pre_req"": ""369"", ""sel_10th_pre_bid"": ""+40900"", ""sel_9th_pre_req_pre"": ""0"", ""sel_9th_pre_req"": ""389"", ""sel_9th_pre_bid"": ""+40850"", ""sel_8th_pre_req_pre"": ""0"", ""sel_8th_pre_req"": ""248"", ""sel_8th_pre_bid"": ""+40800"", ""sel_7th_pre_req_pre"": ""0"", ""sel_7th_pre_req"": ""46"", ""sel_7th_pre_bid"": ""+40700"", ""sel_6th_pre_req_pre"": ""0"", ""sel_6th_pre_req"": ""6"", ""sel_6th_pre_bid"": ""+40650"", ""sel_5th_pre_req_pre"": ""0"", ""sel_5th_pre_req"": ""41"", ""sel_5th_pre_bid"": ""40600"", ""sel_4th_pre_req_pre"": ""0"", ""sel_4th_pre_req"": ""30"", ""sel_4th_pre_bid"": ""-40550"", ""sel_3th_pre_req_pre"": ""0"", ""sel_3th_pre_req"": ""72"", ""sel_3th_pre_bid"": ""-40500"", ""sel_2th_pre_req_pre"": ""0"", ""sel_2th_pre_req"": ""81"", ""sel_2th_pre_bid"": ""-40450"", ""sel_1th_pre_req_pre"": ""0"", ""sel_fpr_req"": ""131"", ""sel_fpr_bid"": ""-40400"", ""buy_fpr_bid"": ""-40300"", ""buy_fpr_req"": ""233"", ""buy_1th_pre_req_pre"": ""0"", ""buy_2th_pre_bid"": ""-40250"", ""buy_2th_pre_req"": ""182"", ""buy_2th_pre_req_pre"": ""0"", ""buy_3th_pre_bid"": ""-40200"", ""buy_3th_pre_req"": ""72"", ""buy_3th_pre_req_pre"": ""0"", ""buy_4th_pre_bid"": ""-40150"", ""buy_4th_pre_req"": ""159"", ""buy_4th_pre_req_pre"": ""0"", ""buy_5th_pre_bid"": ""-40100"", ""buy_5th_pre_req"": ""135"", ""buy_5th_pre_req_pre"": ""0"", ""buy_6th_pre_bid"": ""-40050"", ""buy_6th_pre_req"": ""595"", ""buy_6th_pre_req_pre"": ""0"", ""buy_7th_pre_bid"": ""-40000"", ""buy_7th_pre_req"": ""771"", ""buy_7th_pre_req_pre"": ""0"", ""buy_8th_pre_bid"": ""-39950"", ""buy_8th_pre_req"": ""219"", ""buy_8th_pre_req_pre"": ""+8"", ""buy_9th_pre_bid"": ""-39900"", ""buy_9th_pre_req"": ""1230"", ""buy_9th_pre_req_pre"": ""0"", ""buy_10th_pre_bid"": ""-39850"", ""buy_10th_pre_req"": ""198"", ""buy_10th_pre_req_pre"": ""0"", ""tot_sel_req_jub_pre"": ""0"", ""tot_sel_req"": ""1413"", ""tot_buy_req"": ""3794"", ""tot_buy_req_jub_pre"": ""+8"", ""ovt_sel_req_pre"": ""0"", ""ovt_sel_req"": ""0"", ""ovt_buy_req"": ""0"", ""ovt_buy_req_pre"": ""0"", ""return_code"": 0, ""return_msg"": ""정상적으로 처리되었습니다""}"
2026-09-10,scan_candidate,033790,2026-09-10T09:30:14.472901,0,main_scan,7860,10200,7860,7830,7860,7890,0.04395674300253204,0.38167938931297707,20904510,849883247400,58692924265,4.6084989106069685,-22.941176470588236,"{""bid_req_base_tm"": ""093131"", ""sel_10th_pre_req_pre"": ""0"", ""sel_10th_pre_req"": ""1726"", ""sel_10th_pre_bid"": ""-7960"", ""sel_9th_pre_req_pre"": ""0"", ""sel_9th_pre_req"": ""753"", ""sel_9th_pre_bid"": ""-7950"", ""sel_8th_pre_req_pre"": ""0"", ""sel_8th_pre_req"": ""11"", ""sel_8th_pre_bid"": ""-7940"", ""sel_7th_pre_req_pre"": ""0"", ""sel_7th_pre_req"": ""793"", ""sel_7th_pre_bid"": ""-7930"", ""sel_6th_pre_req_pre"": ""0"", ""sel_6th_pre_req"": ""840"", ""sel_6th_pre_bid"": ""-7910"", ""sel_5th_pre_req_pre"": ""0"", ""sel_5th_pre_req"": ""386"", ""sel_5th_pre_bid"": ""-7900"", ""sel_4th_pre_req_pre"": ""0"", ""sel_4th_pre_req"": ""276"", ""sel_4th_pre_bid"": ""-7890"", ""sel_3th_pre_req_pre"": ""0"", ""sel_3th_pre_req"": ""137"", ""sel_3th_pre_bid"": ""-7880"", ""sel_2th_pre_req_pre"": ""0"", ""sel_2th_pre_req"": ""1365"", ""sel_2th_pre_bid"": ""-7870"", ""sel_1th_pre_req_pre"": ""0"", ""sel_fpr_req"": ""938"", ""sel_fpr_bid"": ""-7860"", ""buy_fpr_bid"": ""-7830"", ""buy_fpr_req"": ""3867"", ""buy_1th_pre_req_pre"": ""+1"", ""buy_2th_pre_bid"": ""-7820"", ""buy_2th_pre_req"": ""3243"", ""buy_2th_pre_req_pre"": ""0"", ""buy_3th_pre_bid"": ""-7810"", ""buy_3th_pre_req"": ""6224"", ""buy_3th_pre_req_pre"": ""0"", ""buy_4th_pre_bid"": ""-7800"", ""buy_4th_pre_req"": ""18118"", ""buy_4th_pre_req_pre"": ""0"", ""buy_5th_pre_bid"": ""-7790"", ""buy_5th_pre_req"": ""934"", ""buy_5th_pre_req_pre"": ""0"", ""buy_6th_pre_bid"": ""-7780"", ""buy_6th_pre_req"": ""2239"", ""buy_6th_pre_req_pre"": ""0"", ""buy_7th_pre_bid"": ""-7770"", ""buy_7th_pre_req"": ""1655"", ""buy_7th_pre_req_pre"": ""0"", ""buy_8th_pre_bid"": ""-7760"", ""buy_8th_pre_req"": ""1535"", ""buy_8th_pre_req_pre"": ""0"", ""buy_9th_pre_bid"": ""-7750"", ""buy_9th_pre_req"": ""1222"", ""buy_9th_pre_req_pre"": ""0"", ""buy_10th_pre_bid"": ""-7740"", ""buy_10th_pre_req"": ""70"", ""buy_10th_pre_req_pre"": ""0"", ""tot_sel_req_jub_pre"": ""0"", ""tot_sel_req"": ""7225"", ""tot_buy_req"": ""39107"", ""tot_buy_req_jub_pre"": ""+1"", ""ovt_sel_req_pre"": ""0"", ""ovt_sel_req"": ""0"", ""ovt_buy_req"": ""0"", ""ovt_buy_req_pre"": ""0"", ""return_code"": 0, ""return_msg"": ""정상적으로 처리되었습니다""}"
2026-09-10,scan_candidate,065350,2026-09-10T09:30:14.472901,0,main_scan,30000,30900,30000,29950,30000,30100,-0.04365833333334498,0.16666666666666669,5203800,849253993200,3578341975,4.6084989106069685,-2.912621359223301,"{""bid_req_base_tm"": ""093130"", ""sel_10th_pre_req_pre"": ""0"", ""sel_10th_pre_req"": ""100"", ""sel_10th_pre_bid"": ""+30450"", ""sel_9th_pre_req_pre"": ""0"", ""sel_9th_pre_req"": ""51"", ""sel_9th_pre_bid"": ""+30400"", ""sel_8th_pre_req_pre"": ""0"", ""sel_8th_pre_req"": ""4"", ""sel_8th_pre_bid"": ""30350"", ""sel_7th_pre_req_pre"": ""0"", ""sel_7th_pre_req"": ""100"", ""sel_7th_pre_bid"": ""-30300"", ""sel_6th_pre_req_pre"": ""0"", ""sel_6th_pre_req"": ""60"", ""sel_6th_pre_bid"": ""-30250"", ""sel_5th_pre_req_pre"": ""--42"", ""sel_5th_pre_req"": ""62"", ""sel_5th_pre_bid"": ""-30200"", ""sel_4th_pre_req_pre"": ""0"", ""sel_4th_pre_req"": ""36"", ""sel_4th_pre_bid"": ""-30150"", ""sel_3th_pre_req_pre"": ""0"", ""sel_3th_pre_req"": ""31"", ""sel_3th_pre_bid"": ""-30100"", ""sel_2th_pre_req_pre"": ""0"", ""sel_2th_pre_req"": ""22"", ""sel_2th_pre_bid"": ""-30050"", ""sel_1th_pre_req_pre"": ""+19"", ""sel_fpr_req"": ""71"", ""sel_fpr_bid"": ""-30000"", ""buy_fpr_bid"": ""-29950"", ""buy_fpr_req"": ""23"", ""buy_1th_pre_req_pre"": ""--26"", ""buy_2th_pre_bid"": ""-29900"", ""buy_2th_pre_req"": ""148"", ""buy_2th_pre_req_pre"": ""0"", ""buy_3th_pre_bid"": ""-29850"", ""buy_3th_pre_req"": ""104"", ""buy_3th_pre_req_pre"": ""0"", ""buy_4th_pre_bid"": ""-29800"", ""buy_4th_pre_req"": ""393"", ""buy_4th_pre_req_pre"": ""0"", ""buy_5th_pre_bid"": ""-29750"", ""buy_5th_pre_req"": ""593"", ""buy_5th_pre_req_pre"": ""0"", ""buy_6th_pre_bid"": ""-29700"", ""buy_6th_pre_req"": ""1075"", ""buy_6th_pre_req_pre"": ""0"", ""buy_7th_pre_bid"": ""-29650"", ""buy_7th_pre_req"": ""91"", ""buy_7th_pre_req_pre"": ""0"", ""buy_8th_pre_bid"": ""-29600"", ""buy_8th_pre_req"": ""153"", ""buy_8th_pre_req_pre"": ""0"", ""buy_9th_pre_bid"": ""-29550"", ""buy_9th_pre_req"": ""131"", ""buy_9th_pre_req_pre"": ""0"", ""buy_10th_pre_bid"": ""-29500"", ""buy_10th_pre_req"": ""604"", ""buy_10th_pre_req_pre"": ""0"", ""tot_sel_req_jub_pre"": ""--23"", ""tot_sel_req"": ""537"", ""tot_buy_req"": ""3315"", ""tot_buy_req_jub_pre"": ""--26"", ""ovt_sel_req_pre"": ""0"", ""ovt_sel_req"": ""0"", ""ovt_buy_req"": ""0"", ""ovt_buy_req_pre"": ""0"", ""return_code"": 0, ""return_msg"": ""정상적으로 처리되었습니다""}"
2026-09-10,scan_candidate,124500,2026-09-10T09:30:14.472901,0,main_scan,30800,35650,30800,30750,30800,31000,0.27606331168830034,0.16233766233766234,25914900,827241387550,25440886875,4.6084989106069685,-13.604488078541374,"{""bid_req_base_tm"": ""093130"", ""sel_10th_pre_req_pre"": ""0"", ""sel_10th_pre_req"": ""94"", ""sel_10th_pre_bid"": ""-31350"", ""sel_9th_pre_req_pre"": ""0"", ""sel_9th_pre_req"": ""156"", ""sel_9th_pre_bid"": ""-31250"", ""sel_8th_pre_req_pre"": ""0"", ""sel_8th_pre_req"": ""10"", ""sel_8th_pre_bid"": ""-31200"", ""sel_7th_pre_req_pre"": ""0"", ""sel_7th_pre_req"": ""57"", ""sel_7th_pre_bid"": ""-31150"", ""sel_6th_pre_req_pre"": ""0"", ""sel_6th_pre_req"": ""45"", ""sel_6th_pre_bid"": ""-31100"", ""sel_5th_pre_req_pre"": ""0"", ""sel_5th_pre_req"": ""492"", ""sel_5th_pre_bid"": ""-31000"", ""sel_4th_pre_req_pre"": ""0"", ""sel_4th_pre_req"": ""334"", ""sel_4th_pre_bid"": ""-30950"", ""sel_3th_pre_req_pre"": ""0"", ""sel_3th_pre_req"": ""174"", ""sel_3th_pre_bid"": ""-30900"", ""sel_2th_pre_req_pre"": ""0"", ""sel_2th_pre_req"": ""66"", ""sel_2th_pre_bid"": ""-30850"", ""sel_1th_pre_req_pre"": ""0"", ""sel_fpr_req"": ""148"", ""sel_fpr_bid"": ""-30800"", ""buy_fpr_bid"": ""-30750"", ""buy_fpr_req"": ""473"", ""buy_1th_pre_req_pre"": ""+214"", ""buy_2th_pre_bid"": ""-30700"", ""buy_2th_pre_req"": ""1276"", ""buy_2th_pre_req_pre"": ""0"", ""buy_3th_pre_bid"": ""-30650"", ""buy_3th_pre_req"": ""3065"", ""buy_3th_pre_req_pre"": ""0"", ""buy_4th_pre_bid"": ""-30600"", ""buy_4th_pre_req"": ""1109"", ""buy_4th_pre_req_pre"": ""0"", ""buy_5th_pre_bid"": ""-30550"", ""buy_5th_pre_req"": ""177"", ""buy_5th_pre_req_pre"": ""0"", ""buy_6th_pre_bid"": ""-30500"", ""buy_6th_pre_req"": ""5601"", ""buy_6th_pre_req_pre"": ""0"", ""buy_7th_pre_bid"": ""-30450"", ""buy_7th_pre_req"": ""1062"", ""buy_7th_pre_req_pre"": ""0"", ""buy_8th_pre_bid"": ""-30400"", ""buy_8th_pre_req"": ""1340"", ""buy_8th_pre_req_pre"": ""0"", ""buy_9th_pre_bid"": ""-30350"", ""buy_9th_pre_req"": ""604"", ""buy_9th_pre_req_pre"": ""0"", ""buy_10th_pre_bid"": ""-30300"", ""buy_10th_pre_req"": ""5047"", ""buy_10th_pre_req_pre"": ""0"", ""tot_sel_req_jub_pre"": ""0"", ""tot_sel_req"": ""1576"", ""tot_buy_req"": ""19754"", ""tot_buy_req_jub_pre"": ""+214"", ""ovt_sel_req_pre"": ""0"", ""ovt_sel_req"": ""0"", ""ovt_buy_req"": ""0"", ""ovt_buy_req_pre"": ""0"", ""return_code"": 0, ""return_msg"": ""정상적으로 처리되었습니다""}"
2026-09-10,scan_candidate,252990,2026-09-10T09:30:14.472901,0,main_scan,13530,13660,13530,13520,13530,13450,-1.1689541759053936,0.07390983000739099,17676850,822576363740,6910046930,4.6084989106069685,-0.951683748169839,"{""bid_req_base_tm"": ""093130"", ""sel_10th_pre_req_pre"": ""0"", ""sel_10th_pre_req"": ""1432"", ""sel_10th_pre_bid"": ""+13700"", ""sel_9th_pre_req_pre"": ""0"", ""sel_9th_pre_req"": ""861"", ""sel_9th_pre_bid"": ""+13690"", ""sel_8th_pre_req_pre"": ""0"", ""sel_8th_pre_req"": ""121"", ""sel_8th_pre_bid"": ""+13680"", ""sel_7th_pre_req_pre"": ""0"", ""sel_7th_pre_req"": ""1000"", ""sel_7th_pre_bid"": ""+13660"", ""sel_6th_pre_req_pre"": ""0"", ""sel_6th_pre_req"": ""23"", ""sel_6th_pre_bid"": ""+13640"", ""sel_5th_pre_req_pre"": ""0"", ""sel_5th_pre_req"": ""101"", ""sel_5th_pre_bid"": ""+13570"", ""sel_4th_pre_req_pre"": ""0"", ""sel_4th_pre_req"": ""23"", ""sel_4th_pre_bid"": ""+13560"", ""sel_3th_pre_req_pre"": ""0"", ""sel_3th_pre_req"": ""143"", ""sel_3th_pre_bid"": ""+13550"", ""sel_2th_pre_req_pre"": ""+106"", ""sel_2th_pre_req"": ""198"", ""sel_2th_pre_bid"": ""+13540"", ""sel_1th_pre_req_pre"": ""0"", ""sel_fpr_req"": ""948"", ""sel_fpr_bid"": ""+13530"", ""buy_fpr_bid"": ""+13520"", ""buy_fpr_req"": ""15"", ""buy_1th_pre_req_pre"": ""0"", ""buy_2th_pre_bid"": ""+13500"", ""buy_2th_pre_req"": ""378"", ""buy_2th_pre_req_pre"": ""+297"", ""buy_3th_pre_bid"": ""+13490"", ""buy_3th_pre_req"": ""212"", ""buy_3th_pre_req_pre"": ""0"", ""buy_4th_pre_bid"": ""+13480"", ""buy_4th_pre_req"": ""89"", ""buy_4th_pre_req_pre"": ""0"", ""buy_5th_pre_bid"": ""+13470"", ""buy_5th_pre_req"": ""76"", ""buy_5th_pre_req_pre"": ""0"", ""buy_6th_pre_bid"": ""+13460"", ""buy_6th_pre_req"": ""36"", ""buy_6th_pre_req_pre"": ""0"", ""buy_7th_pre_bid"": ""+13450"", ""buy_7th_pre_req"": ""1184"", ""buy_7th_pre_req_pre"": ""0"", ""buy_8th_pre_bid"": ""+13440"", ""buy_8th_pre_req"": ""230"", ""buy_8th_pre_req_pre"": ""0"", ""buy_9th_pre_bid"": ""+13430"", ""buy_9th_pre_req"": ""1054"", ""buy_9th_pre_req_pre"": ""0"", ""buy_10th_pre_bid"": ""+13420"", ""buy_10th_pre_req"": ""3"", ""buy_10th_pre_req_pre"": ""0"", ""tot_sel_req_jub_pre"": ""+106"", ""tot_sel_req"": ""4850"", ""tot_buy_req"": ""3277"", ""tot_buy_req_jub_pre"": ""+297"", ""ovt_sel_req_pre"": ""0"", ""ovt_sel_req"": ""0"", ""ovt_buy_req"": ""0"", ""ovt_buy_req_pre"": ""0"", ""return_code"": 0, ""return_msg"": ""정상적으로 처리되었습니다""}"
2026-09-10,scan_candidate,445680,2026-09-10T09:30:14.472901,0,main_scan,47450,47650,47450,47250,47450,47750,0.31584299262379983,0.42149631190727077,9808850,820127355550,3720587700,4.6084989106069685,-0.4197271773347324,"{""bid_req_base_tm"": ""093125"", ""sel_10th_pre_req_pre"": ""0"", ""sel_10th_pre_req"": ""200"", ""sel_10th_pre_bid"": ""-48550"", ""sel_9th_pre_req_pre"": ""0"", ""sel_9th_pre_req"": ""208"", ""sel_9th_pre_bid"": ""-48000"", ""sel_8th_pre_req_pre"": ""0"", ""sel_8th_pre_req"": ""47"", ""sel_8th_pre_bid"": ""-47900"", ""sel_7th_pre_req_pre"": ""0"", ""sel_7th_pre_req"": ""100"", ""sel_7th_pre_bid"": ""-47850"", ""sel_6th_pre_req_pre"": ""0"", ""sel_6th_pre_req"": ""17"", ""sel_6th_pre_bid"": ""-47750"", ""sel_5th_pre_req_pre"": ""0"", ""sel_5th_pre_req"": ""99"", ""sel_5th_pre_bid"": ""-47700"", ""sel_4th_pre_req_pre"": ""0"", ""sel_4th_pre_req"": ""126"", ""sel_4th_pre_bid"": ""-47650"", ""sel_3th_pre_req_pre"": ""0"", ""sel_3th_pre_req"": ""16"", ""sel_3th_pre_bid"": ""-47600"", ""sel_2th_pre_req_pre"": ""0"", ""sel_2th_pre_req"": ""40"", ""sel_2th_pre_bid"": ""-47500"", ""sel_1th_pre_req_pre"": ""--2"", ""sel_fpr_req"": ""19"", ""sel_fpr_bid"": ""-47450"", ""buy_fpr_bid"": ""-47250"", ""buy_fpr_req"": ""3"", ""buy_1th_pre_req_pre"": ""0"", ""buy_2th_pre_bid"": ""-47200"", ""buy_2th_pre_req"": ""23"", ""buy_2th_pre_req_pre"": ""0"", ""buy_3th_pre_bid"": ""-47150"", ""buy_3th_pre_req"": ""82"", ""buy_3th_pre_req_pre"": ""0"", ""buy_4th_pre_bid"": ""-47100"", ""buy_4th_pre_req"": ""112"", ""buy_4th_pre_req_pre"": ""0"", ""buy_5th_pre_bid"": ""-47050"", ""buy_5th_pre_req"": ""109"", ""buy_5th_pre_req_pre"": ""0"", ""buy_6th_pre_bid"": ""-47000"", ""buy_6th_pre_req"": ""152"", ""buy_6th_pre_req_pre"": ""0"", ""buy_7th_pre_bid"": ""-46950"", ""buy_7th_pre_req"": ""35"", ""buy_7th_pre_req_pre"": ""0"", ""buy_8th_pre_bid"": ""-46900"", ""buy_8th_pre_req"": ""23"", ""buy_8th_pre_req_pre"": ""0"", ""buy_9th_pre_bid"": ""-46850"", ""buy_9th_pre_req"": ""20"", ""buy_9th_pre_req_pre"": ""0"", ""buy_10th_pre_bid"": ""-46800"", ""buy_10th_pre_req"": ""11"", ""buy_10th_pre_req_pre"": ""0"", ""tot_sel_req_jub_pre"": ""--2"", ""tot_sel_req"": ""872"", ""tot_buy_req"": ""570"", ""tot_buy_req_jub_pre"": ""0"", ""ovt_sel_req_pre"": ""0"", ""ovt_sel_req"": ""0"", ""ovt_buy_req"": ""0"", ""ovt_buy_req_pre"": ""0"", ""return_code"": 0, ""return_msg"": ""정상적으로 처리되었습니다""}"
2026-09-10,scan_candidate,014620,2026-09-10T09:30:14.472901,0,main_scan,33450,30850,33450,33400,33450,33600,0.08837070254109916,0.14947683109118087,10654200,819294679400,3141524900,4.6084989106069685,8.427876823338735,"{""bid_req_base_tm"": ""093132"", ""sel_10th_pre_req_pre"": ""0"", ""sel_10th_pre_req"": ""2"", ""sel_10th_pre_bid"": ""-33950"", ""sel_9th_pre_req_pre"": ""0"", ""sel_9th_pre_req"": ""8"", ""sel_9th_pre_bid"": ""-33900"", ""sel_8th_pre_req_pre"": ""0"", ""sel_8th_pre_req"": ""44"", ""sel_8th_pre_bid"": ""-33850"", ""sel_7th_pre_req_pre"": ""0"", ""sel_7th_pre_req"": ""55"", ""sel_7th_pre_bid"": ""-33800"", ""sel_6th_pre_req_pre"": ""0"", ""sel_6th_pre_req"": ""7"", ""sel_6th_pre_bid"": ""-33700"", ""sel_5th_pre_req_pre"": ""0"", ""sel_5th_pre_req"": ""11"", ""sel_5th_pre_bid"": ""-33650"", ""sel_4th_pre_req_pre"": ""+29"", ""sel_4th_pre_req"": ""54"", ""sel_4th_pre_bid"": ""-33600"", ""sel_3th_pre_req_pre"": ""+29"", ""sel_3th_pre_req"": ""80"", ""sel_3th_pre_bid"": ""-33550"", ""sel_2th_pre_req_pre"": ""+35"", ""sel_2th_pre_req"": ""97"", ""sel_2th_pre_bid"": ""-33500"", ""sel_1th_pre_req_pre"": ""+45"", ""sel_fpr_req"": ""128"", ""sel_fpr_bid"": ""-33450"", ""buy_fpr_bid"": ""-33400"", ""buy_fpr_req"": ""45"", ""buy_1th_pre_req_pre"": ""--1"", ""buy_2th_pre_bid"": ""-33350"", ""buy_2th_pre_req"": ""198"", ""buy_2th_pre_req_pre"": ""0"", ""buy_3th_pre_bid"": ""-33300"", ""buy_3th_pre_req"": ""392"", ""buy_3th_pre_req_pre"": ""0"", ""buy_4th_pre_bid"": ""-33250"", ""buy_4th_pre_req"": ""34"", ""buy_4th_pre_req_pre"": ""0"", ""buy_5th_pre_bid"": ""-33200"", ""buy_5th_pre_req"": ""225"", ""buy_5th_pre_req_pre"": ""0"", ""buy_6th_pre_bid"": ""-33150"", ""buy_6th_pre_req"": ""121"", ""buy_6th_pre_req_pre"": ""0"", ""buy_7th_pre_bid"": ""-33100"", ""buy_7th_pre_req"": ""152"", ""buy_7th_pre_req_pre"": ""0"", ""buy_8th_pre_bid"": ""-33050"", ""buy_8th_pre_req"": ""314"", ""buy_8th_pre_req_pre"": ""0"", ""buy_9th_pre_bid"": ""-33000"", ""buy_9th_pre_req"": ""1015"", ""buy_9th_pre_req_pre"": ""0"", ""buy_10th_pre_bid"": ""-32950"", ""buy_10th_pre_req"": ""110"", ""buy_10th_pre_req_pre"": ""0"", ""tot_sel_req_jub_pre"": ""+138"", ""tot_sel_req"": ""486"", ""tot_buy_req"": ""2606"", ""tot_buy_req_jub_pre"": ""--1"", ""ovt_sel_req_pre"": ""0"", ""ovt_sel_req"": ""0"", ""ovt_buy_req"": ""0"", ""ovt_buy_req_pre"": ""0"", ""return_code"": 0, ""return_msg"": ""정상적으로 처리되었습니다""}"
2026-09-10,scan_candidate,458870,2026-09-10T09:30:14.472901,0,main_scan,22400,21350,22400,22350,22400,22550,0.23555803571428313,0.2232142857142857,7345600,818673478700,4524769425,4.6084989106069685,4.918032786885246,"{""bid_req_base_tm"": ""093132"", ""sel_10th_pre_req_pre"": ""0"", ""sel_10th_pre_req"": ""5"", ""sel_10th_pre_bid"": ""-22850"", ""sel_9th_pre_req_pre"": ""0"", ""sel_9th_pre_req"": ""88"", ""sel_9th_pre_bid"": ""-22800"", ""sel_8th_pre_req_pre"": ""0"", ""sel_8th_pre_req"": ""108"", ""sel_8th_pre_bid"": ""-22750"", ""sel_7th_pre_req_pre"": ""0"", ""sel_7th_pre_req"": ""136"", ""sel_7th_pre_bid"": ""-22700"", ""sel_6th_pre_req_pre"": ""0"", ""sel_6th_pre_req"": ""11"", ""sel_6th_pre_bid"": ""-22650"", ""sel_5th_pre_req_pre"": ""0"", ""sel_5th_pre_req"": ""12"", ""sel_5th_pre_bid"": ""-22600"", ""sel_4th_pre_req_pre"": ""0"", ""sel_4th_pre_req"": ""49"", ""sel_4th_pre_bid"": ""-22550"", ""sel_3th_pre_req_pre"": ""0"", ""sel_3th_pre_req"": ""109"", ""sel_3th_pre_bid"": ""-22500"", ""sel_2th_pre_req_pre"": ""0"", ""sel_2th_pre_req"": ""134"", ""sel_2th_pre_bid"": ""-22450"", ""sel_1th_pre_req_pre"": ""+30"", ""sel_fpr_req"": ""83"", ""sel_fpr_bid"": ""-22400"", ""buy_fpr_bid"": ""-22350"", ""buy_fpr_req"": ""53"", ""buy_1th_pre_req_pre"": ""0"", ""buy_2th_pre_bid"": ""-22300"", ""buy_2th_pre_req"": ""598"", ""buy_2th_pre_req_pre"": ""0"", ""buy_3th_pre_bid"": ""-22250"", ""buy_3th_pre_req"": ""443"", ""buy_3th_pre_req_pre"": ""0"", ""buy_4th_pre_bid"": ""-22200"", ""buy_4th_pre_req"": ""623"", ""buy_4th_pre_req_pre"": ""0"", ""buy_5th_pre_bid"": ""-22150"", ""buy_5th_pre_req"": ""725"", ""buy_5th_pre_req_pre"": ""0"", ""buy_6th_pre_bid"": ""-22100"", ""buy_6th_pre_req"": ""932"", ""buy_6th_pre_req_pre"": ""0"", ""buy_7th_pre_bid"": ""-22050"", ""buy_7th_pre_req"": ""1462"", ""buy_7th_pre_req_pre"": ""0"", ""buy_8th_pre_bid"": ""-22000"", ""buy_8th_pre_req"": ""1742"", ""buy_8th_pre_req_pre"": ""0"", ""buy_9th_pre_bid"": ""-21950"", ""buy_9th_pre_req"": ""286"", ""buy_9th_pre_req_pre"": ""0"", ""buy_10th_pre_bid"": ""-21900"", ""buy_10th_pre_req"": ""417"", ""buy_10th_pre_req_pre"": ""0"", ""tot_sel_req_jub_pre"": ""+30"", ""tot_sel_req"": ""735"", ""tot_buy_req"": ""7281"", ""tot_buy_req_jub_pre"": ""0"", ""ovt_sel_req_pre"": ""0"", ""ovt_sel_req"": ""0"", ""ovt_buy_req"": ""0"", ""ovt_buy_req_pre"": ""0"", ""return_code"": 0, ""return_msg"": ""정상적으로 처리되었습니다""}"
2026-09-10,scan_candidate,213420,2026-09-10T09:30:14.472901,0,main_scan,32200,32250,32200,32100,32200,31950,-1.1398602484472158,0.3105590062111801,45257450,800805522750,4791744825,4.6084989106069685,-0.15503875968992248,"{""bid_req_base_tm"": ""093131"", ""sel_10th_pre_req_pre"": ""0"", ""sel_10th_pre_req"": ""178"", ""sel_10th_pre_bid"": ""+32650"", ""sel_9th_pre_req_pre"": ""0"", ""sel_9th_pre_req"": ""73"", ""sel_9th_pre_bid"": ""+32600"", ""sel_8th_pre_req_pre"": ""0"", ""sel_8th_pre_req"": ""79"", ""sel_8th_pre_bid"": ""+32550"", ""sel_7th_pre_req_pre"": ""0"", ""sel_7th_pre_req"": ""781"", ""sel_7th_pre_bid"": ""+32500"", ""sel_6th_pre_req_pre"": ""0"", ""sel_6th_pre_req"": ""425"", ""sel_6th_pre_bid"": ""+32450"", ""sel_5th_pre_req_pre"": ""0"", ""sel_5th_pre_req"": ""312"", ""sel_5th_pre_bid"": ""+32400"", ""sel_4th_pre_req_pre"": ""0"", ""sel_4th_pre_req"": ""298"", ""sel_4th_pre_bid"": ""+32350"", ""sel_3th_pre_req_pre"": ""0"", ""sel_3th_pre_req"": ""977"", ""sel_3th_pre_bid"": ""+32300"", ""sel_2th_pre_req_pre"": ""0"", ""sel_2th_pre_req"": ""108"", ""sel_2th_pre_bid"": ""+32250"", ""sel_1th_pre_req_pre"": ""+31"", ""sel_fpr_req"": ""173"", ""sel_fpr_bid"": ""+32200"", ""buy_fpr_bid"": ""+32100"", ""buy_fpr_req"": ""546"", ""buy_1th_pre_req_pre"": ""0"", ""buy_2th_pre_bid"": ""+32050"", ""buy_2th_pre_req"": ""77"", ""buy_2th_pre_req_pre"": ""0"", ""buy_3th_pre_bid"": ""+32000"", ""buy_3th_pre_req"": ""20"", ""buy_3th_pre_req_pre"": ""0"", ""buy_4th_pre_bid"": ""+31950"", ""buy_4th_pre_req"": ""7"", ""buy_4th_pre_req_pre"": ""+1"", ""buy_5th_pre_bid"": ""+31900"", ""buy_5th_pre_req"": ""65"", ""buy_5th_pre_req_pre"": ""0"", ""buy_6th_pre_bid"": ""+31850"", ""buy_6th_pre_req"": ""17"", ""buy_6th_pre_req_pre"": ""0"", ""buy_7th_pre_bid"": ""+31800"", ""buy_7th_pre_req"": ""108"", ""buy_7th_pre_req_pre"": ""0"", ""buy_8th_pre_bid"": ""+31750"", ""buy_8th_pre_req"": ""225"", ""buy_8th_pre_req_pre"": ""0"", ""buy_9th_pre_bid"": ""+31700"", ""buy_9th_pre_req"": ""155"", ""buy_9th_pre_req_pre"": ""0"", ""buy_10th_pre_bid"": ""+31650"", ""buy_10th_pre_req"": ""377"", ""buy_10th_pre_req_pre"": ""0"", ""tot_sel_req_jub_pre"": ""+31"", ""tot_sel_req"": ""3404"", ""tot_buy_req"": ""1597"", ""tot_buy_req_jub_pre"": ""+1"", ""ovt_sel_req_pre"": ""0"", ""ovt_sel_req"": ""0"", ""ovt_buy_req"": ""0"", ""ovt_buy_req_pre"": ""0"", ""return_code"": 0, ""return_msg"": ""정상적으로 처리되었습니다""}"
2026-09-10,scan_candidate,100790,2026-09-10T09:30:14.472901,0,main_scan,16540,14980,16540,16470,16540,16600,-0.1496584038694008,0.42321644498186217,13514020,795746258440,7954161650,4.6084989106069685,10.413885180240321,"{""bid_req_base_tm"": ""093132"", ""sel_10th_pre_req_pre"": ""0"", ""sel_10th_pre_req"": ""787"", ""sel_10th_pre_bid"": ""-16820"", ""sel_9th_pre_req_pre"": ""0"", ""sel_9th_pre_req"": ""61"", ""sel_9th_pre_bid"": ""-16810"", ""sel_8th_pre_req_pre"": ""0"", ""sel_8th_pre_req"": ""512"", ""sel_8th_pre_bid"": ""-16800"", ""sel_7th_pre_req_pre"": ""0"", ""sel_7th_pre_req"": ""26"", ""sel_7th_pre_bid"": ""-16780"", ""sel_6th_pre_req_pre"": ""0"", ""sel_6th_pre_req"": ""134"", ""sel_6th_pre_bid"": ""-16710"", ""sel_5th_pre_req_pre"": ""0"", ""sel_5th_pre_req"": ""1"", ""sel_5th_pre_bid"": ""-16700"", ""sel_4th_pre_req_pre"": ""0"", ""sel_4th_pre_req"": ""40"", ""sel_4th_pre_bid"": ""-16620"", ""sel_3th_pre_req_pre"": ""0"", ""sel_3th_pre_req"": ""614"", ""sel_3th_pre_bid"": ""-16600"", ""sel_2th_pre_req_pre"": ""0"", ""sel_2th_pre_req"": ""329"", ""sel_2th_pre_bid"": ""-16550"", ""sel_1th_pre_req_pre"": ""+16"", ""sel_fpr_req"": ""17"", ""sel_fpr_bid"": ""-16540"", ""buy_fpr_bid"": ""-16470"", ""buy_fpr_req"": ""104"", ""buy_1th_pre_req_pre"": ""0"", ""buy_2th_pre_bid"": ""-16460"", ""buy_2th_pre_req"": ""786"", ""buy_2th_pre_req_pre"": ""0"", ""buy_3th_pre_bid"": ""-16450"", ""buy_3th_pre_req"": ""436"", ""buy_3th_pre_req_pre"": ""0"", ""buy_4th_pre_bid"": ""-16440"", ""buy_4th_pre_req"": ""105"", ""buy_4th_pre_req_pre"": ""0"", ""buy_5th_pre_bid"": ""-16430"", ""buy_5th_pre_req"": ""150"", ""buy_5th_pre_req_pre"": ""0"", ""buy_6th_pre_bid"": ""-16420"", ""buy_6th_pre_req"": ""158"", ""buy_6th_pre_req_pre"": ""0"", ""buy_7th_pre_bid"": ""-16410"", ""buy_7th_pre_req"": ""418"", ""buy_7th_pre_req_pre"": ""0"", ""buy_8th_pre_bid"": ""-16400"", ""buy_8th_pre_req"": ""2350"", ""buy_8th_pre_req_pre"": ""0"", ""buy_9th_pre_bid"": ""-16390"", ""buy_9th_pre_req"": ""259"", ""buy_9th_pre_req_pre"": ""0"", ""buy_10th_pre_bid"": ""-16380"", ""buy_10th_pre_req"": ""86"", ""buy_10th_pre_req_pre"": ""0"", ""tot_sel_req_jub_pre"": ""+16"", ""tot_sel_req"": ""2521"", ""tot_buy_req"": ""4852"", ""tot_buy_req_jub_pre"": ""0"", ""ovt_sel_req_pre"": ""0"", ""ovt_sel_req"": ""0"", ""ovt_buy_req"": ""0"", ""ovt_buy_req_pre"": ""0"", ""return_code"": 0, ""return_msg"": ""정상적으로 처리되었습니다""}"
2026-09-10,scan_candidate,083450,2026-09-10T09:30:14.472901,0,main_scan,45150,43000,45150,45100,45150,44850,-0.9836821705426512,0.11074197120708748,34810950,792490000000,4758025750,4.6084989106069685,5.0,"{""bid_req_base_tm"": ""093133"", ""sel_10th_pre_req_pre"": ""0"", ""sel_10th_pre_req"": ""615"", ""sel_10th_pre_bid"": ""+45600"", ""sel_9th_pre_req_pre"": ""0"", ""sel_9th_pre_req"": ""90"", ""sel_9th_pre_bid"": ""+45550"", ""sel_8th_pre_req_pre"": ""0"", ""sel_8th_pre_req"": ""877"", ""sel_8th_pre_bid"": ""+45500"", ""sel_7th_pre_req_pre"": ""0"", ""sel_7th_pre_req"": ""855"", ""sel_7th_pre_bid"": ""+45450"", ""sel_6th_pre_req_pre"": ""0"", ""sel_6th_pre_req"": ""84"", ""sel_6th_pre_bid"": ""+45400"", ""sel_5th_pre_req_pre"": ""0"", ""sel_5th_pre_req"": ""121"", ""sel_5th_pre_bid"": ""+45350"", ""sel_4th_pre_req_pre"": ""0"", ""sel_4th_pre_req"": ""251"", ""sel_4th_pre_bid"": ""+45300"", ""sel_3th_pre_req_pre"": ""0"", ""sel_3th_pre_req"": ""87"", ""sel_3th_pre_bid"": ""+45250"", ""sel_2th_pre_req_pre"": ""0"", ""sel_2th_pre_req"": ""5"", ""sel_2th_pre_bid"": ""+45200"", ""sel_1th_pre_req_pre"": ""0"", ""sel_fpr_req"": ""464"", ""sel_fpr_bid"": ""+45150"", ""buy_fpr_bid"": ""+45100"", ""buy_fpr_req"": ""3"", ""buy_1th_pre_req_pre"": ""--100"", ""buy_2th_pre_bid"": ""+45050"", ""buy_2th_pre_req"": ""91"", ""buy_2th_pre_req_pre"": ""0"", ""buy_3th_pre_bid"": ""+44950"", ""buy_3th_pre_req"": ""26"", ""buy_3th_pre_req_pre"": ""0"", ""buy_4th_pre_bid"": ""+44900"", ""buy_4th_pre_req"": ""229"", ""buy_4th_pre_req_pre"": ""0"", ""buy_5th_pre_bid"": ""+44800"", ""buy_5th_pre_req"": ""10"", ""buy_5th_pre_req_pre"": ""0"", ""buy_6th_pre_bid"": ""+44700"", ""buy_6th_pre_req"": ""397"", ""buy_6th_pre_req_pre"": ""0"", ""buy_7th_pre_bid"": ""+44650"", ""buy_7th_pre_req"": ""32"", ""buy_7th_pre_req_pre"": ""0"", ""buy_8th_pre_bid"": ""+44600"", ""buy_8th_pre_req"": ""4"", ""buy_8th_pre_req_pre"": ""0"", ""buy_9th_pre_bid"": ""+44550"", ""buy_9th_pre_req"": ""190"", ""buy_9th_pre_req_pre"": ""0"", ""buy_10th_pre_bid"": ""+44500"", ""buy_10th_pre_req"": ""7"", ""buy_10th_pre_req_pre"": ""0"", ""tot_sel_req_jub_pre"": ""0"", ""tot_sel_req"": ""3449"", ""tot_buy_req"": ""989"", ""tot_buy_req_jub_pre"": ""--100"", ""ovt_sel_req_pre"": ""0"", ""ovt_sel_req"": ""0"", ""ovt_buy_req"": ""0"", ""ovt_buy_req_pre"": ""0"", ""return_code"": 0, ""return_msg"": ""정상적으로 처리되었습니다""}"
2026-09-10,scan_candidate,476830,2026-09-10T09:30:14.472901,0,main_scan,27250,28200,27250,27200,27250,27500,0.5225137614678841,0.1834862385321101,90158300,791163295200,6372116750,4.6084989106069685,-3.368794326241135,"{""bid_req_base_tm"": ""093133"", ""sel_10th_pre_req_pre"": ""0"", ""sel_10th_pre_req"": ""336"", ""sel_10th_pre_bid"": ""-27900"", ""sel_9th_pre_req_pre"": ""0"", ""sel_9th_pre_req"": ""207"", ""sel_9th_pre_bid"": ""-27850"", ""sel_8th_pre_req_pre"": ""0"", ""sel_8th_pre_req"": ""42"", ""sel_8th_pre_bid"": ""-27700"", ""sel_7th_pre_req_pre"": ""0"", ""sel_7th_pre_req"": ""61"", ""sel_7th_pre_bid"": ""-27650"", ""sel_6th_pre_req_pre"": ""0"", ""sel_6th_pre_req"": ""200"", ""sel_6th_pre_bid"": ""-27600"", ""sel_5th_pre_req_pre"": ""0"", ""sel_5th_pre_req"": ""4939"", ""sel_5th_pre_bid"": ""-27500"", ""sel_4th_pre_req_pre"": ""0"", ""sel_4th_pre_req"": ""67"", ""sel_4th_pre_bid"": ""-27450"", ""sel_3th_pre_req_pre"": ""0"", ""sel_3th_pre_req"": ""477"", ""sel_3th_pre_bid"": ""-27400"", ""sel_2th_pre_req_pre"": ""0"", ""sel_2th_pre_req"": ""4"", ""sel_2th_pre_bid"": ""-27350"", ""sel_1th_pre_req_pre"": ""0"", ""sel_fpr_req"": ""117"", ""sel_fpr_bid"": ""-27250"", ""buy_fpr_bid"": ""-27200"", ""buy_fpr_req"": ""899"", ""buy_1th_pre_req_pre"": ""0"", ""buy_2th_pre_bid"": ""-27150"", ""buy_2th_pre_req"": ""1080"", ""buy_2th_pre_req_pre"": ""0"", ""buy_3th_pre_bid"": ""-27100"", ""buy_3th_pre_req"": ""2724"", ""buy_3th_pre_req_pre"": ""0"", ""buy_4th_pre_bid"": ""-27050"", ""buy_4th_pre_req"": ""1707"", ""buy_4th_pre_req_pre"": ""0"", ""buy_5th_pre_bid"": ""-27000"", ""buy_5th_pre_req"": ""2256"", ""buy_5th_pre_req_pre"": ""0"", ""buy_6th_pre_bid"": ""-26950"", ""buy_6th_pre_req"": ""61"", ""buy_6th_pre_req_pre"": ""0"", ""buy_7th_pre_bid"": ""-26900"", ""buy_7th_pre_req"": ""460"", ""buy_7th_pre_req_pre"": ""0"", ""buy_8th_pre_bid"": ""-26850"", ""buy_8th_pre_req"": ""549"", ""buy_8th_pre_req_pre"": ""0"", ""buy_9th_pre_bid"": ""-26800"", ""buy_9th_pre_req"": ""302"", ""buy_9th_pre_req_pre"": ""0"", ""buy_10th_pre_bid"": ""-26750"", ""buy_10th_pre_req"": ""451"", ""buy_10th_pre_req_pre"": ""0"", ""tot_sel_req_jub_pre"": ""0"", ""tot_sel_req"": ""6450"", ""tot_buy_req"": ""10489"", ""tot_buy_req_jub_pre"": ""0"", ""ovt_sel_req_pre"": ""0"", ""ovt_sel_req"": ""0"", ""ovt_buy_req"": ""0"", ""ovt_buy_req_pre"": ""0"", ""return_code"": 0, ""return_msg"": ""정상적으로 처리되었습니다""}"
2026-09-10,scan_candidate,122870,2026-09-10T09:30:14.472901,0,main_scan,42050,41950,42050,41850,42050,42100,-0.21000000000000069,0.47562425683709864,6872100,784089505550,3781065425,4.6084989106069685,0.23837902264600713,"{""bid_req_base_tm"": ""093132"", ""sel_10th_pre_req_pre"": ""--20"", ""sel_10th_pre_req"": ""26"", ""sel_10th_pre_bid"": ""+42500"", ""sel_9th_pre_req_pre"": ""0"", ""sel_9th_pre_req"": ""41"", ""sel_9th_pre_bid"": ""+42450"", ""sel_8th_pre_req_pre"": ""0"", ""sel_8th_pre_req"": ""113"", ""sel_8th_pre_bid"": ""+42400"", ""sel_7th_pre_req_pre"": ""0"", ""sel_7th_pre_req"": ""72"", ""sel_7th_pre_bid"": ""+42350"", ""sel_6th_pre_req_pre"": ""0"", ""sel_6th_pre_req"": ""36"", ""sel_6th_pre_bid"": ""+42300"", ""sel_5th_pre_req_pre"": ""0"", ""sel_5th_pre_req"": ""21"", ""sel_5th_pre_bid"": ""+42250"", ""sel_4th_pre_req_pre"": ""0"", ""sel_4th_pre_req"": ""149"", ""sel_4th_pre_bid"": ""+42200"", ""sel_3th_pre_req_pre"": ""0"", ""sel_3th_pre_req"": ""5"", ""sel_3th_pre_bid"": ""+42150"", ""sel_2th_pre_req_pre"": ""0"", ""sel_2th_pre_req"": ""7"", ""sel_2th_pre_bid"": ""42100"", ""sel_1th_pre_req_pre"": ""0"", ""sel_fpr_req"": ""42"", ""sel_fpr_bid"": ""-42050"", ""buy_fpr_bid"": ""-41850"", ""buy_fpr_req"": ""200"", ""buy_1th_pre_req_pre"": ""0"", ""buy_2th_pre_bid"": ""-41800"", ""buy_2th_pre_req"": ""3"", ""buy_2th_pre_req_pre"": ""0"", ""buy_3th_pre_bid"": ""-41750"", ""buy_3th_pre_req"": ""130"", ""buy_3th_pre_req_pre"": ""0"", ""buy_4th_pre_bid"": ""-41700"", ""buy_4th_pre_req"": ""12"", ""buy_4th_pre_req_pre"": ""0"", ""buy_5th_pre_bid"": ""-41650"", ""buy_5th_pre_req"": ""2079"", ""buy_5th_pre_req_pre"": ""0"", ""buy_6th_pre_bid"": ""-41600"", ""buy_6th_pre_req"": ""6"", ""buy_6th_pre_req_pre"": ""0"", ""buy_7th_pre_bid"": ""-41550"", ""buy_7th_pre_req"": ""11"", ""buy_7th_pre_req_pre"": ""0"", ""buy_8th_pre_bid"": ""-41500"", ""buy_8th_pre_req"": ""293"", ""buy_8th_pre_req_pre"": ""0"", ""buy_9th_pre_bid"": ""-41450"", ""buy_9th_pre_req"": ""91"", ""buy_9th_pre_req_pre"": ""0"", ""buy_10th_pre_bid"": ""-41400"", ""buy_10th_pre_req"": ""164"", ""buy_10th_pre_req_pre"": ""0"", ""tot_sel_req_jub_pre"": ""--20"", ""tot_sel_req"": ""512"", ""tot_buy_req"": ""2989"", ""tot_buy_req_jub_pre"": ""0"", ""ovt_sel_req_pre"": ""0"", ""ovt_sel_req"": ""0"", ""ovt_buy_req"": ""0"", ""ovt_buy_req_pre"": ""0"", ""return_code"": 0, ""return_msg"": ""정상적으로 처리되었습니다""}"
2026-09-10,scan_candidate,099320,2026-09-10T09:30:14.472901,0,main_scan,71100,70700,71100,70600,71100,71200,-0.2100000000000172,0.7032348804500703,1424300,774255354600,3029446800,4.6084989106069685,0.5657708628005658,"{""bid_req_base_tm"": ""093128"", ""sel_10th_pre_req_pre"": ""0"", ""sel_10th_pre_req"": ""234"", ""sel_10th_pre_bid"": ""+72000"", ""sel_9th_pre_req_pre"": ""0"", ""sel_9th_pre_req"": ""210"", ""sel_9th_pre_bid"": ""71900"", ""sel_8th_pre_req_pre"": ""0"", ""sel_8th_pre_req"": ""57"", ""sel_8th_pre_bid"": ""-71800"", ""sel_7th_pre_req_pre"": ""0"", ""sel_7th_pre_req"": ""6"", ""sel_7th_pre_bid"": ""-71700"", ""sel_6th_pre_req_pre"": ""0"", ""sel_6th_pre_req"": ""5"", ""sel_6th_pre_bid"": ""-71600"", ""sel_5th_pre_req_pre"": ""0"", ""sel_5th_pre_req"": ""5"", ""sel_5th_pre_bid"": ""-71500"", ""sel_4th_pre_req_pre"": ""0"", ""sel_4th_pre_req"": ""2"", ""sel_4th_pre_bid"": ""-71400"", ""sel_3th_pre_req_pre"": ""0"", ""sel_3th_pre_req"": ""4"", ""sel_3th_pre_bid"": ""-71300"", ""sel_2th_pre_req_pre"": ""0"", ""sel_2th_pre_req"": ""2"", ""sel_2th_pre_bid"": ""-71200"", ""sel_1th_pre_req_pre"": ""0"", ""sel_fpr_req"": ""11"", ""sel_fpr_bid"": ""-71100"", ""buy_fpr_bid"": ""-70600"", ""buy_fpr_req"": ""20"", ""buy_1th_pre_req_pre"": ""0"", ""buy_2th_pre_bid"": ""-70500"", ""buy_2th_pre_req"": ""101"", ""buy_2th_pre_req_pre"": ""+1"", ""buy_3th_pre_bid"": ""-70400"", ""buy_3th_pre_req"": ""41"", ""buy_3th_pre_req_pre"": ""0"", ""buy_4th_pre_bid"": ""-70300"", ""buy_4th_pre_req"": ""112"", ""buy_4th_pre_req_pre"": ""--1"", ""buy_5th_pre_bid"": ""-70200"", ""buy_5th_pre_req"": ""75"", ""buy_5th_pre_req_pre"": ""0"", ""buy_6th_pre_bid"": ""-70100"", ""buy_6th_pre_req"": ""51"", ""buy_6th_pre_req_pre"": ""0"", ""buy_7th_pre_bid"": ""-70000"", ""buy_7th_pre_req"": ""159"", ""buy_7th_pre_req_pre"": ""0"", ""buy_8th_pre_bid"": ""-69900"", ""buy_8th_pre_req"": ""82"", ""buy_8th_pre_req_pre"": ""0"", ""buy_9th_pre_bid"": ""-69800"", ""buy_9th_pre_req"": ""64"", ""buy_9th_pre_req_pre"": ""0"", ""buy_10th_pre_bid"": ""-69700"", ""buy_10th_pre_req"": ""54"", ""buy_10th_pre_req_pre"": ""0"", ""tot_sel_req_jub_pre"": ""0"", ""tot_sel_req"": ""536"", ""tot_buy_req"": ""759"", ""tot_buy_req_jub_pre"": ""0"", ""ovt_sel_req_pre"": ""0"", ""ovt_sel_req"": ""0"", ""ovt_buy_req"": ""0"", ""ovt_buy_req_pre"": ""0"", ""return_code"": 0, ""return_msg"": ""정상적으로 처리되었습니다""}"
2026-09-10,scan_candidate,950260,2026-09-10T09:30:14.472901,0,main_scan,15560,15580,15560,15550,15560,15550,-0.5948521850899814,0.06426735218508997,10184630,770346977060,44531165580,4.6084989106069685,-0.12836970474967907,"{""bid_req_base_tm"": ""093133"", ""sel_10th_pre_req_pre"": ""0"", ""sel_10th_pre_req"": ""243"", ""sel_10th_pre_bid"": ""-15660"", ""sel_9th_pre_req_pre"": ""0"", ""sel_9th_pre_req"": ""5"", ""sel_9th_pre_bid"": ""-15650"", ""sel_8th_pre_req_pre"": ""0"", ""sel_8th_pre_req"": ""422"", ""sel_8th_pre_bid"": ""-15630"", ""sel_7th_pre_req_pre"": ""0"", ""sel_7th_pre_req"": ""65"", ""sel_7th_pre_bid"": ""-15620"", ""sel_6th_pre_req_pre"": ""0"", ""sel_6th_pre_req"": ""65"", ""sel_6th_pre_bid"": ""-15610"", ""sel_5th_pre_req_pre"": ""0"", ""sel_5th_pre_req"": ""98"", ""sel_5th_pre_bid"": ""-15600"", ""sel_4th_pre_req_pre"": ""0"", ""sel_4th_pre_req"": ""77"", ""sel_4th_pre_bid"": ""-15590"", ""sel_3th_pre_req_pre"": ""0"", ""sel_3th_pre_req"": ""265"", ""sel_3th_pre_bid"": ""-15580"", ""sel_2th_pre_req_pre"": ""0"", ""sel_2th_pre_req"": ""65"", ""sel_2th_pre_bid"": ""-15570"", ""sel_1th_pre_req_pre"": ""0"", ""sel_fpr_req"": ""285"", ""sel_fpr_bid"": ""-15560"", ""buy_fpr_bid"": ""-15550"", ""buy_fpr_req"": ""83"", ""buy_1th_pre_req_pre"": ""0"", ""buy_2th_pre_bid"": ""-15480"", ""buy_2th_pre_req"": ""653"", ""buy_2th_pre_req_pre"": ""0"", ""buy_3th_pre_bid"": ""-15470"", ""buy_3th_pre_req"": ""29"", ""buy_3th_pre_req_pre"": ""0"", ""buy_4th_pre_bid"": ""-15460"", ""buy_4th_pre_req"": ""20"", ""buy_4th_pre_req_pre"": ""0"", ""buy_5th_pre_bid"": ""-15440"", ""buy_5th_pre_req"": ""185"", ""buy_5th_pre_req_pre"": ""0"", ""buy_6th_pre_bid"": ""-15430"", ""buy_6th_pre_req"": ""377"", ""buy_6th_pre_req_pre"": ""0"", ""buy_7th_pre_bid"": ""-15420"", ""buy_7th_pre_req"": ""281"", ""buy_7th_pre_req_pre"": ""0"", ""buy_8th_pre_bid"": ""-15410"", ""buy_8th_pre_req"": ""97"", ""buy_8th_pre_req_pre"": ""0"", ""buy_9th_pre_bid"": ""-15400"", ""buy_9th_pre_req"": ""602"", ""buy_9th_pre_req_pre"": ""0"", ""buy_10th_pre_bid"": ""-15390"", ""buy_10th_pre_req"": ""151"", ""buy_10th_pre_req_pre"": ""0"", ""tot_sel_req_jub_pre"": ""0"", ""tot_sel_req"": ""1590"", ""tot_buy_req"": ""2478"", ""tot_buy_req_jub_pre"": ""--119"", ""ovt_sel_req_pre"": ""0"", ""ovt_sel_req"": ""0"", ""ovt_buy_req"": ""0"", ""ovt_buy_req_pre"": ""0"", ""return_code"": 0, ""return_msg"": ""정상적으로 처리되었습니다""}"
2026-09-10,scan_candidate,090710,2026-09-10T09:30:14.472901,0,main_scan,6340,6270,6340,6330,6340,6360,-0.0525788643533224,0.15772870662460567,33851510,749635111830,9488431835,4.6084989106069685,1.1164274322169059,"{""bid_req_base_tm"": ""093134"", ""sel_10th_pre_req_pre"": ""0"", ""sel_10th_pre_req"": ""127"", ""sel_10th_pre_bid"": ""+6430"", ""sel_9th_pre_req_pre"": ""0"", ""sel_9th_pre_req"": ""1203"", ""sel_9th_pre_bid"": ""+6420"", ""sel_8th_pre_req_pre"": ""0"", ""sel_8th_pre_req"": ""165"", ""sel_8th_pre_bid"": ""+6410"", ""sel_7th_pre_req_pre"": ""0"", ""sel_7th_pre_req"": ""939"", ""sel_7th_pre_bid"": ""6400"", ""sel_6th_pre_req_pre"": ""0"", ""sel_6th_pre_req"": ""663"", ""sel_6th_pre_bid"": ""-6390"", ""sel_5th_pre_req_pre"": ""0"", ""sel_5th_pre_req"": ""5"", ""sel_5th_pre_bid"": ""-6380"", ""sel_4th_pre_req_pre"": ""0"", ""sel_4th_pre_req"": ""2336"", ""sel_4th_pre_bid"": ""-6370"", ""sel_3th_pre_req_pre"": ""0"", ""sel_3th_pre_req"": ""1039"", ""sel_3th_pre_bid"": ""-6360"", ""sel_2th_pre_req_pre"": ""0"", ""sel_2th_pre_req"": ""299"", ""sel_2th_pre_bid"": ""-6350"", ""sel_1th_pre_req_pre"": ""0"", ""sel_fpr_req"": ""2695"", ""sel_fpr_bid"": ""-6340"", ""buy_fpr_bid"": ""-6330"", ""buy_fpr_req"": ""86"", ""buy_1th_pre_req_pre"": ""+85"", ""buy_2th_pre_bid"": ""-6320"", ""buy_2th_pre_req"": ""631"", ""buy_2th_pre_req_pre"": ""0"", ""buy_3th_pre_bid"": ""-6310"", ""buy_3th_pre_req"": ""2041"", ""buy_3th_pre_req_pre"": ""0"", ""buy_4th_pre_bid"": ""-6300"", ""buy_4th_pre_req"": ""7711"", ""buy_4th_pre_req_pre"": ""0"", ""buy_5th_pre_bid"": ""-6290"", ""buy_5th_pre_req"": ""1312"", ""buy_5th_pre_req_pre"": ""0"", ""buy_6th_pre_bid"": ""-6280"", ""buy_6th_pre_req"": ""2169"", ""buy_6th_pre_req_pre"": ""0"", ""buy_7th_pre_bid"": ""-6270"", ""buy_7th_pre_req"": ""4723"", ""buy_7th_pre_req_pre"": ""0"", ""buy_8th_pre_bid"": ""-6260"", ""buy_8th_pre_req"": ""6966"", ""buy_8th_pre_req_pre"": ""0"", ""buy_9th_pre_bid"": ""-6250"", ""buy_9th_pre_req"": ""8363"", ""buy_9th_pre_req_pre"": ""0"", ""buy_10th_pre_bid"": ""-6240"", ""buy_10th_pre_req"": ""5001"", ""buy_10th_pre_req_pre"": ""0"", ""tot_sel_req_jub_pre"": ""0"", ""tot_sel_req"": ""9471"", ""tot_buy_req"": ""39003"", ""tot_buy_req_jub_pre"": ""+85"", ""ovt_sel_req_pre"": ""0"", ""ovt_sel_req"": ""0"", ""ovt_buy_req"": ""0"", ""ovt_buy_req_pre"": ""0"", ""return_code"": 0, ""return_msg"": ""정상적으로 처리되었습니다""}"
2026-09-10,scan_candidate,476060,2026-09-10T09:30:14.472901,0,main_scan,15800,16440,15800,15780,15800,15850,-0.21000000000000185,0.12658227848101267,13938820,746504889600,7841803440,4.6084989106069685,-3.8929440389294405,"{""bid_req_base_tm"": ""093134"", ""sel_10th_pre_req_pre"": ""0"", ""sel_10th_pre_req"": ""3"", ""sel_10th_pre_bid"": ""-15930"", ""sel_9th_pre_req_pre"": ""0"", ""sel_9th_pre_req"": ""15"", ""sel_9th_pre_bid"": ""-15920"", ""sel_8th_pre_req_pre"": ""0"", ""sel_8th_pre_req"": ""3"", ""sel_8th_pre_bid"": ""-15910"", ""sel_7th_pre_req_pre"": ""0"", ""sel_7th_pre_req"": ""9"", ""sel_7th_pre_bid"": ""-15900"", ""sel_6th_pre_req_pre"": ""0"", ""sel_6th_pre_req"": ""188"", ""sel_6th_pre_bid"": ""-15890"", ""sel_5th_pre_req_pre"": ""0"", ""sel_5th_pre_req"": ""11"", ""sel_5th_pre_bid"": ""-15870"", ""sel_4th_pre_req_pre"": ""0"", ""sel_4th_pre_req"": ""1"", ""sel_4th_pre_bid"": ""-15860"", ""sel_3th_pre_req_pre"": ""0"", ""sel_3th_pre_req"": ""44"", ""sel_3th_pre_bid"": ""-15850"", ""sel_2th_pre_req_pre"": ""0"", ""sel_2th_pre_req"": ""474"", ""sel_2th_pre_bid"": ""-15840"", ""sel_1th_pre_req_pre"": ""0"", ""sel_fpr_req"": ""419"", ""sel_fpr_bid"": ""-15800"", ""buy_fpr_bid"": ""-15780"", ""buy_fpr_req"": ""257"", ""buy_1th_pre_req_pre"": ""0"", ""buy_2th_pre_bid"": ""-15770"", ""buy_2th_pre_req"": ""1048"", ""buy_2th_pre_req_pre"": ""0"", ""buy_3th_pre_bid"": ""-15760"", ""buy_3th_pre_req"": ""590"", ""buy_3th_pre_req_pre"": ""0"", ""buy_4th_pre_bid"": ""-15750"", ""buy_4th_pre_req"": ""326"", ""buy_4th_pre_req_pre"": ""--4"", ""buy_5th_pre_bid"": ""-15740"", ""buy_5th_pre_req"": ""107"", ""buy_5th_pre_req_pre"": ""0"", ""buy_6th_pre_bid"": ""-15730"", ""buy_6th_pre_req"": ""101"", ""buy_6th_pre_req_pre"": ""0"", ""buy_7th_pre_bid"": ""-15720"", ""buy_7th_pre_req"": ""579"", ""buy_7th_pre_req_pre"": ""0"", ""buy_8th_pre_bid"": ""-15710"", ""buy_8th_pre_req"": ""330"", ""buy_8th_pre_req_pre"": ""0"", ""buy_9th_pre_bid"": ""-15700"", ""buy_9th_pre_req"": ""598"", ""buy_9th_pre_req_pre"": ""0"", ""buy_10th_pre_bid"": ""-15690"", ""buy_10th_pre_req"": ""276"", ""buy_10th_pre_req_pre"": ""+4"", ""tot_sel_req_jub_pre"": ""0"", ""tot_sel_req"": ""1167"", ""tot_buy_req"": ""4212"", ""tot_buy_req_jub_pre"": ""0"", ""ovt_sel_req_pre"": ""0"", ""ovt_sel_req"": ""0"", ""ovt_buy_req"": ""0"", ""ovt_buy_req_pre"": ""0"", ""return_code"": 0, ""return_msg"": ""정상적으로 처리되었습니다""}"
2026-09-10,scan_candidate,090360,2026-09-10T09:30:14.472901,0,main_scan,80100,76400,80100,80000,80100,79900,-0.583801498127359,0.12484394506866417,34430500,744900000000,30599032500,4.6084989106069685,4.842931937172775,"{""bid_req_base_tm"": ""093133"", ""sel_10th_pre_req_pre"": ""0"", ""sel_10th_pre_req"": ""237"", ""sel_10th_pre_bid"": ""+81000"", ""sel_9th_pre_req_pre"": ""0"", ""sel_9th_pre_req"": ""401"", ""sel_9th_pre_bid"": ""+80900"", ""sel_8th_pre_req_pre"": ""0"", ""sel_8th_pre_req"": ""53"", ""sel_8th_pre_bid"": ""+80800"", ""sel_7th_pre_req_pre"": ""0"", ""sel_7th_pre_req"": ""185"", ""sel_7th_pre_bid"": ""+80700"", ""sel_6th_pre_req_pre"": ""0"", ""sel_6th_pre_req"": ""630"", ""sel_6th_pre_bid"": ""+80600"", ""sel_5th_pre_req_pre"": ""0"", ""sel_5th_pre_req"": ""180"", ""sel_5th_pre_bid"": ""+80500"", ""sel_4th_pre_req_pre"": ""0"", ""sel_4th_pre_req"": ""60"", ""sel_4th_pre_bid"": ""+80400"", ""sel_3th_pre_req_pre"": ""0"", ""sel_3th_pre_req"": ""58"", ""sel_3th_pre_bid"": ""+80300"", ""sel_2th_pre_req_pre"": ""0"", ""sel_2th_pre_req"": ""74"", ""sel_2th_pre_bid"": ""+80200"", ""sel_1th_pre_req_pre"": ""0"", ""sel_fpr_req"": ""178"", ""sel_fpr_bid"": ""+80100"", ""buy_fpr_bid"": ""+80000"", ""buy_fpr_req"": ""107"", ""buy_1th_pre_req_pre"": ""+1"", ""buy_2th_pre_bid"": ""+79900"", ""buy_2th_pre_req"": ""100"", ""buy_2th_pre_req_pre"": ""0"", ""buy_3th_pre_bid"": ""+79800"", ""buy_3th_pre_req"": ""69"", ""buy_3th_pre_req_pre"": ""0"", ""buy_4th_pre_bid"": ""+79700"", ""buy_4th_pre_req"": ""85"", ""buy_4th_pre_req_pre"": ""0"", ""buy_5th_pre_bid"": ""+79600"", ""buy_5th_pre_req"": ""483"", ""buy_5th_pre_req_pre"": ""0"", ""buy_6th_pre_bid"": ""+79500"", ""buy_6th_pre_req"": ""76"", ""buy_6th_pre_req_pre"": ""0"", ""buy_7th_pre_bid"": ""+79400"", ""buy_7th_pre_req"": ""25"", ""buy_7th_pre_req_pre"": ""0"", ""buy_8th_pre_bid"": ""+79300"", ""buy_8th_pre_req"": ""517"", ""buy_8th_pre_req_pre"": ""0"", ""buy_9th_pre_bid"": ""+79200"", ""buy_9th_pre_req"": ""84"", ""buy_9th_pre_req_pre"": ""0"", ""buy_10th_pre_bid"": ""+79100"", ""buy_10th_pre_req"": ""106"", ""buy_10th_pre_req_pre"": ""0"", ""tot_sel_req_jub_pre"": ""0"", ""tot_sel_req"": ""2056"", ""tot_buy_req"": ""1652"", ""tot_buy_req_jub_pre"": ""+1"", ""ovt_sel_req_pre"": ""0"", ""ovt_sel_req"": ""0"", ""ovt_buy_req"": ""0"", ""ovt_buy_req_pre"": ""0"", ""return_code"": 0, ""return_msg"": ""정상적으로 처리되었습니다""}"
2026-09-10,scan_candidate,119850,2026-09-10T09:30:14.472901,0,main_scan,48000,44900,48000,47900,48000,48200,0.10189062499998727,0.20833333333333334,13871000,738556014100,18179724950,4.6084989106069685,6.904231625835189,"{""bid_req_base_tm"": ""093134"", ""sel_10th_pre_req_pre"": ""0"", ""sel_10th_pre_req"": ""514"", ""sel_10th_pre_bid"": ""+48600"", ""sel_9th_pre_req_pre"": ""0"", ""sel_9th_pre_req"": ""106"", ""sel_9th_pre_bid"": ""+48550"", ""sel_8th_pre_req_pre"": ""0"", ""sel_8th_pre_req"": ""37"", ""sel_8th_pre_bid"": ""+48500"", ""sel_7th_pre_req_pre"": ""0"", ""sel_7th_pre_req"": ""5"", ""sel_7th_pre_bid"": ""+48450"", ""sel_6th_pre_req_pre"": ""0"", ""sel_6th_pre_req"": ""101"", ""sel_6th_pre_bid"": ""+48400"", ""sel_5th_pre_req_pre"": ""0"", ""sel_5th_pre_req"": ""111"", ""sel_5th_pre_bid"": ""+48350"", ""sel_4th_pre_req_pre"": ""0"", ""sel_4th_pre_req"": ""82"", ""sel_4th_pre_bid"": ""48300"", ""sel_3th_pre_req_pre"": ""0"", ""sel_3th_pre_req"": ""57"", ""sel_3th_pre_bid"": ""-48150"", ""sel_2th_pre_req_pre"": ""0"", ""sel_2th_pre_req"": ""49"", ""sel_2th_pre_bid"": ""-48050"", ""sel_1th_pre_req_pre"": ""--1"", ""sel_fpr_req"": ""83"", ""sel_fpr_bid"": ""-48000"", ""buy_fpr_bid"": ""-47900"", ""buy_fpr_req"": ""206"", ""buy_1th_pre_req_pre"": ""0"", ""buy_2th_pre_bid"": ""-47850"", ""buy_2th_pre_req"": ""1047"", ""buy_2th_pre_req_pre"": ""0"", ""buy_3th_pre_bid"": ""-47800"", ""buy_3th_pre_req"": ""603"", ""buy_3th_pre_req_pre"": ""0"", ""buy_4th_pre_bid"": ""-47750"", ""buy_4th_pre_req"": ""189"", ""buy_4th_pre_req_pre"": ""0"", ""buy_5th_pre_bid"": ""-47700"", ""buy_5th_pre_req"": ""530"", ""buy_5th_pre_req_pre"": ""0"", ""buy_6th_pre_bid"": ""-47650"", ""buy_6th_pre_req"": ""264"", ""buy_6th_pre_req_pre"": ""0"", ""buy_7th_pre_bid"": ""-47600"", ""buy_7th_pre_req"": ""279"", ""buy_7th_pre_req_pre"": ""0"", ""buy_8th_pre_bid"": ""-47550"", ""buy_8th_pre_req"": ""597"", ""buy_8th_pre_req_pre"": ""0"", ""buy_9th_pre_bid"": ""-47500"", ""buy_9th_pre_req"": ""1455"", ""buy_9th_pre_req_pre"": ""0"", ""buy_10th_pre_bid"": ""-47450"", ""buy_10th_pre_req"": ""82"", ""buy_10th_pre_req_pre"": ""0"", ""tot_sel_req_jub_pre"": ""--1"", ""tot_sel_req"": ""1145"", ""tot_buy_req"": ""5252"", ""tot_buy_req_jub_pre"": ""0"", ""ovt_sel_req_pre"": ""0"", ""ovt_sel_req"": ""0"", ""ovt_buy_req"": ""0"", ""ovt_buy_req_pre"": ""0"", ""return_code"": 0, ""return_msg"": ""정상적으로 처리되었습니다""}"
2026-09-10,scan_candidate,281740,2026-09-10T09:30:14.472901,0,main_scan,11220,11060,11220,11210,11220,11250,-0.3879055258467116,0.08912655971479501,4639410,726979860880,3057729780,4.6084989106069685,1.4466546112115732,"{""bid_req_base_tm"": ""093135"", ""sel_10th_pre_req_pre"": ""0"", ""sel_10th_pre_req"": ""10"", ""sel_10th_pre_bid"": ""-11310"", ""sel_9th_pre_req_pre"": ""0"", ""sel_9th_pre_req"": ""10"", ""sel_9th_pre_bid"": ""-11300"", ""sel_8th_pre_req_pre"": ""0"", ""sel_8th_pre_req"": ""111"", ""sel_8th_pre_bid"": ""-11290"", ""sel_7th_pre_req_pre"": ""0"", ""sel_7th_pre_req"": ""1"", ""sel_7th_pre_bid"": ""-11280"", ""sel_6th_pre_req_pre"": ""0"", ""sel_6th_pre_req"": ""49"", ""sel_6th_pre_bid"": ""-11270"", ""sel_5th_pre_req_pre"": ""0"", ""sel_5th_pre_req"": ""17"", ""sel_5th_pre_bid"": ""-11260"", ""sel_4th_pre_req_pre"": ""0"", ""sel_4th_pre_req"": ""1"", ""sel_4th_pre_bid"": ""-11250"", ""sel_3th_pre_req_pre"": ""--356"", ""sel_3th_pre_req"": ""182"", ""sel_3th_pre_bid"": ""-11240"", ""sel_2th_pre_req_pre"": ""0"", ""sel_2th_pre_req"": ""261"", ""sel_2th_pre_bid"": ""-11230"", ""sel_1th_pre_req_pre"": ""0"", ""sel_fpr_req"": ""29"", ""sel_fpr_bid"": ""-11220"", ""buy_fpr_bid"": ""-11210"", ""buy_fpr_req"": ""863"", ""buy_1th_pre_req_pre"": ""0"", ""buy_2th_pre_bid"": ""-11200"", ""buy_2th_pre_req"": ""1211"", ""buy_2th_pre_req_pre"": ""--247"", ""buy_3th_pre_bid"": ""-11190"", ""buy_3th_pre_req"": ""121"", ""buy_3th_pre_req_pre"": ""0"", ""buy_4th_pre_bid"": ""-11180"", ""buy_4th_pre_req"": ""719"", ""buy_4th_pre_req_pre"": ""0"", ""buy_5th_pre_bid"": ""-11170"", ""buy_5th_pre_req"": ""300"", ""buy_5th_pre_req_pre"": ""0"", ""buy_6th_pre_bid"": ""-11160"", ""buy_6th_pre_req"": ""343"", ""buy_6th_pre_req_pre"": ""0"", ""buy_7th_pre_bid"": ""-11150"", ""buy_7th_pre_req"": ""1367"", ""buy_7th_pre_req_pre"": ""0"", ""buy_8th_pre_bid"": ""-11140"", ""buy_8th_pre_req"": ""1429"", ""buy_8th_pre_req_pre"": ""0"", ""buy_9th_pre_bid"": ""-11130"", ""buy_9th_pre_req"": ""2611"", ""buy_9th_pre_req_pre"": ""0"", ""buy_10th_pre_bid"": ""-11120"", ""buy_10th_pre_req"": ""33"", ""buy_10th_pre_req_pre"": ""0"", ""tot_sel_req_jub_pre"": ""--356"", ""tot_sel_req"": ""671"", ""tot_buy_req"": ""8997"", ""tot_buy_req_jub_pre"": ""--247"", ""ovt_sel_req_pre"": ""0"", ""ovt_sel_req"": ""0"", ""ovt_buy_req"": ""0"", ""ovt_buy_req_pre"": ""0"", ""return_code"": 0, ""return_msg"": ""정상적으로 처리되었습니다""}"
2026-09-10,scan_candidate,388210,2026-09-10T09:30:14.472901,0,main_scan,76000,74800,76000,75900,76000,76400,0.1839671052631418,0.13157894736842105,14991000,722151962400,5388054950,4.6084989106069685,1.6042780748663104,"{""bid_req_base_tm"": ""093135"", ""sel_10th_pre_req_pre"": ""0"", ""sel_10th_pre_req"": ""1"", ""sel_10th_pre_bid"": ""+77200"", ""sel_9th_pre_req_pre"": ""0"", ""sel_9th_pre_req"": ""356"", ""sel_9th_pre_bid"": ""+77100"", ""sel_8th_pre_req_pre"": ""0"", ""sel_8th_pre_req"": ""181"", ""sel_8th_pre_bid"": ""+77000"", ""sel_7th_pre_req_pre"": ""0"", ""sel_7th_pre_req"": ""160"", ""sel_7th_pre_bid"": ""+76900"", ""sel_6th_pre_req_pre"": ""0"", ""sel_6th_pre_req"": ""1"", ""sel_6th_pre_bid"": ""+76700"", ""sel_5th_pre_req_pre"": ""0"", ""sel_5th_pre_req"": ""1"", ""sel_5th_pre_bid"": ""+76600"", ""sel_4th_pre_req_pre"": ""0"", ""sel_4th_pre_req"": ""14"", ""sel_4th_pre_bid"": ""+76500"", ""sel_3th_pre_req_pre"": ""0"", ""sel_3th_pre_req"": ""20"", ""sel_3th_pre_bid"": ""+76200"", ""sel_2th_pre_req_pre"": ""0"", ""sel_2th_pre_req"": ""120"", ""sel_2th_pre_bid"": ""+76100"", ""sel_1th_pre_req_pre"": ""0"", ""sel_fpr_req"": ""64"", ""sel_fpr_bid"": ""+76000"", ""buy_fpr_bid"": ""+75900"", ""buy_fpr_req"": ""128"", ""buy_1th_pre_req_pre"": ""+5"", ""buy_2th_pre_bid"": ""+75800"", ""buy_2th_pre_req"": ""50"", ""buy_2th_pre_req_pre"": ""0"", ""buy_3th_pre_bid"": ""+75700"", ""buy_3th_pre_req"": ""197"", ""buy_3th_pre_req_pre"": ""0"", ""buy_4th_pre_bid"": ""+75600"", ""buy_4th_pre_req"": ""11"", ""buy_4th_pre_req_pre"": ""0"", ""buy_5th_pre_bid"": ""+75500"", ""buy_5th_pre_req"": ""58"", ""buy_5th_pre_req_pre"": ""0"", ""buy_6th_pre_bid"": ""+75400"", ""buy_6th_pre_req"": ""59"", ""buy_6th_pre_req_pre"": ""0"", ""buy_7th_pre_bid"": ""+75300"", ""buy_7th_pre_req"": ""22"", ""buy_7th_pre_req_pre"": ""0"", ""buy_8th_pre_bid"": ""+75200"", ""buy_8th_pre_req"": ""10"", ""buy_8th_pre_req_pre"": ""0"", ""buy_9th_pre_bid"": ""+75100"", ""buy_9th_pre_req"": ""34"", ""buy_9th_pre_req_pre"": ""0"", ""buy_10th_pre_bid"": ""+75000"", ""buy_10th_pre_req"": ""68"", ""buy_10th_pre_req_pre"": ""0"", ""tot_sel_req_jub_pre"": ""0"", ""tot_sel_req"": ""918"", ""tot_buy_req"": ""637"", ""tot_buy_req_jub_pre"": ""+5"", ""ovt_sel_req_pre"": ""0"", ""ovt_sel_req"": ""0"", ""ovt_buy_req"": ""0"", ""ovt_buy_req_pre"": ""0"", ""return_code"": 0, ""return_msg"": ""정상적으로 처리되었습니다""}"
2026-09-10,scan_candidate,006730,2026-09-10T09:30:14.472901,0,main_scan,10570,11210,10570,10560,10570,10600,-0.3988457899716298,0.0946073793755913,9811990,720544306830,3067145250,4.6084989106069685,-5.709188224799287,"{""bid_req_base_tm"": ""093134"", ""sel_10th_pre_req_pre"": ""0"", ""sel_10th_pre_req"": ""70"", ""sel_10th_pre_bid"": ""-10710"", ""sel_9th_pre_req_pre"": ""0"", ""sel_9th_pre_req"": ""157"", ""sel_9th_pre_bid"": ""-10680"", ""sel_8th_pre_req_pre"": ""0"", ""sel_8th_pre_req"": ""968"", ""sel_8th_pre_bid"": ""-10660"", ""sel_7th_pre_req_pre"": ""0"", ""sel_7th_pre_req"": ""393"", ""sel_7th_pre_bid"": ""-10640"", ""sel_6th_pre_req_pre"": ""0"", ""sel_6th_pre_req"": ""100"", ""sel_6th_pre_bid"": ""-10630"", ""sel_5th_pre_req_pre"": ""0"", ""sel_5th_pre_req"": ""610"", ""sel_5th_pre_bid"": ""-10620"", ""sel_4th_pre_req_pre"": ""0"", ""sel_4th_pre_req"": ""116"", ""sel_4th_pre_bid"": ""-10600"", ""sel_3th_pre_req_pre"": ""0"", ""sel_3th_pre_req"": ""99"", ""sel_3th_pre_bid"": ""-10590"", ""sel_2th_pre_req_pre"": ""0"", ""sel_2th_pre_req"": ""379"", ""sel_2th_pre_bid"": ""-10580"", ""sel_1th_pre_req_pre"": ""0"", ""sel_fpr_req"": ""96"", ""sel_fpr_bid"": ""-10570"", ""buy_fpr_bid"": ""-10560"", ""buy_fpr_req"": ""356"", ""buy_1th_pre_req_pre"": ""+1"", ""buy_2th_pre_bid"": ""-10550"", ""buy_2th_pre_req"": ""887"", ""buy_2th_pre_req_pre"": ""0"", ""buy_3th_pre_bid"": ""-10540"", ""buy_3th_pre_req"": ""934"", ""buy_3th_pre_req_pre"": ""0"", ""buy_4th_pre_bid"": ""-10530"", ""buy_4th_pre_req"": ""1414"", ""buy_4th_pre_req_pre"": ""0"", ""buy_5th_pre_bid"": ""-10520"", ""buy_5th_pre_req"": ""542"", ""buy_5th_pre_req_pre"": ""0"", ""buy_6th_pre_bid"": ""-10510"", ""buy_6th_pre_req"": ""602"", ""buy_6th_pre_req_pre"": ""0"", ""buy_7th_pre_bid"": ""-10500"", ""buy_7th_pre_req"": ""1214"", ""buy_7th_pre_req_pre"": ""0"", ""buy_8th_pre_bid"": ""-10490"", ""buy_8th_pre_req"": ""135"", ""buy_8th_pre_req_pre"": ""0"", ""buy_9th_pre_bid"": ""-10480"", ""buy_9th_pre_req"": ""151"", ""buy_9th_pre_req_pre"": ""0"", ""buy_10th_pre_bid"": ""-10460"", ""buy_10th_pre_req"": ""10"", ""buy_10th_pre_req_pre"": ""0"", ""tot_sel_req_jub_pre"": ""0"", ""tot_sel_req"": ""2988"", ""tot_buy_req"": ""6245"", ""tot_buy_req_jub_pre"": ""+1"", ""ovt_sel_req_pre"": ""0"", ""ovt_sel_req"": ""0"", ""ovt_buy_req"": ""0"", ""ovt_buy_req_pre"": ""0"", ""return_code"": 0, ""return_msg"": ""정상적으로 처리되었습니다""}"
2026-09-10,scan_candidate,041960,2026-09-10T09:30:14.472901,0,main_scan,9380,9710,9380,9360,9380,9350,-0.6356076759061918,0.21321961620469082,15822500,717437866450,4071517470,4.6084989106069685,-3.398558187435633,"{""bid_req_base_tm"": ""093135"", ""sel_10th_pre_req_pre"": ""0"", ""sel_10th_pre_req"": ""202"", ""sel_10th_pre_bid"": ""+9480"", ""sel_9th_pre_req_pre"": ""0"", ""sel_9th_pre_req"": ""101"", ""sel_9th_pre_bid"": ""+9470"", ""sel_8th_pre_req_pre"": ""0"", ""sel_8th_pre_req"": ""401"", ""sel_8th_pre_bid"": ""+9460"", ""sel_7th_pre_req_pre"": ""0"", ""sel_7th_pre_req"": ""169"", ""sel_7th_pre_bid"": ""+9450"", ""sel_6th_pre_req_pre"": ""0"", ""sel_6th_pre_req"": ""200"", ""sel_6th_pre_bid"": ""9440"", ""sel_5th_pre_req_pre"": ""0"", ""sel_5th_pre_req"": ""302"", ""sel_5th_pre_bid"": ""-9430"", ""sel_4th_pre_req_pre"": ""0"", ""sel_4th_pre_req"": ""100"", ""sel_4th_pre_bid"": ""-9420"", ""sel_3th_pre_req_pre"": ""0"", ""sel_3th_pre_req"": ""155"", ""sel_3th_pre_bid"": ""-9410"", ""sel_2th_pre_req_pre"": ""0"", ""sel_2th_pre_req"": ""280"", ""sel_2th_pre_bid"": ""-9390"", ""sel_1th_pre_req_pre"": ""--100"", ""sel_fpr_req"": ""1080"", ""sel_fpr_bid"": ""-9380"", ""buy_fpr_bid"": ""-9360"", ""buy_fpr_req"": ""1"", ""buy_1th_pre_req_pre"": ""0"", ""buy_2th_pre_bid"": ""-9350"", ""buy_2th_pre_req"": ""685"", ""buy_2th_pre_req_pre"": ""0"", ""buy_3th_pre_bid"": ""-9340"", ""buy_3th_pre_req"": ""322"", ""buy_3th_pre_req_pre"": ""0"", ""buy_4th_pre_bid"": ""-9330"", ""buy_4th_pre_req"": ""10"", ""buy_4th_pre_req_pre"": ""0"", ""buy_5th_pre_bid"": ""-9320"", ""buy_5th_pre_req"": ""151"", ""buy_5th_pre_req_pre"": ""0"", ""buy_6th_pre_bid"": ""-9310"", ""buy_6th_pre_req"": ""320"", ""buy_6th_pre_req_pre"": ""0"", ""buy_7th_pre_bid"": ""-9300"", ""buy_7th_pre_req"": ""888"", ""buy_7th_pre_req_pre"": ""0"", ""buy_8th_pre_bid"": ""-9290"", ""buy_8th_pre_req"": ""368"", ""buy_8th_pre_req_pre"": ""0"", ""buy_9th_pre_bid"": ""-9280"", ""buy_9th_pre_req"": ""1172"", ""buy_9th_pre_req_pre"": ""0"", ""buy_10th_pre_bid"": ""-9270"", ""buy_10th_pre_req"": ""111"", ""buy_10th_pre_req_pre"": ""0"", ""tot_sel_req_jub_pre"": ""--100"", ""tot_sel_req"": ""2990"", ""tot_buy_req"": ""4028"", ""tot_buy_req_jub_pre"": ""0"", ""ovt_sel_req_pre"": ""0"", ""ovt_sel_req"": ""0"", ""ovt_buy_req"": ""0"", ""ovt_buy_req_pre"": ""0"", ""return_code"": 0, ""return_msg"": ""정상적으로 처리되었습니다""}"
2026-09-10,scan_candidate,251970,2026-09-10T09:30:14.472901,0,main_scan,50700,55300,50700,50600,50700,51000,0.18370808678500872,0.19723865877712032,3605900,685720000000,8744596950,4.6084989106069685,-8.318264014466546,"{""bid_req_base_tm"": ""093135"", ""sel_10th_pre_req_pre"": ""0"", ""sel_10th_pre_req"": ""25"", ""sel_10th_pre_bid"": ""+51800"", ""sel_9th_pre_req_pre"": ""0"", ""sel_9th_pre_req"": ""8"", ""sel_9th_pre_bid"": ""+51700"", ""sel_8th_pre_req_pre"": ""0"", ""sel_8th_pre_req"": ""40"", ""sel_8th_pre_bid"": ""+51600"", ""sel_7th_pre_req_pre"": ""0"", ""sel_7th_pre_req"": ""40"", ""sel_7th_pre_bid"": ""+51400"", ""sel_6th_pre_req_pre"": ""0"", ""sel_6th_pre_req"": ""50"", ""sel_6th_pre_bid"": ""51300"", ""sel_5th_pre_req_pre"": ""0"", ""sel_5th_pre_req"": ""6"", ""sel_5th_pre_bid"": ""-51200"", ""sel_4th_pre_req_pre"": ""0"", ""sel_4th_pre_req"": ""1"", ""sel_4th_pre_bid"": ""-51000"", ""sel_3th_pre_req_pre"": ""0"", ""sel_3th_pre_req"": ""10"", ""sel_3th_pre_bid"": ""-50900"", ""sel_2th_pre_req_pre"": ""0"", ""sel_2th_pre_req"": ""32"", ""sel_2th_pre_bid"": ""-50800"", ""sel_1th_pre_req_pre"": ""0"", ""sel_fpr_req"": ""31"", ""sel_fpr_bid"": ""-50700"", ""buy_fpr_bid"": ""-50600"", ""buy_fpr_req"": ""9"", ""buy_1th_pre_req_pre"": ""0"", ""buy_2th_pre_bid"": ""-50500"", ""buy_2th_pre_req"": ""30"", ""buy_2th_pre_req_pre"": ""--4"", ""buy_3th_pre_bid"": ""-50400"", ""buy_3th_pre_req"": ""34"", ""buy_3th_pre_req_pre"": ""0"", ""buy_4th_pre_bid"": ""-50300"", ""buy_4th_pre_req"": ""144"", ""buy_4th_pre_req_pre"": ""0"", ""buy_5th_pre_bid"": ""-50200"", ""buy_5th_pre_req"": ""184"", ""buy_5th_pre_req_pre"": ""0"", ""buy_6th_pre_bid"": ""-50100"", ""buy_6th_pre_req"": ""101"", ""buy_6th_pre_req_pre"": ""0"", ""buy_7th_pre_bid"": ""-50000"", ""buy_7th_pre_req"": ""177"", ""buy_7th_pre_req_pre"": ""0"", ""buy_8th_pre_bid"": ""-49950"", ""buy_8th_pre_req"": ""107"", ""buy_8th_pre_req_pre"": ""0"", ""buy_9th_pre_bid"": ""-49900"", ""buy_9th_pre_req"": ""91"", ""buy_9th_pre_req_pre"": ""0"", ""buy_10th_pre_bid"": ""-49850"", ""buy_10th_pre_req"": ""26"", ""buy_10th_pre_req_pre"": ""0"", ""tot_sel_req_jub_pre"": ""0"", ""tot_sel_req"": ""243"", ""tot_buy_req"": ""903"", ""tot_buy_req_jub_pre"": ""--101"", ""ovt_sel_req_pre"": ""0"", ""ovt_sel_req"": ""0"", ""ovt_buy_req"": ""0"", ""ovt_buy_req_pre"": ""0"", ""return_code"": 0, ""return_msg"": ""정상적으로 처리되었습니다""}"
2026-09-10,scan_candidate,171090,2026-09-10T09:30:14.472901,0,main_scan,66500,67200,66500,66400,66500,67300,0.8405789473684219,0.15037593984962408,5602600,680576467200,3803184000,4.6084989106069685,-1.0416666666666665,"{""bid_req_base_tm"": ""093129"", ""sel_10th_pre_req_pre"": ""0"", ""sel_10th_pre_req"": ""29"", ""sel_10th_pre_bid"": ""+68400"", ""sel_9th_pre_req_pre"": ""0"", ""sel_9th_pre_req"": ""100"", ""sel_9th_pre_bid"": ""+68300"", ""sel_8th_pre_req_pre"": ""0"", ""sel_8th_pre_req"": ""166"", ""sel_8th_pre_bid"": ""+68200"", ""sel_7th_pre_req_pre"": ""0"", ""sel_7th_pre_req"": ""38"", ""sel_7th_pre_bid"": ""68100"", ""sel_6th_pre_req_pre"": ""0"", ""sel_6th_pre_req"": ""21"", ""sel_6th_pre_bid"": ""-68000"", ""sel_5th_pre_req_pre"": ""0"", ""sel_5th_pre_req"": ""15"", ""sel_5th_pre_bid"": ""-67100"", ""sel_4th_pre_req_pre"": ""0"", ""sel_4th_pre_req"": ""3"", ""sel_4th_pre_bid"": ""-67000"", ""sel_3th_pre_req_pre"": ""+22"", ""sel_3th_pre_req"": ""36"", ""sel_3th_pre_bid"": ""-66800"", ""sel_2th_pre_req_pre"": ""0"", ""sel_2th_pre_req"": ""13"", ""sel_2th_pre_bid"": ""-66700"", ""sel_1th_pre_req_pre"": ""0"", ""sel_fpr_req"": ""34"", ""sel_fpr_bid"": ""-66500"", ""buy_fpr_bid"": ""-66400"", ""buy_fpr_req"": ""49"", ""buy_1th_pre_req_pre"": ""0"", ""buy_2th_pre_bid"": ""-66300"", ""buy_2th_pre_req"": ""165"", ""buy_2th_pre_req_pre"": ""0"", ""buy_3th_pre_bid"": ""-66200"", ""buy_3th_pre_req"": ""244"", ""buy_3th_pre_req_pre"": ""0"", ""buy_4th_pre_bid"": ""-66100"", ""buy_4th_pre_req"": ""173"", ""buy_4th_pre_req_pre"": ""0"", ""buy_5th_pre_bid"": ""-66000"", ""buy_5th_pre_req"": ""226"", ""buy_5th_pre_req_pre"": ""0"", ""buy_6th_pre_bid"": ""-65900"", ""buy_6th_pre_req"": ""236"", ""buy_6th_pre_req_pre"": ""0"", ""buy_7th_pre_bid"": ""-65800"", ""buy_7th_pre_req"": ""202"", ""buy_7th_pre_req_pre"": ""0"", ""buy_8th_pre_bid"": ""-65700"", ""buy_8th_pre_req"": ""156"", ""buy_8th_pre_req_pre"": ""0"", ""buy_9th_pre_bid"": ""-65600"", ""buy_9th_pre_req"": ""3"", ""buy_9th_pre_req_pre"": ""0"", ""buy_10th_pre_bid"": ""-65500"", ""buy_10th_pre_req"": ""39"", ""buy_10th_pre_req_pre"": ""0"", ""tot_sel_req_jub_pre"": ""+22"", ""tot_sel_req"": ""455"", ""tot_buy_req"": ""1493"", ""tot_buy_req_jub_pre"": ""0"", ""ovt_sel_req_pre"": ""0"", ""ovt_sel_req"": ""0"", ""ovt_buy_req"": ""0"", ""ovt_buy_req_pre"": ""0"", ""return_code"": 0, ""return_msg"": ""정상적으로 처리되었습니다""}"
2026-09-10,scan_candidate,189300,2026-09-10T09:30:14.472901,0,main_scan,62900,63100,62900,62800,62900,63500,0.5833624801271823,0.1589825119236884,6930200,677536060700,3068775100,4.6084989106069685,-0.31695721077654515,"{""bid_req_base_tm"": ""093120"", ""sel_10th_pre_req_pre"": ""0"", ""sel_10th_pre_req"": ""2"", ""sel_10th_pre_bid"": ""-64300"", ""sel_9th_pre_req_pre"": ""0"", ""sel_9th_pre_req"": ""14"", ""sel_9th_pre_bid"": ""-64100"", ""sel_8th_pre_req_pre"": ""0"", ""sel_8th_pre_req"": ""84"", ""sel_8th_pre_bid"": ""-64000"", ""sel_7th_pre_req_pre"": ""0"", ""sel_7th_pre_req"": ""20"", ""sel_7th_pre_bid"": ""-63500"", ""sel_6th_pre_req_pre"": ""0"", ""sel_6th_pre_req"": ""24"", ""sel_6th_pre_bid"": ""-63400"", ""sel_5th_pre_req_pre"": ""0"", ""sel_5th_pre_req"": ""4"", ""sel_5th_pre_bid"": ""-63300"", ""sel_4th_pre_req_pre"": ""0"", ""sel_4th_pre_req"": ""1"", ""sel_4th_pre_bid"": ""-63200"", ""sel_3th_pre_req_pre"": ""0"", ""sel_3th_pre_req"": ""54"", ""sel_3th_pre_bid"": ""-63100"", ""sel_2th_pre_req_pre"": ""0"", ""sel_2th_pre_req"": ""19"", ""sel_2th_pre_bid"": ""-63000"", ""sel_1th_pre_req_pre"": ""0"", ""sel_fpr_req"": ""48"", ""sel_fpr_bid"": ""-62900"", ""buy_fpr_bid"": ""-62800"", ""buy_fpr_req"": ""1153"", ""buy_1th_pre_req_pre"": ""0"", ""buy_2th_pre_bid"": ""-62700"", ""buy_2th_pre_req"": ""66"", ""buy_2th_pre_req_pre"": ""0"", ""buy_3th_pre_bid"": ""-62600"", ""buy_3th_pre_req"": ""245"", ""buy_3th_pre_req_pre"": ""0"", ""buy_4th_pre_bid"": ""-62500"", ""buy_4th_pre_req"": ""101"", ""buy_4th_pre_req_pre"": ""0"", ""buy_5th_pre_bid"": ""-62400"", ""buy_5th_pre_req"": ""99"", ""buy_5th_pre_req_pre"": ""0"", ""buy_6th_pre_bid"": ""-62300"", ""buy_6th_pre_req"": ""525"", ""buy_6th_pre_req_pre"": ""0"", ""buy_7th_pre_bid"": ""-62200"", ""buy_7th_pre_req"": ""190"", ""buy_7th_pre_req_pre"": ""0"", ""buy_8th_pre_bid"": ""-62100"", ""buy_8th_pre_req"": ""23"", ""buy_8th_pre_req_pre"": ""0"", ""buy_9th_pre_bid"": ""-62000"", ""buy_9th_pre_req"": ""267"", ""buy_9th_pre_req_pre"": ""0"", ""buy_10th_pre_bid"": ""-61900"", ""buy_10th_pre_req"": ""41"", ""buy_10th_pre_req_pre"": ""0"", ""tot_sel_req_jub_pre"": ""0"", ""tot_sel_req"": ""270"", ""tot_buy_req"": ""2710"", ""tot_buy_req_jub_pre"": ""0"", ""ovt_sel_req_pre"": ""0"", ""ovt_sel_req"": ""0"", ""ovt_buy_req"": ""0"", ""ovt_buy_req_pre"": ""0"", ""return_code"": 0, ""return_msg"": ""정상적으로 처리되었습니다""}"
2026-09-10,scan_candidate,023160,2026-09-10T09:30:14.472901,0,main_scan,27450,26150,27450,27400,27450,27550,-0.028205828779613584,0.18214936247723132,5778200,676428378300,3302323025,4.6084989106069685,4.97131931166348,"{""bid_req_base_tm"": ""093135"", ""sel_10th_pre_req_pre"": ""0"", ""sel_10th_pre_req"": ""131"", ""sel_10th_pre_bid"": ""-27900"", ""sel_9th_pre_req_pre"": ""0"", ""sel_9th_pre_req"": ""1252"", ""sel_9th_pre_bid"": ""-27850"", ""sel_8th_pre_req_pre"": ""0"", ""sel_8th_pre_req"": ""456"", ""sel_8th_pre_bid"": ""-27800"", ""sel_7th_pre_req_pre"": ""0"", ""sel_7th_pre_req"": ""496"", ""sel_7th_pre_bid"": ""-27750"", ""sel_6th_pre_req_pre"": ""0"", ""sel_6th_pre_req"": ""129"", ""sel_6th_pre_bid"": ""-27700"", ""sel_5th_pre_req_pre"": ""0"", ""sel_5th_pre_req"": ""62"", ""sel_5th_pre_bid"": ""-27650"", ""sel_4th_pre_req_pre"": ""0"", ""sel_4th_pre_req"": ""29"", ""sel_4th_pre_bid"": ""-27600"", ""sel_3th_pre_req_pre"": ""0"", ""sel_3th_pre_req"": ""24"", ""sel_3th_pre_bid"": ""-27550"", ""sel_2th_pre_req_pre"": ""0"", ""sel_2th_pre_req"": ""48"", ""sel_2th_pre_bid"": ""-27500"", ""sel_1th_pre_req_pre"": ""0"", ""sel_fpr_req"": ""95"", ""sel_fpr_bid"": ""-27450"", ""buy_fpr_bid"": ""-27400"", ""buy_fpr_req"": ""29"", ""buy_1th_pre_req_pre"": ""--6"", ""buy_2th_pre_bid"": ""-27350"", ""buy_2th_pre_req"": ""146"", ""buy_2th_pre_req_pre"": ""0"", ""buy_3th_pre_bid"": ""-27300"", ""buy_3th_pre_req"": ""468"", ""buy_3th_pre_req_pre"": ""0"", ""buy_4th_pre_bid"": ""-27250"", ""buy_4th_pre_req"": ""694"", ""buy_4th_pre_req_pre"": ""0"", ""buy_5th_pre_bid"": ""-27200"", ""buy_5th_pre_req"": ""870"", ""buy_5th_pre_req_pre"": ""0"", ""buy_6th_pre_bid"": ""-27150"", ""buy_6th_pre_req"": ""1561"", ""buy_6th_pre_req_pre"": ""0"", ""buy_7th_pre_bid"": ""-27100"", ""buy_7th_pre_req"": ""1083"", ""buy_7th_pre_req_pre"": ""0"", ""buy_8th_pre_bid"": ""-27050"", ""buy_8th_pre_req"": ""1016"", ""buy_8th_pre_req_pre"": ""0"", ""buy_9th_pre_bid"": ""-27000"", ""buy_9th_pre_req"": ""1661"", ""buy_9th_pre_req_pre"": ""0"", ""buy_10th_pre_bid"": ""-26950"", ""buy_10th_pre_req"": ""212"", ""buy_10th_pre_req_pre"": ""0"", ""tot_sel_req_jub_pre"": ""0"", ""tot_sel_req"": ""2722"", ""tot_buy_req"": ""7740"", ""tot_buy_req_jub_pre"": ""--6"", ""ovt_sel_req_pre"": ""0"", ""ovt_sel_req"": ""0"", ""ovt_buy_req"": ""0"", ""ovt_buy_req_pre"": ""0"", ""return_code"": 0, ""return_msg"": ""정상적으로 처리되었습니다""}"
2026-09-10,scan_candidate,425420,2026-09-10T09:30:14.472901,0,main_scan,55100,52700,55100,55000,55100,55500,0.3334029038112422,0.18148820326678766,7841800,650696438700,8270305300,4.6084989106069685,4.554079696394687,"{""bid_req_base_tm"": ""093136"", ""sel_10th_pre_req_pre"": ""0"", ""sel_10th_pre_req"": ""54"", ""sel_10th_pre_bid"": ""+56300"", ""sel_9th_pre_req_pre"": ""0"", ""sel_9th_pre_req"": ""92"", ""sel_9th_pre_bid"": ""+56200"", ""sel_8th_pre_req_pre"": ""0"", ""sel_8th_pre_req"": ""127"", ""sel_8th_pre_bid"": ""+56100"", ""sel_7th_pre_req_pre"": ""0"", ""sel_7th_pre_req"": ""198"", ""sel_7th_pre_bid"": ""+56000"", ""sel_6th_pre_req_pre"": ""0"", ""sel_6th_pre_req"": ""420"", ""sel_6th_pre_bid"": ""+55900"", ""sel_5th_pre_req_pre"": ""0"", ""sel_5th_pre_req"": ""31"", ""sel_5th_pre_bid"": ""+55800"", ""sel_4th_pre_req_pre"": ""0"", ""sel_4th_pre_req"": ""13"", ""sel_4th_pre_bid"": ""+55600"", ""sel_3th_pre_req_pre"": ""0"", ""sel_3th_pre_req"": ""1"", ""sel_3th_pre_bid"": ""+55300"", ""sel_2th_pre_req_pre"": ""--136"", ""sel_2th_pre_req"": ""11"", ""sel_2th_pre_bid"": ""+55200"", ""sel_1th_pre_req_pre"": ""0"", ""sel_fpr_req"": ""105"", ""sel_fpr_bid"": ""+55100"", ""buy_fpr_bid"": ""+55000"", ""buy_fpr_req"": ""5"", ""buy_1th_pre_req_pre"": ""0"", ""buy_2th_pre_bid"": ""+54900"", ""buy_2th_pre_req"": ""65"", ""buy_2th_pre_req_pre"": ""0"", ""buy_3th_pre_bid"": ""+54800"", ""buy_3th_pre_req"": ""95"", ""buy_3th_pre_req_pre"": ""--94"", ""buy_4th_pre_bid"": ""+54700"", ""buy_4th_pre_req"": ""523"", ""buy_4th_pre_req_pre"": ""+74"", ""buy_5th_pre_bid"": ""+54600"", ""buy_5th_pre_req"": ""185"", ""buy_5th_pre_req_pre"": ""0"", ""buy_6th_pre_bid"": ""+54500"", ""buy_6th_pre_req"": ""26"", ""buy_6th_pre_req_pre"": ""0"", ""buy_7th_pre_bid"": ""+54400"", ""buy_7th_pre_req"": ""288"", ""buy_7th_pre_req_pre"": ""0"", ""buy_8th_pre_bid"": ""+54300"", ""buy_8th_pre_req"": ""255"", ""buy_8th_pre_req_pre"": ""0"", ""buy_9th_pre_bid"": ""+54200"", ""buy_9th_pre_req"": ""125"", ""buy_9th_pre_req_pre"": ""0"", ""buy_10th_pre_bid"": ""+54100"", ""buy_10th_pre_req"": ""190"", ""buy_10th_pre_req_pre"": ""0"", ""tot_sel_req_jub_pre"": ""--61"", ""tot_sel_req"": ""1052"", ""tot_buy_req"": ""1757"", ""tot_buy_req_jub_pre"": ""+165"", ""ovt_sel_req_pre"": ""0"", ""ovt_sel_req"": ""0"", ""ovt_buy_req"": ""0"", ""ovt_buy_req_pre"": ""0"", ""return_code"": 0, ""return_msg"": ""정상적으로 처리되었습니다""}"
2026-09-10,scan_candidate,044490,2026-09-10T09:30:14.472901,0,main_scan,35400,32400,35400,35350,35400,35500,-0.06903248587572676,0.14124293785310735,14626450,648239144400,13208924550,4.6084989106069685,9.25925925925926,"{""bid_req_base_tm"": ""093135"", ""sel_10th_pre_req_pre"": ""0"", ""sel_10th_pre_req"": ""90"", ""sel_10th_pre_bid"": ""-35850"", ""sel_9th_pre_req_pre"": ""0"", ""sel_9th_pre_req"": ""817"", ""sel_9th_pre_bid"": ""-35800"", ""sel_8th_pre_req_pre"": ""0"", ""sel_8th_pre_req"": ""117"", ""sel_8th_pre_bid"": ""-35750"", ""sel_7th_pre_req_pre"": ""0"", ""sel_7th_pre_req"": ""110"", ""sel_7th_pre_bid"": ""-35700"", ""sel_6th_pre_req_pre"": ""0"", ""sel_6th_pre_req"": ""75"", ""sel_6th_pre_bid"": ""-35650"", ""sel_5th_pre_req_pre"": ""0"", ""sel_5th_pre_req"": ""184"", ""sel_5th_pre_bid"": ""-35600"", ""sel_4th_pre_req_pre"": ""0"", ""sel_4th_pre_req"": ""73"", ""sel_4th_pre_bid"": ""-35550"", ""sel_3th_pre_req_pre"": ""0"", ""sel_3th_pre_req"": ""166"", ""sel_3th_pre_bid"": ""-35500"", ""sel_2th_pre_req_pre"": ""0"", ""sel_2th_pre_req"": ""23"", ""sel_2th_pre_bid"": ""-35450"", ""sel_1th_pre_req_pre"": ""--2"", ""sel_fpr_req"": ""112"", ""sel_fpr_bid"": ""-35400"", ""buy_fpr_bid"": ""-35350"", ""buy_fpr_req"": ""263"", ""buy_1th_pre_req_pre"": ""0"", ""buy_2th_pre_bid"": ""-35300"", ""buy_2th_pre_req"": ""114"", ""buy_2th_pre_req_pre"": ""0"", ""buy_3th_pre_bid"": ""-35250"", ""buy_3th_pre_req"": ""213"", ""buy_3th_pre_req_pre"": ""0"", ""buy_4th_pre_bid"": ""-35200"", ""buy_4th_pre_req"": ""388"", ""buy_4th_pre_req_pre"": ""0"", ""buy_5th_pre_bid"": ""-35150"", ""buy_5th_pre_req"": ""52"", ""buy_5th_pre_req_pre"": ""0"", ""buy_6th_pre_bid"": ""-35100"", ""buy_6th_pre_req"": ""253"", ""buy_6th_pre_req_pre"": ""0"", ""buy_7th_pre_bid"": ""-35050"", ""buy_7th_pre_req"": ""476"", ""buy_7th_pre_req_pre"": ""0"", ""buy_8th_pre_bid"": ""-35000"", ""buy_8th_pre_req"": ""902"", ""buy_8th_pre_req_pre"": ""0"", ""buy_9th_pre_bid"": ""-34950"", ""buy_9th_pre_req"": ""380"", ""buy_9th_pre_req_pre"": ""0"", ""buy_10th_pre_bid"": ""-34900"", ""buy_10th_pre_req"": ""730"", ""buy_10th_pre_req_pre"": ""0"", ""tot_sel_req_jub_pre"": ""--2"", ""tot_sel_req"": ""1767"", ""tot_buy_req"": ""3771"", ""tot_buy_req_jub_pre"": ""0"", ""ovt_sel_req_pre"": ""0"", ""ovt_sel_req"": ""0"", ""ovt_buy_req"": ""0"", ""ovt_buy_req_pre"": ""0"", ""return_code"": 0, ""return_msg"": ""정상적으로 처리되었습니다""}"
2026-09-10,scan_candidate,060250,2026-09-10T09:30:14.472901,0,main_scan,14430,15770,14430,14420,14430,14450,-0.41749480249480736,0.0693000693000693,9929900,633332835470,18421879555,4.6084989106069685,-8.497146480659481,"{""bid_req_base_tm"": ""093129"", ""sel_10th_pre_req_pre"": ""0"", ""sel_10th_pre_req"": ""236"", ""sel_10th_pre_bid"": ""-14530"", ""sel_9th_pre_req_pre"": ""0"", ""sel_9th_pre_req"": ""65"", ""sel_9th_pre_bid"": ""-14520"", ""sel_8th_pre_req_pre"": ""0"", ""sel_8th_pre_req"": ""14"", ""sel_8th_pre_bid"": ""-14510"", ""sel_7th_pre_req_pre"": ""0"", ""sel_7th_pre_req"": ""28"", ""sel_7th_pre_bid"": ""-14500"", ""sel_6th_pre_req_pre"": ""0"", ""sel_6th_pre_req"": ""87"", ""sel_6th_pre_bid"": ""-14490"", ""sel_5th_pre_req_pre"": ""0"", ""sel_5th_pre_req"": ""300"", ""sel_5th_pre_bid"": ""-14480"", ""sel_4th_pre_req_pre"": ""0"", ""sel_4th_pre_req"": ""270"", ""sel_4th_pre_bid"": ""-14470"", ""sel_3th_pre_req_pre"": ""0"", ""sel_3th_pre_req"": ""3"", ""sel_3th_pre_bid"": ""-14460"", ""sel_2th_pre_req_pre"": ""0"", ""sel_2th_pre_req"": ""50"", ""sel_2th_pre_bid"": ""-14450"", ""sel_1th_pre_req_pre"": ""0"", ""sel_fpr_req"": ""294"", ""sel_fpr_bid"": ""-14430"", ""buy_fpr_bid"": ""-14420"", ""buy_fpr_req"": ""1493"", ""buy_1th_pre_req_pre"": ""+3"", ""buy_2th_pre_bid"": ""-14410"", ""buy_2th_pre_req"": ""3998"", ""buy_2th_pre_req_pre"": ""0"", ""buy_3th_pre_bid"": ""-14400"", ""buy_3th_pre_req"": ""4540"", ""buy_3th_pre_req_pre"": ""0"", ""buy_4th_pre_bid"": ""-14390"", ""buy_4th_pre_req"": ""183"", ""buy_4th_pre_req_pre"": ""0"", ""buy_5th_pre_bid"": ""-14380"", ""buy_5th_pre_req"": ""319"", ""buy_5th_pre_req_pre"": ""0"", ""buy_6th_pre_bid"": ""-14370"", ""buy_6th_pre_req"": ""1025"", ""buy_6th_pre_req_pre"": ""0"", ""buy_7th_pre_bid"": ""-14360"", ""buy_7th_pre_req"": ""391"", ""buy_7th_pre_req_pre"": ""0"", ""buy_8th_pre_bid"": ""-14350"", ""buy_8th_pre_req"": ""990"", ""buy_8th_pre_req_pre"": ""0"", ""buy_9th_pre_bid"": ""-14340"", ""buy_9th_pre_req"": ""690"", ""buy_9th_pre_req_pre"": ""0"", ""buy_10th_pre_bid"": ""-14330"", ""buy_10th_pre_req"": ""884"", ""buy_10th_pre_req_pre"": ""0"", ""tot_sel_req_jub_pre"": ""0"", ""tot_sel_req"": ""1347"", ""tot_buy_req"": ""14513"", ""tot_buy_req_jub_pre"": ""+3"", ""ovt_sel_req_pre"": ""0"", ""ovt_sel_req"": ""0"", ""ovt_buy_req"": ""0"", ""ovt_buy_req_pre"": ""0"", ""return_code"": 0, ""return_msg"": ""정상적으로 처리되었습니다""}"
2026-09-10,scan_candidate,466100,2026-09-10T09:30:14.472901,0,main_scan,24300,24650,24300,24200,24300,24250,-0.6207201646090649,0.411522633744856,122230150,627570241350,12352852050,4.6084989106069685,-1.4198782961460445,"{""bid_req_base_tm"": ""093136"", ""sel_10th_pre_req_pre"": ""0"", ""sel_10th_pre_req"": ""580"", ""sel_10th_pre_bid"": ""+24750"", ""sel_9th_pre_req_pre"": ""0"", ""sel_9th_pre_req"": ""1206"", ""sel_9th_pre_bid"": ""+24700"", ""sel_8th_pre_req_pre"": ""0"", ""sel_8th_pre_req"": ""1256"", ""sel_8th_pre_bid"": ""+24650"", ""sel_7th_pre_req_pre"": ""0"", ""sel_7th_pre_req"": ""470"", ""sel_7th_pre_bid"": ""+24600"", ""sel_6th_pre_req_pre"": ""0"", ""sel_6th_pre_req"": ""1208"", ""sel_6th_pre_bid"": ""+24550"", ""sel_5th_pre_req_pre"": ""0"", ""sel_5th_pre_req"": ""1664"", ""sel_5th_pre_bid"": ""+24500"", ""sel_4th_pre_req_pre"": ""0"", ""sel_4th_pre_req"": ""868"", ""sel_4th_pre_bid"": ""+24450"", ""sel_3th_pre_req_pre"": ""0"", ""sel_3th_pre_req"": ""621"", ""sel_3th_pre_bid"": ""+24400"", ""sel_2th_pre_req_pre"": ""0"", ""sel_2th_pre_req"": ""2668"", ""sel_2th_pre_bid"": ""+24350"", ""sel_1th_pre_req_pre"": ""0"", ""sel_fpr_req"": ""654"", ""sel_fpr_bid"": ""+24300"", ""buy_fpr_bid"": ""+24200"", ""buy_fpr_req"": ""1091"", ""buy_1th_pre_req_pre"": ""0"", ""buy_2th_pre_bid"": ""+24150"", ""buy_2th_pre_req"": ""520"", ""buy_2th_pre_req_pre"": ""0"", ""buy_3th_pre_bid"": ""+24100"", ""buy_3th_pre_req"": ""230"", ""buy_3th_pre_req_pre"": ""--203"", ""buy_4th_pre_bid"": ""+24050"", ""buy_4th_pre_req"": ""1222"", ""buy_4th_pre_req_pre"": ""--200"", ""buy_5th_pre_bid"": ""+24000"", ""buy_5th_pre_req"": ""2808"", ""buy_5th_pre_req_pre"": ""0"", ""buy_6th_pre_bid"": ""+23950"", ""buy_6th_pre_req"": ""1955"", ""buy_6th_pre_req_pre"": ""0"", ""buy_7th_pre_bid"": ""+23900"", ""buy_7th_pre_req"": ""1864"", ""buy_7th_pre_req_pre"": ""0"", ""buy_8th_pre_bid"": ""+23850"", ""buy_8th_pre_req"": ""2107"", ""buy_8th_pre_req_pre"": ""0"", ""buy_9th_pre_bid"": ""+23800"", ""buy_9th_pre_req"": ""651"", ""buy_9th_pre_req_pre"": ""0"", ""buy_10th_pre_bid"": ""+23750"", ""buy_10th_pre_req"": ""1065"", ""buy_10th_pre_req_pre"": ""0"", ""tot_sel_req_jub_pre"": ""0"", ""tot_sel_req"": ""11195"", ""tot_buy_req"": ""13513"", ""tot_buy_req_jub_pre"": ""--403"", ""ovt_sel_req_pre"": ""0"", ""ovt_sel_req"": ""0"", ""ovt_buy_req"": ""0"", ""ovt_buy_req_pre"": ""0"", ""return_code"": 0, ""return_msg"": ""정상적으로 처리되었습니다""}"
2026-09-10,scan_candidate,327260,2026-09-10T09:30:14.472901,0,main_scan,43400,34050,43400,43350,43400,43550,0.019965437788020447,0.1152073732718894,89015950,612519967950,9812232350,4.6084989106069685,27.45961820851689,"{""bid_req_base_tm"": ""093137"", ""sel_10th_pre_req_pre"": ""0"", ""sel_10th_pre_req"": ""227"", ""sel_10th_pre_bid"": ""+43850"", ""sel_9th_pre_req_pre"": ""0"", ""sel_9th_pre_req"": ""1025"", ""sel_9th_pre_bid"": ""+43800"", ""sel_8th_pre_req_pre"": ""0"", ""sel_8th_pre_req"": ""256"", ""sel_8th_pre_bid"": ""+43750"", ""sel_7th_pre_req_pre"": ""0"", ""sel_7th_pre_req"": ""213"", ""sel_7th_pre_bid"": ""+43700"", ""sel_6th_pre_req_pre"": ""0"", ""sel_6th_pre_req"": ""86"", ""sel_6th_pre_bid"": ""+43650"", ""sel_5th_pre_req_pre"": ""0"", ""sel_5th_pre_req"": ""508"", ""sel_5th_pre_bid"": ""+43600"", ""sel_4th_pre_req_pre"": ""0"", ""sel_4th_pre_req"": ""337"", ""sel_4th_pre_bid"": ""+43550"", ""sel_3th_pre_req_pre"": ""0"", ""sel_3th_pre_req"": ""342"", ""sel_3th_pre_bid"": ""+43500"", ""sel_2th_pre_req_pre"": ""0"", ""sel_2th_pre_req"": ""360"", ""sel_2th_pre_bid"": ""+43450"", ""sel_1th_pre_req_pre"": ""0"", ""sel_fpr_req"": ""955"", ""sel_fpr_bid"": ""+43400"", ""buy_fpr_bid"": ""+43350"", ""buy_fpr_req"": ""599"", ""buy_1th_pre_req_pre"": ""0"", ""buy_2th_pre_bid"": ""+43300"", ""buy_2th_pre_req"": ""3236"", ""buy_2th_pre_req_pre"": ""+4"", ""buy_3th_pre_bid"": ""+43250"", ""buy_3th_pre_req"": ""1319"", ""buy_3th_pre_req_pre"": ""0"", ""buy_4th_pre_bid"": ""+43200"", ""buy_4th_pre_req"": ""1848"", ""buy_4th_pre_req_pre"": ""0"", ""buy_5th_pre_bid"": ""+43150"", ""buy_5th_pre_req"": ""1182"", ""buy_5th_pre_req_pre"": ""0"", ""buy_6th_pre_bid"": ""+43100"", ""buy_6th_pre_req"": ""1357"", ""buy_6th_pre_req_pre"": ""0"", ""buy_7th_pre_bid"": ""+43050"", ""buy_7th_pre_req"": ""750"", ""buy_7th_pre_req_pre"": ""0"", ""buy_8th_pre_bid"": ""+43000"", ""buy_8th_pre_req"": ""2370"", ""buy_8th_pre_req_pre"": ""0"", ""buy_9th_pre_bid"": ""+42950"", ""buy_9th_pre_req"": ""379"", ""buy_9th_pre_req_pre"": ""0"", ""buy_10th_pre_bid"": ""+42900"", ""buy_10th_pre_req"": ""507"", ""buy_10th_pre_req_pre"": ""0"", ""tot_sel_req_jub_pre"": ""0"", ""tot_sel_req"": ""4309"", ""tot_buy_req"": ""13547"", ""tot_buy_req_jub_pre"": ""+4"", ""ovt_sel_req_pre"": ""0"", ""ovt_sel_req"": ""0"", ""ovt_buy_req"": ""0"", ""ovt_buy_req_pre"": ""0"", ""return_code"": 0, ""return_msg"": ""정상적으로 처리되었습니다""}"
2026-09-10,scan_candidate,048410,2026-09-10T09:30:14.472901,0,main_scan,7170,6210,7170,7130,7170,7210,0.20759414225940317,0.5578800557880056,11610660,599299602120,5236381960,4.6084989106069685,15.458937198067632,"{""bid_req_base_tm"": ""093137"", ""sel_10th_pre_req_pre"": ""0"", ""sel_10th_pre_req"": ""1001"", ""sel_10th_pre_bid"": ""+7300"", ""sel_9th_pre_req_pre"": ""0"", ""sel_9th_pre_req"": ""104"", ""sel_9th_pre_bid"": ""+7290"", ""sel_8th_pre_req_pre"": ""0"", ""sel_8th_pre_req"": ""270"", ""sel_8th_pre_bid"": ""+7280"", ""sel_7th_pre_req_pre"": ""0"", ""sel_7th_pre_req"": ""1001"", ""sel_7th_pre_bid"": ""+7270"", ""sel_6th_pre_req_pre"": ""0"", ""sel_6th_pre_req"": ""22"", ""sel_6th_pre_bid"": ""+7260"", ""sel_5th_pre_req_pre"": ""0"", ""sel_5th_pre_req"": ""1"", ""sel_5th_pre_bid"": ""+7230"", ""sel_4th_pre_req_pre"": ""0"", ""sel_4th_pre_req"": ""72"", ""sel_4th_pre_bid"": ""+7210"", ""sel_3th_pre_req_pre"": ""0"", ""sel_3th_pre_req"": ""1195"", ""sel_3th_pre_bid"": ""+7200"", ""sel_2th_pre_req_pre"": ""0"", ""sel_2th_pre_req"": ""71"", ""sel_2th_pre_bid"": ""+7190"", ""sel_1th_pre_req_pre"": ""0"", ""sel_fpr_req"": ""574"", ""sel_fpr_bid"": ""+7170"", ""buy_fpr_bid"": ""7130"", ""buy_fpr_req"": ""335"", ""buy_1th_pre_req_pre"": ""--36"", ""buy_2th_pre_bid"": ""-7120"", ""buy_2th_pre_req"": ""2012"", ""buy_2th_pre_req_pre"": ""0"", ""buy_3th_pre_bid"": ""-7110"", ""buy_3th_pre_req"": ""5595"", ""buy_3th_pre_req_pre"": ""0"", ""buy_4th_pre_bid"": ""-7100"", ""buy_4th_pre_req"": ""5382"", ""buy_4th_pre_req_pre"": ""0"", ""buy_5th_pre_bid"": ""-7090"", ""buy_5th_pre_req"": ""882"", ""buy_5th_pre_req_pre"": ""0"", ""buy_6th_pre_bid"": ""-7080"", ""buy_6th_pre_req"": ""1807"", ""buy_6th_pre_req_pre"": ""--5"", ""buy_7th_pre_bid"": ""-7070"", ""buy_7th_pre_req"": ""854"", ""buy_7th_pre_req_pre"": ""0"", ""buy_8th_pre_bid"": ""-7060"", ""buy_8th_pre_req"": ""1732"", ""buy_8th_pre_req_pre"": ""0"", ""buy_9th_pre_bid"": ""-7050"", ""buy_9th_pre_req"": ""810"", ""buy_9th_pre_req_pre"": ""+5"", ""buy_10th_pre_bid"": ""-7040"", ""buy_10th_pre_req"": ""320"", ""buy_10th_pre_req_pre"": ""0"", ""tot_sel_req_jub_pre"": ""0"", ""tot_sel_req"": ""4311"", ""tot_buy_req"": ""19729"", ""tot_buy_req_jub_pre"": ""--36"", ""ovt_sel_req_pre"": ""0"", ""ovt_sel_req"": ""0"", ""ovt_buy_req"": ""0"", ""ovt_buy_req_pre"": ""0"", ""return_code"": 0, ""return_msg"": ""정상적으로 처리되었습니다""}"
2026-09-10,scan_candidate,295310,2026-09-10T09:30:14.472901,0,main_scan,48450,48450,48450,48400,48450,48700,0.20199174406604326,0.10319917440660474,11302350,595897402800,9349943875,4.6084989106069685,0.0,"{""bid_req_base_tm"": ""093137"", ""sel_10th_pre_req_pre"": ""0"", ""sel_10th_pre_req"": ""1"", ""sel_10th_pre_bid"": ""-49100"", ""sel_9th_pre_req_pre"": ""0"", ""sel_9th_pre_req"": ""23"", ""sel_9th_pre_bid"": ""-49000"", ""sel_8th_pre_req_pre"": ""0"", ""sel_8th_pre_req"": ""5"", ""sel_8th_pre_bid"": ""-48900"", ""sel_7th_pre_req_pre"": ""0"", ""sel_7th_pre_req"": ""51"", ""sel_7th_pre_bid"": ""-48850"", ""sel_6th_pre_req_pre"": ""0"", ""sel_6th_pre_req"": ""75"", ""sel_6th_pre_bid"": ""-48800"", ""sel_5th_pre_req_pre"": ""0"", ""sel_5th_pre_req"": ""18"", ""sel_5th_pre_bid"": ""-48750"", ""sel_4th_pre_req_pre"": ""0"", ""sel_4th_pre_req"": ""1"", ""sel_4th_pre_bid"": ""-48600"", ""sel_3th_pre_req_pre"": ""0"", ""sel_3th_pre_req"": ""45"", ""sel_3th_pre_bid"": ""-48550"", ""sel_2th_pre_req_pre"": ""0"", ""sel_2th_pre_req"": ""154"", ""sel_2th_pre_bid"": ""-48500"", ""sel_1th_pre_req_pre"": ""--1"", ""sel_fpr_req"": ""50"", ""sel_fpr_bid"": ""-48450"", ""buy_fpr_bid"": ""-48400"", ""buy_fpr_req"": ""140"", ""buy_1th_pre_req_pre"": ""0"", ""buy_2th_pre_bid"": ""-48350"", ""buy_2th_pre_req"": ""146"", ""buy_2th_pre_req_pre"": ""0"", ""buy_3th_pre_bid"": ""-48300"", ""buy_3th_pre_req"": ""290"", ""buy_3th_pre_req_pre"": ""0"", ""buy_4th_pre_bid"": ""-48250"", ""buy_4th_pre_req"": ""54"", ""buy_4th_pre_req_pre"": ""0"", ""buy_5th_pre_bid"": ""-48200"", ""buy_5th_pre_req"": ""90"", ""buy_5th_pre_req_pre"": ""0"", ""buy_6th_pre_bid"": ""-48150"", ""buy_6th_pre_req"": ""123"", ""buy_6th_pre_req_pre"": ""0"", ""buy_7th_pre_bid"": ""-48100"", ""buy_7th_pre_req"": ""93"", ""buy_7th_pre_req_pre"": ""0"", ""buy_8th_pre_bid"": ""-48050"", ""buy_8th_pre_req"": ""327"", ""buy_8th_pre_req_pre"": ""0"", ""buy_9th_pre_bid"": ""-48000"", ""buy_9th_pre_req"": ""226"", ""buy_9th_pre_req_pre"": ""0"", ""buy_10th_pre_bid"": ""-47950"", ""buy_10th_pre_req"": ""12"", ""buy_10th_pre_req_pre"": ""0"", ""tot_sel_req_jub_pre"": ""--1"", ""tot_sel_req"": ""423"", ""tot_buy_req"": ""1501"", ""tot_buy_req_jub_pre"": ""0"", ""ovt_sel_req_pre"": ""0"", ""ovt_sel_req"": ""0"", ""ovt_buy_req"": ""0"", ""ovt_buy_req_pre"": ""0"", ""return_code"": 0, ""return_msg"": ""정상적으로 처리되었습니다""}"
2026-09-10,scan_candidate,160190,2026-09-10T09:30:14.472901,0,main_scan,22550,19180,22550,22500,22550,22750,0.4538913525498769,0.22172949002217296,11288550,592431840000,12402450615,4.6084989106069685,17.570385818561,"{""bid_req_base_tm"": ""093137"", ""sel_10th_pre_req_pre"": ""0"", ""sel_10th_pre_req"": ""71"", ""sel_10th_pre_bid"": ""+23100"", ""sel_9th_pre_req_pre"": ""0"", ""sel_9th_pre_req"": ""588"", ""sel_9th_pre_bid"": ""+23050"", ""sel_8th_pre_req_pre"": ""0"", ""sel_8th_pre_req"": ""210"", ""sel_8th_pre_bid"": ""+23000"", ""sel_7th_pre_req_pre"": ""0"", ""sel_7th_pre_req"": ""11"", ""sel_7th_pre_bid"": ""+22950"", ""sel_6th_pre_req_pre"": ""0"", ""sel_6th_pre_req"": ""123"", ""sel_6th_pre_bid"": ""+22900"", ""sel_5th_pre_req_pre"": ""0"", ""sel_5th_pre_req"": ""300"", ""sel_5th_pre_bid"": ""+22800"", ""sel_4th_pre_req_pre"": ""0"", ""sel_4th_pre_req"": ""69"", ""sel_4th_pre_bid"": ""+22750"", ""sel_3th_pre_req_pre"": ""0"", ""sel_3th_pre_req"": ""215"", ""sel_3th_pre_bid"": ""+22700"", ""sel_2th_pre_req_pre"": ""0"", ""sel_2th_pre_req"": ""59"", ""sel_2th_pre_bid"": ""+22650"", ""sel_1th_pre_req_pre"": ""0"", ""sel_fpr_req"": ""65"", ""sel_fpr_bid"": ""+22550"", ""buy_fpr_bid"": ""+22500"", ""buy_fpr_req"": ""450"", ""buy_1th_pre_req_pre"": ""0"", ""buy_2th_pre_bid"": ""+22450"", ""buy_2th_pre_req"": ""99"", ""buy_2th_pre_req_pre"": ""+3"", ""buy_3th_pre_bid"": ""22400"", ""buy_3th_pre_req"": ""221"", ""buy_3th_pre_req_pre"": ""0"", ""buy_4th_pre_bid"": ""-22350"", ""buy_4th_pre_req"": ""9"", ""buy_4th_pre_req_pre"": ""0"", ""buy_5th_pre_bid"": ""-22300"", ""buy_5th_pre_req"": ""178"", ""buy_5th_pre_req_pre"": ""0"", ""buy_6th_pre_bid"": ""-22250"", ""buy_6th_pre_req"": ""163"", ""buy_6th_pre_req_pre"": ""0"", ""buy_7th_pre_bid"": ""-22200"", ""buy_7th_pre_req"": ""221"", ""buy_7th_pre_req_pre"": ""0"", ""buy_8th_pre_bid"": ""-22150"", ""buy_8th_pre_req"": ""460"", ""buy_8th_pre_req_pre"": ""0"", ""buy_9th_pre_bid"": ""-22100"", ""buy_9th_pre_req"": ""46"", ""buy_9th_pre_req_pre"": ""0"", ""buy_10th_pre_bid"": ""-22050"", ""buy_10th_pre_req"": ""118"", ""buy_10th_pre_req_pre"": ""0"", ""tot_sel_req_jub_pre"": ""0"", ""tot_sel_req"": ""1711"", ""tot_buy_req"": ""1965"", ""tot_buy_req_jub_pre"": ""+3"", ""ovt_sel_req_pre"": ""0"", ""ovt_sel_req"": ""0"", ""ovt_buy_req"": ""0"", ""ovt_buy_req_pre"": ""0"", ""return_code"": 0, ""return_msg"": ""정상적으로 처리되었습니다""}"
2026-09-10,scan_candidate,122640,2026-09-10T09:30:14.472901,0,main_scan,31450,27150,31450,31400,31450,31500,-0.21000000000000602,0.1589825119236884,57806000,587833473750,10313155150,4.6084989106069685,15.837937384898712,"{""bid_req_base_tm"": ""093138"", ""sel_10th_pre_req_pre"": ""0"", ""sel_10th_pre_req"": ""23"", ""sel_10th_pre_bid"": ""+32050"", ""sel_9th_pre_req_pre"": ""0"", ""sel_9th_pre_req"": ""765"", ""sel_9th_pre_bid"": ""+32000"", ""sel_8th_pre_req_pre"": ""0"", ""sel_8th_pre_req"": ""173"", ""sel_8th_pre_bid"": ""+31950"", ""sel_7th_pre_req_pre"": ""0"", ""sel_7th_pre_req"": ""23"", ""sel_7th_pre_bid"": ""+31900"", ""sel_6th_pre_req_pre"": ""0"", ""sel_6th_pre_req"": ""19"", ""sel_6th_pre_bid"": ""+31750"", ""sel_5th_pre_req_pre"": ""0"", ""sel_5th_pre_req"": ""35"", ""sel_5th_pre_bid"": ""+31700"", ""sel_4th_pre_req_pre"": ""0"", ""sel_4th_pre_req"": ""68"", ""sel_4th_pre_bid"": ""+31600"", ""sel_3th_pre_req_pre"": ""0"", ""sel_3th_pre_req"": ""1706"", ""sel_3th_pre_bid"": ""+31550"", ""sel_2th_pre_req_pre"": ""0"", ""sel_2th_pre_req"": ""314"", ""sel_2th_pre_bid"": ""+31500"", ""sel_1th_pre_req_pre"": ""+21"", ""sel_fpr_req"": ""163"", ""sel_fpr_bid"": ""+31450"", ""buy_fpr_bid"": ""+31400"", ""buy_fpr_req"": ""359"", ""buy_1th_pre_req_pre"": ""0"", ""buy_2th_pre_bid"": ""31350"", ""buy_2th_pre_req"": ""464"", ""buy_2th_pre_req_pre"": ""0"", ""buy_3th_pre_bid"": ""-31300"", ""buy_3th_pre_req"": ""79"", ""buy_3th_pre_req_pre"": ""0"", ""buy_4th_pre_bid"": ""-31250"", ""buy_4th_pre_req"": ""201"", ""buy_4th_pre_req_pre"": ""0"", ""buy_5th_pre_bid"": ""-31200"", ""buy_5th_pre_req"": ""156"", ""buy_5th_pre_req_pre"": ""0"", ""buy_6th_pre_bid"": ""-31150"", ""buy_6th_pre_req"": ""245"", ""buy_6th_pre_req_pre"": ""0"", ""buy_7th_pre_bid"": ""-31100"", ""buy_7th_pre_req"": ""319"", ""buy_7th_pre_req_pre"": ""0"", ""buy_8th_pre_bid"": ""-31050"", ""buy_8th_pre_req"": ""1459"", ""buy_8th_pre_req_pre"": ""0"", ""buy_9th_pre_bid"": ""-31000"", ""buy_9th_pre_req"": ""3554"", ""buy_9th_pre_req_pre"": ""0"", ""buy_10th_pre_bid"": ""-30950"", ""buy_10th_pre_req"": ""312"", ""buy_10th_pre_req_pre"": ""0"", ""tot_sel_req_jub_pre"": ""+21"", ""tot_sel_req"": ""3289"", ""tot_buy_req"": ""7148"", ""tot_buy_req_jub_pre"": ""0"", ""ovt_sel_req_pre"": ""0"", ""ovt_sel_req"": ""0"", ""ovt_buy_req"": ""0"", ""ovt_buy_req_pre"": ""0"", ""return_code"": 0, ""return_msg"": ""정상적으로 처리되었습니다""}"
2026-09-10,scan_candidate,025980,2026-09-10T09:30:14.472901,0,main_scan,5170,5710,5170,5160,5170,5200,0.1760928433268735,0.19342359767891684,49738250,555588652900,39214109910,4.6084989106069685,-9.457092819614711,"{""bid_req_base_tm"": ""093138"", ""sel_10th_pre_req_pre"": ""0"", ""sel_10th_pre_req"": ""2083"", ""sel_10th_pre_bid"": ""+5260"", ""sel_9th_pre_req_pre"": ""0"", ""sel_9th_pre_req"": ""2741"", ""sel_9th_pre_bid"": ""+5250"", ""sel_8th_pre_req_pre"": ""0"", ""sel_8th_pre_req"": ""1424"", ""sel_8th_pre_bid"": ""+5240"", ""sel_7th_pre_req_pre"": ""0"", ""sel_7th_pre_req"": ""2635"", ""sel_7th_pre_bid"": ""+5230"", ""sel_6th_pre_req_pre"": ""0"", ""sel_6th_pre_req"": ""1250"", ""sel_6th_pre_bid"": ""5220"", ""sel_5th_pre_req_pre"": ""0"", ""sel_5th_pre_req"": ""384"", ""sel_5th_pre_bid"": ""-5210"", ""sel_4th_pre_req_pre"": ""0"", ""sel_4th_pre_req"": ""1912"", ""sel_4th_pre_bid"": ""-5200"", ""sel_3th_pre_req_pre"": ""0"", ""sel_3th_pre_req"": ""2529"", ""sel_3th_pre_bid"": ""-5190"", ""sel_2th_pre_req_pre"": ""0"", ""sel_2th_pre_req"": ""2847"", ""sel_2th_pre_bid"": ""-5180"", ""sel_1th_pre_req_pre"": ""0"", ""sel_fpr_req"": ""3613"", ""sel_fpr_bid"": ""-5170"", ""buy_fpr_bid"": ""-5160"", ""buy_fpr_req"": ""994"", ""buy_1th_pre_req_pre"": ""--10"", ""buy_2th_pre_bid"": ""-5150"", ""buy_2th_pre_req"": ""37925"", ""buy_2th_pre_req_pre"": ""0"", ""buy_3th_pre_bid"": ""-5140"", ""buy_3th_pre_req"": ""3988"", ""buy_3th_pre_req_pre"": ""0"", ""buy_4th_pre_bid"": ""-5130"", ""buy_4th_pre_req"": ""3745"", ""buy_4th_pre_req_pre"": ""0"", ""buy_5th_pre_bid"": ""-5120"", ""buy_5th_pre_req"": ""9709"", ""buy_5th_pre_req_pre"": ""0"", ""buy_6th_pre_bid"": ""-5110"", ""buy_6th_pre_req"": ""11548"", ""buy_6th_pre_req_pre"": ""0"", ""buy_7th_pre_bid"": ""-5100"", ""buy_7th_pre_req"": ""52851"", ""buy_7th_pre_req_pre"": ""0"", ""buy_8th_pre_bid"": ""-5090"", ""buy_8th_pre_req"": ""4028"", ""buy_8th_pre_req_pre"": ""0"", ""buy_9th_pre_bid"": ""-5080"", ""buy_9th_pre_req"": ""2090"", ""buy_9th_pre_req_pre"": ""0"", ""buy_10th_pre_bid"": ""-5070"", ""buy_10th_pre_req"": ""7919"", ""buy_10th_pre_req_pre"": ""0"", ""tot_sel_req_jub_pre"": ""0"", ""tot_sel_req"": ""21418"", ""tot_buy_req"": ""134797"", ""tot_buy_req_jub_pre"": ""--10"", ""ovt_sel_req_pre"": ""0"", ""ovt_sel_req"": ""0"", ""ovt_buy_req"": ""0"", ""ovt_buy_req_pre"": ""0"", ""return_code"": 0, ""return_msg"": ""정상적으로 처리되었습니다""}"
2026-09-10,scan_candidate,019210,2026-09-10T09:30:14.472901,0,main_scan,13220,14260,13220,13210,13220,13300,0.01648638426625091,0.07564296520423601,12987380,530382561280,8149031370,4.6084989106069685,-7.293127629733521,"{""bid_req_base_tm"": ""093138"", ""sel_10th_pre_req_pre"": ""0"", ""sel_10th_pre_req"": ""2"", ""sel_10th_pre_bid"": ""-13490"", ""sel_9th_pre_req_pre"": ""0"", ""sel_9th_pre_req"": ""500"", ""sel_9th_pre_bid"": ""-13400"", ""sel_8th_pre_req_pre"": ""0"", ""sel_8th_pre_req"": ""20"", ""sel_8th_pre_bid"": ""-13350"", ""sel_7th_pre_req_pre"": ""0"", ""sel_7th_pre_req"": ""100"", ""sel_7th_pre_bid"": ""-13320"", ""sel_6th_pre_req_pre"": ""0"", ""sel_6th_pre_req"": ""480"", ""sel_6th_pre_bid"": ""-13310"", ""sel_5th_pre_req_pre"": ""0"", ""sel_5th_pre_req"": ""300"", ""sel_5th_pre_bid"": ""-13300"", ""sel_4th_pre_req_pre"": ""0"", ""sel_4th_pre_req"": ""6"", ""sel_4th_pre_bid"": ""-13290"", ""sel_3th_pre_req_pre"": ""0"", ""sel_3th_pre_req"": ""142"", ""sel_3th_pre_bid"": ""-13240"", ""sel_2th_pre_req_pre"": ""0"", ""sel_2th_pre_req"": ""306"", ""sel_2th_pre_bid"": ""-13230"", ""sel_1th_pre_req_pre"": ""+25"", ""sel_fpr_req"": ""428"", ""sel_fpr_bid"": ""-13220"", ""buy_fpr_bid"": ""-13210"", ""buy_fpr_req"": ""49"", ""buy_1th_pre_req_pre"": ""0"", ""buy_2th_pre_bid"": ""-13200"", ""buy_2th_pre_req"": ""1478"", ""buy_2th_pre_req_pre"": ""0"", ""buy_3th_pre_bid"": ""-13190"", ""buy_3th_pre_req"": ""1187"", ""buy_3th_pre_req_pre"": ""0"", ""buy_4th_pre_bid"": ""-13180"", ""buy_4th_pre_req"": ""507"", ""buy_4th_pre_req_pre"": ""0"", ""buy_5th_pre_bid"": ""-13170"", ""buy_5th_pre_req"": ""296"", ""buy_5th_pre_req_pre"": ""0"", ""buy_6th_pre_bid"": ""-13160"", ""buy_6th_pre_req"": ""263"", ""buy_6th_pre_req_pre"": ""0"", ""buy_7th_pre_bid"": ""-13150"", ""buy_7th_pre_req"": ""222"", ""buy_7th_pre_req_pre"": ""0"", ""buy_8th_pre_bid"": ""-13140"", ""buy_8th_pre_req"": ""217"", ""buy_8th_pre_req_pre"": ""0"", ""buy_9th_pre_bid"": ""-13130"", ""buy_9th_pre_req"": ""276"", ""buy_9th_pre_req_pre"": ""0"", ""buy_10th_pre_bid"": ""-13120"", ""buy_10th_pre_req"": ""104"", ""buy_10th_pre_req_pre"": ""0"", ""tot_sel_req_jub_pre"": ""+25"", ""tot_sel_req"": ""2284"", ""tot_buy_req"": ""4599"", ""tot_buy_req_jub_pre"": ""0"", ""ovt_sel_req_pre"": ""0"", ""ovt_sel_req"": ""0"", ""ovt_buy_req"": ""0"", ""ovt_buy_req_pre"": ""0"", ""return_code"": 0, ""return_msg"": ""정상적으로 처리되었습니다""}"
2026-09-10,scan_candidate,024850,2026-09-10T09:30:14.472901,0,main_scan,15080,16660,15080,15070,15080,15000,-1.070387931034488,0.0663129973474801,11941330,529014043040,5237825385,4.6084989106069685,-9.483793517406964,"{""bid_req_base_tm"": ""093135"", ""sel_10th_pre_req_pre"": ""0"", ""sel_10th_pre_req"": ""212"", ""sel_10th_pre_bid"": ""+15230"", ""sel_9th_pre_req_pre"": ""0"", ""sel_9th_pre_req"": ""154"", ""sel_9th_pre_bid"": ""+15220"", ""sel_8th_pre_req_pre"": ""0"", ""sel_8th_pre_req"": ""1"", ""sel_8th_pre_bid"": ""+15210"", ""sel_7th_pre_req_pre"": ""0"", ""sel_7th_pre_req"": ""224"", ""sel_7th_pre_bid"": ""+15170"", ""sel_6th_pre_req_pre"": ""0"", ""sel_6th_pre_req"": ""37"", ""sel_6th_pre_bid"": ""+15140"", ""sel_5th_pre_req_pre"": ""0"", ""sel_5th_pre_req"": ""188"", ""sel_5th_pre_bid"": ""+15120"", ""sel_4th_pre_req_pre"": ""0"", ""sel_4th_pre_req"": ""248"", ""sel_4th_pre_bid"": ""+15110"", ""sel_3th_pre_req_pre"": ""0"", ""sel_3th_pre_req"": ""178"", ""sel_3th_pre_bid"": ""+15100"", ""sel_2th_pre_req_pre"": ""0"", ""sel_2th_pre_req"": ""133"", ""sel_2th_pre_bid"": ""+15090"", ""sel_1th_pre_req_pre"": ""+35"", ""sel_fpr_req"": ""266"", ""sel_fpr_bid"": ""+15080"", ""buy_fpr_bid"": ""+15070"", ""buy_fpr_req"": ""80"", ""buy_1th_pre_req_pre"": ""0"", ""buy_2th_pre_bid"": ""+15050"", ""buy_2th_pre_req"": ""50"", ""buy_2th_pre_req_pre"": ""0"", ""buy_3th_pre_bid"": ""15030"", ""buy_3th_pre_req"": ""134"", ""buy_3th_pre_req_pre"": ""0"", ""buy_4th_pre_bid"": ""-15020"", ""buy_4th_pre_req"": ""60"", ""buy_4th_pre_req_pre"": ""0"", ""buy_5th_pre_bid"": ""-14990"", ""buy_5th_pre_req"": ""100"", ""buy_5th_pre_req_pre"": ""0"", ""buy_6th_pre_bid"": ""-14970"", ""buy_6th_pre_req"": ""50"", ""buy_6th_pre_req_pre"": ""0"", ""buy_7th_pre_bid"": ""-14950"", ""buy_7th_pre_req"": ""251"", ""buy_7th_pre_req_pre"": ""0"", ""buy_8th_pre_bid"": ""-14920"", ""buy_8th_pre_req"": ""50"", ""buy_8th_pre_req_pre"": ""0"", ""buy_9th_pre_bid"": ""-14910"", ""buy_9th_pre_req"": ""92"", ""buy_9th_pre_req_pre"": ""0"", ""buy_10th_pre_bid"": ""-14900"", ""buy_10th_pre_req"": ""500"", ""buy_10th_pre_req_pre"": ""0"", ""tot_sel_req_jub_pre"": ""+35"", ""tot_sel_req"": ""1641"", ""tot_buy_req"": ""1367"", ""tot_buy_req_jub_pre"": ""0"", ""ovt_sel_req_pre"": ""0"", ""ovt_sel_req"": ""0"", ""ovt_buy_req"": ""0"", ""ovt_buy_req_pre"": ""0"", ""return_code"": 0, ""return_msg"": ""정상적으로 처리되었습니다""}"
2026-09-10,scan_candidate,041190,2026-09-10T09:30:14.472901,0,main_scan,5700,6220,5700,5690,5700,5740,0.3152894736842044,0.17543859649122806,51867570,522480000000,95453646595,4.6084989106069685,-8.360128617363344,"{""bid_req_base_tm"": ""093139"", ""sel_10th_pre_req_pre"": ""0"", ""sel_10th_pre_req"": ""1792"", ""sel_10th_pre_bid"": ""-5800"", ""sel_9th_pre_req_pre"": ""0"", ""sel_9th_pre_req"": ""2492"", ""sel_9th_pre_bid"": ""-5790"", ""sel_8th_pre_req_pre"": ""0"", ""sel_8th_pre_req"": ""2340"", ""sel_8th_pre_bid"": ""-5780"", ""sel_7th_pre_req_pre"": ""0"", ""sel_7th_pre_req"": ""1135"", ""sel_7th_pre_bid"": ""-5770"", ""sel_6th_pre_req_pre"": ""0"", ""sel_6th_pre_req"": ""2985"", ""sel_6th_pre_bid"": ""-5760"", ""sel_5th_pre_req_pre"": ""0"", ""sel_5th_pre_req"": ""2644"", ""sel_5th_pre_bid"": ""-5750"", ""sel_4th_pre_req_pre"": ""0"", ""sel_4th_pre_req"": ""2865"", ""sel_4th_pre_bid"": ""-5740"", ""sel_3th_pre_req_pre"": ""0"", ""sel_3th_pre_req"": ""1106"", ""sel_3th_pre_bid"": ""-5730"", ""sel_2th_pre_req_pre"": ""0"", ""sel_2th_pre_req"": ""3692"", ""sel_2th_pre_bid"": ""-5710"", ""sel_1th_pre_req_pre"": ""0"", ""sel_fpr_req"": ""1542"", ""sel_fpr_bid"": ""-5700"", ""buy_fpr_bid"": ""-5690"", ""buy_fpr_req"": ""8130"", ""buy_1th_pre_req_pre"": ""0"", ""buy_2th_pre_bid"": ""-5680"", ""buy_2th_pre_req"": ""10072"", ""buy_2th_pre_req_pre"": ""0"", ""buy_3th_pre_bid"": ""-5670"", ""buy_3th_pre_req"": ""12279"", ""buy_3th_pre_req_pre"": ""0"", ""buy_4th_pre_bid"": ""-5660"", ""buy_4th_pre_req"": ""10505"", ""buy_4th_pre_req_pre"": ""0"", ""buy_5th_pre_bid"": ""-5650"", ""buy_5th_pre_req"": ""18349"", ""buy_5th_pre_req_pre"": ""+1"", ""buy_6th_pre_bid"": ""-5640"", ""buy_6th_pre_req"": ""13440"", ""buy_6th_pre_req_pre"": ""0"", ""buy_7th_pre_bid"": ""-5630"", ""buy_7th_pre_req"": ""3327"", ""buy_7th_pre_req_pre"": ""0"", ""buy_8th_pre_bid"": ""-5620"", ""buy_8th_pre_req"": ""12071"", ""buy_8th_pre_req_pre"": ""0"", ""buy_9th_pre_bid"": ""-5610"", ""buy_9th_pre_req"": ""8003"", ""buy_9th_pre_req_pre"": ""0"", ""buy_10th_pre_bid"": ""-5600"", ""buy_10th_pre_req"": ""10781"", ""buy_10th_pre_req_pre"": ""0"", ""tot_sel_req_jub_pre"": ""0"", ""tot_sel_req"": ""22593"", ""tot_buy_req"": ""106957"", ""tot_buy_req_jub_pre"": ""+1"", ""ovt_sel_req_pre"": ""0"", ""ovt_sel_req"": ""0"", ""ovt_buy_req"": ""0"", ""ovt_buy_req_pre"": ""0"", ""return_code"": 0, ""return_msg"": ""정상적으로 처리되었습니다""}"
2026-09-10,scan_candidate,064290,2026-09-10T09:30:14.472901,0,main_scan,47150,40150,47150,47100,47150,46950,-0.7391887592789051,0.10604453870625664,32436750,520246756700,27003961600,4.6084989106069685,17.4346201743462,"{""bid_req_base_tm"": ""093139"", ""sel_10th_pre_req_pre"": ""0"", ""sel_10th_pre_req"": ""179"", ""sel_10th_pre_bid"": ""+47650"", ""sel_9th_pre_req_pre"": ""0"", ""sel_9th_pre_req"": ""166"", ""sel_9th_pre_bid"": ""+47600"", ""sel_8th_pre_req_pre"": ""0"", ""sel_8th_pre_req"": ""3"", ""sel_8th_pre_bid"": ""+47550"", ""sel_7th_pre_req_pre"": ""0"", ""sel_7th_pre_req"": ""312"", ""sel_7th_pre_bid"": ""+47500"", ""sel_6th_pre_req_pre"": ""0"", ""sel_6th_pre_req"": ""110"", ""sel_6th_pre_bid"": ""+47400"", ""sel_5th_pre_req_pre"": ""0"", ""sel_5th_pre_req"": ""162"", ""sel_5th_pre_bid"": ""+47350"", ""sel_4th_pre_req_pre"": ""0"", ""sel_4th_pre_req"": ""601"", ""sel_4th_pre_bid"": ""+47300"", ""sel_3th_pre_req_pre"": ""0"", ""sel_3th_pre_req"": ""131"", ""sel_3th_pre_bid"": ""+47250"", ""sel_2th_pre_req_pre"": ""0"", ""sel_2th_pre_req"": ""79"", ""sel_2th_pre_bid"": ""+47200"", ""sel_1th_pre_req_pre"": ""0"", ""sel_fpr_req"": ""23"", ""sel_fpr_bid"": ""+47150"", ""buy_fpr_bid"": ""+47100"", ""buy_fpr_req"": ""3"", ""buy_1th_pre_req_pre"": ""0"", ""buy_2th_pre_bid"": ""+47050"", ""buy_2th_pre_req"": ""37"", ""buy_2th_pre_req_pre"": ""0"", ""buy_3th_pre_bid"": ""+47000"", ""buy_3th_pre_req"": ""51"", ""buy_3th_pre_req_pre"": ""0"", ""buy_4th_pre_bid"": ""+46900"", ""buy_4th_pre_req"": ""26"", ""buy_4th_pre_req_pre"": ""0"", ""buy_5th_pre_bid"": ""+46850"", ""buy_5th_pre_req"": ""1"", ""buy_5th_pre_req_pre"": ""0"", ""buy_6th_pre_bid"": ""+46800"", ""buy_6th_pre_req"": ""60"", ""buy_6th_pre_req_pre"": ""0"", ""buy_7th_pre_bid"": ""+46750"", ""buy_7th_pre_req"": ""188"", ""buy_7th_pre_req_pre"": ""0"", ""buy_8th_pre_bid"": ""+46700"", ""buy_8th_pre_req"": ""122"", ""buy_8th_pre_req_pre"": ""0"", ""buy_9th_pre_bid"": ""+46650"", ""buy_9th_pre_req"": ""478"", ""buy_9th_pre_req_pre"": ""0"", ""buy_10th_pre_bid"": ""+46600"", ""buy_10th_pre_req"": ""44"", ""buy_10th_pre_req_pre"": ""0"", ""tot_sel_req_jub_pre"": ""0"", ""tot_sel_req"": ""1766"", ""tot_buy_req"": ""1010"", ""tot_buy_req_jub_pre"": ""0"", ""ovt_sel_req_pre"": ""0"", ""ovt_sel_req"": ""0"", ""ovt_buy_req"": ""0"", ""ovt_buy_req_pre"": ""0"", ""return_code"": 0, ""return_msg"": ""정상적으로 처리되었습니다""}"
2026-09-10,scan_candidate,033640,2026-09-10T09:30:14.472901,0,main_scan,23300,21550,23300,23250,23300,23100,-1.2808690987124507,0.2145922746781116,54973700,496925803100,4045037625,4.6084989106069685,8.120649651972158,"{""bid_req_base_tm"": ""093137"", ""sel_10th_pre_req_pre"": ""0"", ""sel_10th_pre_req"": ""26"", ""sel_10th_pre_bid"": ""+23750"", ""sel_9th_pre_req_pre"": ""0"", ""sel_9th_pre_req"": ""14"", ""sel_9th_pre_bid"": ""+23700"", ""sel_8th_pre_req_pre"": ""0"", ""sel_8th_pre_req"": ""11"", ""sel_8th_pre_bid"": ""+23650"", ""sel_7th_pre_req_pre"": ""0"", ""sel_7th_pre_req"": ""3"", ""sel_7th_pre_bid"": ""+23600"", ""sel_6th_pre_req_pre"": ""0"", ""sel_6th_pre_req"": ""180"", ""sel_6th_pre_bid"": ""+23550"", ""sel_5th_pre_req_pre"": ""0"", ""sel_5th_pre_req"": ""572"", ""sel_5th_pre_bid"": ""+23500"", ""sel_4th_pre_req_pre"": ""0"", ""sel_4th_pre_req"": ""94"", ""sel_4th_pre_bid"": ""+23450"", ""sel_3th_pre_req_pre"": ""0"", ""sel_3th_pre_req"": ""1659"", ""sel_3th_pre_bid"": ""+23400"", ""sel_2th_pre_req_pre"": ""0"", ""sel_2th_pre_req"": ""375"", ""sel_2th_pre_bid"": ""+23350"", ""sel_1th_pre_req_pre"": ""0"", ""sel_fpr_req"": ""346"", ""sel_fpr_bid"": ""+23300"", ""buy_fpr_bid"": ""+23250"", ""buy_fpr_req"": ""17"", ""buy_1th_pre_req_pre"": ""0"", ""buy_2th_pre_bid"": ""+23200"", ""buy_2th_pre_req"": ""119"", ""buy_2th_pre_req_pre"": ""0"", ""buy_3th_pre_bid"": ""+23150"", ""buy_3th_pre_req"": ""232"", ""buy_3th_pre_req_pre"": ""0"", ""buy_4th_pre_bid"": ""+23100"", ""buy_4th_pre_req"": ""311"", ""buy_4th_pre_req_pre"": ""0"", ""buy_5th_pre_bid"": ""+23050"", ""buy_5th_pre_req"": ""97"", ""buy_5th_pre_req_pre"": ""0"", ""buy_6th_pre_bid"": ""+23000"", ""buy_6th_pre_req"": ""1129"", ""buy_6th_pre_req_pre"": ""0"", ""buy_7th_pre_bid"": ""+22950"", ""buy_7th_pre_req"": ""411"", ""buy_7th_pre_req_pre"": ""0"", ""buy_8th_pre_bid"": ""22900"", ""buy_8th_pre_req"": ""1052"", ""buy_8th_pre_req_pre"": ""0"", ""buy_9th_pre_bid"": ""-22850"", ""buy_9th_pre_req"": ""54"", ""buy_9th_pre_req_pre"": ""0"", ""buy_10th_pre_bid"": ""-22800"", ""buy_10th_pre_req"": ""151"", ""buy_10th_pre_req_pre"": ""0"", ""tot_sel_req_jub_pre"": ""0"", ""tot_sel_req"": ""3280"", ""tot_buy_req"": ""3573"", ""tot_buy_req_jub_pre"": ""0"", ""ovt_sel_req_pre"": ""0"", ""ovt_sel_req"": ""0"", ""ovt_buy_req"": ""0"", ""ovt_buy_req_pre"": ""0"", ""return_code"": 0, ""return_msg"": ""정상적으로 처리되었습니다""}"
2026-09-10,scan_candidate,253590,2026-09-10T09:30:14.472901,0,main_scan,11670,11290,11670,11660,11670,11650,-0.8086589545844278,0.08568980291345331,29039480,495282861560,3994929250,4.6084989106069685,3.3658104517271923,"{""bid_req_base_tm"": ""093139"", ""sel_10th_pre_req_pre"": ""0"", ""sel_10th_pre_req"": ""630"", ""sel_10th_pre_bid"": ""+11830"", ""sel_9th_pre_req_pre"": ""0"", ""sel_9th_pre_req"": ""204"", ""sel_9th_pre_bid"": ""+11820"", ""sel_8th_pre_req_pre"": ""0"", ""sel_8th_pre_req"": ""201"", ""sel_8th_pre_bid"": ""+11810"", ""sel_7th_pre_req_pre"": ""0"", ""sel_7th_pre_req"": ""2547"", ""sel_7th_pre_bid"": ""+11800"", ""sel_6th_pre_req_pre"": ""0"", ""sel_6th_pre_req"": ""651"", ""sel_6th_pre_bid"": ""+11770"", ""sel_5th_pre_req_pre"": ""0"", ""sel_5th_pre_req"": ""140"", ""sel_5th_pre_bid"": ""+11730"", ""sel_4th_pre_req_pre"": ""0"", ""sel_4th_pre_req"": ""404"", ""sel_4th_pre_bid"": ""+11720"", ""sel_3th_pre_req_pre"": ""0"", ""sel_3th_pre_req"": ""42"", ""sel_3th_pre_bid"": ""+11700"", ""sel_2th_pre_req_pre"": ""0"", ""sel_2th_pre_req"": ""2296"", ""sel_2th_pre_bid"": ""+11680"", ""sel_1th_pre_req_pre"": ""+34"", ""sel_fpr_req"": ""64"", ""sel_fpr_bid"": ""+11670"", ""buy_fpr_bid"": ""+11660"", ""buy_fpr_req"": ""94"", ""buy_1th_pre_req_pre"": ""0"", ""buy_2th_pre_bid"": ""+11650"", ""buy_2th_pre_req"": ""81"", ""buy_2th_pre_req_pre"": ""0"", ""buy_3th_pre_bid"": ""+11640"", ""buy_3th_pre_req"": ""86"", ""buy_3th_pre_req_pre"": ""0"", ""buy_4th_pre_bid"": ""+11630"", ""buy_4th_pre_req"": ""557"", ""buy_4th_pre_req_pre"": ""0"", ""buy_5th_pre_bid"": ""+11620"", ""buy_5th_pre_req"": ""103"", ""buy_5th_pre_req_pre"": ""0"", ""buy_6th_pre_bid"": ""+11610"", ""buy_6th_pre_req"": ""1642"", ""buy_6th_pre_req_pre"": ""0"", ""buy_7th_pre_bid"": ""11600"", ""buy_7th_pre_req"": ""4162"", ""buy_7th_pre_req_pre"": ""0"", ""buy_8th_pre_bid"": ""-11590"", ""buy_8th_pre_req"": ""803"", ""buy_8th_pre_req_pre"": ""0"", ""buy_9th_pre_bid"": ""-11580"", ""buy_9th_pre_req"": ""1307"", ""buy_9th_pre_req_pre"": ""0"", ""buy_10th_pre_bid"": ""-11570"", ""buy_10th_pre_req"": ""512"", ""buy_10th_pre_req_pre"": ""0"", ""tot_sel_req_jub_pre"": ""+34"", ""tot_sel_req"": ""7179"", ""tot_buy_req"": ""9347"", ""tot_buy_req_jub_pre"": ""0"", ""ovt_sel_req_pre"": ""0"", ""ovt_sel_req"": ""0"", ""ovt_buy_req"": ""0"", ""ovt_buy_req_pre"": ""0"", ""return_code"": 0, ""return_msg"": ""정상적으로 처리되었습니다""}"
2026-09-10,scan_candidate,397030,2026-09-10T09:30:14.472901,0,main_scan,17000,17800,17000,16980,17000,17050,-0.21000000000002567,0.1176470588235294,2943730,490546319600,3659272770,4.6084989106069685,-4.49438202247191,"{""bid_req_base_tm"": ""093139"", ""sel_10th_pre_req_pre"": ""0"", ""sel_10th_pre_req"": ""15"", ""sel_10th_pre_bid"": ""-17170"", ""sel_9th_pre_req_pre"": ""0"", ""sel_9th_pre_req"": ""1"", ""sel_9th_pre_bid"": ""-17120"", ""sel_8th_pre_req_pre"": ""0"", ""sel_8th_pre_req"": ""1"", ""sel_8th_pre_bid"": ""-17100"", ""sel_7th_pre_req_pre"": ""0"", ""sel_7th_pre_req"": ""9"", ""sel_7th_pre_bid"": ""-17090"", ""sel_6th_pre_req_pre"": ""0"", ""sel_6th_pre_req"": ""9"", ""sel_6th_pre_bid"": ""-17080"", ""sel_5th_pre_req_pre"": ""0"", ""sel_5th_pre_req"": ""9"", ""sel_5th_pre_bid"": ""-17050"", ""sel_4th_pre_req_pre"": ""0"", ""sel_4th_pre_req"": ""91"", ""sel_4th_pre_bid"": ""-17030"", ""sel_3th_pre_req_pre"": ""0"", ""sel_3th_pre_req"": ""21"", ""sel_3th_pre_bid"": ""-17020"", ""sel_2th_pre_req_pre"": ""0"", ""sel_2th_pre_req"": ""37"", ""sel_2th_pre_bid"": ""-17010"", ""sel_1th_pre_req_pre"": ""0"", ""sel_fpr_req"": ""58"", ""sel_fpr_bid"": ""-17000"", ""buy_fpr_bid"": ""-16980"", ""buy_fpr_req"": ""1"", ""buy_1th_pre_req_pre"": ""0"", ""buy_2th_pre_bid"": ""-16970"", ""buy_2th_pre_req"": ""73"", ""buy_2th_pre_req_pre"": ""0"", ""buy_3th_pre_bid"": ""-16960"", ""buy_3th_pre_req"": ""116"", ""buy_3th_pre_req_pre"": ""--2"", ""buy_4th_pre_bid"": ""-16950"", ""buy_4th_pre_req"": ""328"", ""buy_4th_pre_req_pre"": ""0"", ""buy_5th_pre_bid"": ""-16940"", ""buy_5th_pre_req"": ""393"", ""buy_5th_pre_req_pre"": ""0"", ""buy_6th_pre_bid"": ""-16930"", ""buy_6th_pre_req"": ""492"", ""buy_6th_pre_req_pre"": ""0"", ""buy_7th_pre_bid"": ""-16920"", ""buy_7th_pre_req"": ""366"", ""buy_7th_pre_req_pre"": ""0"", ""buy_8th_pre_bid"": ""-16910"", ""buy_8th_pre_req"": ""376"", ""buy_8th_pre_req_pre"": ""0"", ""buy_9th_pre_bid"": ""-16900"", ""buy_9th_pre_req"": ""548"", ""buy_9th_pre_req_pre"": ""0"", ""buy_10th_pre_bid"": ""-16890"", ""buy_10th_pre_req"": ""155"", ""buy_10th_pre_req_pre"": ""0"", ""tot_sel_req_jub_pre"": ""0"", ""tot_sel_req"": ""251"", ""tot_buy_req"": ""2848"", ""tot_buy_req_jub_pre"": ""--2"", ""ovt_sel_req_pre"": ""0"", ""ovt_sel_req"": ""0"", ""ovt_buy_req"": ""0"", ""ovt_buy_req_pre"": ""0"", ""return_code"": 0, ""return_msg"": ""정상적으로 처리되었습니다""}"
2026-09-10,scan_candidate,077360,2026-09-10T09:30:14.472901,0,main_scan,10460,10060,10460,10450,10460,10450,-0.7824952198852961,0.09560229445506692,10003450,457096240120,7994215605,4.6084989106069685,3.9761431411530817,"{""bid_req_base_tm"": ""093140"", ""sel_10th_pre_req_pre"": ""0"", ""sel_10th_pre_req"": ""165"", ""sel_10th_pre_bid"": ""+10550"", ""sel_9th_pre_req_pre"": ""0"", ""sel_9th_pre_req"": ""357"", ""sel_9th_pre_bid"": ""+10540"", ""sel_8th_pre_req_pre"": ""0"", ""sel_8th_pre_req"": ""75"", ""sel_8th_pre_bid"": ""+10530"", ""sel_7th_pre_req_pre"": ""0"", ""sel_7th_pre_req"": ""101"", ""sel_7th_pre_bid"": ""10520"", ""sel_6th_pre_req_pre"": ""0"", ""sel_6th_pre_req"": ""435"", ""sel_6th_pre_bid"": ""-10510"", ""sel_5th_pre_req_pre"": ""0"", ""sel_5th_pre_req"": ""51"", ""sel_5th_pre_bid"": ""-10500"", ""sel_4th_pre_req_pre"": ""--382"", ""sel_4th_pre_req"": ""108"", ""sel_4th_pre_bid"": ""-10490"", ""sel_3th_pre_req_pre"": ""0"", ""sel_3th_pre_req"": ""556"", ""sel_3th_pre_bid"": ""-10480"", ""sel_2th_pre_req_pre"": ""0"", ""sel_2th_pre_req"": ""251"", ""sel_2th_pre_bid"": ""-10470"", ""sel_1th_pre_req_pre"": ""0"", ""sel_fpr_req"": ""200"", ""sel_fpr_bid"": ""-10460"", ""buy_fpr_bid"": ""-10450"", ""buy_fpr_req"": ""385"", ""buy_1th_pre_req_pre"": ""0"", ""buy_2th_pre_bid"": ""-10440"", ""buy_2th_pre_req"": ""187"", ""buy_2th_pre_req_pre"": ""0"", ""buy_3th_pre_bid"": ""-10430"", ""buy_3th_pre_req"": ""338"", ""buy_3th_pre_req_pre"": ""0"", ""buy_4th_pre_bid"": ""-10420"", ""buy_4th_pre_req"": ""95"", ""buy_4th_pre_req_pre"": ""0"", ""buy_5th_pre_bid"": ""-10410"", ""buy_5th_pre_req"": ""1026"", ""buy_5th_pre_req_pre"": ""0"", ""buy_6th_pre_bid"": ""-10400"", ""buy_6th_pre_req"": ""1246"", ""buy_6th_pre_req_pre"": ""0"", ""buy_7th_pre_bid"": ""-10390"", ""buy_7th_pre_req"": ""1022"", ""buy_7th_pre_req_pre"": ""0"", ""buy_8th_pre_bid"": ""-10380"", ""buy_8th_pre_req"": ""548"", ""buy_8th_pre_req_pre"": ""0"", ""buy_9th_pre_bid"": ""-10370"", ""buy_9th_pre_req"": ""1111"", ""buy_9th_pre_req_pre"": ""0"", ""buy_10th_pre_bid"": ""-10360"", ""buy_10th_pre_req"": ""2359"", ""buy_10th_pre_req_pre"": ""0"", ""tot_sel_req_jub_pre"": ""--382"", ""tot_sel_req"": ""2299"", ""tot_buy_req"": ""8317"", ""tot_buy_req_jub_pre"": ""0"", ""ovt_sel_req_pre"": ""0"", ""ovt_sel_req"": ""0"", ""ovt_buy_req"": ""0"", ""ovt_buy_req_pre"": ""0"", ""return_code"": 0, ""return_msg"": ""정상적으로 처리되었습니다""}"
2026-09-10,scan_candidate,056080,2026-09-10T09:30:14.472901,0,main_scan,12250,11890,12250,12210,12250,12200,-1.0247346938775563,0.326530612244898,2037270,454619928540,7802064125,4.6084989106069685,3.027754415475189,"{""bid_req_base_tm"": ""093140"", ""sel_10th_pre_req_pre"": ""0"", ""sel_10th_pre_req"": ""26"", ""sel_10th_pre_bid"": ""-12340"", ""sel_9th_pre_req_pre"": ""0"", ""sel_9th_pre_req"": ""401"", ""sel_9th_pre_bid"": ""-12330"", ""sel_8th_pre_req_pre"": ""0"", ""sel_8th_pre_req"": ""1591"", ""sel_8th_pre_bid"": ""-12320"", ""sel_7th_pre_req_pre"": ""0"", ""sel_7th_pre_req"": ""217"", ""sel_7th_pre_bid"": ""-12310"", ""sel_6th_pre_req_pre"": ""0"", ""sel_6th_pre_req"": ""137"", ""sel_6th_pre_bid"": ""-12300"", ""sel_5th_pre_req_pre"": ""0"", ""sel_5th_pre_req"": ""94"", ""sel_5th_pre_bid"": ""-12290"", ""sel_4th_pre_req_pre"": ""0"", ""sel_4th_pre_req"": ""37"", ""sel_4th_pre_bid"": ""-12280"", ""sel_3th_pre_req_pre"": ""0"", ""sel_3th_pre_req"": ""27"", ""sel_3th_pre_bid"": ""-12270"", ""sel_2th_pre_req_pre"": ""0"", ""sel_2th_pre_req"": ""59"", ""sel_2th_pre_bid"": ""-12260"", ""sel_1th_pre_req_pre"": ""0"", ""sel_fpr_req"": ""16"", ""sel_fpr_bid"": ""-12250"", ""buy_fpr_bid"": ""-12210"", ""buy_fpr_req"": ""1"", ""buy_1th_pre_req_pre"": ""--7"", ""buy_2th_pre_bid"": ""-12190"", ""buy_2th_pre_req"": ""93"", ""buy_2th_pre_req_pre"": ""0"", ""buy_3th_pre_bid"": ""-12180"", ""buy_3th_pre_req"": ""55"", ""buy_3th_pre_req_pre"": ""0"", ""buy_4th_pre_bid"": ""-12170"", ""buy_4th_pre_req"": ""161"", ""buy_4th_pre_req_pre"": ""0"", ""buy_5th_pre_bid"": ""-12160"", ""buy_5th_pre_req"": ""283"", ""buy_5th_pre_req_pre"": ""0"", ""buy_6th_pre_bid"": ""-12150"", ""buy_6th_pre_req"": ""1310"", ""buy_6th_pre_req_pre"": ""0"", ""buy_7th_pre_bid"": ""-12140"", ""buy_7th_pre_req"": ""188"", ""buy_7th_pre_req_pre"": ""0"", ""buy_8th_pre_bid"": ""-12130"", ""buy_8th_pre_req"": ""221"", ""buy_8th_pre_req_pre"": ""0"", ""buy_9th_pre_bid"": ""-12120"", ""buy_9th_pre_req"": ""21"", ""buy_9th_pre_req_pre"": ""0"", ""buy_10th_pre_bid"": ""-12110"", ""buy_10th_pre_req"": ""580"", ""buy_10th_pre_req_pre"": ""0"", ""tot_sel_req_jub_pre"": ""0"", ""tot_sel_req"": ""2605"", ""tot_buy_req"": ""2913"", ""tot_buy_req_jub_pre"": ""--7"", ""ovt_sel_req_pre"": ""0"", ""ovt_sel_req"": ""0"", ""ovt_buy_req"": ""0"", ""ovt_buy_req_pre"": ""0"", ""return_code"": 0, ""return_msg"": ""정상적으로 처리되었습니다""}"
2026-09-10,scan_candidate,348370,2026-09-10T09:30:14.472901,0,main_scan,22050,20700,22050,22000,22050,22200,0.24263038548751184,0.22675736961451248,8881300,453557575800,3070215625,4.6084989106069685,6.521739130434782,"{""bid_req_base_tm"": ""093139"", ""sel_10th_pre_req_pre"": ""0"", ""sel_10th_pre_req"": ""1"", ""sel_10th_pre_bid"": ""-22550"", ""sel_9th_pre_req_pre"": ""0"", ""sel_9th_pre_req"": ""294"", ""sel_9th_pre_bid"": ""-22500"", ""sel_8th_pre_req_pre"": ""0"", ""sel_8th_pre_req"": ""315"", ""sel_8th_pre_bid"": ""-22450"", ""sel_7th_pre_req_pre"": ""0"", ""sel_7th_pre_req"": ""93"", ""sel_7th_pre_bid"": ""-22400"", ""sel_6th_pre_req_pre"": ""0"", ""sel_6th_pre_req"": ""142"", ""sel_6th_pre_bid"": ""-22350"", ""sel_5th_pre_req_pre"": ""0"", ""sel_5th_pre_req"": ""117"", ""sel_5th_pre_bid"": ""-22300"", ""sel_4th_pre_req_pre"": ""0"", ""sel_4th_pre_req"": ""193"", ""sel_4th_pre_bid"": ""-22250"", ""sel_3th_pre_req_pre"": ""0"", ""sel_3th_pre_req"": ""125"", ""sel_3th_pre_bid"": ""-22200"", ""sel_2th_pre_req_pre"": ""0"", ""sel_2th_pre_req"": ""53"", ""sel_2th_pre_bid"": ""-22150"", ""sel_1th_pre_req_pre"": ""0"", ""sel_fpr_req"": ""62"", ""sel_fpr_bid"": ""-22050"", ""buy_fpr_bid"": ""-22000"", ""buy_fpr_req"": ""216"", ""buy_1th_pre_req_pre"": ""0"", ""buy_2th_pre_bid"": ""-21950"", ""buy_2th_pre_req"": ""249"", ""buy_2th_pre_req_pre"": ""0"", ""buy_3th_pre_bid"": ""-21900"", ""buy_3th_pre_req"": ""383"", ""buy_3th_pre_req_pre"": ""0"", ""buy_4th_pre_bid"": ""-21850"", ""buy_4th_pre_req"": ""366"", ""buy_4th_pre_req_pre"": ""0"", ""buy_5th_pre_bid"": ""-21800"", ""buy_5th_pre_req"": ""3329"", ""buy_5th_pre_req_pre"": ""0"", ""buy_6th_pre_bid"": ""-21750"", ""buy_6th_pre_req"": ""222"", ""buy_6th_pre_req_pre"": ""0"", ""buy_7th_pre_bid"": ""-21700"", ""buy_7th_pre_req"": ""710"", ""buy_7th_pre_req_pre"": ""0"", ""buy_8th_pre_bid"": ""-21650"", ""buy_8th_pre_req"": ""750"", ""buy_8th_pre_req_pre"": ""0"", ""buy_9th_pre_bid"": ""-21600"", ""buy_9th_pre_req"": ""252"", ""buy_9th_pre_req_pre"": ""0"", ""buy_10th_pre_bid"": ""-21550"", ""buy_10th_pre_req"": ""890"", ""buy_10th_pre_req_pre"": ""0"", ""tot_sel_req_jub_pre"": ""0"", ""tot_sel_req"": ""1395"", ""tot_buy_req"": ""7367"", ""tot_buy_req_jub_pre"": ""0"", ""ovt_sel_req_pre"": ""0"", ""ovt_sel_req"": ""0"", ""ovt_buy_req"": ""0"", ""ovt_buy_req_pre"": ""0"", ""return_code"": 0, ""return_msg"": ""정상적으로 처리되었습니다""}"
2026-09-10,scan_candidate,386380,2026-09-10T09:30:14.472901,0,main_scan,29800,23500,29800,29750,29800,29600,-1.047290268456384,0.16778523489932887,360473800,440906459500,1691342882935,4.6084989106069685,26.80851063829787,"{""bid_req_base_tm"": ""093140"", ""sel_10th_pre_req_pre"": ""0"", ""sel_10th_pre_req"": ""1401"", ""sel_10th_pre_bid"": ""-30250"", ""sel_9th_pre_req_pre"": ""0"", ""sel_9th_pre_req"": ""1560"", ""sel_9th_pre_bid"": ""-30200"", ""sel_8th_pre_req_pre"": ""0"", ""sel_8th_pre_req"": ""650"", ""sel_8th_pre_bid"": ""-30150"", ""sel_7th_pre_req_pre"": ""0"", ""sel_7th_pre_req"": ""953"", ""sel_7th_pre_bid"": ""-30100"", ""sel_6th_pre_req_pre"": ""0"", ""sel_6th_pre_req"": ""1013"", ""sel_6th_pre_bid"": ""-30050"", ""sel_5th_pre_req_pre"": ""0"", ""sel_5th_pre_req"": ""10876"", ""sel_5th_pre_bid"": ""-30000"", ""sel_4th_pre_req_pre"": ""0"", ""sel_4th_pre_req"": ""2151"", ""sel_4th_pre_bid"": ""-29950"", ""sel_3th_pre_req_pre"": ""0"", ""sel_3th_pre_req"": ""1805"", ""sel_3th_pre_bid"": ""-29900"", ""sel_2th_pre_req_pre"": ""0"", ""sel_2th_pre_req"": ""1312"", ""sel_2th_pre_bid"": ""-29850"", ""sel_1th_pre_req_pre"": ""--12"", ""sel_fpr_req"": ""1996"", ""sel_fpr_bid"": ""-29800"", ""buy_fpr_bid"": ""-29750"", ""buy_fpr_req"": ""898"", ""buy_1th_pre_req_pre"": ""0"", ""buy_2th_pre_bid"": ""-29650"", ""buy_2th_pre_req"": ""122"", ""buy_2th_pre_req_pre"": ""0"", ""buy_3th_pre_bid"": ""-29600"", ""buy_3th_pre_req"": ""1876"", ""buy_3th_pre_req_pre"": ""0"", ""buy_4th_pre_bid"": ""-29550"", ""buy_4th_pre_req"": ""1642"", ""buy_4th_pre_req_pre"": ""0"", ""buy_5th_pre_bid"": ""-29500"", ""buy_5th_pre_req"": ""4563"", ""buy_5th_pre_req_pre"": ""0"", ""buy_6th_pre_bid"": ""-29450"", ""buy_6th_pre_req"": ""228"", ""buy_6th_pre_req_pre"": ""0"", ""buy_7th_pre_bid"": ""-29400"", ""buy_7th_pre_req"": ""1429"", ""buy_7th_pre_req_pre"": ""0"", ""buy_8th_pre_bid"": ""-29350"", ""buy_8th_pre_req"": ""683"", ""buy_8th_pre_req_pre"": ""0"", ""buy_9th_pre_bid"": ""-29300"", ""buy_9th_pre_req"": ""1117"", ""buy_9th_pre_req_pre"": ""0"", ""buy_10th_pre_bid"": ""-29250"", ""buy_10th_pre_req"": ""1777"", ""buy_10th_pre_req_pre"": ""0"", ""tot_sel_req_jub_pre"": ""--12"", ""tot_sel_req"": ""23717"", ""tot_buy_req"": ""14335"", ""tot_buy_req_jub_pre"": ""0"", ""ovt_sel_req_pre"": ""0"", ""ovt_sel_req"": ""0"", ""ovt_buy_req"": ""0"", ""ovt_buy_req_pre"": ""0"", ""return_code"": 0, ""return_msg"": ""정상적으로 처리되었습니다""}"
2026-09-10,scan_candidate,174900,2026-09-10T09:30:14.472901,0,main_scan,20450,21600,20450,20400,20450,20650,0.5220660146699124,0.24449877750611246,5030950,430965986400,3455428325,4.6084989106069685,-5.324074074074074,"{""bid_req_base_tm"": ""093131"", ""sel_10th_pre_req_pre"": ""0"", ""sel_10th_pre_req"": ""516"", ""sel_10th_pre_bid"": ""+21000"", ""sel_9th_pre_req_pre"": ""0"", ""sel_9th_pre_req"": ""457"", ""sel_9th_pre_bid"": ""20950"", ""sel_8th_pre_req_pre"": ""0"", ""sel_8th_pre_req"": ""103"", ""sel_8th_pre_bid"": ""-20900"", ""sel_7th_pre_req_pre"": ""0"", ""sel_7th_pre_req"": ""100"", ""sel_7th_pre_bid"": ""-20850"", ""sel_6th_pre_req_pre"": ""0"", ""sel_6th_pre_req"": ""7"", ""sel_6th_pre_bid"": ""-20800"", ""sel_5th_pre_req_pre"": ""0"", ""sel_5th_pre_req"": ""3"", ""sel_5th_pre_bid"": ""-20650"", ""sel_4th_pre_req_pre"": ""0"", ""sel_4th_pre_req"": ""71"", ""sel_4th_pre_bid"": ""-20600"", ""sel_3th_pre_req_pre"": ""0"", ""sel_3th_pre_req"": ""97"", ""sel_3th_pre_bid"": ""-20550"", ""sel_2th_pre_req_pre"": ""0"", ""sel_2th_pre_req"": ""129"", ""sel_2th_pre_bid"": ""-20500"", ""sel_1th_pre_req_pre"": ""0"", ""sel_fpr_req"": ""6"", ""sel_fpr_bid"": ""-20450"", ""buy_fpr_bid"": ""-20400"", ""buy_fpr_req"": ""22"", ""buy_1th_pre_req_pre"": ""+5"", ""buy_2th_pre_bid"": ""-20350"", ""buy_2th_pre_req"": ""268"", ""buy_2th_pre_req_pre"": ""0"", ""buy_3th_pre_bid"": ""-20300"", ""buy_3th_pre_req"": ""310"", ""buy_3th_pre_req_pre"": ""0"", ""buy_4th_pre_bid"": ""-20250"", ""buy_4th_pre_req"": ""89"", ""buy_4th_pre_req_pre"": ""0"", ""buy_5th_pre_bid"": ""-20200"", ""buy_5th_pre_req"": ""1104"", ""buy_5th_pre_req_pre"": ""0"", ""buy_6th_pre_bid"": ""-20150"", ""buy_6th_pre_req"": ""32"", ""buy_6th_pre_req_pre"": ""0"", ""buy_7th_pre_bid"": ""-20100"", ""buy_7th_pre_req"": ""180"", ""buy_7th_pre_req_pre"": ""0"", ""buy_8th_pre_bid"": ""-20050"", ""buy_8th_pre_req"": ""914"", ""buy_8th_pre_req_pre"": ""0"", ""buy_9th_pre_bid"": ""-20000"", ""buy_9th_pre_req"": ""2068"", ""buy_9th_pre_req_pre"": ""0"", ""buy_10th_pre_bid"": ""-19990"", ""buy_10th_pre_req"": ""199"", ""buy_10th_pre_req_pre"": ""0"", ""tot_sel_req_jub_pre"": ""0"", ""tot_sel_req"": ""1489"", ""tot_buy_req"": ""5186"", ""tot_buy_req_jub_pre"": ""+5"", ""ovt_sel_req_pre"": ""0"", ""ovt_sel_req"": ""0"", ""ovt_buy_req"": ""0"", ""ovt_buy_req_pre"": ""0"", ""return_code"": 0, ""return_msg"": ""정상적으로 처리되었습니다""}"
2026-09-10,scan_candidate,092870,2026-09-10T09:30:14.472901,0,main_scan,28900,32650,28900,28850,28900,28800,-0.7280190311418782,0.17301038062283738,30702750,426108522050,14989903475,4.6084989106069685,-11.485451761102604,"{""bid_req_base_tm"": ""093141"", ""sel_10th_pre_req_pre"": ""0"", ""sel_10th_pre_req"": ""671"", ""sel_10th_pre_bid"": ""+29350"", ""sel_9th_pre_req_pre"": ""0"", ""sel_9th_pre_req"": ""257"", ""sel_9th_pre_bid"": ""+29300"", ""sel_8th_pre_req_pre"": ""0"", ""sel_8th_pre_req"": ""253"", ""sel_8th_pre_bid"": ""+29250"", ""sel_7th_pre_req_pre"": ""0"", ""sel_7th_pre_req"": ""723"", ""sel_7th_pre_bid"": ""+29200"", ""sel_6th_pre_req_pre"": ""0"", ""sel_6th_pre_req"": ""428"", ""sel_6th_pre_bid"": ""+29150"", ""sel_5th_pre_req_pre"": ""0"", ""sel_5th_pre_req"": ""209"", ""sel_5th_pre_bid"": ""+29100"", ""sel_4th_pre_req_pre"": ""0"", ""sel_4th_pre_req"": ""586"", ""sel_4th_pre_bid"": ""+29050"", ""sel_3th_pre_req_pre"": ""+20"", ""sel_3th_pre_req"": ""127"", ""sel_3th_pre_bid"": ""+29000"", ""sel_2th_pre_req_pre"": ""0"", ""sel_2th_pre_req"": ""133"", ""sel_2th_pre_bid"": ""+28950"", ""sel_1th_pre_req_pre"": ""0"", ""sel_fpr_req"": ""335"", ""sel_fpr_bid"": ""+28900"", ""buy_fpr_bid"": ""+28850"", ""buy_fpr_req"": ""681"", ""buy_1th_pre_req_pre"": ""0"", ""buy_2th_pre_bid"": ""+28800"", ""buy_2th_pre_req"": ""71"", ""buy_2th_pre_req_pre"": ""0"", ""buy_3th_pre_bid"": ""+28750"", ""buy_3th_pre_req"": ""127"", ""buy_3th_pre_req_pre"": ""0"", ""buy_4th_pre_bid"": ""+28700"", ""buy_4th_pre_req"": ""255"", ""buy_4th_pre_req_pre"": ""0"", ""buy_5th_pre_bid"": ""+28650"", ""buy_5th_pre_req"": ""200"", ""buy_5th_pre_req_pre"": ""0"", ""buy_6th_pre_bid"": ""+28600"", ""buy_6th_pre_req"": ""87"", ""buy_6th_pre_req_pre"": ""0"", ""buy_7th_pre_bid"": ""+28550"", ""buy_7th_pre_req"": ""293"", ""buy_7th_pre_req_pre"": ""0"", ""buy_8th_pre_bid"": ""+28500"", ""buy_8th_pre_req"": ""250"", ""buy_8th_pre_req_pre"": ""0"", ""buy_9th_pre_bid"": ""+28450"", ""buy_9th_pre_req"": ""22"", ""buy_9th_pre_req_pre"": ""0"", ""buy_10th_pre_bid"": ""+28400"", ""buy_10th_pre_req"": ""4"", ""buy_10th_pre_req_pre"": ""0"", ""tot_sel_req_jub_pre"": ""+20"", ""tot_sel_req"": ""3722"", ""tot_buy_req"": ""1990"", ""tot_buy_req_jub_pre"": ""0"", ""ovt_sel_req_pre"": ""0"", ""ovt_sel_req"": ""0"", ""ovt_buy_req"": ""0"", ""ovt_buy_req_pre"": ""0"", ""return_code"": 0, ""return_msg"": ""정상적으로 처리되었습니다""}"
2026-09-10,scan_candidate,477850,2026-09-10T09:30:14.472901,0,main_scan,22950,23300,22950,22900,22950,23000,-0.20999999999999874,0.2178649237472767,75065000,413685348800,9317690750,4.6084989106069685,-1.502145922746781,"{""bid_req_base_tm"": ""093140"", ""sel_10th_pre_req_pre"": ""0"", ""sel_10th_pre_req"": ""3831"", ""sel_10th_pre_bid"": ""+23400"", ""sel_9th_pre_req_pre"": ""--50"", ""sel_9th_pre_req"": ""4064"", ""sel_9th_pre_bid"": ""+23350"", ""sel_8th_pre_req_pre"": ""0"", ""sel_8th_pre_req"": ""4958"", ""sel_8th_pre_bid"": ""+23300"", ""sel_7th_pre_req_pre"": ""0"", ""sel_7th_pre_req"": ""3621"", ""sel_7th_pre_bid"": ""+23250"", ""sel_6th_pre_req_pre"": ""0"", ""sel_6th_pre_req"": ""2331"", ""sel_6th_pre_bid"": ""+23200"", ""sel_5th_pre_req_pre"": ""0"", ""sel_5th_pre_req"": ""1279"", ""sel_5th_pre_bid"": ""+23150"", ""sel_4th_pre_req_pre"": ""0"", ""sel_4th_pre_req"": ""445"", ""sel_4th_pre_bid"": ""+23100"", ""sel_3th_pre_req_pre"": ""0"", ""sel_3th_pre_req"": ""562"", ""sel_3th_pre_bid"": ""+23050"", ""sel_2th_pre_req_pre"": ""0"", ""sel_2th_pre_req"": ""911"", ""sel_2th_pre_bid"": ""+23000"", ""sel_1th_pre_req_pre"": ""+50"", ""sel_fpr_req"": ""1004"", ""sel_fpr_bid"": ""+22950"", ""buy_fpr_bid"": ""+22900"", ""buy_fpr_req"": ""1108"", ""buy_1th_pre_req_pre"": ""0"", ""buy_2th_pre_bid"": ""+22850"", ""buy_2th_pre_req"": ""2367"", ""buy_2th_pre_req_pre"": ""0"", ""buy_3th_pre_bid"": ""+22800"", ""buy_3th_pre_req"": ""1490"", ""buy_3th_pre_req_pre"": ""0"", ""buy_4th_pre_bid"": ""22750"", ""buy_4th_pre_req"": ""2073"", ""buy_4th_pre_req_pre"": ""0"", ""buy_5th_pre_bid"": ""-22700"", ""buy_5th_pre_req"": ""1234"", ""buy_5th_pre_req_pre"": ""+1"", ""buy_6th_pre_bid"": ""-22650"", ""buy_6th_pre_req"": ""1108"", ""buy_6th_pre_req_pre"": ""0"", ""buy_7th_pre_bid"": ""-22600"", ""buy_7th_pre_req"": ""2158"", ""buy_7th_pre_req_pre"": ""0"", ""buy_8th_pre_bid"": ""-22550"", ""buy_8th_pre_req"": ""1357"", ""buy_8th_pre_req_pre"": ""0"", ""buy_9th_pre_bid"": ""-22500"", ""buy_9th_pre_req"": ""4392"", ""buy_9th_pre_req_pre"": ""0"", ""buy_10th_pre_bid"": ""-22450"", ""buy_10th_pre_req"": ""588"", ""buy_10th_pre_req_pre"": ""0"", ""tot_sel_req_jub_pre"": ""0"", ""tot_sel_req"": ""23006"", ""tot_buy_req"": ""17875"", ""tot_buy_req_jub_pre"": ""+1"", ""ovt_sel_req_pre"": ""0"", ""ovt_sel_req"": ""0"", ""ovt_buy_req"": ""0"", ""ovt_buy_req_pre"": ""0"", ""return_code"": 0, ""return_msg"": ""정상적으로 처리되었습니다""}"
2026-09-10,scan_candidate,439960,2026-09-10T09:30:14.472901,0,main_scan,12660,12650,12660,12650,12660,12650,-0.6830094786729934,0.07898894154818326,36599760,410500418900,18758121210,4.6084989106069685,0.07905138339920949,"{""bid_req_base_tm"": ""093138"", ""sel_10th_pre_req_pre"": ""0"", ""sel_10th_pre_req"": ""2215"", ""sel_10th_pre_bid"": ""+12750"", ""sel_9th_pre_req_pre"": ""0"", ""sel_9th_pre_req"": ""81"", ""sel_9th_pre_bid"": ""+12740"", ""sel_8th_pre_req_pre"": ""0"", ""sel_8th_pre_req"": ""701"", ""sel_8th_pre_bid"": ""+12730"", ""sel_7th_pre_req_pre"": ""0"", ""sel_7th_pre_req"": ""1368"", ""sel_7th_pre_bid"": ""+12720"", ""sel_6th_pre_req_pre"": ""0"", ""sel_6th_pre_req"": ""61"", ""sel_6th_pre_bid"": ""+12710"", ""sel_5th_pre_req_pre"": ""0"", ""sel_5th_pre_req"": ""3458"", ""sel_5th_pre_bid"": ""+12700"", ""sel_4th_pre_req_pre"": ""0"", ""sel_4th_pre_req"": ""151"", ""sel_4th_pre_bid"": ""+12690"", ""sel_3th_pre_req_pre"": ""0"", ""sel_3th_pre_req"": ""143"", ""sel_3th_pre_bid"": ""+12680"", ""sel_2th_pre_req_pre"": ""0"", ""sel_2th_pre_req"": ""701"", ""sel_2th_pre_bid"": ""+12670"", ""sel_1th_pre_req_pre"": ""0"", ""sel_fpr_req"": ""128"", ""sel_fpr_bid"": ""+12660"", ""buy_fpr_bid"": ""+12650"", ""buy_fpr_req"": ""210"", ""buy_1th_pre_req_pre"": ""0"", ""buy_2th_pre_bid"": ""+12640"", ""buy_2th_pre_req"": ""115"", ""buy_2th_pre_req_pre"": ""0"", ""buy_3th_pre_bid"": ""+12630"", ""buy_3th_pre_req"": ""4043"", ""buy_3th_pre_req_pre"": ""0"", ""buy_4th_pre_bid"": ""+12620"", ""buy_4th_pre_req"": ""1122"", ""buy_4th_pre_req_pre"": ""0"", ""buy_5th_pre_bid"": ""+12610"", ""buy_5th_pre_req"": ""3225"", ""buy_5th_pre_req_pre"": ""0"", ""buy_6th_pre_bid"": ""+12600"", ""buy_6th_pre_req"": ""4321"", ""buy_6th_pre_req_pre"": ""0"", ""buy_7th_pre_bid"": ""+12590"", ""buy_7th_pre_req"": ""1737"", ""buy_7th_pre_req_pre"": ""0"", ""buy_8th_pre_bid"": ""+12580"", ""buy_8th_pre_req"": ""1700"", ""buy_8th_pre_req_pre"": ""0"", ""buy_9th_pre_bid"": ""+12570"", ""buy_9th_pre_req"": ""345"", ""buy_9th_pre_req_pre"": ""0"", ""buy_10th_pre_bid"": ""+12560"", ""buy_10th_pre_req"": ""2125"", ""buy_10th_pre_req_pre"": ""0"", ""tot_sel_req_jub_pre"": ""0"", ""tot_sel_req"": ""9007"", ""tot_buy_req"": ""18943"", ""tot_buy_req_jub_pre"": ""0"", ""ovt_sel_req_pre"": ""0"", ""ovt_sel_req"": ""0"", ""ovt_buy_req"": ""0"", ""ovt_buy_req_pre"": ""0"", ""return_code"": 0, ""return_msg"": ""정상적으로 처리되었습니다""}"
2026-09-10,scan_candidate,348340,2026-09-10T09:30:14.472901,0,main_scan,18500,17240,18500,18490,18500,18450,-0.7494864864864998,0.05405405405405406,17139230,403561229760,9075508925,4.6084989106069685,7.308584686774942,"{""bid_req_base_tm"": ""093140"", ""sel_10th_pre_req_pre"": ""0"", ""sel_10th_pre_req"": ""533"", ""sel_10th_pre_bid"": ""+18590"", ""sel_9th_pre_req_pre"": ""0"", ""sel_9th_pre_req"": ""295"", ""sel_9th_pre_bid"": ""+18580"", ""sel_8th_pre_req_pre"": ""0"", ""sel_8th_pre_req"": ""101"", ""sel_8th_pre_bid"": ""+18570"", ""sel_7th_pre_req_pre"": ""--104"", ""sel_7th_pre_req"": ""376"", ""sel_7th_pre_bid"": ""+18560"", ""sel_6th_pre_req_pre"": ""0"", ""sel_6th_pre_req"": ""600"", ""sel_6th_pre_bid"": ""+18550"", ""sel_5th_pre_req_pre"": ""0"", ""sel_5th_pre_req"": ""442"", ""sel_5th_pre_bid"": ""+18540"", ""sel_4th_pre_req_pre"": ""0"", ""sel_4th_pre_req"": ""752"", ""sel_4th_pre_bid"": ""+18530"", ""sel_3th_pre_req_pre"": ""0"", ""sel_3th_pre_req"": ""108"", ""sel_3th_pre_bid"": ""+18520"", ""sel_2th_pre_req_pre"": ""0"", ""sel_2th_pre_req"": ""20"", ""sel_2th_pre_bid"": ""+18510"", ""sel_1th_pre_req_pre"": ""0"", ""sel_fpr_req"": ""76"", ""sel_fpr_bid"": ""+18500"", ""buy_fpr_bid"": ""+18490"", ""buy_fpr_req"": ""10"", ""buy_1th_pre_req_pre"": ""0"", ""buy_2th_pre_bid"": ""+18460"", ""buy_2th_pre_req"": ""20"", ""buy_2th_pre_req_pre"": ""0"", ""buy_3th_pre_bid"": ""+18450"", ""buy_3th_pre_req"": ""49"", ""buy_3th_pre_req_pre"": ""0"", ""buy_4th_pre_bid"": ""+18440"", ""buy_4th_pre_req"": ""127"", ""buy_4th_pre_req_pre"": ""0"", ""buy_5th_pre_bid"": ""+18430"", ""buy_5th_pre_req"": ""36"", ""buy_5th_pre_req_pre"": ""0"", ""buy_6th_pre_bid"": ""+18420"", ""buy_6th_pre_req"": ""109"", ""buy_6th_pre_req_pre"": ""0"", ""buy_7th_pre_bid"": ""+18410"", ""buy_7th_pre_req"": ""611"", ""buy_7th_pre_req_pre"": ""0"", ""buy_8th_pre_bid"": ""+18400"", ""buy_8th_pre_req"": ""136"", ""buy_8th_pre_req_pre"": ""0"", ""buy_9th_pre_bid"": ""+18390"", ""buy_9th_pre_req"": ""118"", ""buy_9th_pre_req_pre"": ""0"", ""buy_10th_pre_bid"": ""+18370"", ""buy_10th_pre_req"": ""156"", ""buy_10th_pre_req_pre"": ""0"", ""tot_sel_req_jub_pre"": ""--104"", ""tot_sel_req"": ""3303"", ""tot_buy_req"": ""1372"", ""tot_buy_req_jub_pre"": ""0"", ""ovt_sel_req_pre"": ""0"", ""ovt_sel_req"": ""0"", ""ovt_buy_req"": ""0"", ""ovt_buy_req_pre"": ""0"", ""return_code"": 0, ""return_msg"": ""정상적으로 처리되었습니다""}"
2026-09-10,scan_candidate,125490,2026-09-10T09:30:14.472901,0,main_scan,11090,10860,11090,11080,11090,11100,-0.5699819657349067,0.09017132551848511,36616940,396415542720,32582401910,4.6084989106069685,2.117863720073665,"{""bid_req_base_tm"": ""093142"", ""sel_10th_pre_req_pre"": ""0"", ""sel_10th_pre_req"": ""1628"", ""sel_10th_pre_bid"": ""+11180"", ""sel_9th_pre_req_pre"": ""0"", ""sel_9th_pre_req"": ""1393"", ""sel_9th_pre_bid"": ""+11170"", ""sel_8th_pre_req_pre"": ""0"", ""sel_8th_pre_req"": ""1193"", ""sel_8th_pre_bid"": ""+11160"", ""sel_7th_pre_req_pre"": ""0"", ""sel_7th_pre_req"": ""1039"", ""sel_7th_pre_bid"": ""+11150"", ""sel_6th_pre_req_pre"": ""0"", ""sel_6th_pre_req"": ""1123"", ""sel_6th_pre_bid"": ""+11140"", ""sel_5th_pre_req_pre"": ""0"", ""sel_5th_pre_req"": ""715"", ""sel_5th_pre_bid"": ""+11130"", ""sel_4th_pre_req_pre"": ""0"", ""sel_4th_pre_req"": ""1311"", ""sel_4th_pre_bid"": ""+11120"", ""sel_3th_pre_req_pre"": ""0"", ""sel_3th_pre_req"": ""677"", ""sel_3th_pre_bid"": ""+11110"", ""sel_2th_pre_req_pre"": ""0"", ""sel_2th_pre_req"": ""1312"", ""sel_2th_pre_bid"": ""+11100"", ""sel_1th_pre_req_pre"": ""--328"", ""sel_fpr_req"": ""332"", ""sel_fpr_bid"": ""+11090"", ""buy_fpr_bid"": ""+11080"", ""buy_fpr_req"": ""10986"", ""buy_1th_pre_req_pre"": ""0"", ""buy_2th_pre_bid"": ""+11070"", ""buy_2th_pre_req"": ""1639"", ""buy_2th_pre_req_pre"": ""--256"", ""buy_3th_pre_bid"": ""+11060"", ""buy_3th_pre_req"": ""1454"", ""buy_3th_pre_req_pre"": ""0"", ""buy_4th_pre_bid"": ""+11050"", ""buy_4th_pre_req"": ""504"", ""buy_4th_pre_req_pre"": ""0"", ""buy_5th_pre_bid"": ""+11040"", ""buy_5th_pre_req"": ""252"", ""buy_5th_pre_req_pre"": ""0"", ""buy_6th_pre_bid"": ""+11030"", ""buy_6th_pre_req"": ""1492"", ""buy_6th_pre_req_pre"": ""0"", ""buy_7th_pre_bid"": ""+11020"", ""buy_7th_pre_req"": ""1526"", ""buy_7th_pre_req_pre"": ""0"", ""buy_8th_pre_bid"": ""+11010"", ""buy_8th_pre_req"": ""2481"", ""buy_8th_pre_req_pre"": ""0"", ""buy_9th_pre_bid"": ""+11000"", ""buy_9th_pre_req"": ""6154"", ""buy_9th_pre_req_pre"": ""0"", ""buy_10th_pre_bid"": ""+10990"", ""buy_10th_pre_req"": ""2252"", ""buy_10th_pre_req_pre"": ""0"", ""tot_sel_req_jub_pre"": ""--328"", ""tot_sel_req"": ""10723"", ""tot_buy_req"": ""28740"", ""tot_buy_req_jub_pre"": ""--256"", ""ovt_sel_req_pre"": ""0"", ""ovt_sel_req"": ""0"", ""ovt_buy_req"": ""0"", ""ovt_buy_req_pre"": ""0"", ""return_code"": 0, ""return_msg"": ""정상적으로 처리되었습니다""}"
2026-09-10,scan_candidate,441270,2026-09-10T09:30:14.472901,0,main_scan,8310,9350,8310,8300,8310,8270,-0.8105114320096399,0.12033694344163659,41820540,394616114200,18465211220,4.6084989106069685,-11.122994652406417,"{""bid_req_base_tm"": ""093142"", ""sel_10th_pre_req_pre"": ""0"", ""sel_10th_pre_req"": ""5183"", ""sel_10th_pre_bid"": ""+8400"", ""sel_9th_pre_req_pre"": ""+1"", ""sel_9th_pre_req"": ""1094"", ""sel_9th_pre_bid"": ""+8390"", ""sel_8th_pre_req_pre"": ""0"", ""sel_8th_pre_req"": ""943"", ""sel_8th_pre_bid"": ""+8380"", ""sel_7th_pre_req_pre"": ""0"", ""sel_7th_pre_req"": ""634"", ""sel_7th_pre_bid"": ""+8370"", ""sel_6th_pre_req_pre"": ""0"", ""sel_6th_pre_req"": ""975"", ""sel_6th_pre_bid"": ""+8360"", ""sel_5th_pre_req_pre"": ""0"", ""sel_5th_pre_req"": ""1686"", ""sel_5th_pre_bid"": ""+8350"", ""sel_4th_pre_req_pre"": ""0"", ""sel_4th_pre_req"": ""1700"", ""sel_4th_pre_bid"": ""+8340"", ""sel_3th_pre_req_pre"": ""0"", ""sel_3th_pre_req"": ""828"", ""sel_3th_pre_bid"": ""+8330"", ""sel_2th_pre_req_pre"": ""0"", ""sel_2th_pre_req"": ""1314"", ""sel_2th_pre_bid"": ""+8320"", ""sel_1th_pre_req_pre"": ""0"", ""sel_fpr_req"": ""1139"", ""sel_fpr_bid"": ""+8310"", ""buy_fpr_bid"": ""+8300"", ""buy_fpr_req"": ""117"", ""buy_1th_pre_req_pre"": ""0"", ""buy_2th_pre_bid"": ""+8290"", ""buy_2th_pre_req"": ""33"", ""buy_2th_pre_req_pre"": ""0"", ""buy_3th_pre_bid"": ""+8270"", ""buy_3th_pre_req"": ""1639"", ""buy_3th_pre_req_pre"": ""0"", ""buy_4th_pre_bid"": ""+8260"", ""buy_4th_pre_req"": ""860"", ""buy_4th_pre_req_pre"": ""0"", ""buy_5th_pre_bid"": ""+8250"", ""buy_5th_pre_req"": ""766"", ""buy_5th_pre_req_pre"": ""+100"", ""buy_6th_pre_bid"": ""+8240"", ""buy_6th_pre_req"": ""1273"", ""buy_6th_pre_req_pre"": ""0"", ""buy_7th_pre_bid"": ""+8230"", ""buy_7th_pre_req"": ""1217"", ""buy_7th_pre_req_pre"": ""0"", ""buy_8th_pre_bid"": ""+8220"", ""buy_8th_pre_req"": ""562"", ""buy_8th_pre_req_pre"": ""0"", ""buy_9th_pre_bid"": ""+8210"", ""buy_9th_pre_req"": ""523"", ""buy_9th_pre_req_pre"": ""0"", ""buy_10th_pre_bid"": ""+8200"", ""buy_10th_pre_req"": ""963"", ""buy_10th_pre_req_pre"": ""0"", ""tot_sel_req_jub_pre"": ""+4941"", ""tot_sel_req"": ""15496"", ""tot_buy_req"": ""7953"", ""tot_buy_req_jub_pre"": ""--1024"", ""ovt_sel_req_pre"": ""0"", ""ovt_sel_req"": ""0"", ""ovt_buy_req"": ""0"", ""ovt_buy_req_pre"": ""0"", ""return_code"": 0, ""return_msg"": ""정상적으로 처리되었습니다""}"
2026-09-10,scan_candidate,064260,2026-09-10T09:30:14.472901,0,main_scan,5010,5200,5010,5000,5010,5040,0.18842315369260676,0.19960079840319359,62095630,393356376400,19681297730,4.6084989106069685,-3.653846153846154,"{""bid_req_base_tm"": ""093141"", ""sel_10th_pre_req_pre"": ""0"", ""sel_10th_pre_req"": ""672"", ""sel_10th_pre_bid"": ""-5100"", ""sel_9th_pre_req_pre"": ""0"", ""sel_9th_pre_req"": ""415"", ""sel_9th_pre_bid"": ""-5090"", ""sel_8th_pre_req_pre"": ""0"", ""sel_8th_pre_req"": ""459"", ""sel_8th_pre_bid"": ""-5080"", ""sel_7th_pre_req_pre"": ""0"", ""sel_7th_pre_req"": ""299"", ""sel_7th_pre_bid"": ""-5070"", ""sel_6th_pre_req_pre"": ""0"", ""sel_6th_pre_req"": ""2221"", ""sel_6th_pre_bid"": ""-5060"", ""sel_5th_pre_req_pre"": ""0"", ""sel_5th_pre_req"": ""1499"", ""sel_5th_pre_bid"": ""-5050"", ""sel_4th_pre_req_pre"": ""0"", ""sel_4th_pre_req"": ""1938"", ""sel_4th_pre_bid"": ""-5040"", ""sel_3th_pre_req_pre"": ""0"", ""sel_3th_pre_req"": ""1196"", ""sel_3th_pre_bid"": ""-5030"", ""sel_2th_pre_req_pre"": ""0"", ""sel_2th_pre_req"": ""2952"", ""sel_2th_pre_bid"": ""-5020"", ""sel_1th_pre_req_pre"": ""0"", ""sel_fpr_req"": ""6692"", ""sel_fpr_bid"": ""-5010"", ""buy_fpr_bid"": ""-5000"", ""buy_fpr_req"": ""11032"", ""buy_1th_pre_req_pre"": ""0"", ""buy_2th_pre_bid"": ""-4995"", ""buy_2th_pre_req"": ""7377"", ""buy_2th_pre_req_pre"": ""0"", ""buy_3th_pre_bid"": ""-4990"", ""buy_3th_pre_req"": ""8195"", ""buy_3th_pre_req_pre"": ""0"", ""buy_4th_pre_bid"": ""-4985"", ""buy_4th_pre_req"": ""5995"", ""buy_4th_pre_req_pre"": ""0"", ""buy_5th_pre_bid"": ""-4980"", ""buy_5th_pre_req"": ""13315"", ""buy_5th_pre_req_pre"": ""+1000"", ""buy_6th_pre_bid"": ""-4975"", ""buy_6th_pre_req"": ""4014"", ""buy_6th_pre_req_pre"": ""0"", ""buy_7th_pre_bid"": ""-4970"", ""buy_7th_pre_req"": ""2806"", ""buy_7th_pre_req_pre"": ""0"", ""buy_8th_pre_bid"": ""-4965"", ""buy_8th_pre_req"": ""1280"", ""buy_8th_pre_req_pre"": ""0"", ""buy_9th_pre_bid"": ""-4960"", ""buy_9th_pre_req"": ""2306"", ""buy_9th_pre_req_pre"": ""0"", ""buy_10th_pre_bid"": ""-4955"", ""buy_10th_pre_req"": ""3706"", ""buy_10th_pre_req_pre"": ""0"", ""tot_sel_req_jub_pre"": ""0"", ""tot_sel_req"": ""18343"", ""tot_buy_req"": ""60026"", ""tot_buy_req_jub_pre"": ""+1000"", ""ovt_sel_req_pre"": ""0"", ""ovt_sel_req"": ""0"", ""ovt_buy_req"": ""0"", ""ovt_buy_req_pre"": ""0"", ""return_code"": 0, ""return_msg"": ""정상적으로 처리되었습니다""}"
2026-09-10,scan_candidate,078340,2026-09-10T09:30:14.472901,0,main_scan,33100,32400,33100,33000,33100,32900,-0.9638141993957898,0.3021148036253776,32416300,391758541200,4849316900,4.6084989106069685,2.1604938271604937,"{""bid_req_base_tm"": ""093142"", ""sel_10th_pre_req_pre"": ""0"", ""sel_10th_pre_req"": ""61"", ""sel_10th_pre_bid"": ""+33550"", ""sel_9th_pre_req_pre"": ""0"", ""sel_9th_pre_req"": ""640"", ""sel_9th_pre_bid"": ""+33500"", ""sel_8th_pre_req_pre"": ""0"", ""sel_8th_pre_req"": ""682"", ""sel_8th_pre_bid"": ""+33450"", ""sel_7th_pre_req_pre"": ""0"", ""sel_7th_pre_req"": ""671"", ""sel_7th_pre_bid"": ""+33400"", ""sel_6th_pre_req_pre"": ""0"", ""sel_6th_pre_req"": ""317"", ""sel_6th_pre_bid"": ""+33350"", ""sel_5th_pre_req_pre"": ""0"", ""sel_5th_pre_req"": ""344"", ""sel_5th_pre_bid"": ""+33300"", ""sel_4th_pre_req_pre"": ""0"", ""sel_4th_pre_req"": ""185"", ""sel_4th_pre_bid"": ""+33250"", ""sel_3th_pre_req_pre"": ""0"", ""sel_3th_pre_req"": ""227"", ""sel_3th_pre_bid"": ""+33200"", ""sel_2th_pre_req_pre"": ""0"", ""sel_2th_pre_req"": ""73"", ""sel_2th_pre_bid"": ""+33150"", ""sel_1th_pre_req_pre"": ""0"", ""sel_fpr_req"": ""421"", ""sel_fpr_bid"": ""+33100"", ""buy_fpr_bid"": ""+33000"", ""buy_fpr_req"": ""226"", ""buy_1th_pre_req_pre"": ""0"", ""buy_2th_pre_bid"": ""+32950"", ""buy_2th_pre_req"": ""89"", ""buy_2th_pre_req_pre"": ""0"", ""buy_3th_pre_bid"": ""+32900"", ""buy_3th_pre_req"": ""592"", ""buy_3th_pre_req_pre"": ""+61"", ""buy_4th_pre_bid"": ""+32800"", ""buy_4th_pre_req"": ""141"", ""buy_4th_pre_req_pre"": ""0"", ""buy_5th_pre_bid"": ""+32750"", ""buy_5th_pre_req"": ""110"", ""buy_5th_pre_req_pre"": ""0"", ""buy_6th_pre_bid"": ""+32700"", ""buy_6th_pre_req"": ""1"", ""buy_6th_pre_req_pre"": ""0"", ""buy_7th_pre_bid"": ""+32650"", ""buy_7th_pre_req"": ""1"", ""buy_7th_pre_req_pre"": ""0"", ""buy_8th_pre_bid"": ""+32600"", ""buy_8th_pre_req"": ""118"", ""buy_8th_pre_req_pre"": ""0"", ""buy_9th_pre_bid"": ""+32550"", ""buy_9th_pre_req"": ""215"", ""buy_9th_pre_req_pre"": ""0"", ""buy_10th_pre_bid"": ""+32500"", ""buy_10th_pre_req"": ""287"", ""buy_10th_pre_req_pre"": ""0"", ""tot_sel_req_jub_pre"": ""0"", ""tot_sel_req"": ""3621"", ""tot_buy_req"": ""1780"", ""tot_buy_req_jub_pre"": ""+61"", ""ovt_sel_req_pre"": ""0"", ""ovt_sel_req"": ""0"", ""ovt_buy_req"": ""0"", ""ovt_buy_req_pre"": ""0"", ""return_code"": 0, ""return_msg"": ""정상적으로 처리되었습니다""}"
2026-09-10,scan_candidate,027360,2026-09-10T09:30:14.472901,0,main_scan,3260,3185,3260,3255,3260,3280,0.2492254601226839,0.15337423312883436,10966035,385848118110,4754690645,4.6084989106069685,2.3547880690737837,"{""bid_req_base_tm"": ""093141"", ""sel_10th_pre_req_pre"": ""0"", ""sel_10th_pre_req"": ""3351"", ""sel_10th_pre_bid"": ""3310"", ""sel_9th_pre_req_pre"": ""0"", ""sel_9th_pre_req"": ""1005"", ""sel_9th_pre_bid"": ""-3305"", ""sel_8th_pre_req_pre"": ""0"", ""sel_8th_pre_req"": ""1154"", ""sel_8th_pre_bid"": ""-3300"", ""sel_7th_pre_req_pre"": ""0"", ""sel_7th_pre_req"": ""1001"", ""sel_7th_pre_bid"": ""-3295"", ""sel_6th_pre_req_pre"": ""0"", ""sel_6th_pre_req"": ""200"", ""sel_6th_pre_bid"": ""-3290"", ""sel_5th_pre_req_pre"": ""0"", ""sel_5th_pre_req"": ""869"", ""sel_5th_pre_bid"": ""-3285"", ""sel_4th_pre_req_pre"": ""0"", ""sel_4th_pre_req"": ""400"", ""sel_4th_pre_bid"": ""-3275"", ""sel_3th_pre_req_pre"": ""0"", ""sel_3th_pre_req"": ""1669"", ""sel_3th_pre_bid"": ""-3270"", ""sel_2th_pre_req_pre"": ""0"", ""sel_2th_pre_req"": ""660"", ""sel_2th_pre_bid"": ""-3265"", ""sel_1th_pre_req_pre"": ""--5"", ""sel_fpr_req"": ""719"", ""sel_fpr_bid"": ""-3260"", ""buy_fpr_bid"": ""-3255"", ""buy_fpr_req"": ""3753"", ""buy_1th_pre_req_pre"": ""0"", ""buy_2th_pre_bid"": ""-3250"", ""buy_2th_pre_req"": ""8725"", ""buy_2th_pre_req_pre"": ""0"", ""buy_3th_pre_bid"": ""-3245"", ""buy_3th_pre_req"": ""7141"", ""buy_3th_pre_req_pre"": ""0"", ""buy_4th_pre_bid"": ""-3240"", ""buy_4th_pre_req"": ""2898"", ""buy_4th_pre_req_pre"": ""0"", ""buy_5th_pre_bid"": ""-3235"", ""buy_5th_pre_req"": ""2592"", ""buy_5th_pre_req_pre"": ""0"", ""buy_6th_pre_bid"": ""-3230"", ""buy_6th_pre_req"": ""2627"", ""buy_6th_pre_req_pre"": ""0"", ""buy_7th_pre_bid"": ""-3225"", ""buy_7th_pre_req"": ""1938"", ""buy_7th_pre_req_pre"": ""0"", ""buy_8th_pre_bid"": ""-3220"", ""buy_8th_pre_req"": ""2593"", ""buy_8th_pre_req_pre"": ""0"", ""buy_9th_pre_bid"": ""-3215"", ""buy_9th_pre_req"": ""2717"", ""buy_9th_pre_req_pre"": ""0"", ""buy_10th_pre_bid"": ""-3210"", ""buy_10th_pre_req"": ""14526"", ""buy_10th_pre_req_pre"": ""0"", ""tot_sel_req_jub_pre"": ""--5"", ""tot_sel_req"": ""11028"", ""tot_buy_req"": ""49510"", ""tot_buy_req_jub_pre"": ""0"", ""ovt_sel_req_pre"": ""0"", ""ovt_sel_req"": ""0"", ""ovt_buy_req"": ""0"", ""ovt_buy_req_pre"": ""0"", ""return_code"": 0, ""return_msg"": ""정상적으로 처리되었습니다""}"
2026-09-10,scan_candidate,144960,2026-09-10T09:30:14.472901,0,main_scan,8810,8760,8810,8800,8810,8850,0.12985811577753248,0.11350737797956867,3174630,382747386240,4683770255,4.6084989106069685,0.5707762557077625,"{""bid_req_base_tm"": ""093140"", ""sel_10th_pre_req_pre"": ""0"", ""sel_10th_pre_req"": ""363"", ""sel_10th_pre_bid"": ""+8920"", ""sel_9th_pre_req_pre"": ""0"", ""sel_9th_pre_req"": ""1401"", ""sel_9th_pre_bid"": ""+8910"", ""sel_8th_pre_req_pre"": ""0"", ""sel_8th_pre_req"": ""80"", ""sel_8th_pre_bid"": ""+8900"", ""sel_7th_pre_req_pre"": ""0"", ""sel_7th_pre_req"": ""11"", ""sel_7th_pre_bid"": ""+8880"", ""sel_6th_pre_req_pre"": ""0"", ""sel_6th_pre_req"": ""430"", ""sel_6th_pre_bid"": ""+8860"", ""sel_5th_pre_req_pre"": ""0"", ""sel_5th_pre_req"": ""35"", ""sel_5th_pre_bid"": ""+8850"", ""sel_4th_pre_req_pre"": ""0"", ""sel_4th_pre_req"": ""35"", ""sel_4th_pre_bid"": ""+8840"", ""sel_3th_pre_req_pre"": ""0"", ""sel_3th_pre_req"": ""25"", ""sel_3th_pre_bid"": ""+8830"", ""sel_2th_pre_req_pre"": ""0"", ""sel_2th_pre_req"": ""135"", ""sel_2th_pre_bid"": ""+8820"", ""sel_1th_pre_req_pre"": ""+80"", ""sel_fpr_req"": ""179"", ""sel_fpr_bid"": ""+8810"", ""buy_fpr_bid"": ""+8800"", ""buy_fpr_req"": ""101"", ""buy_1th_pre_req_pre"": ""--90"", ""buy_2th_pre_bid"": ""8790"", ""buy_2th_pre_req"": ""1776"", ""buy_2th_pre_req_pre"": ""0"", ""buy_3th_pre_bid"": ""-8780"", ""buy_3th_pre_req"": ""102"", ""buy_3th_pre_req_pre"": ""0"", ""buy_4th_pre_bid"": ""-8770"", ""buy_4th_pre_req"": ""352"", ""buy_4th_pre_req_pre"": ""0"", ""buy_5th_pre_bid"": ""-8760"", ""buy_5th_pre_req"": ""1878"", ""buy_5th_pre_req_pre"": ""0"", ""buy_6th_pre_bid"": ""-8750"", ""buy_6th_pre_req"": ""652"", ""buy_6th_pre_req_pre"": ""0"", ""buy_7th_pre_bid"": ""-8740"", ""buy_7th_pre_req"": ""234"", ""buy_7th_pre_req_pre"": ""0"", ""buy_8th_pre_bid"": ""-8730"", ""buy_8th_pre_req"": ""182"", ""buy_8th_pre_req_pre"": ""0"", ""buy_9th_pre_bid"": ""-8720"", ""buy_9th_pre_req"": ""230"", ""buy_9th_pre_req_pre"": ""0"", ""buy_10th_pre_bid"": ""-8710"", ""buy_10th_pre_req"": ""525"", ""buy_10th_pre_req_pre"": ""0"", ""tot_sel_req_jub_pre"": ""+80"", ""tot_sel_req"": ""2694"", ""tot_buy_req"": ""6032"", ""tot_buy_req_jub_pre"": ""--90"", ""ovt_sel_req_pre"": ""0"", ""ovt_sel_req"": ""0"", ""ovt_buy_req"": ""0"", ""ovt_buy_req_pre"": ""0"", ""return_code"": 0, ""return_msg"": ""정상적으로 처리되었습니다""}"
2026-09-10,scan_candidate,170920,2026-09-10T09:30:14.472901,0,main_scan,35500,35950,35500,35400,35500,35800,0.4928521126760399,0.28169014084507044,21992900,379780329700,7568635350,4.6084989106069685,-1.2517385257301807,"{""bid_req_base_tm"": ""093142"", ""sel_10th_pre_req_pre"": ""0"", ""sel_10th_pre_req"": ""50"", ""sel_10th_pre_bid"": ""-36250"", ""sel_9th_pre_req_pre"": ""0"", ""sel_9th_pre_req"": ""157"", ""sel_9th_pre_bid"": ""-36000"", ""sel_8th_pre_req_pre"": ""0"", ""sel_8th_pre_req"": ""45"", ""sel_8th_pre_bid"": ""-35950"", ""sel_7th_pre_req_pre"": ""0"", ""sel_7th_pre_req"": ""20"", ""sel_7th_pre_bid"": ""-35850"", ""sel_6th_pre_req_pre"": ""0"", ""sel_6th_pre_req"": ""215"", ""sel_6th_pre_bid"": ""-35800"", ""sel_5th_pre_req_pre"": ""0"", ""sel_5th_pre_req"": ""21"", ""sel_5th_pre_bid"": ""-35750"", ""sel_4th_pre_req_pre"": ""0"", ""sel_4th_pre_req"": ""428"", ""sel_4th_pre_bid"": ""-35700"", ""sel_3th_pre_req_pre"": ""0"", ""sel_3th_pre_req"": ""59"", ""sel_3th_pre_bid"": ""-35650"", ""sel_2th_pre_req_pre"": ""0"", ""sel_2th_pre_req"": ""253"", ""sel_2th_pre_bid"": ""-35600"", ""sel_1th_pre_req_pre"": ""0"", ""sel_fpr_req"": ""49"", ""sel_fpr_bid"": ""-35500"", ""buy_fpr_bid"": ""-35400"", ""buy_fpr_req"": ""961"", ""buy_1th_pre_req_pre"": ""0"", ""buy_2th_pre_bid"": ""-35300"", ""buy_2th_pre_req"": ""389"", ""buy_2th_pre_req_pre"": ""0"", ""buy_3th_pre_bid"": ""-35250"", ""buy_3th_pre_req"": ""237"", ""buy_3th_pre_req_pre"": ""0"", ""buy_4th_pre_bid"": ""-35200"", ""buy_4th_pre_req"": ""178"", ""buy_4th_pre_req_pre"": ""0"", ""buy_5th_pre_bid"": ""-35150"", ""buy_5th_pre_req"": ""280"", ""buy_5th_pre_req_pre"": ""0"", ""buy_6th_pre_bid"": ""-35100"", ""buy_6th_pre_req"": ""445"", ""buy_6th_pre_req_pre"": ""0"", ""buy_7th_pre_bid"": ""-35050"", ""buy_7th_pre_req"": ""263"", ""buy_7th_pre_req_pre"": ""0"", ""buy_8th_pre_bid"": ""-35000"", ""buy_8th_pre_req"": ""1053"", ""buy_8th_pre_req_pre"": ""0"", ""buy_9th_pre_bid"": ""-34950"", ""buy_9th_pre_req"": ""163"", ""buy_9th_pre_req_pre"": ""0"", ""buy_10th_pre_bid"": ""-34900"", ""buy_10th_pre_req"": ""8"", ""buy_10th_pre_req_pre"": ""0"", ""tot_sel_req_jub_pre"": ""0"", ""tot_sel_req"": ""1297"", ""tot_buy_req"": ""3977"", ""tot_buy_req_jub_pre"": ""0"", ""ovt_sel_req_pre"": ""0"", ""ovt_sel_req"": ""0"", ""ovt_buy_req"": ""0"", ""ovt_buy_req_pre"": ""0"", ""return_code"": 0, ""return_msg"": ""정상적으로 처리되었습니다""}"
2026-09-10,scan_candidate,187660,2026-09-10T09:30:14.472901,0,main_scan,8480,5850,8480,8470,8480,8480,-0.32769457547170483,0.1179245283018868,33249190,374202580050,20219025436,4.6084989106069685,44.95726495726496,"{""bid_req_base_tm"": ""093143"", ""sel_10th_pre_req_pre"": ""0"", ""sel_10th_pre_req"": ""52"", ""sel_10th_pre_bid"": ""+8570"", ""sel_9th_pre_req_pre"": ""0"", ""sel_9th_pre_req"": ""212"", ""sel_9th_pre_bid"": ""+8560"", ""sel_8th_pre_req_pre"": ""0"", ""sel_8th_pre_req"": ""7419"", ""sel_8th_pre_bid"": ""+8550"", ""sel_7th_pre_req_pre"": ""0"", ""sel_7th_pre_req"": ""80"", ""sel_7th_pre_bid"": ""+8540"", ""sel_6th_pre_req_pre"": ""0"", ""sel_6th_pre_req"": ""1300"", ""sel_6th_pre_bid"": ""+8530"", ""sel_5th_pre_req_pre"": ""0"", ""sel_5th_pre_req"": ""48"", ""sel_5th_pre_bid"": ""+8520"", ""sel_4th_pre_req_pre"": ""0"", ""sel_4th_pre_req"": ""198"", ""sel_4th_pre_bid"": ""+8510"", ""sel_3th_pre_req_pre"": ""0"", ""sel_3th_pre_req"": ""4289"", ""sel_3th_pre_bid"": ""+8500"", ""sel_2th_pre_req_pre"": ""0"", ""sel_2th_pre_req"": ""413"", ""sel_2th_pre_bid"": ""+8490"", ""sel_1th_pre_req_pre"": ""0"", ""sel_fpr_req"": ""50"", ""sel_fpr_bid"": ""+8480"", ""buy_fpr_bid"": ""+8470"", ""buy_fpr_req"": ""1"", ""buy_1th_pre_req_pre"": ""0"", ""buy_2th_pre_bid"": ""+8460"", ""buy_2th_pre_req"": ""474"", ""buy_2th_pre_req_pre"": ""0"", ""buy_3th_pre_bid"": ""+8450"", ""buy_3th_pre_req"": ""537"", ""buy_3th_pre_req_pre"": ""0"", ""buy_4th_pre_bid"": ""+8440"", ""buy_4th_pre_req"": ""815"", ""buy_4th_pre_req_pre"": ""0"", ""buy_5th_pre_bid"": ""+8430"", ""buy_5th_pre_req"": ""1707"", ""buy_5th_pre_req_pre"": ""0"", ""buy_6th_pre_bid"": ""+8420"", ""buy_6th_pre_req"": ""4169"", ""buy_6th_pre_req_pre"": ""0"", ""buy_7th_pre_bid"": ""+8410"", ""buy_7th_pre_req"": ""3292"", ""buy_7th_pre_req_pre"": ""0"", ""buy_8th_pre_bid"": ""+8400"", ""buy_8th_pre_req"": ""12988"", ""buy_8th_pre_req_pre"": ""0"", ""buy_9th_pre_bid"": ""+8390"", ""buy_9th_pre_req"": ""4617"", ""buy_9th_pre_req_pre"": ""0"", ""buy_10th_pre_bid"": ""+8380"", ""buy_10th_pre_req"": ""2932"", ""buy_10th_pre_req_pre"": ""0"", ""tot_sel_req_jub_pre"": ""0"", ""tot_sel_req"": ""14061"", ""tot_buy_req"": ""31532"", ""tot_buy_req_jub_pre"": ""0"", ""ovt_sel_req_pre"": ""0"", ""ovt_sel_req"": ""0"", ""ovt_buy_req"": ""0"", ""ovt_buy_req_pre"": ""0"", ""return_code"": 0, ""return_msg"": ""정상적으로 처리되었습니다""}"
2026-09-10,scan_candidate,107640,2026-09-10T09:30:14.472901,0,main_scan,41850,39800,41850,41750,41850,42100,0.26696535244921993,0.23894862604540024,8487000,360784850800,4736449300,4.6084989106069685,5.150753768844221,"{""bid_req_base_tm"": ""093141"", ""sel_10th_pre_req_pre"": ""0"", ""sel_10th_pre_req"": ""136"", ""sel_10th_pre_bid"": ""-42550"", ""sel_9th_pre_req_pre"": ""0"", ""sel_9th_pre_req"": ""111"", ""sel_9th_pre_bid"": ""-42500"", ""sel_8th_pre_req_pre"": ""0"", ""sel_8th_pre_req"": ""14"", ""sel_8th_pre_bid"": ""-42450"", ""sel_7th_pre_req_pre"": ""0"", ""sel_7th_pre_req"": ""85"", ""sel_7th_pre_bid"": ""-42400"", ""sel_6th_pre_req_pre"": ""0"", ""sel_6th_pre_req"": ""5"", ""sel_6th_pre_bid"": ""-42350"", ""sel_5th_pre_req_pre"": ""0"", ""sel_5th_pre_req"": ""47"", ""sel_5th_pre_bid"": ""-42200"", ""sel_4th_pre_req_pre"": ""0"", ""sel_4th_pre_req"": ""102"", ""sel_4th_pre_bid"": ""-42150"", ""sel_3th_pre_req_pre"": ""0"", ""sel_3th_pre_req"": ""1"", ""sel_3th_pre_bid"": ""-41950"", ""sel_2th_pre_req_pre"": ""0"", ""sel_2th_pre_req"": ""83"", ""sel_2th_pre_bid"": ""-41900"", ""sel_1th_pre_req_pre"": ""--18"", ""sel_fpr_req"": ""33"", ""sel_fpr_bid"": ""-41850"", ""buy_fpr_bid"": ""-41750"", ""buy_fpr_req"": ""5"", ""buy_1th_pre_req_pre"": ""0"", ""buy_2th_pre_bid"": ""-41700"", ""buy_2th_pre_req"": ""202"", ""buy_2th_pre_req_pre"": ""0"", ""buy_3th_pre_bid"": ""-41650"", ""buy_3th_pre_req"": ""155"", ""buy_3th_pre_req_pre"": ""0"", ""buy_4th_pre_bid"": ""-41600"", ""buy_4th_pre_req"": ""433"", ""buy_4th_pre_req_pre"": ""0"", ""buy_5th_pre_bid"": ""-41550"", ""buy_5th_pre_req"": ""450"", ""buy_5th_pre_req_pre"": ""0"", ""buy_6th_pre_bid"": ""-41500"", ""buy_6th_pre_req"": ""1287"", ""buy_6th_pre_req_pre"": ""0"", ""buy_7th_pre_bid"": ""-41450"", ""buy_7th_pre_req"": ""89"", ""buy_7th_pre_req_pre"": ""0"", ""buy_8th_pre_bid"": ""-41400"", ""buy_8th_pre_req"": ""169"", ""buy_8th_pre_req_pre"": ""0"", ""buy_9th_pre_bid"": ""-41350"", ""buy_9th_pre_req"": ""33"", ""buy_9th_pre_req_pre"": ""0"", ""buy_10th_pre_bid"": ""-41300"", ""buy_10th_pre_req"": ""285"", ""buy_10th_pre_req_pre"": ""0"", ""tot_sel_req_jub_pre"": ""--18"", ""tot_sel_req"": ""617"", ""tot_buy_req"": ""3108"", ""tot_buy_req_jub_pre"": ""0"", ""ovt_sel_req_pre"": ""0"", ""ovt_sel_req"": ""0"", ""ovt_buy_req"": ""0"", ""ovt_buy_req_pre"": ""0"", ""return_code"": 0, ""return_msg"": ""정상적으로 처리되었습니다""}"
2026-09-10,scan_candidate,332570,2026-09-10T09:30:14.472901,0,main_scan,7440,7620,7440,7430,7440,7460,-0.0758534946236699,0.13440860215053765,92668950,355942110060,11727322495,4.6084989106069685,-2.3622047244094486,"{""bid_req_base_tm"": ""093143"", ""sel_10th_pre_req_pre"": ""0"", ""sel_10th_pre_req"": ""59"", ""sel_10th_pre_bid"": ""+7530"", ""sel_9th_pre_req_pre"": ""0"", ""sel_9th_pre_req"": ""62"", ""sel_9th_pre_bid"": ""+7520"", ""sel_8th_pre_req_pre"": ""0"", ""sel_8th_pre_req"": ""144"", ""sel_8th_pre_bid"": ""7510"", ""sel_7th_pre_req_pre"": ""0"", ""sel_7th_pre_req"": ""1011"", ""sel_7th_pre_bid"": ""-7500"", ""sel_6th_pre_req_pre"": ""0"", ""sel_6th_pre_req"": ""144"", ""sel_6th_pre_bid"": ""-7490"", ""sel_5th_pre_req_pre"": ""0"", ""sel_5th_pre_req"": ""5695"", ""sel_5th_pre_bid"": ""-7480"", ""sel_4th_pre_req_pre"": ""0"", ""sel_4th_pre_req"": ""84"", ""sel_4th_pre_bid"": ""-7470"", ""sel_3th_pre_req_pre"": ""0"", ""sel_3th_pre_req"": ""2570"", ""sel_3th_pre_bid"": ""-7460"", ""sel_2th_pre_req_pre"": ""0"", ""sel_2th_pre_req"": ""6607"", ""sel_2th_pre_bid"": ""-7450"", ""sel_1th_pre_req_pre"": ""0"", ""sel_fpr_req"": ""1333"", ""sel_fpr_bid"": ""-7440"", ""buy_fpr_bid"": ""-7430"", ""buy_fpr_req"": ""1888"", ""buy_1th_pre_req_pre"": ""0"", ""buy_2th_pre_bid"": ""-7420"", ""buy_2th_pre_req"": ""2164"", ""buy_2th_pre_req_pre"": ""0"", ""buy_3th_pre_bid"": ""-7410"", ""buy_3th_pre_req"": ""2442"", ""buy_3th_pre_req_pre"": ""0"", ""buy_4th_pre_bid"": ""-7400"", ""buy_4th_pre_req"": ""7990"", ""buy_4th_pre_req_pre"": ""0"", ""buy_5th_pre_bid"": ""-7390"", ""buy_5th_pre_req"": ""3341"", ""buy_5th_pre_req_pre"": ""0"", ""buy_6th_pre_bid"": ""-7380"", ""buy_6th_pre_req"": ""3652"", ""buy_6th_pre_req_pre"": ""0"", ""buy_7th_pre_bid"": ""-7370"", ""buy_7th_pre_req"": ""3976"", ""buy_7th_pre_req_pre"": ""0"", ""buy_8th_pre_bid"": ""-7360"", ""buy_8th_pre_req"": ""3407"", ""buy_8th_pre_req_pre"": ""0"", ""buy_9th_pre_bid"": ""-7350"", ""buy_9th_pre_req"": ""4358"", ""buy_9th_pre_req_pre"": ""0"", ""buy_10th_pre_bid"": ""-7340"", ""buy_10th_pre_req"": ""632"", ""buy_10th_pre_req_pre"": ""0"", ""tot_sel_req_jub_pre"": ""0"", ""tot_sel_req"": ""17709"", ""tot_buy_req"": ""33850"", ""tot_buy_req_jub_pre"": ""0"", ""ovt_sel_req_pre"": ""0"", ""ovt_sel_req"": ""0"", ""ovt_buy_req"": ""0"", ""ovt_buy_req_pre"": ""0"", ""return_code"": 0, ""return_msg"": ""정상적으로 처리되었습니다""}"
2026-09-10,scan_candidate,234340,2026-09-10T09:30:14.472901,0,main_scan,23350,25250,23350,23250,23350,23500,0.2174304068522347,0.4282655246252677,32063500,352759064000,72736561125,4.6084989106069685,-7.524752475247524,"{""bid_req_base_tm"": ""093141"", ""sel_10th_pre_req_pre"": ""0"", ""sel_10th_pre_req"": ""638"", ""sel_10th_pre_bid"": ""-23800"", ""sel_9th_pre_req_pre"": ""0"", ""sel_9th_pre_req"": ""335"", ""sel_9th_pre_bid"": ""-23750"", ""sel_8th_pre_req_pre"": ""0"", ""sel_8th_pre_req"": ""251"", ""sel_8th_pre_bid"": ""-23700"", ""sel_7th_pre_req_pre"": ""0"", ""sel_7th_pre_req"": ""583"", ""sel_7th_pre_bid"": ""-23650"", ""sel_6th_pre_req_pre"": ""0"", ""sel_6th_pre_req"": ""553"", ""sel_6th_pre_bid"": ""-23600"", ""sel_5th_pre_req_pre"": ""0"", ""sel_5th_pre_req"": ""104"", ""sel_5th_pre_bid"": ""-23550"", ""sel_4th_pre_req_pre"": ""0"", ""sel_4th_pre_req"": ""553"", ""sel_4th_pre_bid"": ""-23500"", ""sel_3th_pre_req_pre"": ""0"", ""sel_3th_pre_req"": ""79"", ""sel_3th_pre_bid"": ""-23450"", ""sel_2th_pre_req_pre"": ""0"", ""sel_2th_pre_req"": ""21"", ""sel_2th_pre_bid"": ""-23400"", ""sel_1th_pre_req_pre"": ""0"", ""sel_fpr_req"": ""863"", ""sel_fpr_bid"": ""-23350"", ""buy_fpr_bid"": ""-23250"", ""buy_fpr_req"": ""1704"", ""buy_1th_pre_req_pre"": ""0"", ""buy_2th_pre_bid"": ""-23200"", ""buy_2th_pre_req"": ""2944"", ""buy_2th_pre_req_pre"": ""0"", ""buy_3th_pre_bid"": ""-23150"", ""buy_3th_pre_req"": ""4028"", ""buy_3th_pre_req_pre"": ""0"", ""buy_4th_pre_bid"": ""-23100"", ""buy_4th_pre_req"": ""2569"", ""buy_4th_pre_req_pre"": ""0"", ""buy_5th_pre_bid"": ""-23050"", ""buy_5th_pre_req"": ""5189"", ""buy_5th_pre_req_pre"": ""+5"", ""buy_6th_pre_bid"": ""-23000"", ""buy_6th_pre_req"": ""7980"", ""buy_6th_pre_req_pre"": ""0"", ""buy_7th_pre_bid"": ""-22950"", ""buy_7th_pre_req"": ""4549"", ""buy_7th_pre_req_pre"": ""0"", ""buy_8th_pre_bid"": ""-22900"", ""buy_8th_pre_req"": ""2152"", ""buy_8th_pre_req_pre"": ""0"", ""buy_9th_pre_bid"": ""-22850"", ""buy_9th_pre_req"": ""809"", ""buy_9th_pre_req_pre"": ""0"", ""buy_10th_pre_bid"": ""-22800"", ""buy_10th_pre_req"": ""1328"", ""buy_10th_pre_req_pre"": ""0"", ""tot_sel_req_jub_pre"": ""0"", ""tot_sel_req"": ""3980"", ""tot_buy_req"": ""33252"", ""tot_buy_req_jub_pre"": ""+5"", ""ovt_sel_req_pre"": ""0"", ""ovt_sel_req"": ""0"", ""ovt_buy_req"": ""0"", ""ovt_buy_req_pre"": ""0"", ""return_code"": 0, ""return_msg"": ""정상적으로 처리되었습니다""}"
2026-09-10,scan_candidate,417840,2026-09-10T09:30:14.472901,0,main_scan,14550,15110,14550,14520,14550,14500,-0.8959450171821346,0.2061855670103093,49456660,345556346910,9411602180,4.6084989106069685,-3.7061548643282594,"{""bid_req_base_tm"": ""093143"", ""sel_10th_pre_req_pre"": ""0"", ""sel_10th_pre_req"": ""6056"", ""sel_10th_pre_bid"": ""+14660"", ""sel_9th_pre_req_pre"": ""0"", ""sel_9th_pre_req"": ""2269"", ""sel_9th_pre_bid"": ""+14650"", ""sel_8th_pre_req_pre"": ""0"", ""sel_8th_pre_req"": ""1584"", ""sel_8th_pre_bid"": ""+14640"", ""sel_7th_pre_req_pre"": ""0"", ""sel_7th_pre_req"": ""1191"", ""sel_7th_pre_bid"": ""+14630"", ""sel_6th_pre_req_pre"": ""0"", ""sel_6th_pre_req"": ""341"", ""sel_6th_pre_bid"": ""+14620"", ""sel_5th_pre_req_pre"": ""0"", ""sel_5th_pre_req"": ""3219"", ""sel_5th_pre_bid"": ""+14610"", ""sel_4th_pre_req_pre"": ""+200"", ""sel_4th_pre_req"": ""1278"", ""sel_4th_pre_bid"": ""+14600"", ""sel_3th_pre_req_pre"": ""0"", ""sel_3th_pre_req"": ""800"", ""sel_3th_pre_bid"": ""+14590"", ""sel_2th_pre_req_pre"": ""0"", ""sel_2th_pre_req"": ""39"", ""sel_2th_pre_bid"": ""+14580"", ""sel_1th_pre_req_pre"": ""0"", ""sel_fpr_req"": ""90"", ""sel_fpr_bid"": ""+14550"", ""buy_fpr_bid"": ""+14520"", ""buy_fpr_req"": ""248"", ""buy_1th_pre_req_pre"": ""0"", ""buy_2th_pre_bid"": ""+14500"", ""buy_2th_pre_req"": ""291"", ""buy_2th_pre_req_pre"": ""0"", ""buy_3th_pre_bid"": ""+14490"", ""buy_3th_pre_req"": ""266"", ""buy_3th_pre_req_pre"": ""0"", ""buy_4th_pre_bid"": ""+14480"", ""buy_4th_pre_req"": ""110"", ""buy_4th_pre_req_pre"": ""0"", ""buy_5th_pre_bid"": ""+14470"", ""buy_5th_pre_req"": ""204"", ""buy_5th_pre_req_pre"": ""0"", ""buy_6th_pre_bid"": ""+14460"", ""buy_6th_pre_req"": ""152"", ""buy_6th_pre_req_pre"": ""0"", ""buy_7th_pre_bid"": ""+14450"", ""buy_7th_pre_req"": ""1008"", ""buy_7th_pre_req_pre"": ""0"", ""buy_8th_pre_bid"": ""+14440"", ""buy_8th_pre_req"": ""231"", ""buy_8th_pre_req_pre"": ""0"", ""buy_9th_pre_bid"": ""+14430"", ""buy_9th_pre_req"": ""10"", ""buy_9th_pre_req_pre"": ""0"", ""buy_10th_pre_bid"": ""+14420"", ""buy_10th_pre_req"": ""146"", ""buy_10th_pre_req_pre"": ""0"", ""tot_sel_req_jub_pre"": ""+200"", ""tot_sel_req"": ""16867"", ""tot_buy_req"": ""2666"", ""tot_buy_req_jub_pre"": ""0"", ""ovt_sel_req_pre"": ""0"", ""ovt_sel_req"": ""0"", ""ovt_buy_req"": ""0"", ""ovt_buy_req_pre"": ""0"", ""return_code"": 0, ""return_msg"": ""정상적으로 처리되었습니다""}"
2026-09-10,scan_candidate,033160,2026-09-10T09:30:14.472901,0,main_scan,13090,13910,13090,13080,13090,13100,-0.514980901451504,0.07639419404125286,9470140,341686046780,9427035490,4.6084989106069685,-5.8950395398993525,"{""bid_req_base_tm"": ""093144"", ""sel_10th_pre_req_pre"": ""0"", ""sel_10th_pre_req"": ""10"", ""sel_10th_pre_bid"": ""-13210"", ""sel_9th_pre_req_pre"": ""0"", ""sel_9th_pre_req"": ""19"", ""sel_9th_pre_bid"": ""-13200"", ""sel_8th_pre_req_pre"": ""0"", ""sel_8th_pre_req"": ""715"", ""sel_8th_pre_bid"": ""-13190"", ""sel_7th_pre_req_pre"": ""0"", ""sel_7th_pre_req"": ""112"", ""sel_7th_pre_bid"": ""-13180"", ""sel_6th_pre_req_pre"": ""0"", ""sel_6th_pre_req"": ""132"", ""sel_6th_pre_bid"": ""-13150"", ""sel_5th_pre_req_pre"": ""0"", ""sel_5th_pre_req"": ""107"", ""sel_5th_pre_bid"": ""-13140"", ""sel_4th_pre_req_pre"": ""0"", ""sel_4th_pre_req"": ""30"", ""sel_4th_pre_bid"": ""-13130"", ""sel_3th_pre_req_pre"": ""0"", ""sel_3th_pre_req"": ""607"", ""sel_3th_pre_bid"": ""-13120"", ""sel_2th_pre_req_pre"": ""0"", ""sel_2th_pre_req"": ""141"", ""sel_2th_pre_bid"": ""-13100"", ""sel_1th_pre_req_pre"": ""0"", ""sel_fpr_req"": ""46"", ""sel_fpr_bid"": ""-13090"", ""buy_fpr_bid"": ""-13080"", ""buy_fpr_req"": ""391"", ""buy_1th_pre_req_pre"": ""--1"", ""buy_2th_pre_bid"": ""-13070"", ""buy_2th_pre_req"": ""485"", ""buy_2th_pre_req_pre"": ""+1"", ""buy_3th_pre_bid"": ""-13060"", ""buy_3th_pre_req"": ""1527"", ""buy_3th_pre_req_pre"": ""0"", ""buy_4th_pre_bid"": ""-13050"", ""buy_4th_pre_req"": ""2367"", ""buy_4th_pre_req_pre"": ""0"", ""buy_5th_pre_bid"": ""-13040"", ""buy_5th_pre_req"": ""1238"", ""buy_5th_pre_req_pre"": ""0"", ""buy_6th_pre_bid"": ""-13030"", ""buy_6th_pre_req"": ""2013"", ""buy_6th_pre_req_pre"": ""0"", ""buy_7th_pre_bid"": ""-13020"", ""buy_7th_pre_req"": ""2425"", ""buy_7th_pre_req_pre"": ""0"", ""buy_8th_pre_bid"": ""-13010"", ""buy_8th_pre_req"": ""3535"", ""buy_8th_pre_req_pre"": ""0"", ""buy_9th_pre_bid"": ""-13000"", ""buy_9th_pre_req"": ""8587"", ""buy_9th_pre_req_pre"": ""0"", ""buy_10th_pre_bid"": ""-12990"", ""buy_10th_pre_req"": ""2420"", ""buy_10th_pre_req_pre"": ""0"", ""tot_sel_req_jub_pre"": ""0"", ""tot_sel_req"": ""1919"", ""tot_buy_req"": ""24988"", ""tot_buy_req_jub_pre"": ""0"", ""ovt_sel_req_pre"": ""0"", ""ovt_sel_req"": ""0"", ""ovt_buy_req"": ""0"", ""ovt_buy_req_pre"": ""0"", ""return_code"": 0, ""return_msg"": ""정상적으로 처리되었습니다""}"
2026-09-10,scan_candidate,393890,2026-09-10T09:30:14.472901,0,main_scan,9920,10070,9920,9910,9920,9960,0.0918296370967607,0.10080645161290322,2862240,340800460080,3093618805,4.6084989106069685,-1.4895729890764648,"{""bid_req_base_tm"": ""093143"", ""sel_10th_pre_req_pre"": ""0"", ""sel_10th_pre_req"": ""20"", ""sel_10th_pre_bid"": ""+10050"", ""sel_9th_pre_req_pre"": ""0"", ""sel_9th_pre_req"": ""20"", ""sel_9th_pre_bid"": ""10040"", ""sel_8th_pre_req_pre"": ""0"", ""sel_8th_pre_req"": ""261"", ""sel_8th_pre_bid"": ""-10010"", ""sel_7th_pre_req_pre"": ""0"", ""sel_7th_pre_req"": ""69"", ""sel_7th_pre_bid"": ""-10000"", ""sel_6th_pre_req_pre"": ""0"", ""sel_6th_pre_req"": ""590"", ""sel_6th_pre_bid"": ""-9990"", ""sel_5th_pre_req_pre"": ""0"", ""sel_5th_pre_req"": ""134"", ""sel_5th_pre_bid"": ""-9960"", ""sel_4th_pre_req_pre"": ""0"", ""sel_4th_pre_req"": ""80"", ""sel_4th_pre_bid"": ""-9950"", ""sel_3th_pre_req_pre"": ""0"", ""sel_3th_pre_req"": ""24"", ""sel_3th_pre_bid"": ""-9940"", ""sel_2th_pre_req_pre"": ""0"", ""sel_2th_pre_req"": ""39"", ""sel_2th_pre_bid"": ""-9930"", ""sel_1th_pre_req_pre"": ""--2"", ""sel_fpr_req"": ""107"", ""sel_fpr_bid"": ""-9920"", ""buy_fpr_bid"": ""-9910"", ""buy_fpr_req"": ""124"", ""buy_1th_pre_req_pre"": ""0"", ""buy_2th_pre_bid"": ""-9900"", ""buy_2th_pre_req"": ""411"", ""buy_2th_pre_req_pre"": ""0"", ""buy_3th_pre_bid"": ""-9890"", ""buy_3th_pre_req"": ""106"", ""buy_3th_pre_req_pre"": ""0"", ""buy_4th_pre_bid"": ""-9880"", ""buy_4th_pre_req"": ""105"", ""buy_4th_pre_req_pre"": ""0"", ""buy_5th_pre_bid"": ""-9870"", ""buy_5th_pre_req"": ""235"", ""buy_5th_pre_req_pre"": ""0"", ""buy_6th_pre_bid"": ""-9860"", ""buy_6th_pre_req"": ""65"", ""buy_6th_pre_req_pre"": ""0"", ""buy_7th_pre_bid"": ""-9850"", ""buy_7th_pre_req"": ""91"", ""buy_7th_pre_req_pre"": ""0"", ""buy_8th_pre_bid"": ""-9840"", ""buy_8th_pre_req"": ""155"", ""buy_8th_pre_req_pre"": ""0"", ""buy_9th_pre_bid"": ""-9830"", ""buy_9th_pre_req"": ""409"", ""buy_9th_pre_req_pre"": ""0"", ""buy_10th_pre_bid"": ""-9820"", ""buy_10th_pre_req"": ""375"", ""buy_10th_pre_req_pre"": ""0"", ""tot_sel_req_jub_pre"": ""--2"", ""tot_sel_req"": ""1344"", ""tot_buy_req"": ""2076"", ""tot_buy_req_jub_pre"": ""0"", ""ovt_sel_req_pre"": ""0"", ""ovt_sel_req"": ""0"", ""ovt_buy_req"": ""0"", ""ovt_buy_req_pre"": ""0"", ""return_code"": 0, ""return_msg"": ""정상적으로 처리되었습니다""}"
2026-09-10,scan_candidate,159010,2026-09-10T09:30:14.472901,0,main_scan,23550,25400,23550,23500,23550,23800,0.6376008492568952,0.21231422505307856,6317250,338702370600,3846139200,4.6084989106069685,-7.283464566929133,"{""bid_req_base_tm"": ""093137"", ""sel_10th_pre_req_pre"": ""0"", ""sel_10th_pre_req"": ""100"", ""sel_10th_pre_bid"": ""-24150"", ""sel_9th_pre_req_pre"": ""0"", ""sel_9th_pre_req"": ""44"", ""sel_9th_pre_bid"": ""-24100"", ""sel_8th_pre_req_pre"": ""0"", ""sel_8th_pre_req"": ""2"", ""sel_8th_pre_bid"": ""-24000"", ""sel_7th_pre_req_pre"": ""0"", ""sel_7th_pre_req"": ""11"", ""sel_7th_pre_bid"": ""-23950"", ""sel_6th_pre_req_pre"": ""0"", ""sel_6th_pre_req"": ""85"", ""sel_6th_pre_bid"": ""-23800"", ""sel_5th_pre_req_pre"": ""0"", ""sel_5th_pre_req"": ""83"", ""sel_5th_pre_bid"": ""-23750"", ""sel_4th_pre_req_pre"": ""0"", ""sel_4th_pre_req"": ""81"", ""sel_4th_pre_bid"": ""-23700"", ""sel_3th_pre_req_pre"": ""0"", ""sel_3th_pre_req"": ""106"", ""sel_3th_pre_bid"": ""-23650"", ""sel_2th_pre_req_pre"": ""0"", ""sel_2th_pre_req"": ""88"", ""sel_2th_pre_bid"": ""-23600"", ""sel_1th_pre_req_pre"": ""+6"", ""sel_fpr_req"": ""7"", ""sel_fpr_bid"": ""-23550"", ""buy_fpr_bid"": ""-23500"", ""buy_fpr_req"": ""20"", ""buy_1th_pre_req_pre"": ""0"", ""buy_2th_pre_bid"": ""-23450"", ""buy_2th_pre_req"": ""744"", ""buy_2th_pre_req_pre"": ""0"", ""buy_3th_pre_bid"": ""-23400"", ""buy_3th_pre_req"": ""5"", ""buy_3th_pre_req_pre"": ""0"", ""buy_4th_pre_bid"": ""-23350"", ""buy_4th_pre_req"": ""70"", ""buy_4th_pre_req_pre"": ""0"", ""buy_5th_pre_bid"": ""-23300"", ""buy_5th_pre_req"": ""129"", ""buy_5th_pre_req_pre"": ""0"", ""buy_6th_pre_bid"": ""-23250"", ""buy_6th_pre_req"": ""150"", ""buy_6th_pre_req_pre"": ""0"", ""buy_7th_pre_bid"": ""-23200"", ""buy_7th_pre_req"": ""90"", ""buy_7th_pre_req_pre"": ""0"", ""buy_8th_pre_bid"": ""-23150"", ""buy_8th_pre_req"": ""531"", ""buy_8th_pre_req_pre"": ""0"", ""buy_9th_pre_bid"": ""-23100"", ""buy_9th_pre_req"": ""1191"", ""buy_9th_pre_req_pre"": ""0"", ""buy_10th_pre_bid"": ""-23050"", ""buy_10th_pre_req"": ""8"", ""buy_10th_pre_req_pre"": ""0"", ""tot_sel_req_jub_pre"": ""+6"", ""tot_sel_req"": ""607"", ""tot_buy_req"": ""2938"", ""tot_buy_req_jub_pre"": ""0"", ""ovt_sel_req_pre"": ""0"", ""ovt_sel_req"": ""0"", ""ovt_buy_req"": ""0"", ""ovt_buy_req_pre"": ""0"", ""return_code"": 0, ""return_msg"": ""정상적으로 처리되었습니다""}"
2026-09-10,scan_candidate,290550,2026-09-10T09:30:14.472901,0,main_scan,15870,16800,15870,15860,15870,15850,-0.6502236925015791,0.0630119722747322,7903270,336020664000,10835250960,4.6084989106069685,-5.535714285714286,"{""bid_req_base_tm"": ""093143"", ""sel_10th_pre_req_pre"": ""0"", ""sel_10th_pre_req"": ""31"", ""sel_10th_pre_bid"": ""+16140"", ""sel_9th_pre_req_pre"": ""0"", ""sel_9th_pre_req"": ""722"", ""sel_9th_pre_bid"": ""+16100"", ""sel_8th_pre_req_pre"": ""0"", ""sel_8th_pre_req"": ""157"", ""sel_8th_pre_bid"": ""+16090"", ""sel_7th_pre_req_pre"": ""0"", ""sel_7th_pre_req"": ""163"", ""sel_7th_pre_bid"": ""+16070"", ""sel_6th_pre_req_pre"": ""0"", ""sel_6th_pre_req"": ""26"", ""sel_6th_pre_bid"": ""+16060"", ""sel_5th_pre_req_pre"": ""0"", ""sel_5th_pre_req"": ""150"", ""sel_5th_pre_bid"": ""+16050"", ""sel_4th_pre_req_pre"": ""0"", ""sel_4th_pre_req"": ""49"", ""sel_4th_pre_bid"": ""+16020"", ""sel_3th_pre_req_pre"": ""0"", ""sel_3th_pre_req"": ""124"", ""sel_3th_pre_bid"": ""+15970"", ""sel_2th_pre_req_pre"": ""0"", ""sel_2th_pre_req"": ""254"", ""sel_2th_pre_bid"": ""+15880"", ""sel_1th_pre_req_pre"": ""0"", ""sel_fpr_req"": ""58"", ""sel_fpr_bid"": ""+15870"", ""buy_fpr_bid"": ""+15860"", ""buy_fpr_req"": ""10"", ""buy_1th_pre_req_pre"": ""0"", ""buy_2th_pre_bid"": ""+15850"", ""buy_2th_pre_req"": ""4"", ""buy_2th_pre_req_pre"": ""0"", ""buy_3th_pre_bid"": ""+15840"", ""buy_3th_pre_req"": ""363"", ""buy_3th_pre_req_pre"": ""0"", ""buy_4th_pre_bid"": ""+15830"", ""buy_4th_pre_req"": ""1"", ""buy_4th_pre_req_pre"": ""0"", ""buy_5th_pre_bid"": ""+15820"", ""buy_5th_pre_req"": ""6"", ""buy_5th_pre_req_pre"": ""0"", ""buy_6th_pre_bid"": ""+15810"", ""buy_6th_pre_req"": ""55"", ""buy_6th_pre_req_pre"": ""0"", ""buy_7th_pre_bid"": ""+15800"", ""buy_7th_pre_req"": ""159"", ""buy_7th_pre_req_pre"": ""0"", ""buy_8th_pre_bid"": ""+15790"", ""buy_8th_pre_req"": ""105"", ""buy_8th_pre_req_pre"": ""0"", ""buy_9th_pre_bid"": ""+15780"", ""buy_9th_pre_req"": ""20"", ""buy_9th_pre_req_pre"": ""0"", ""buy_10th_pre_bid"": ""15770"", ""buy_10th_pre_req"": ""16"", ""buy_10th_pre_req_pre"": ""0"", ""tot_sel_req_jub_pre"": ""0"", ""tot_sel_req"": ""1734"", ""tot_buy_req"": ""739"", ""tot_buy_req_jub_pre"": ""--30"", ""ovt_sel_req_pre"": ""0"", ""ovt_sel_req"": ""0"", ""ovt_buy_req"": ""0"", ""ovt_buy_req_pre"": ""0"", ""return_code"": 0, ""return_msg"": ""정상적으로 처리되었습니다""}"
2026-09-10,scan_candidate,356680,2026-09-10T09:30:14.472901,0,main_scan,12020,11430,12020,12010,12020,11950,-1.2063893510815442,0.08319467554076539,92216760,326252113560,3192063635,4.6084989106069685,5.16185476815398,"{""bid_req_base_tm"": ""093144"", ""sel_10th_pre_req_pre"": ""0"", ""sel_10th_pre_req"": ""1"", ""sel_10th_pre_bid"": ""-12160"", ""sel_9th_pre_req_pre"": ""0"", ""sel_9th_pre_req"": ""201"", ""sel_9th_pre_bid"": ""-12150"", ""sel_8th_pre_req_pre"": ""0"", ""sel_8th_pre_req"": ""205"", ""sel_8th_pre_bid"": ""-12140"", ""sel_7th_pre_req_pre"": ""0"", ""sel_7th_pre_req"": ""213"", ""sel_7th_pre_bid"": ""-12130"", ""sel_6th_pre_req_pre"": ""0"", ""sel_6th_pre_req"": ""214"", ""sel_6th_pre_bid"": ""-12120"", ""sel_5th_pre_req_pre"": ""0"", ""sel_5th_pre_req"": ""35"", ""sel_5th_pre_bid"": ""-12090"", ""sel_4th_pre_req_pre"": ""0"", ""sel_4th_pre_req"": ""23"", ""sel_4th_pre_bid"": ""-12080"", ""sel_3th_pre_req_pre"": ""0"", ""sel_3th_pre_req"": ""8621"", ""sel_3th_pre_bid"": ""-12050"", ""sel_2th_pre_req_pre"": ""0"", ""sel_2th_pre_req"": ""32"", ""sel_2th_pre_bid"": ""-12030"", ""sel_1th_pre_req_pre"": ""0"", ""sel_fpr_req"": ""888"", ""sel_fpr_bid"": ""-12020"", ""buy_fpr_bid"": ""-12010"", ""buy_fpr_req"": ""100"", ""buy_1th_pre_req_pre"": ""0"", ""buy_2th_pre_bid"": ""-12000"", ""buy_2th_pre_req"": ""16"", ""buy_2th_pre_req_pre"": ""0"", ""buy_3th_pre_bid"": ""-11990"", ""buy_3th_pre_req"": ""593"", ""buy_3th_pre_req_pre"": ""0"", ""buy_4th_pre_bid"": ""-11980"", ""buy_4th_pre_req"": ""1387"", ""buy_4th_pre_req_pre"": ""0"", ""buy_5th_pre_bid"": ""-11970"", ""buy_5th_pre_req"": ""700"", ""buy_5th_pre_req_pre"": ""0"", ""buy_6th_pre_bid"": ""-11960"", ""buy_6th_pre_req"": ""1013"", ""buy_6th_pre_req_pre"": ""0"", ""buy_7th_pre_bid"": ""-11950"", ""buy_7th_pre_req"": ""3554"", ""buy_7th_pre_req_pre"": ""0"", ""buy_8th_pre_bid"": ""-11940"", ""buy_8th_pre_req"": ""1775"", ""buy_8th_pre_req_pre"": ""0"", ""buy_9th_pre_bid"": ""-11930"", ""buy_9th_pre_req"": ""493"", ""buy_9th_pre_req_pre"": ""0"", ""buy_10th_pre_bid"": ""-11920"", ""buy_10th_pre_req"": ""2617"", ""buy_10th_pre_req_pre"": ""0"", ""tot_sel_req_jub_pre"": ""0"", ""tot_sel_req"": ""10433"", ""tot_buy_req"": ""12248"", ""tot_buy_req_jub_pre"": ""0"", ""ovt_sel_req_pre"": ""0"", ""ovt_sel_req"": ""0"", ""ovt_buy_req"": ""0"", ""ovt_buy_req_pre"": ""0"", ""return_code"": 0, ""return_msg"": ""정상적으로 처리되었습니다""}"
2026-09-10,scan_candidate,294570,2026-09-10T09:30:14.472901,0,main_scan,29700,30550,29700,29650,29700,29850,0.1260437710437632,0.16835016835016833,9286750,308302412600,20104462500,4.6084989106069685,-2.7823240589198037,"{""bid_req_base_tm"": ""093141"", ""sel_10th_pre_req_pre"": ""0"", ""sel_10th_pre_req"": ""100"", ""sel_10th_pre_bid"": ""-30150"", ""sel_9th_pre_req_pre"": ""0"", ""sel_9th_pre_req"": ""708"", ""sel_9th_pre_bid"": ""-30100"", ""sel_8th_pre_req_pre"": ""0"", ""sel_8th_pre_req"": ""77"", ""sel_8th_pre_bid"": ""-30050"", ""sel_7th_pre_req_pre"": ""0"", ""sel_7th_pre_req"": ""585"", ""sel_7th_pre_bid"": ""-30000"", ""sel_6th_pre_req_pre"": ""0"", ""sel_6th_pre_req"": ""48"", ""sel_6th_pre_bid"": ""-29950"", ""sel_5th_pre_req_pre"": ""0"", ""sel_5th_pre_req"": ""246"", ""sel_5th_pre_bid"": ""-29900"", ""sel_4th_pre_req_pre"": ""0"", ""sel_4th_pre_req"": ""183"", ""sel_4th_pre_bid"": ""-29850"", ""sel_3th_pre_req_pre"": ""0"", ""sel_3th_pre_req"": ""52"", ""sel_3th_pre_bid"": ""-29800"", ""sel_2th_pre_req_pre"": ""0"", ""sel_2th_pre_req"": ""8"", ""sel_2th_pre_bid"": ""-29750"", ""sel_1th_pre_req_pre"": ""0"", ""sel_fpr_req"": ""5"", ""sel_fpr_bid"": ""-29700"", ""buy_fpr_bid"": ""-29650"", ""buy_fpr_req"": ""402"", ""buy_1th_pre_req_pre"": ""0"", ""buy_2th_pre_bid"": ""-29600"", ""buy_2th_pre_req"": ""545"", ""buy_2th_pre_req_pre"": ""0"", ""buy_3th_pre_bid"": ""-29550"", ""buy_3th_pre_req"": ""659"", ""buy_3th_pre_req_pre"": ""0"", ""buy_4th_pre_bid"": ""-29500"", ""buy_4th_pre_req"": ""581"", ""buy_4th_pre_req_pre"": ""0"", ""buy_5th_pre_bid"": ""-29450"", ""buy_5th_pre_req"": ""2055"", ""buy_5th_pre_req_pre"": ""0"", ""buy_6th_pre_bid"": ""-29400"", ""buy_6th_pre_req"": ""1714"", ""buy_6th_pre_req_pre"": ""0"", ""buy_7th_pre_bid"": ""-29350"", ""buy_7th_pre_req"": ""671"", ""buy_7th_pre_req_pre"": ""0"", ""buy_8th_pre_bid"": ""-29300"", ""buy_8th_pre_req"": ""372"", ""buy_8th_pre_req_pre"": ""0"", ""buy_9th_pre_bid"": ""-29250"", ""buy_9th_pre_req"": ""604"", ""buy_9th_pre_req_pre"": ""0"", ""buy_10th_pre_bid"": ""-29200"", ""buy_10th_pre_req"": ""1202"", ""buy_10th_pre_req_pre"": ""0"", ""tot_sel_req_jub_pre"": ""--100"", ""tot_sel_req"": ""2012"", ""tot_buy_req"": ""8805"", ""tot_buy_req_jub_pre"": ""0"", ""ovt_sel_req_pre"": ""0"", ""ovt_sel_req"": ""0"", ""ovt_buy_req"": ""0"", ""ovt_buy_req_pre"": ""0"", ""return_code"": 0, ""return_msg"": ""정상적으로 처리되었습니다""}"
2026-09-10,scan_candidate,069540,2026-09-10T09:30:14.472901,0,main_scan,3855,2715,3855,3850,3855,3830,-0.9866926070039096,0.12970168612191957,598778750,305958500355,5436305183,4.6084989106069685,41.988950276243095,"{""bid_req_base_tm"": ""093145"", ""sel_10th_pre_req_pre"": ""0"", ""sel_10th_pre_req"": ""36031"", ""sel_10th_pre_bid"": ""+3900"", ""sel_9th_pre_req_pre"": ""0"", ""sel_9th_pre_req"": ""6525"", ""sel_9th_pre_bid"": ""+3895"", ""sel_8th_pre_req_pre"": ""0"", ""sel_8th_pre_req"": ""21541"", ""sel_8th_pre_bid"": ""+3890"", ""sel_7th_pre_req_pre"": ""0"", ""sel_7th_pre_req"": ""11081"", ""sel_7th_pre_bid"": ""+3885"", ""sel_6th_pre_req_pre"": ""0"", ""sel_6th_pre_req"": ""19562"", ""sel_6th_pre_bid"": ""+3880"", ""sel_5th_pre_req_pre"": ""0"", ""sel_5th_pre_req"": ""5382"", ""sel_5th_pre_bid"": ""+3875"", ""sel_4th_pre_req_pre"": ""0"", ""sel_4th_pre_req"": ""25790"", ""sel_4th_pre_bid"": ""+3870"", ""sel_3th_pre_req_pre"": ""0"", ""sel_3th_pre_req"": ""13431"", ""sel_3th_pre_bid"": ""+3865"", ""sel_2th_pre_req_pre"": ""0"", ""sel_2th_pre_req"": ""103841"", ""sel_2th_pre_bid"": ""+3860"", ""sel_1th_pre_req_pre"": ""0"", ""sel_fpr_req"": ""32164"", ""sel_fpr_bid"": ""+3855"", ""buy_fpr_bid"": ""+3850"", ""buy_fpr_req"": ""22508"", ""buy_1th_pre_req_pre"": ""+56"", ""buy_2th_pre_bid"": ""+3845"", ""buy_2th_pre_req"": ""13601"", ""buy_2th_pre_req_pre"": ""+50"", ""buy_3th_pre_bid"": ""+3840"", ""buy_3th_pre_req"": ""11475"", ""buy_3th_pre_req_pre"": ""0"", ""buy_4th_pre_bid"": ""+3835"", ""buy_4th_pre_req"": ""7252"", ""buy_4th_pre_req_pre"": ""0"", ""buy_5th_pre_bid"": ""+3830"", ""buy_5th_pre_req"": ""15277"", ""buy_5th_pre_req_pre"": ""0"", ""buy_6th_pre_bid"": ""+3825"", ""buy_6th_pre_req"": ""6807"", ""buy_6th_pre_req_pre"": ""0"", ""buy_7th_pre_bid"": ""+3820"", ""buy_7th_pre_req"": ""6164"", ""buy_7th_pre_req_pre"": ""0"", ""buy_8th_pre_bid"": ""+3815"", ""buy_8th_pre_req"": ""9947"", ""buy_8th_pre_req_pre"": ""0"", ""buy_9th_pre_bid"": ""3810"", ""buy_9th_pre_req"": ""17061"", ""buy_9th_pre_req_pre"": ""0"", ""buy_10th_pre_bid"": ""-3805"", ""buy_10th_pre_req"": ""10296"", ""buy_10th_pre_req_pre"": ""0"", ""tot_sel_req_jub_pre"": ""0"", ""tot_sel_req"": ""275348"", ""tot_buy_req"": ""120388"", ""tot_buy_req_jub_pre"": ""+106"", ""ovt_sel_req_pre"": ""0"", ""ovt_sel_req"": ""0"", ""ovt_buy_req"": ""0"", ""ovt_buy_req_pre"": ""0"", ""return_code"": 0, ""return_msg"": ""정상적으로 처리되었습니다""}"
2026-09-10,scan_candidate,448900,2026-09-10T09:30:14.472901,0,main_scan,51800,50200,51800,51600,51800,51500,-0.9806949806949947,0.3861003861003861,12738100,304937741400,5674707250,4.6084989106069685,3.187250996015936,"{""bid_req_base_tm"": ""093141"", ""sel_10th_pre_req_pre"": ""0"", ""sel_10th_pre_req"": ""317"", ""sel_10th_pre_bid"": ""+52800"", ""sel_9th_pre_req_pre"": ""0"", ""sel_9th_pre_req"": ""218"", ""sel_9th_pre_bid"": ""+52700"", ""sel_8th_pre_req_pre"": ""0"", ""sel_8th_pre_req"": ""110"", ""sel_8th_pre_bid"": ""+52600"", ""sel_7th_pre_req_pre"": ""+1"", ""sel_7th_pre_req"": ""177"", ""sel_7th_pre_bid"": ""+52500"", ""sel_6th_pre_req_pre"": ""0"", ""sel_6th_pre_req"": ""113"", ""sel_6th_pre_bid"": ""+52400"", ""sel_5th_pre_req_pre"": ""0"", ""sel_5th_pre_req"": ""276"", ""sel_5th_pre_bid"": ""+52300"", ""sel_4th_pre_req_pre"": ""0"", ""sel_4th_pre_req"": ""40"", ""sel_4th_pre_bid"": ""+52200"", ""sel_3th_pre_req_pre"": ""0"", ""sel_3th_pre_req"": ""10"", ""sel_3th_pre_bid"": ""+52100"", ""sel_2th_pre_req_pre"": ""0"", ""sel_2th_pre_req"": ""52"", ""sel_2th_pre_bid"": ""+52000"", ""sel_1th_pre_req_pre"": ""0"", ""sel_fpr_req"": ""10"", ""sel_fpr_bid"": ""+51800"", ""buy_fpr_bid"": ""+51600"", ""buy_fpr_req"": ""26"", ""buy_1th_pre_req_pre"": ""0"", ""buy_2th_pre_bid"": ""+51500"", ""buy_2th_pre_req"": ""13"", ""buy_2th_pre_req_pre"": ""0"", ""buy_3th_pre_bid"": ""+51400"", ""buy_3th_pre_req"": ""6"", ""buy_3th_pre_req_pre"": ""0"", ""buy_4th_pre_bid"": ""+51300"", ""buy_4th_pre_req"": ""74"", ""buy_4th_pre_req_pre"": ""0"", ""buy_5th_pre_bid"": ""+51200"", ""buy_5th_pre_req"": ""23"", ""buy_5th_pre_req_pre"": ""0"", ""buy_6th_pre_bid"": ""+51100"", ""buy_6th_pre_req"": ""46"", ""buy_6th_pre_req_pre"": ""0"", ""buy_7th_pre_bid"": ""+51000"", ""buy_7th_pre_req"": ""85"", ""buy_7th_pre_req_pre"": ""0"", ""buy_8th_pre_bid"": ""+50900"", ""buy_8th_pre_req"": ""122"", ""buy_8th_pre_req_pre"": ""0"", ""buy_9th_pre_bid"": ""50800"", ""buy_9th_pre_req"": ""334"", ""buy_9th_pre_req_pre"": ""0"", ""buy_10th_pre_bid"": ""-50700"", ""buy_10th_pre_req"": ""30"", ""buy_10th_pre_req_pre"": ""0"", ""tot_sel_req_jub_pre"": ""+1"", ""tot_sel_req"": ""1323"", ""tot_buy_req"": ""759"", ""tot_buy_req_jub_pre"": ""0"", ""ovt_sel_req_pre"": ""0"", ""ovt_sel_req"": ""0"", ""ovt_buy_req"": ""0"", ""ovt_buy_req_pre"": ""0"", ""return_code"": 0, ""return_msg"": ""정상적으로 처리되었습니다""}"
2026-09-10,scan_candidate,377450,2026-09-10T09:30:14.472901,0,main_scan,16970,16960,16970,16960,16970,16950,-0.6216882734237001,0.05892751915144372,202752810,293916800000,5286380195,4.6084989106069685,0.0589622641509434,"{""bid_req_base_tm"": ""093144"", ""sel_10th_pre_req_pre"": ""0"", ""sel_10th_pre_req"": ""1201"", ""sel_10th_pre_bid"": ""+17060"", ""sel_9th_pre_req_pre"": ""0"", ""sel_9th_pre_req"": ""2722"", ""sel_9th_pre_bid"": ""+17050"", ""sel_8th_pre_req_pre"": ""0"", ""sel_8th_pre_req"": ""2001"", ""sel_8th_pre_bid"": ""+17040"", ""sel_7th_pre_req_pre"": ""0"", ""sel_7th_pre_req"": ""4007"", ""sel_7th_pre_bid"": ""+17030"", ""sel_6th_pre_req_pre"": ""0"", ""sel_6th_pre_req"": ""724"", ""sel_6th_pre_bid"": ""+17020"", ""sel_5th_pre_req_pre"": ""0"", ""sel_5th_pre_req"": ""1102"", ""sel_5th_pre_bid"": ""+17010"", ""sel_4th_pre_req_pre"": ""0"", ""sel_4th_pre_req"": ""11558"", ""sel_4th_pre_bid"": ""+17000"", ""sel_3th_pre_req_pre"": ""0"", ""sel_3th_pre_req"": ""3703"", ""sel_3th_pre_bid"": ""+16990"", ""sel_2th_pre_req_pre"": ""0"", ""sel_2th_pre_req"": ""501"", ""sel_2th_pre_bid"": ""+16980"", ""sel_1th_pre_req_pre"": ""0"", ""sel_fpr_req"": ""287"", ""sel_fpr_bid"": ""+16970"", ""buy_fpr_bid"": ""+16960"", ""buy_fpr_req"": ""22"", ""buy_1th_pre_req_pre"": ""+4"", ""buy_2th_pre_bid"": ""+16950"", ""buy_2th_pre_req"": ""1027"", ""buy_2th_pre_req_pre"": ""0"", ""buy_3th_pre_bid"": ""16940"", ""buy_3th_pre_req"": ""4400"", ""buy_3th_pre_req_pre"": ""0"", ""buy_4th_pre_bid"": ""-16930"", ""buy_4th_pre_req"": ""5194"", ""buy_4th_pre_req_pre"": ""0"", ""buy_5th_pre_bid"": ""-16920"", ""buy_5th_pre_req"": ""15469"", ""buy_5th_pre_req_pre"": ""0"", ""buy_6th_pre_bid"": ""-16910"", ""buy_6th_pre_req"": ""3767"", ""buy_6th_pre_req_pre"": ""0"", ""buy_7th_pre_bid"": ""-16900"", ""buy_7th_pre_req"": ""1741"", ""buy_7th_pre_req_pre"": ""0"", ""buy_8th_pre_bid"": ""-16890"", ""buy_8th_pre_req"": ""1001"", ""buy_8th_pre_req_pre"": ""0"", ""buy_9th_pre_bid"": ""-16870"", ""buy_9th_pre_req"": ""601"", ""buy_9th_pre_req_pre"": ""0"", ""buy_10th_pre_bid"": ""-16810"", ""buy_10th_pre_req"": ""2000"", ""buy_10th_pre_req_pre"": ""0"", ""tot_sel_req_jub_pre"": ""0"", ""tot_sel_req"": ""27806"", ""tot_buy_req"": ""35222"", ""tot_buy_req_jub_pre"": ""+4"", ""ovt_sel_req_pre"": ""0"", ""ovt_sel_req"": ""0"", ""ovt_buy_req"": ""0"", ""ovt_buy_req_pre"": ""0"", ""return_code"": 0, ""return_msg"": ""정상적으로 처리되었습니다""}"
2026-09-10,scan_candidate,452430,2026-09-10T09:30:14.472901,0,main_scan,36250,35000,36250,36150,36250,36000,-1.035972413793106,0.27586206896551724,25874400,288939735000,3840496800,4.6084989106069685,3.571428571428571,"{""bid_req_base_tm"": ""093145"", ""sel_10th_pre_req_pre"": ""0"", ""sel_10th_pre_req"": ""535"", ""sel_10th_pre_bid"": ""+36800"", ""sel_9th_pre_req_pre"": ""0"", ""sel_9th_pre_req"": ""90"", ""sel_9th_pre_bid"": ""+36750"", ""sel_8th_pre_req_pre"": ""0"", ""sel_8th_pre_req"": ""206"", ""sel_8th_pre_bid"": ""+36600"", ""sel_7th_pre_req_pre"": ""0"", ""sel_7th_pre_req"": ""11"", ""sel_7th_pre_bid"": ""+36550"", ""sel_6th_pre_req_pre"": ""0"", ""sel_6th_pre_req"": ""190"", ""sel_6th_pre_bid"": ""+36500"", ""sel_5th_pre_req_pre"": ""0"", ""sel_5th_pre_req"": ""279"", ""sel_5th_pre_bid"": ""+36450"", ""sel_4th_pre_req_pre"": ""0"", ""sel_4th_pre_req"": ""117"", ""sel_4th_pre_bid"": ""+36400"", ""sel_3th_pre_req_pre"": ""0"", ""sel_3th_pre_req"": ""6"", ""sel_3th_pre_bid"": ""+36350"", ""sel_2th_pre_req_pre"": ""0"", ""sel_2th_pre_req"": ""477"", ""sel_2th_pre_bid"": ""+36300"", ""sel_1th_pre_req_pre"": ""0"", ""sel_fpr_req"": ""50"", ""sel_fpr_bid"": ""+36250"", ""buy_fpr_bid"": ""+36150"", ""buy_fpr_req"": ""91"", ""buy_1th_pre_req_pre"": ""0"", ""buy_2th_pre_bid"": ""+36100"", ""buy_2th_pre_req"": ""28"", ""buy_2th_pre_req_pre"": ""0"", ""buy_3th_pre_bid"": ""+36050"", ""buy_3th_pre_req"": ""79"", ""buy_3th_pre_req_pre"": ""0"", ""buy_4th_pre_bid"": ""+36000"", ""buy_4th_pre_req"": ""84"", ""buy_4th_pre_req_pre"": ""0"", ""buy_5th_pre_bid"": ""+35950"", ""buy_5th_pre_req"": ""154"", ""buy_5th_pre_req_pre"": ""0"", ""buy_6th_pre_bid"": ""+35900"", ""buy_6th_pre_req"": ""1"", ""buy_6th_pre_req_pre"": ""0"", ""buy_7th_pre_bid"": ""+35850"", ""buy_7th_pre_req"": ""1"", ""buy_7th_pre_req_pre"": ""0"", ""buy_8th_pre_bid"": ""+35800"", ""buy_8th_pre_req"": ""193"", ""buy_8th_pre_req_pre"": ""0"", ""buy_9th_pre_bid"": ""+35750"", ""buy_9th_pre_req"": ""1"", ""buy_9th_pre_req_pre"": ""0"", ""buy_10th_pre_bid"": ""+35700"", ""buy_10th_pre_req"": ""40"", ""buy_10th_pre_req_pre"": ""0"", ""tot_sel_req_jub_pre"": ""0"", ""tot_sel_req"": ""1961"", ""tot_buy_req"": ""672"", ""tot_buy_req_jub_pre"": ""0"", ""ovt_sel_req_pre"": ""0"", ""ovt_sel_req"": ""0"", ""ovt_buy_req"": ""0"", ""ovt_buy_req_pre"": ""0"", ""return_code"": 0, ""return_msg"": ""정상적으로 처리되었습니다""}"
2026-09-10,scan_candidate,200470,2026-09-10T09:30:14.472901,0,main_scan,6410,6240,6410,6390,6410,6420,-0.21000000000000377,0.31201248049922,11648400,273458989440,3906664375,4.6084989106069685,2.7243589743589745,"{""bid_req_base_tm"": ""093144"", ""sel_10th_pre_req_pre"": ""0"", ""sel_10th_pre_req"": ""752"", ""sel_10th_pre_bid"": ""+6520"", ""sel_9th_pre_req_pre"": ""0"", ""sel_9th_pre_req"": ""112"", ""sel_9th_pre_bid"": ""+6510"", ""sel_8th_pre_req_pre"": ""0"", ""sel_8th_pre_req"": ""571"", ""sel_8th_pre_bid"": ""+6500"", ""sel_7th_pre_req_pre"": ""0"", ""sel_7th_pre_req"": ""5176"", ""sel_7th_pre_bid"": ""+6490"", ""sel_6th_pre_req_pre"": ""0"", ""sel_6th_pre_req"": ""914"", ""sel_6th_pre_bid"": ""+6480"", ""sel_5th_pre_req_pre"": ""0"", ""sel_5th_pre_req"": ""272"", ""sel_5th_pre_bid"": ""+6470"", ""sel_4th_pre_req_pre"": ""0"", ""sel_4th_pre_req"": ""347"", ""sel_4th_pre_bid"": ""+6460"", ""sel_3th_pre_req_pre"": ""0"", ""sel_3th_pre_req"": ""210"", ""sel_3th_pre_bid"": ""6450"", ""sel_2th_pre_req_pre"": ""0"", ""sel_2th_pre_req"": ""714"", ""sel_2th_pre_bid"": ""-6420"", ""sel_1th_pre_req_pre"": ""0"", ""sel_fpr_req"": ""632"", ""sel_fpr_bid"": ""-6410"", ""buy_fpr_bid"": ""-6390"", ""buy_fpr_req"": ""1"", ""buy_1th_pre_req_pre"": ""0"", ""buy_2th_pre_bid"": ""-6380"", ""buy_2th_pre_req"": ""300"", ""buy_2th_pre_req_pre"": ""0"", ""buy_3th_pre_bid"": ""-6370"", ""buy_3th_pre_req"": ""202"", ""buy_3th_pre_req_pre"": ""0"", ""buy_4th_pre_bid"": ""-6360"", ""buy_4th_pre_req"": ""116"", ""buy_4th_pre_req_pre"": ""0"", ""buy_5th_pre_bid"": ""-6350"", ""buy_5th_pre_req"": ""6071"", ""buy_5th_pre_req_pre"": ""0"", ""buy_6th_pre_bid"": ""-6340"", ""buy_6th_pre_req"": ""303"", ""buy_6th_pre_req_pre"": ""0"", ""buy_7th_pre_bid"": ""-6330"", ""buy_7th_pre_req"": ""227"", ""buy_7th_pre_req_pre"": ""0"", ""buy_8th_pre_bid"": ""-6320"", ""buy_8th_pre_req"": ""1735"", ""buy_8th_pre_req_pre"": ""0"", ""buy_9th_pre_bid"": ""-6310"", ""buy_9th_pre_req"": ""1946"", ""buy_9th_pre_req_pre"": ""0"", ""buy_10th_pre_bid"": ""-6300"", ""buy_10th_pre_req"": ""6111"", ""buy_10th_pre_req_pre"": ""0"", ""tot_sel_req_jub_pre"": ""0"", ""tot_sel_req"": ""9700"", ""tot_buy_req"": ""17012"", ""tot_buy_req_jub_pre"": ""0"", ""ovt_sel_req_pre"": ""0"", ""ovt_sel_req"": ""0"", ""ovt_buy_req"": ""0"", ""ovt_buy_req_pre"": ""0"", ""return_code"": 0, ""return_msg"": ""정상적으로 처리되었습니다""}"
2026-09-10,scan_candidate,064550,2026-09-10T09:30:14.472901,0,main_scan,9440,10390,9440,9430,9440,9470,0.0014512711864280376,0.1059322033898305,5721270,268168923490,9445717440,4.6084989106069685,-9.143407122232915,"{""bid_req_base_tm"": ""093146"", ""sel_10th_pre_req_pre"": ""0"", ""sel_10th_pre_req"": ""10"", ""sel_10th_pre_bid"": ""-9540"", ""sel_9th_pre_req_pre"": ""0"", ""sel_9th_pre_req"": ""20"", ""sel_9th_pre_bid"": ""-9530"", ""sel_8th_pre_req_pre"": ""0"", ""sel_8th_pre_req"": ""1"", ""sel_8th_pre_bid"": ""-9520"", ""sel_7th_pre_req_pre"": ""0"", ""sel_7th_pre_req"": ""10"", ""sel_7th_pre_bid"": ""-9510"", ""sel_6th_pre_req_pre"": ""0"", ""sel_6th_pre_req"": ""113"", ""sel_6th_pre_bid"": ""-9500"", ""sel_5th_pre_req_pre"": ""0"", ""sel_5th_pre_req"": ""11"", ""sel_5th_pre_bid"": ""-9490"", ""sel_4th_pre_req_pre"": ""0"", ""sel_4th_pre_req"": ""1"", ""sel_4th_pre_bid"": ""-9480"", ""sel_3th_pre_req_pre"": ""0"", ""sel_3th_pre_req"": ""11"", ""sel_3th_pre_bid"": ""-9470"", ""sel_2th_pre_req_pre"": ""0"", ""sel_2th_pre_req"": ""1"", ""sel_2th_pre_bid"": ""-9460"", ""sel_1th_pre_req_pre"": ""0"", ""sel_fpr_req"": ""589"", ""sel_fpr_bid"": ""-9440"", ""buy_fpr_bid"": ""-9430"", ""buy_fpr_req"": ""70"", ""buy_1th_pre_req_pre"": ""0"", ""buy_2th_pre_bid"": ""-9420"", ""buy_2th_pre_req"": ""296"", ""buy_2th_pre_req_pre"": ""0"", ""buy_3th_pre_bid"": ""-9410"", ""buy_3th_pre_req"": ""1408"", ""buy_3th_pre_req_pre"": ""0"", ""buy_4th_pre_bid"": ""-9400"", ""buy_4th_pre_req"": ""1994"", ""buy_4th_pre_req_pre"": ""0"", ""buy_5th_pre_bid"": ""-9390"", ""buy_5th_pre_req"": ""889"", ""buy_5th_pre_req_pre"": ""0"", ""buy_6th_pre_bid"": ""-9380"", ""buy_6th_pre_req"": ""326"", ""buy_6th_pre_req_pre"": ""0"", ""buy_7th_pre_bid"": ""-9370"", ""buy_7th_pre_req"": ""809"", ""buy_7th_pre_req_pre"": ""0"", ""buy_8th_pre_bid"": ""-9360"", ""buy_8th_pre_req"": ""542"", ""buy_8th_pre_req_pre"": ""0"", ""buy_9th_pre_bid"": ""-9350"", ""buy_9th_pre_req"": ""226"", ""buy_9th_pre_req_pre"": ""0"", ""buy_10th_pre_bid"": ""-9340"", ""buy_10th_pre_req"": ""103"", ""buy_10th_pre_req_pre"": ""0"", ""tot_sel_req_jub_pre"": ""0"", ""tot_sel_req"": ""767"", ""tot_buy_req"": ""6663"", ""tot_buy_req_jub_pre"": ""--236"", ""ovt_sel_req_pre"": ""0"", ""ovt_sel_req"": ""0"", ""ovt_buy_req"": ""0"", ""ovt_buy_req_pre"": ""0"", ""return_code"": 0, ""return_msg"": ""정상적으로 처리되었습니다""}"
2026-09-10,scan_candidate,045390,2026-09-10T09:30:14.472901,0,main_scan,3480,3795,3480,3465,3480,3485,-0.21000000000001287,0.43103448275862066,6244165,267446465715,5541790790,4.6084989106069685,-8.300395256916996,"{""bid_req_base_tm"": ""093146"", ""sel_10th_pre_req_pre"": ""0"", ""sel_10th_pre_req"": ""785"", ""sel_10th_pre_bid"": ""+3525"", ""sel_9th_pre_req_pre"": ""0"", ""sel_9th_pre_req"": ""8825"", ""sel_9th_pre_bid"": ""+3520"", ""sel_8th_pre_req_pre"": ""0"", ""sel_8th_pre_req"": ""750"", ""sel_8th_pre_bid"": ""+3515"", ""sel_7th_pre_req_pre"": ""0"", ""sel_7th_pre_req"": ""262"", ""sel_7th_pre_bid"": ""+3510"", ""sel_6th_pre_req_pre"": ""0"", ""sel_6th_pre_req"": ""789"", ""sel_6th_pre_bid"": ""3505"", ""sel_5th_pre_req_pre"": ""0"", ""sel_5th_pre_req"": ""126"", ""sel_5th_pre_bid"": ""-3500"", ""sel_4th_pre_req_pre"": ""0"", ""sel_4th_pre_req"": ""1700"", ""sel_4th_pre_bid"": ""-3495"", ""sel_3th_pre_req_pre"": ""0"", ""sel_3th_pre_req"": ""5"", ""sel_3th_pre_bid"": ""-3490"", ""sel_2th_pre_req_pre"": ""0"", ""sel_2th_pre_req"": ""2"", ""sel_2th_pre_bid"": ""-3485"", ""sel_1th_pre_req_pre"": ""0"", ""sel_fpr_req"": ""580"", ""sel_fpr_bid"": ""-3480"", ""buy_fpr_bid"": ""-3465"", ""buy_fpr_req"": ""200"", ""buy_1th_pre_req_pre"": ""0"", ""buy_2th_pre_bid"": ""-3460"", ""buy_2th_pre_req"": ""904"", ""buy_2th_pre_req_pre"": ""0"", ""buy_3th_pre_bid"": ""-3455"", ""buy_3th_pre_req"": ""2969"", ""buy_3th_pre_req_pre"": ""0"", ""buy_4th_pre_bid"": ""-3450"", ""buy_4th_pre_req"": ""1000"", ""buy_4th_pre_req_pre"": ""0"", ""buy_5th_pre_bid"": ""-3445"", ""buy_5th_pre_req"": ""6026"", ""buy_5th_pre_req_pre"": ""0"", ""buy_6th_pre_bid"": ""-3440"", ""buy_6th_pre_req"": ""6026"", ""buy_6th_pre_req_pre"": ""0"", ""buy_7th_pre_bid"": ""-3435"", ""buy_7th_pre_req"": ""1004"", ""buy_7th_pre_req_pre"": ""0"", ""buy_8th_pre_bid"": ""-3430"", ""buy_8th_pre_req"": ""4729"", ""buy_8th_pre_req_pre"": ""0"", ""buy_9th_pre_bid"": ""-3425"", ""buy_9th_pre_req"": ""1039"", ""buy_9th_pre_req_pre"": ""0"", ""buy_10th_pre_bid"": ""-3420"", ""buy_10th_pre_req"": ""1834"", ""buy_10th_pre_req_pre"": ""0"", ""tot_sel_req_jub_pre"": ""0"", ""tot_sel_req"": ""13824"", ""tot_buy_req"": ""25731"", ""tot_buy_req_jub_pre"": ""0"", ""ovt_sel_req_pre"": ""0"", ""ovt_sel_req"": ""0"", ""ovt_buy_req"": ""0"", ""ovt_buy_req_pre"": ""0"", ""return_code"": 0, ""return_msg"": ""정상적으로 처리되었습니다""}"
2026-09-10,scan_candidate,123330,2026-09-10T09:30:14.472901,0,main_scan,25700,31900,25700,25650,25700,25850,0.17834630350192796,0.19455252918287938,51147400,254200892000,16502057275,4.6084989106069685,-19.435736677115987,"{""bid_req_base_tm"": ""093146"", ""sel_10th_pre_req_pre"": ""0"", ""sel_10th_pre_req"": ""2"", ""sel_10th_pre_bid"": ""-26200"", ""sel_9th_pre_req_pre"": ""0"", ""sel_9th_pre_req"": ""27"", ""sel_9th_pre_bid"": ""-26150"", ""sel_8th_pre_req_pre"": ""0"", ""sel_8th_pre_req"": ""21"", ""sel_8th_pre_bid"": ""-26100"", ""sel_7th_pre_req_pre"": ""0"", ""sel_7th_pre_req"": ""3"", ""sel_7th_pre_bid"": ""-26050"", ""sel_6th_pre_req_pre"": ""0"", ""sel_6th_pre_req"": ""693"", ""sel_6th_pre_bid"": ""-26000"", ""sel_5th_pre_req_pre"": ""0"", ""sel_5th_pre_req"": ""2682"", ""sel_5th_pre_bid"": ""-25950"", ""sel_4th_pre_req_pre"": ""0"", ""sel_4th_pre_req"": ""50"", ""sel_4th_pre_bid"": ""-25900"", ""sel_3th_pre_req_pre"": ""0"", ""sel_3th_pre_req"": ""36"", ""sel_3th_pre_bid"": ""-25850"", ""sel_2th_pre_req_pre"": ""0"", ""sel_2th_pre_req"": ""148"", ""sel_2th_pre_bid"": ""-25750"", ""sel_1th_pre_req_pre"": ""0"", ""sel_fpr_req"": ""292"", ""sel_fpr_bid"": ""-25700"", ""buy_fpr_bid"": ""-25650"", ""buy_fpr_req"": ""82"", ""buy_1th_pre_req_pre"": ""0"", ""buy_2th_pre_bid"": ""-25600"", ""buy_2th_pre_req"": ""595"", ""buy_2th_pre_req_pre"": ""+20"", ""buy_3th_pre_bid"": ""-25550"", ""buy_3th_pre_req"": ""1258"", ""buy_3th_pre_req_pre"": ""0"", ""buy_4th_pre_bid"": ""-25500"", ""buy_4th_pre_req"": ""3167"", ""buy_4th_pre_req_pre"": ""0"", ""buy_5th_pre_bid"": ""-25450"", ""buy_5th_pre_req"": ""1388"", ""buy_5th_pre_req_pre"": ""0"", ""buy_6th_pre_bid"": ""-25400"", ""buy_6th_pre_req"": ""1273"", ""buy_6th_pre_req_pre"": ""0"", ""buy_7th_pre_bid"": ""-25350"", ""buy_7th_pre_req"": ""276"", ""buy_7th_pre_req_pre"": ""0"", ""buy_8th_pre_bid"": ""-25300"", ""buy_8th_pre_req"": ""644"", ""buy_8th_pre_req_pre"": ""0"", ""buy_9th_pre_bid"": ""-25250"", ""buy_9th_pre_req"": ""500"", ""buy_9th_pre_req_pre"": ""0"", ""buy_10th_pre_bid"": ""-25200"", ""buy_10th_pre_req"": ""1734"", ""buy_10th_pre_req_pre"": ""0"", ""tot_sel_req_jub_pre"": ""0"", ""tot_sel_req"": ""3954"", ""tot_buy_req"": ""10917"", ""tot_buy_req_jub_pre"": ""+20"", ""ovt_sel_req_pre"": ""0"", ""ovt_sel_req"": ""0"", ""ovt_buy_req"": ""0"", ""ovt_buy_req_pre"": ""0"", ""return_code"": 0, ""return_msg"": ""정상적으로 처리되었습니다""}"
2026-09-10,scan_candidate,160980,2026-09-10T09:30:14.472901,0,main_scan,23050,23250,23050,22950,23050,23250,0.43949023861170483,0.43383947939262474,3673000,253988649750,3154154475,4.6084989106069685,-0.8602150537634409,"{""bid_req_base_tm"": ""093146"", ""sel_10th_pre_req_pre"": ""0"", ""sel_10th_pre_req"": ""5"", ""sel_10th_pre_bid"": ""+23550"", ""sel_9th_pre_req_pre"": ""0"", ""sel_9th_pre_req"": ""9"", ""sel_9th_pre_bid"": ""-23450"", ""sel_8th_pre_req_pre"": ""0"", ""sel_8th_pre_req"": ""100"", ""sel_8th_pre_bid"": ""-23400"", ""sel_7th_pre_req_pre"": ""0"", ""sel_7th_pre_req"": ""90"", ""sel_7th_pre_bid"": ""-23350"", ""sel_6th_pre_req_pre"": ""0"", ""sel_6th_pre_req"": ""116"", ""sel_6th_pre_bid"": ""-23300"", ""sel_5th_pre_req_pre"": ""0"", ""sel_5th_pre_req"": ""10"", ""sel_5th_pre_bid"": ""-23250"", ""sel_4th_pre_req_pre"": ""0"", ""sel_4th_pre_req"": ""27"", ""sel_4th_pre_bid"": ""-23200"", ""sel_3th_pre_req_pre"": ""0"", ""sel_3th_pre_req"": ""11"", ""sel_3th_pre_bid"": ""-23150"", ""sel_2th_pre_req_pre"": ""0"", ""sel_2th_pre_req"": ""73"", ""sel_2th_pre_bid"": ""-23100"", ""sel_1th_pre_req_pre"": ""0"", ""sel_fpr_req"": ""61"", ""sel_fpr_bid"": ""-23050"", ""buy_fpr_bid"": ""-22950"", ""buy_fpr_req"": ""657"", ""buy_1th_pre_req_pre"": ""0"", ""buy_2th_pre_bid"": ""-22900"", ""buy_2th_pre_req"": ""215"", ""buy_2th_pre_req_pre"": ""0"", ""buy_3th_pre_bid"": ""-22850"", ""buy_3th_pre_req"": ""315"", ""buy_3th_pre_req_pre"": ""0"", ""buy_4th_pre_bid"": ""-22800"", ""buy_4th_pre_req"": ""331"", ""buy_4th_pre_req_pre"": ""0"", ""buy_5th_pre_bid"": ""-22750"", ""buy_5th_pre_req"": ""174"", ""buy_5th_pre_req_pre"": ""0"", ""buy_6th_pre_bid"": ""-22700"", ""buy_6th_pre_req"": ""638"", ""buy_6th_pre_req_pre"": ""0"", ""buy_7th_pre_bid"": ""-22650"", ""buy_7th_pre_req"": ""100"", ""buy_7th_pre_req_pre"": ""0"", ""buy_8th_pre_bid"": ""-22600"", ""buy_8th_pre_req"": ""166"", ""buy_8th_pre_req_pre"": ""0"", ""buy_9th_pre_bid"": ""-22550"", ""buy_9th_pre_req"": ""431"", ""buy_9th_pre_req_pre"": ""0"", ""buy_10th_pre_bid"": ""-22500"", ""buy_10th_pre_req"": ""141"", ""buy_10th_pre_req_pre"": ""+10"", ""tot_sel_req_jub_pre"": ""0"", ""tot_sel_req"": ""502"", ""tot_buy_req"": ""3168"", ""tot_buy_req_jub_pre"": ""+10"", ""ovt_sel_req_pre"": ""0"", ""ovt_sel_req"": ""0"", ""ovt_buy_req"": ""0"", ""ovt_buy_req_pre"": ""0"", ""return_code"": 0, ""return_msg"": ""정상적으로 처리되었습니다""}"
2026-09-10,scan_candidate,389500,2026-09-10T09:30:14.472901,0,main_scan,39200,37750,39200,39150,39200,39100,-0.5919068877551117,0.12755102040816327,21419300,251546068000,4748143000,4.6084989106069685,3.8410596026490067,"{""bid_req_base_tm"": ""093147"", ""sel_10th_pre_req_pre"": ""0"", ""sel_10th_pre_req"": ""8"", ""sel_10th_pre_bid"": ""+39950"", ""sel_9th_pre_req_pre"": ""0"", ""sel_9th_pre_req"": ""298"", ""sel_9th_pre_bid"": ""+39800"", ""sel_8th_pre_req_pre"": ""0"", ""sel_8th_pre_req"": ""10"", ""sel_8th_pre_bid"": ""+39750"", ""sel_7th_pre_req_pre"": ""0"", ""sel_7th_pre_req"": ""75"", ""sel_7th_pre_bid"": ""+39700"", ""sel_6th_pre_req_pre"": ""0"", ""sel_6th_pre_req"": ""22"", ""sel_6th_pre_bid"": ""+39650"", ""sel_5th_pre_req_pre"": ""0"", ""sel_5th_pre_req"": ""130"", ""sel_5th_pre_bid"": ""+39600"", ""sel_4th_pre_req_pre"": ""0"", ""sel_4th_pre_req"": ""177"", ""sel_4th_pre_bid"": ""+39500"", ""sel_3th_pre_req_pre"": ""0"", ""sel_3th_pre_req"": ""130"", ""sel_3th_pre_bid"": ""+39400"", ""sel_2th_pre_req_pre"": ""0"", ""sel_2th_pre_req"": ""114"", ""sel_2th_pre_bid"": ""+39300"", ""sel_1th_pre_req_pre"": ""0"", ""sel_fpr_req"": ""152"", ""sel_fpr_bid"": ""+39200"", ""buy_fpr_bid"": ""+39150"", ""buy_fpr_req"": ""2"", ""buy_1th_pre_req_pre"": ""0"", ""buy_2th_pre_bid"": ""+39100"", ""buy_2th_pre_req"": ""10"", ""buy_2th_pre_req_pre"": ""0"", ""buy_3th_pre_bid"": ""+39050"", ""buy_3th_pre_req"": ""144"", ""buy_3th_pre_req_pre"": ""0"", ""buy_4th_pre_bid"": ""+39000"", ""buy_4th_pre_req"": ""52"", ""buy_4th_pre_req_pre"": ""0"", ""buy_5th_pre_bid"": ""+38950"", ""buy_5th_pre_req"": ""40"", ""buy_5th_pre_req_pre"": ""0"", ""buy_6th_pre_bid"": ""+38900"", ""buy_6th_pre_req"": ""98"", ""buy_6th_pre_req_pre"": ""0"", ""buy_7th_pre_bid"": ""+38850"", ""buy_7th_pre_req"": ""193"", ""buy_7th_pre_req_pre"": ""0"", ""buy_8th_pre_bid"": ""38800"", ""buy_8th_pre_req"": ""326"", ""buy_8th_pre_req_pre"": ""0"", ""buy_9th_pre_bid"": ""-38750"", ""buy_9th_pre_req"": ""186"", ""buy_9th_pre_req_pre"": ""0"", ""buy_10th_pre_bid"": ""-38700"", ""buy_10th_pre_req"": ""215"", ""buy_10th_pre_req_pre"": ""0"", ""tot_sel_req_jub_pre"": ""0"", ""tot_sel_req"": ""1116"", ""tot_buy_req"": ""1266"", ""tot_buy_req_jub_pre"": ""--11"", ""ovt_sel_req_pre"": ""0"", ""ovt_sel_req"": ""0"", ""ovt_buy_req"": ""0"", ""ovt_buy_req_pre"": ""0"", ""return_code"": 0, ""return_msg"": ""정상적으로 처리되었습니다""}"
2026-09-10,watchlist,171090,2026-09-10T09:33:10.346285,1,filtered_candidate_recheck,66500,67200,66500,66400,66500,67300,0.8405789473684219,0.15037593984962408,6679100,680576467200,3803184000,4.6084989106069685,-1.0416666666666665,"{""bid_req_base_tm"": ""093311"", ""sel_10th_pre_req_pre"": ""0"", ""sel_10th_pre_req"": ""29"", ""sel_10th_pre_bid"": ""+68400"", ""sel_9th_pre_req_pre"": ""0"", ""sel_9th_pre_req"": ""100"", ""sel_9th_pre_bid"": ""+68300"", ""sel_8th_pre_req_pre"": ""0"", ""sel_8th_pre_req"": ""166"", ""sel_8th_pre_bid"": ""+68200"", ""sel_7th_pre_req_pre"": ""0"", ""sel_7th_pre_req"": ""38"", ""sel_7th_pre_bid"": ""68100"", ""sel_6th_pre_req_pre"": ""0"", ""sel_6th_pre_req"": ""121"", ""sel_6th_pre_bid"": ""-68000"", ""sel_5th_pre_req_pre"": ""0"", ""sel_5th_pre_req"": ""14"", ""sel_5th_pre_bid"": ""-67200"", ""sel_4th_pre_req_pre"": ""0"", ""sel_4th_pre_req"": ""15"", ""sel_4th_pre_bid"": ""-67100"", ""sel_3th_pre_req_pre"": ""0"", ""sel_3th_pre_req"": ""3"", ""sel_3th_pre_bid"": ""-67000"", ""sel_2th_pre_req_pre"": ""+48"", ""sel_2th_pre_req"": ""62"", ""sel_2th_pre_bid"": ""-66800"", ""sel_1th_pre_req_pre"": ""0"", ""sel_fpr_req"": ""25"", ""sel_fpr_bid"": ""-66500"", ""buy_fpr_bid"": ""-66400"", ""buy_fpr_req"": ""49"", ""buy_1th_pre_req_pre"": ""0"", ""buy_2th_pre_bid"": ""-66300"", ""buy_2th_pre_req"": ""146"", ""buy_2th_pre_req_pre"": ""0"", ""buy_3th_pre_bid"": ""-66200"", ""buy_3th_pre_req"": ""218"", ""buy_3th_pre_req_pre"": ""0"", ""buy_4th_pre_bid"": ""-66100"", ""buy_4th_pre_req"": ""179"", ""buy_4th_pre_req_pre"": ""0"", ""buy_5th_pre_bid"": ""-66000"", ""buy_5th_pre_req"": ""1226"", ""buy_5th_pre_req_pre"": ""0"", ""buy_6th_pre_bid"": ""-65900"", ""buy_6th_pre_req"": ""236"", ""buy_6th_pre_req_pre"": ""0"", ""buy_7th_pre_bid"": ""-65800"", ""buy_7th_pre_req"": ""202"", ""buy_7th_pre_req_pre"": ""0"", ""buy_8th_pre_bid"": ""-65700"", ""buy_8th_pre_req"": ""156"", ""buy_8th_pre_req_pre"": ""0"", ""buy_9th_pre_bid"": ""-65600"", ""buy_9th_pre_req"": ""3"", ""buy_9th_pre_req_pre"": ""0"", ""buy_10th_pre_bid"": ""-65500"", ""buy_10th_pre_req"": ""39"", ""buy_10th_pre_req_pre"": ""0"", ""tot_sel_req_jub_pre"": ""+48"", ""tot_sel_req"": ""573"", ""tot_buy_req"": ""2454"", ""tot_buy_req_jub_pre"": ""0"", ""ovt_sel_req_pre"": ""0"", ""ovt_sel_req"": ""0"", ""ovt_buy_req"": ""0"", ""ovt_buy_req_pre"": ""0"", ""return_code"": 0, ""return_msg"": ""정상적으로 처리되었습니다""}"
2026-09-10,active_position,171090,2026-09-10T09:33:10.514929,1,held_position_monitor qty=14,66500,0,66500,66400,66500,67300,0.8405789473684219,0.15037593984962408,6679100,,,4.6084989106069685,0.0,"{""bid_req_base_tm"": ""093311"", ""sel_10th_pre_req_pre"": ""0"", ""sel_10th_pre_req"": ""29"", ""sel_10th_pre_bid"": ""+68400"", ""sel_9th_pre_req_pre"": ""0"", ""sel_9th_pre_req"": ""100"", ""sel_9th_pre_bid"": ""+68300"", ""sel_8th_pre_req_pre"": ""0"", ""sel_8th_pre_req"": ""166"", ""sel_8th_pre_bid"": ""+68200"", ""sel_7th_pre_req_pre"": ""0"", ""sel_7th_pre_req"": ""38"", ""sel_7th_pre_bid"": ""68100"", ""sel_6th_pre_req_pre"": ""0"", ""sel_6th_pre_req"": ""121"", ""sel_6th_pre_bid"": ""-68000"", ""sel_5th_pre_req_pre"": ""0"", ""sel_5th_pre_req"": ""14"", ""sel_5th_pre_bid"": ""-67200"", ""sel_4th_pre_req_pre"": ""0"", ""sel_4th_pre_req"": ""15"", ""sel_4th_pre_bid"": ""-67100"", ""sel_3th_pre_req_pre"": ""0"", ""sel_3th_pre_req"": ""3"", ""sel_3th_pre_bid"": ""-67000"", ""sel_2th_pre_req_pre"": ""+48"", ""sel_2th_pre_req"": ""62"", ""sel_2th_pre_bid"": ""-66800"", ""sel_1th_pre_req_pre"": ""0"", ""sel_fpr_req"": ""25"", ""sel_fpr_bid"": ""-66500"", ""buy_fpr_bid"": ""-66400"", ""buy_fpr_req"": ""49"", ""buy_1th_pre_req_pre"": ""0"", ""buy_2th_pre_bid"": ""-66300"", ""buy_2th_pre_req"": ""146"", ""buy_2th_pre_req_pre"": ""0"", ""buy_3th_pre_bid"": ""-66200"", ""buy_3th_pre_req"": ""218"", ""buy_3th_pre_req_pre"": ""0"", ""buy_4th_pre_bid"": ""-66100"", ""buy_4th_pre_req"": ""179"", ""buy_4th_pre_req_pre"": ""0"", ""buy_5th_pre_bid"": ""-66000"", ""buy_5th_pre_req"": ""1226"", ""buy_5th_pre_req_pre"": ""0"", ""buy_6th_pre_bid"": ""-65900"", ""buy_6th_pre_req"": ""236"", ""buy_6th_pre_req_pre"": ""0"", ""buy_7th_pre_bid"": ""-65800"", ""buy_7th_pre_req"": ""202"", ""buy_7th_pre_req_pre"": ""0"", ""buy_8th_pre_bid"": ""-65700"", ""buy_8th_pre_req"": ""156"", ""buy_8th_pre_req_pre"": ""0"", ""buy_9th_pre_bid"": ""-65600"", ""buy_9th_pre_req"": ""3"", ""buy_9th_pre_req_pre"": ""0"", ""buy_10th_pre_bid"": ""-65500"", ""buy_10th_pre_req"": ""39"", ""buy_10th_pre_req_pre"": ""0"", ""tot_sel_req_jub_pre"": ""+48"", ""tot_sel_req"": ""573"", ""tot_buy_req"": ""2454"", ""tot_buy_req_jub_pre"": ""0"", ""ovt_sel_req_pre"": ""0"", ""ovt_sel_req"": ""0"", ""ovt_buy_req"": ""0"", ""ovt_buy_req_pre"": ""0"", ""return_code"": 0, ""return_msg"": ""정상적으로 처리되었습니다""}"
2026-09-10,scan_candidate,005930,2026-09-10T09:33:22.703514,0,main_scan,267000,255500,267000,266500,267000,268500,0.1638014981273321,0.18726591760299627,31611349000,1493724184344000,3586126499750,4.6084989106069685,4.500978473581213,"{""bid_req_base_tm"": ""093324"", ""sel_10th_pre_req_pre"": ""0"", ""sel_10th_pre_req"": ""45830"", ""sel_10th_pre_bid"": ""+271500"", ""sel_9th_pre_req_pre"": ""0"", ""sel_9th_pre_req"": ""42084"", ""sel_9th_pre_bid"": ""+271000"", ""sel_8th_pre_req_pre"": ""0"", ""sel_8th_pre_req"": ""45992"", ""sel_8th_pre_bid"": ""+270500"", ""sel_7th_pre_req_pre"": ""0"", ""sel_7th_pre_req"": ""44130"", ""sel_7th_pre_bid"": ""+270000"", ""sel_6th_pre_req_pre"": ""0"", ""sel_6th_pre_req"": ""27844"", ""sel_6th_pre_bid"": ""269500"", ""sel_5th_pre_req_pre"": ""0"", ""sel_5th_pre_req"": ""23407"", ""sel_5th_pre_bid"": ""-269000"", ""sel_4th_pre_req_pre"": ""0"", ""sel_4th_pre_req"": ""20401"", ""sel_4th_pre_bid"": ""-268500"", ""sel_3th_pre_req_pre"": ""0"", ""sel_3th_pre_req"": ""24004"", ""sel_3th_pre_bid"": ""-268000"", ""sel_2th_pre_req_pre"": ""0"", ""sel_2th_pre_req"": ""34737"", ""sel_2th_pre_bid"": ""-267500"", ""sel_1th_pre_req_pre"": ""0"", ""sel_fpr_req"": ""41941"", ""sel_fpr_bid"": ""-267000"", ""buy_fpr_bid"": ""-266500"", ""buy_fpr_req"": ""58694"", ""buy_1th_pre_req_pre"": ""0"", ""buy_2th_pre_bid"": ""-266000"", ""buy_2th_pre_req"": ""71214"", ""buy_2th_pre_req_pre"": ""+2"", ""buy_3th_pre_bid"": ""-265500"", ""buy_3th_pre_req"": ""59178"", ""buy_3th_pre_req_pre"": ""--1"", ""buy_4th_pre_bid"": ""-265000"", ""buy_4th_pre_req"": ""119756"", ""buy_4th_pre_req_pre"": ""--3"", ""buy_5th_pre_bid"": ""-264500"", ""buy_5th_pre_req"": ""36543"", ""buy_5th_pre_req_pre"": ""0"", ""buy_6th_pre_bid"": ""-264000"", ""buy_6th_pre_req"": ""36464"", ""buy_6th_pre_req_pre"": ""0"", ""buy_7th_pre_bid"": ""-263500"", ""buy_7th_pre_req"": ""40738"", ""buy_7th_pre_req_pre"": ""--1"", ""buy_8th_pre_bid"": ""-263000"", ""buy_8th_pre_req"": ""46349"", ""buy_8th_pre_req_pre"": ""0"", ""buy_9th_pre_bid"": ""-262500"", ""buy_9th_pre_req"": ""32273"", ""buy_9th_pre_req_pre"": ""0"", ""buy_10th_pre_bid"": ""-262000"", ""buy_10th_pre_req"": ""47972"", ""buy_10th_pre_req_pre"": ""0"", ""tot_sel_req_jub_pre"": ""0"", ""tot_sel_req"": ""350370"", ""tot_buy_req"": ""549181"", ""tot_buy_req_jub_pre"": ""--3"", ""ovt_sel_req_pre"": ""0"", ""ovt_sel_req"": ""0"", ""ovt_buy_req"": ""0"", ""ovt_buy_req_pre"": ""0"", ""return_code"": 0, ""return_msg"": ""정상적으로 처리되었습니다""}"
2026-09-10,scan_candidate,000660,2026-09-10T09:33:22.703514,0,main_scan,1849000,1647000,1849000,1848000,1849000,1852000,-0.10204434829637894,0.05408328826392645,6312457000,1203120925155000,4660912821500,4.6084989106069685,12.264723740133576,"{""bid_req_base_tm"": ""093324"", ""sel_10th_pre_req_pre"": ""0"", ""sel_10th_pre_req"": ""316"", ""sel_10th_pre_bid"": ""+1858000"", ""sel_9th_pre_req_pre"": ""0"", ""sel_9th_pre_req"": ""260"", ""sel_9th_pre_bid"": ""+1857000"", ""sel_8th_pre_req_pre"": ""0"", ""sel_8th_pre_req"": ""311"", ""sel_8th_pre_bid"": ""1856000"", ""sel_7th_pre_req_pre"": ""0"", ""sel_7th_pre_req"": ""220"", ""sel_7th_pre_bid"": ""-1855000"", ""sel_6th_pre_req_pre"": ""0"", ""sel_6th_pre_req"": ""216"", ""sel_6th_pre_bid"": ""-1854000"", ""sel_5th_pre_req_pre"": ""0"", ""sel_5th_pre_req"": ""255"", ""sel_5th_pre_bid"": ""-1853000"", ""sel_4th_pre_req_pre"": ""0"", ""sel_4th_pre_req"": ""124"", ""sel_4th_pre_bid"": ""-1852000"", ""sel_3th_pre_req_pre"": ""0"", ""sel_3th_pre_req"": ""945"", ""sel_3th_pre_bid"": ""-1851000"", ""sel_2th_pre_req_pre"": ""+3"", ""sel_2th_pre_req"": ""1555"", ""sel_2th_pre_bid"": ""-1850000"", ""sel_1th_pre_req_pre"": ""0"", ""sel_fpr_req"": ""1070"", ""sel_fpr_bid"": ""-1849000"", ""buy_fpr_bid"": ""-1848000"", ""buy_fpr_req"": ""470"", ""buy_1th_pre_req_pre"": ""+3"", ""buy_2th_pre_bid"": ""-1847000"", ""buy_2th_pre_req"": ""1475"", ""buy_2th_pre_req_pre"": ""0"", ""buy_3th_pre_bid"": ""-1846000"", ""buy_3th_pre_req"": ""4122"", ""buy_3th_pre_req_pre"": ""0"", ""buy_4th_pre_bid"": ""-1845000"", ""buy_4th_pre_req"": ""2420"", ""buy_4th_pre_req_pre"": ""+2"", ""buy_5th_pre_bid"": ""-1844000"", ""buy_5th_pre_req"": ""808"", ""buy_5th_pre_req_pre"": ""0"", ""buy_6th_pre_bid"": ""-1843000"", ""buy_6th_pre_req"": ""1225"", ""buy_6th_pre_req_pre"": ""0"", ""buy_7th_pre_bid"": ""-1842000"", ""buy_7th_pre_req"": ""1050"", ""buy_7th_pre_req_pre"": ""0"", ""buy_8th_pre_bid"": ""-1841000"", ""buy_8th_pre_req"": ""1477"", ""buy_8th_pre_req_pre"": ""0"", ""buy_9th_pre_bid"": ""-1840000"", ""buy_9th_pre_req"": ""3376"", ""buy_9th_pre_req_pre"": ""0"", ""buy_10th_pre_bid"": ""-1839000"", ""buy_10th_pre_req"": ""207"", ""buy_10th_pre_req_pre"": ""0"", ""tot_sel_req_jub_pre"": ""+3"", ""tot_sel_req"": ""5272"", ""tot_buy_req"": ""16630"", ""tot_buy_req_jub_pre"": ""+5"", ""ovt_sel_req_pre"": ""0"", ""ovt_sel_req"": ""0"", ""ovt_buy_req"": ""0"", ""ovt_buy_req_pre"": ""0"", ""return_code"": 0, ""return_msg"": ""정상적으로 처리되었습니다""}"
2026-09-10,scan_candidate,005935,2026-09-10T09:33:22.703514,0,main_scan,197000,191600,197000,196900,197000,197000,-0.46331218274111974,0.050761421319796954,1623483800,153734322494800,475695126800,4.6084989106069685,2.8183716075156577,"{""bid_req_base_tm"": ""093324"", ""sel_10th_pre_req_pre"": ""0"", ""sel_10th_pre_req"": ""219"", ""sel_10th_pre_bid"": ""+197900"", ""sel_9th_pre_req_pre"": ""0"", ""sel_9th_pre_req"": ""525"", ""sel_9th_pre_bid"": ""+197800"", ""sel_8th_pre_req_pre"": ""0"", ""sel_8th_pre_req"": ""842"", ""sel_8th_pre_bid"": ""+197700"", ""sel_7th_pre_req_pre"": ""0"", ""sel_7th_pre_req"": ""613"", ""sel_7th_pre_bid"": ""+197600"", ""sel_6th_pre_req_pre"": ""0"", ""sel_6th_pre_req"": ""232"", ""sel_6th_pre_bid"": ""197500"", ""sel_5th_pre_req_pre"": ""0"", ""sel_5th_pre_req"": ""22"", ""sel_5th_pre_bid"": ""-197400"", ""sel_4th_pre_req_pre"": ""0"", ""sel_4th_pre_req"": ""912"", ""sel_4th_pre_bid"": ""-197300"", ""sel_3th_pre_req_pre"": ""0"", ""sel_3th_pre_req"": ""3106"", ""sel_3th_pre_bid"": ""-197200"", ""sel_2th_pre_req_pre"": ""0"", ""sel_2th_pre_req"": ""1399"", ""sel_2th_pre_bid"": ""-197100"", ""sel_1th_pre_req_pre"": ""0"", ""sel_fpr_req"": ""3957"", ""sel_fpr_bid"": ""-197000"", ""buy_fpr_bid"": ""-196900"", ""buy_fpr_req"": ""622"", ""buy_1th_pre_req_pre"": ""--35"", ""buy_2th_pre_bid"": ""-196800"", ""buy_2th_pre_req"": ""2511"", ""buy_2th_pre_req_pre"": ""0"", ""buy_3th_pre_bid"": ""-196700"", ""buy_3th_pre_req"": ""2920"", ""buy_3th_pre_req_pre"": ""0"", ""buy_4th_pre_bid"": ""-196600"", ""buy_4th_pre_req"": ""1466"", ""buy_4th_pre_req_pre"": ""0"", ""buy_5th_pre_bid"": ""-196500"", ""buy_5th_pre_req"": ""5530"", ""buy_5th_pre_req_pre"": ""0"", ""buy_6th_pre_bid"": ""-196400"", ""buy_6th_pre_req"": ""1026"", ""buy_6th_pre_req_pre"": ""0"", ""buy_7th_pre_bid"": ""-196300"", ""buy_7th_pre_req"": ""1123"", ""buy_7th_pre_req_pre"": ""0"", ""buy_8th_pre_bid"": ""-196200"", ""buy_8th_pre_req"": ""1675"", ""buy_8th_pre_req_pre"": ""0"", ""buy_9th_pre_bid"": ""-196100"", ""buy_9th_pre_req"": ""2513"", ""buy_9th_pre_req_pre"": ""0"", ""buy_10th_pre_bid"": ""-196000"", ""buy_10th_pre_req"": ""5952"", ""buy_10th_pre_req_pre"": ""0"", ""tot_sel_req_jub_pre"": ""0"", ""tot_sel_req"": ""11827"", ""tot_buy_req"": ""25338"", ""tot_buy_req_jub_pre"": ""--35"", ""ovt_sel_req_pre"": ""0"", ""ovt_sel_req"": ""0"", ""ovt_buy_req"": ""0"", ""ovt_buy_req_pre"": ""0"", ""return_code"": 0, ""return_msg"": ""정상적으로 처리되었습니다""}"
2026-09-10,scan_candidate,402340,2026-09-10T09:33:22.703514,0,main_scan,1133000,1041000,1133000,1132000,1133000,1136000,-0.03382171226833065,0.088261253309797,293924000,137332881918000,464723335600,4.6084989106069685,8.837656099903938,"{""bid_req_base_tm"": ""093324"", ""sel_10th_pre_req_pre"": ""0"", ""sel_10th_pre_req"": ""224"", ""sel_10th_pre_bid"": ""+1142000"", ""sel_9th_pre_req_pre"": ""0"", ""sel_9th_pre_req"": ""62"", ""sel_9th_pre_bid"": ""+1141000"", ""sel_8th_pre_req_pre"": ""0"", ""sel_8th_pre_req"": ""27"", ""sel_8th_pre_bid"": ""+1140000"", ""sel_7th_pre_req_pre"": ""0"", ""sel_7th_pre_req"": ""38"", ""sel_7th_pre_bid"": ""+1139000"", ""sel_6th_pre_req_pre"": ""0"", ""sel_6th_pre_req"": ""31"", ""sel_6th_pre_bid"": ""1138000"", ""sel_5th_pre_req_pre"": ""0"", ""sel_5th_pre_req"": ""60"", ""sel_5th_pre_bid"": ""-1137000"", ""sel_4th_pre_req_pre"": ""0"", ""sel_4th_pre_req"": ""57"", ""sel_4th_pre_bid"": ""-1136000"", ""sel_3th_pre_req_pre"": ""0"", ""sel_3th_pre_req"": ""117"", ""sel_3th_pre_bid"": ""-1135000"", ""sel_2th_pre_req_pre"": ""0"", ""sel_2th_pre_req"": ""55"", ""sel_2th_pre_bid"": ""-1134000"", ""sel_1th_pre_req_pre"": ""+2"", ""sel_fpr_req"": ""48"", ""sel_fpr_bid"": ""-1133000"", ""buy_fpr_bid"": ""-1132000"", ""buy_fpr_req"": ""143"", ""buy_1th_pre_req_pre"": ""0"", ""buy_2th_pre_bid"": ""-1131000"", ""buy_2th_pre_req"": ""795"", ""buy_2th_pre_req_pre"": ""0"", ""buy_3th_pre_bid"": ""-1130000"", ""buy_3th_pre_req"": ""986"", ""buy_3th_pre_req_pre"": ""0"", ""buy_4th_pre_bid"": ""-1129000"", ""buy_4th_pre_req"": ""244"", ""buy_4th_pre_req_pre"": ""0"", ""buy_5th_pre_bid"": ""-1128000"", ""buy_5th_pre_req"": ""250"", ""buy_5th_pre_req_pre"": ""0"", ""buy_6th_pre_bid"": ""-1127000"", ""buy_6th_pre_req"": ""301"", ""buy_6th_pre_req_pre"": ""0"", ""buy_7th_pre_bid"": ""-1126000"", ""buy_7th_pre_req"": ""356"", ""buy_7th_pre_req_pre"": ""0"", ""buy_8th_pre_bid"": ""-1125000"", ""buy_8th_pre_req"": ""194"", ""buy_8th_pre_req_pre"": ""0"", ""buy_9th_pre_bid"": ""-1124000"", ""buy_9th_pre_req"": ""42"", ""buy_9th_pre_req_pre"": ""0"", ""buy_10th_pre_bid"": ""-1123000"", ""buy_10th_pre_req"": ""14"", ""buy_10th_pre_req_pre"": ""0"", ""tot_sel_req_jub_pre"": ""+2"", ""tot_sel_req"": ""719"", ""tot_buy_req"": ""3325"", ""tot_buy_req_jub_pre"": ""0"", ""ovt_sel_req_pre"": ""0"", ""ovt_sel_req"": ""0"", ""ovt_buy_req"": ""0"", ""ovt_buy_req_pre"": ""0"", ""return_code"": 0, ""return_msg"": ""정상적으로 처리되었습니다""}"
2026-09-10,scan_candidate,009150,2026-09-10T09:33:22.703514,0,main_scan,1378000,1401000,1378000,1377000,1378000,1382000,0.007282293178509456,0.07256894049346879,630668000,104645868096000,867415258500,4.6084989106069685,-1.641684511063526,"{""bid_req_base_tm"": ""093324"", ""sel_10th_pre_req_pre"": ""0"", ""sel_10th_pre_req"": ""29"", ""sel_10th_pre_bid"": ""-1387000"", ""sel_9th_pre_req_pre"": ""0"", ""sel_9th_pre_req"": ""32"", ""sel_9th_pre_bid"": ""-1386000"", ""sel_8th_pre_req_pre"": ""0"", ""sel_8th_pre_req"": ""65"", ""sel_8th_pre_bid"": ""-1385000"", ""sel_7th_pre_req_pre"": ""0"", ""sel_7th_pre_req"": ""30"", ""sel_7th_pre_bid"": ""-1384000"", ""sel_6th_pre_req_pre"": ""0"", ""sel_6th_pre_req"": ""89"", ""sel_6th_pre_bid"": ""-1383000"", ""sel_5th_pre_req_pre"": ""0"", ""sel_5th_pre_req"": ""95"", ""sel_5th_pre_bid"": ""-1382000"", ""sel_4th_pre_req_pre"": ""0"", ""sel_4th_pre_req"": ""210"", ""sel_4th_pre_bid"": ""-1381000"", ""sel_3th_pre_req_pre"": ""0"", ""sel_3th_pre_req"": ""137"", ""sel_3th_pre_bid"": ""-1380000"", ""sel_2th_pre_req_pre"": ""0"", ""sel_2th_pre_req"": ""85"", ""sel_2th_pre_bid"": ""-1379000"", ""sel_1th_pre_req_pre"": ""0"", ""sel_fpr_req"": ""81"", ""sel_fpr_bid"": ""-1378000"", ""buy_fpr_bid"": ""-1377000"", ""buy_fpr_req"": ""624"", ""buy_1th_pre_req_pre"": ""0"", ""buy_2th_pre_bid"": ""-1376000"", ""buy_2th_pre_req"": ""1872"", ""buy_2th_pre_req_pre"": ""0"", ""buy_3th_pre_bid"": ""-1375000"", ""buy_3th_pre_req"": ""2154"", ""buy_3th_pre_req_pre"": ""0"", ""buy_4th_pre_bid"": ""-1374000"", ""buy_4th_pre_req"": ""751"", ""buy_4th_pre_req_pre"": ""0"", ""buy_5th_pre_bid"": ""-1373000"", ""buy_5th_pre_req"": ""534"", ""buy_5th_pre_req_pre"": ""0"", ""buy_6th_pre_bid"": ""-1372000"", ""buy_6th_pre_req"": ""875"", ""buy_6th_pre_req_pre"": ""0"", ""buy_7th_pre_bid"": ""-1371000"", ""buy_7th_pre_req"": ""1259"", ""buy_7th_pre_req_pre"": ""0"", ""buy_8th_pre_bid"": ""-1370000"", ""buy_8th_pre_req"": ""2757"", ""buy_8th_pre_req_pre"": ""0"", ""buy_9th_pre_bid"": ""-1369000"", ""buy_9th_pre_req"": ""479"", ""buy_9th_pre_req_pre"": ""0"", ""buy_10th_pre_bid"": ""-1368000"", ""buy_10th_pre_req"": ""1074"", ""buy_10th_pre_req_pre"": ""0"", ""tot_sel_req_jub_pre"": ""0"", ""tot_sel_req"": ""853"", ""tot_buy_req"": ""12379"", ""tot_buy_req_jub_pre"": ""0"", ""ovt_sel_req_pre"": ""0"", ""ovt_sel_req"": ""0"", ""ovt_buy_req"": ""0"", ""ovt_buy_req_pre"": ""0"", ""return_code"": 0, ""return_msg"": ""정상적으로 처리되었습니다""}"
2026-09-10,scan_candidate,373220,2026-09-10T09:33:22.703514,0,main_scan,373000,358500,373000,372500,373000,371500,-0.7451474530831161,0.13404825737265416,657319000,83889000000000,104653592250,4.6084989106069685,4.044630404463041,"{""bid_req_base_tm"": ""093324"", ""sel_10th_pre_req_pre"": ""0"", ""sel_10th_pre_req"": ""107"", ""sel_10th_pre_bid"": ""+377500"", ""sel_9th_pre_req_pre"": ""0"", ""sel_9th_pre_req"": ""267"", ""sel_9th_pre_bid"": ""+377000"", ""sel_8th_pre_req_pre"": ""0"", ""sel_8th_pre_req"": ""100"", ""sel_8th_pre_bid"": ""+376500"", ""sel_7th_pre_req_pre"": ""0"", ""sel_7th_pre_req"": ""5322"", ""sel_7th_pre_bid"": ""+376000"", ""sel_6th_pre_req_pre"": ""0"", ""sel_6th_pre_req"": ""798"", ""sel_6th_pre_bid"": ""+375500"", ""sel_5th_pre_req_pre"": ""0"", ""sel_5th_pre_req"": ""975"", ""sel_5th_pre_bid"": ""+375000"", ""sel_4th_pre_req_pre"": ""0"", ""sel_4th_pre_req"": ""506"", ""sel_4th_pre_bid"": ""+374500"", ""sel_3th_pre_req_pre"": ""0"", ""sel_3th_pre_req"": ""413"", ""sel_3th_pre_bid"": ""+374000"", ""sel_2th_pre_req_pre"": ""0"", ""sel_2th_pre_req"": ""107"", ""sel_2th_pre_bid"": ""+373500"", ""sel_1th_pre_req_pre"": ""0"", ""sel_fpr_req"": ""462"", ""sel_fpr_bid"": ""+373000"", ""buy_fpr_bid"": ""+372500"", ""buy_fpr_req"": ""64"", ""buy_1th_pre_req_pre"": ""0"", ""buy_2th_pre_bid"": ""+372000"", ""buy_2th_pre_req"": ""496"", ""buy_2th_pre_req_pre"": ""0"", ""buy_3th_pre_bid"": ""+371500"", ""buy_3th_pre_req"": ""677"", ""buy_3th_pre_req_pre"": ""0"", ""buy_4th_pre_bid"": ""371000"", ""buy_4th_pre_req"": ""476"", ""buy_4th_pre_req_pre"": ""0"", ""buy_5th_pre_bid"": ""-370500"", ""buy_5th_pre_req"": ""18"", ""buy_5th_pre_req_pre"": ""0"", ""buy_6th_pre_bid"": ""-370000"", ""buy_6th_pre_req"": ""104"", ""buy_6th_pre_req_pre"": ""0"", ""buy_7th_pre_bid"": ""-369500"", ""buy_7th_pre_req"": ""104"", ""buy_7th_pre_req_pre"": ""0"", ""buy_8th_pre_bid"": ""-369000"", ""buy_8th_pre_req"": ""39"", ""buy_8th_pre_req_pre"": ""0"", ""buy_9th_pre_bid"": ""-368500"", ""buy_9th_pre_req"": ""22"", ""buy_9th_pre_req_pre"": ""0"", ""buy_10th_pre_bid"": ""-368000"", ""buy_10th_pre_req"": ""117"", ""buy_10th_pre_req_pre"": ""0"", ""tot_sel_req_jub_pre"": ""0"", ""tot_sel_req"": ""9057"", ""tot_buy_req"": ""2117"", ""tot_buy_req_jub_pre"": ""0"", ""ovt_sel_req_pre"": ""0"", ""ovt_sel_req"": ""0"", ""ovt_buy_req"": ""0"", ""ovt_buy_req_pre"": ""0"", ""return_code"": 0, ""return_msg"": ""정상적으로 처리되었습니다""}"
2026-09-10,scan_candidate,005380,2026-09-10T09:33:22.703514,0,main_scan,388000,383500,388000,387500,388000,389000,-0.08138530927835651,0.12886597938144329,678776000,78524603261000,137972816750,4.6084989106069685,1.1734028683181226,"{""bid_req_base_tm"": ""093325"", ""sel_10th_pre_req_pre"": ""0"", ""sel_10th_pre_req"": ""2847"", ""sel_10th_pre_bid"": ""+392500"", ""sel_9th_pre_req_pre"": ""0"", ""sel_9th_pre_req"": ""1020"", ""sel_9th_pre_bid"": ""+392000"", ""sel_8th_pre_req_pre"": ""0"", ""sel_8th_pre_req"": ""1084"", ""sel_8th_pre_bid"": ""+391500"", ""sel_7th_pre_req_pre"": ""0"", ""sel_7th_pre_req"": ""395"", ""sel_7th_pre_bid"": ""+391000"", ""sel_6th_pre_req_pre"": ""0"", ""sel_6th_pre_req"": ""605"", ""sel_6th_pre_bid"": ""+390500"", ""sel_5th_pre_req_pre"": ""0"", ""sel_5th_pre_req"": ""541"", ""sel_5th_pre_bid"": ""+390000"", ""sel_4th_pre_req_pre"": ""0"", ""sel_4th_pre_req"": ""163"", ""sel_4th_pre_bid"": ""+389500"", ""sel_3th_pre_req_pre"": ""0"", ""sel_3th_pre_req"": ""135"", ""sel_3th_pre_bid"": ""+389000"", ""sel_2th_pre_req_pre"": ""0"", ""sel_2th_pre_req"": ""156"", ""sel_2th_pre_bid"": ""+388500"", ""sel_1th_pre_req_pre"": ""0"", ""sel_fpr_req"": ""1093"", ""sel_fpr_bid"": ""388000"", ""buy_fpr_bid"": ""-387500"", ""buy_fpr_req"": ""229"", ""buy_1th_pre_req_pre"": ""0"", ""buy_2th_pre_bid"": ""-387000"", ""buy_2th_pre_req"": ""461"", ""buy_2th_pre_req_pre"": ""0"", ""buy_3th_pre_bid"": ""-386500"", ""buy_3th_pre_req"": ""2046"", ""buy_3th_pre_req_pre"": ""0"", ""buy_4th_pre_bid"": ""-386000"", ""buy_4th_pre_req"": ""941"", ""buy_4th_pre_req_pre"": ""0"", ""buy_5th_pre_bid"": ""-385500"", ""buy_5th_pre_req"": ""716"", ""buy_5th_pre_req_pre"": ""0"", ""buy_6th_pre_bid"": ""-385000"", ""buy_6th_pre_req"": ""1417"", ""buy_6th_pre_req_pre"": ""0"", ""buy_7th_pre_bid"": ""-384500"", ""buy_7th_pre_req"": ""867"", ""buy_7th_pre_req_pre"": ""0"", ""buy_8th_pre_bid"": ""-384000"", ""buy_8th_pre_req"": ""976"", ""buy_8th_pre_req_pre"": ""0"", ""buy_9th_pre_bid"": ""-383500"", ""buy_9th_pre_req"": ""409"", ""buy_9th_pre_req_pre"": ""0"", ""buy_10th_pre_bid"": ""-383000"", ""buy_10th_pre_req"": ""1104"", ""buy_10th_pre_req_pre"": ""+15"", ""tot_sel_req_jub_pre"": ""0"", ""tot_sel_req"": ""8039"", ""tot_buy_req"": ""9166"", ""tot_buy_req_jub_pre"": ""+15"", ""ovt_sel_req_pre"": ""0"", ""ovt_sel_req"": ""0"", ""ovt_buy_req"": ""0"", ""ovt_buy_req_pre"": ""0"", ""return_code"": 0, ""return_msg"": ""정상적으로 처리되었습니다""}"
2026-09-10,scan_candidate,207940,2026-09-10T09:33:22.703514,0,main_scan,1434000,1447000,1434000,1433000,1434000,1439000,0.0683960948395965,0.0697350069735007,328474000,66983006097000,65855449500,4.6084989106069685,-0.8984105044920525,"{""bid_req_base_tm"": ""093320"", ""sel_10th_pre_req_pre"": ""0"", ""sel_10th_pre_req"": ""6"", ""sel_10th_pre_bid"": ""-1447000"", ""sel_9th_pre_req_pre"": ""0"", ""sel_9th_pre_req"": ""55"", ""sel_9th_pre_bid"": ""-1446000"", ""sel_8th_pre_req_pre"": ""0"", ""sel_8th_pre_req"": ""3"", ""sel_8th_pre_bid"": ""-1445000"", ""sel_7th_pre_req_pre"": ""0"", ""sel_7th_pre_req"": ""6"", ""sel_7th_pre_bid"": ""-1442000"", ""sel_6th_pre_req_pre"": ""0"", ""sel_6th_pre_req"": ""10"", ""sel_6th_pre_bid"": ""-1441000"", ""sel_5th_pre_req_pre"": ""0"", ""sel_5th_pre_req"": ""4"", ""sel_5th_pre_bid"": ""-1440000"", ""sel_4th_pre_req_pre"": ""0"", ""sel_4th_pre_req"": ""1"", ""sel_4th_pre_bid"": ""-1438000"", ""sel_3th_pre_req_pre"": ""0"", ""sel_3th_pre_req"": ""2"", ""sel_3th_pre_bid"": ""-1436000"", ""sel_2th_pre_req_pre"": ""0"", ""sel_2th_pre_req"": ""77"", ""sel_2th_pre_bid"": ""-1435000"", ""sel_1th_pre_req_pre"": ""0"", ""sel_fpr_req"": ""156"", ""sel_fpr_bid"": ""-1434000"", ""buy_fpr_bid"": ""-1433000"", ""buy_fpr_req"": ""159"", ""buy_1th_pre_req_pre"": ""0"", ""buy_2th_pre_bid"": ""-1432000"", ""buy_2th_pre_req"": ""162"", ""buy_2th_pre_req_pre"": ""0"", ""buy_3th_pre_bid"": ""-1431000"", ""buy_3th_pre_req"": ""120"", ""buy_3th_pre_req_pre"": ""0"", ""buy_4th_pre_bid"": ""-1430000"", ""buy_4th_pre_req"": ""296"", ""buy_4th_pre_req_pre"": ""+1"", ""buy_5th_pre_bid"": ""-1429000"", ""buy_5th_pre_req"": ""43"", ""buy_5th_pre_req_pre"": ""0"", ""buy_6th_pre_bid"": ""-1428000"", ""buy_6th_pre_req"": ""73"", ""buy_6th_pre_req_pre"": ""0"", ""buy_7th_pre_bid"": ""-1427000"", ""buy_7th_pre_req"": ""18"", ""buy_7th_pre_req_pre"": ""0"", ""buy_8th_pre_bid"": ""-1426000"", ""buy_8th_pre_req"": ""46"", ""buy_8th_pre_req_pre"": ""0"", ""buy_9th_pre_bid"": ""-1425000"", ""buy_9th_pre_req"": ""88"", ""buy_9th_pre_req_pre"": ""0"", ""buy_10th_pre_bid"": ""-1424000"", ""buy_10th_pre_req"": ""7"", ""buy_10th_pre_req_pre"": ""0"", ""tot_sel_req_jub_pre"": ""0"", ""tot_sel_req"": ""320"", ""tot_buy_req"": ""1012"", ""tot_buy_req_jub_pre"": ""+1"", ""ovt_sel_req_pre"": ""0"", ""ovt_sel_req"": ""0"", ""ovt_buy_req"": ""0"", ""ovt_buy_req_pre"": ""0"", ""return_code"": 0, ""return_msg"": ""정상적으로 처리되었습니다""}"
2026-09-10,scan_candidate,105560,2026-09-10T09:33:22.703514,0,main_scan,173700,172000,173700,173600,173700,173500,-0.6122078295912653,0.05757052389176742,382128600,61006290248000,232543894644,4.6084989106069685,0.9883720930232558,"{""bid_req_base_tm"": ""093324"", ""sel_10th_pre_req_pre"": ""0"", ""sel_10th_pre_req"": ""1470"", ""sel_10th_pre_bid"": ""+174600"", ""sel_9th_pre_req_pre"": ""0"", ""sel_9th_pre_req"": ""990"", ""sel_9th_pre_bid"": ""+174500"", ""sel_8th_pre_req_pre"": ""0"", ""sel_8th_pre_req"": ""541"", ""sel_8th_pre_bid"": ""+174400"", ""sel_7th_pre_req_pre"": ""0"", ""sel_7th_pre_req"": ""844"", ""sel_7th_pre_bid"": ""+174300"", ""sel_6th_pre_req_pre"": ""0"", ""sel_6th_pre_req"": ""190"", ""sel_6th_pre_bid"": ""+174200"", ""sel_5th_pre_req_pre"": ""0"", ""sel_5th_pre_req"": ""1271"", ""sel_5th_pre_bid"": ""+174100"", ""sel_4th_pre_req_pre"": ""0"", ""sel_4th_pre_req"": ""590"", ""sel_4th_pre_bid"": ""+174000"", ""sel_3th_pre_req_pre"": ""0"", ""sel_3th_pre_req"": ""271"", ""sel_3th_pre_bid"": ""+173900"", ""sel_2th_pre_req_pre"": ""--12"", ""sel_2th_pre_req"": ""756"", ""sel_2th_pre_bid"": ""+173800"", ""sel_1th_pre_req_pre"": ""+1"", ""sel_fpr_req"": ""215"", ""sel_fpr_bid"": ""+173700"", ""buy_fpr_bid"": ""+173600"", ""buy_fpr_req"": ""1513"", ""buy_1th_pre_req_pre"": ""0"", ""buy_2th_pre_bid"": ""+173500"", ""buy_2th_pre_req"": ""979"", ""buy_2th_pre_req_pre"": ""0"", ""buy_3th_pre_bid"": ""+173400"", ""buy_3th_pre_req"": ""361"", ""buy_3th_pre_req_pre"": ""0"", ""buy_4th_pre_bid"": ""+173300"", ""buy_4th_pre_req"": ""38"", ""buy_4th_pre_req_pre"": ""0"", ""buy_5th_pre_bid"": ""+173200"", ""buy_5th_pre_req"": ""502"", ""buy_5th_pre_req_pre"": ""0"", ""buy_6th_pre_bid"": ""+173100"", ""buy_6th_pre_req"": ""875"", ""buy_6th_pre_req_pre"": ""0"", ""buy_7th_pre_bid"": ""+173000"", ""buy_7th_pre_req"": ""60"", ""buy_7th_pre_req_pre"": ""0"", ""buy_8th_pre_bid"": ""+172900"", ""buy_8th_pre_req"": ""17"", ""buy_8th_pre_req_pre"": ""0"", ""buy_9th_pre_bid"": ""+172800"", ""buy_9th_pre_req"": ""129"", ""buy_9th_pre_req_pre"": ""0"", ""buy_10th_pre_bid"": ""+172700"", ""buy_10th_pre_req"": ""20"", ""buy_10th_pre_req_pre"": ""0"", ""tot_sel_req_jub_pre"": ""--11"", ""tot_sel_req"": ""7138"", ""tot_buy_req"": ""4494"", ""tot_buy_req_jub_pre"": ""0"", ""ovt_sel_req_pre"": ""0"", ""ovt_sel_req"": ""0"", ""ovt_buy_req"": ""0"", ""ovt_buy_req_pre"": ""0"", ""return_code"": 0, ""return_msg"": ""정상적으로 처리되었습니다""}"
2026-09-10,scan_candidate,028260,2026-09-10T09:33:22.703514,0,main_scan,373000,367000,373000,372500,373000,375000,0.19136058981232307,0.13404825737265416,160134000,59515502227000,143670487250,4.6084989106069685,1.6348773841961852,"{""bid_req_base_tm"": ""093325"", ""sel_10th_pre_req_pre"": ""0"", ""sel_10th_pre_req"": ""135"", ""sel_10th_pre_bid"": ""+378500"", ""sel_9th_pre_req_pre"": ""0"", ""sel_9th_pre_req"": ""103"", ""sel_9th_pre_bid"": ""+378000"", ""sel_8th_pre_req_pre"": ""0"", ""sel_8th_pre_req"": ""59"", ""sel_8th_pre_bid"": ""+377500"", ""sel_7th_pre_req_pre"": ""0"", ""sel_7th_pre_req"": ""19"", ""sel_7th_pre_bid"": ""+377000"", ""sel_6th_pre_req_pre"": ""0"", ""sel_6th_pre_req"": ""50"", ""sel_6th_pre_bid"": ""376000"", ""sel_5th_pre_req_pre"": ""0"", ""sel_5th_pre_req"": ""40"", ""sel_5th_pre_bid"": ""-375500"", ""sel_4th_pre_req_pre"": ""0"", ""sel_4th_pre_req"": ""21"", ""sel_4th_pre_bid"": ""-375000"", ""sel_3th_pre_req_pre"": ""0"", ""sel_3th_pre_req"": ""28"", ""sel_3th_pre_bid"": ""-374000"", ""sel_2th_pre_req_pre"": ""0"", ""sel_2th_pre_req"": ""27"", ""sel_2th_pre_bid"": ""-373500"", ""sel_1th_pre_req_pre"": ""--1"", ""sel_fpr_req"": ""347"", ""sel_fpr_bid"": ""-373000"", ""buy_fpr_bid"": ""-372500"", ""buy_fpr_req"": ""200"", ""buy_1th_pre_req_pre"": ""0"", ""buy_2th_pre_bid"": ""-372000"", ""buy_2th_pre_req"": ""358"", ""buy_2th_pre_req_pre"": ""--1"", ""buy_3th_pre_bid"": ""-371500"", ""buy_3th_pre_req"": ""307"", ""buy_3th_pre_req_pre"": ""0"", ""buy_4th_pre_bid"": ""-371000"", ""buy_4th_pre_req"": ""467"", ""buy_4th_pre_req_pre"": ""0"", ""buy_5th_pre_bid"": ""-370500"", ""buy_5th_pre_req"": ""139"", ""buy_5th_pre_req_pre"": ""0"", ""buy_6th_pre_bid"": ""-370000"", ""buy_6th_pre_req"": ""1257"", ""buy_6th_pre_req_pre"": ""0"", ""buy_7th_pre_bid"": ""-369500"", ""buy_7th_pre_req"": ""299"", ""buy_7th_pre_req_pre"": ""0"", ""buy_8th_pre_bid"": ""-369000"", ""buy_8th_pre_req"": ""482"", ""buy_8th_pre_req_pre"": ""0"", ""buy_9th_pre_bid"": ""-368500"", ""buy_9th_pre_req"": ""80"", ""buy_9th_pre_req_pre"": ""0"", ""buy_10th_pre_bid"": ""-368000"", ""buy_10th_pre_req"": ""375"", ""buy_10th_pre_req_pre"": ""0"", ""tot_sel_req_jub_pre"": ""--1"", ""tot_sel_req"": ""829"", ""tot_buy_req"": ""3964"", ""tot_buy_req_jub_pre"": ""--1"", ""ovt_sel_req_pre"": ""0"", ""ovt_sel_req"": ""0"", ""ovt_buy_req"": ""0"", ""ovt_buy_req_pre"": ""0"", ""return_code"": 0, ""return_msg"": ""정상적으로 처리되었습니다""}"
2026-09-10,scan_candidate,032830,2026-09-10T09:33:22.703514,0,main_scan,307500,297500,307500,307000,307500,306500,-0.6968536585365891,0.16260162601626016,193419500,59500000000000,87219853000,4.6084989106069685,3.361344537815126,"{""bid_req_base_tm"": ""093322"", ""sel_10th_pre_req_pre"": ""0"", ""sel_10th_pre_req"": ""498"", ""sel_10th_pre_bid"": ""+312000"", ""sel_9th_pre_req_pre"": ""0"", ""sel_9th_pre_req"": ""450"", ""sel_9th_pre_bid"": ""+311500"", ""sel_8th_pre_req_pre"": ""0"", ""sel_8th_pre_req"": ""1222"", ""sel_8th_pre_bid"": ""+311000"", ""sel_7th_pre_req_pre"": ""0"", ""sel_7th_pre_req"": ""155"", ""sel_7th_pre_bid"": ""+310500"", ""sel_6th_pre_req_pre"": ""0"", ""sel_6th_pre_req"": ""351"", ""sel_6th_pre_bid"": ""+310000"", ""sel_5th_pre_req_pre"": ""0"", ""sel_5th_pre_req"": ""236"", ""sel_5th_pre_bid"": ""+309500"", ""sel_4th_pre_req_pre"": ""0"", ""sel_4th_pre_req"": ""90"", ""sel_4th_pre_bid"": ""+309000"", ""sel_3th_pre_req_pre"": ""0"", ""sel_3th_pre_req"": ""232"", ""sel_3th_pre_bid"": ""+308500"", ""sel_2th_pre_req_pre"": ""0"", ""sel_2th_pre_req"": ""191"", ""sel_2th_pre_bid"": ""+308000"", ""sel_1th_pre_req_pre"": ""+8"", ""sel_fpr_req"": ""86"", ""sel_fpr_bid"": ""+307500"", ""buy_fpr_bid"": ""+307000"", ""buy_fpr_req"": ""61"", ""buy_1th_pre_req_pre"": ""0"", ""buy_2th_pre_bid"": ""+306500"", ""buy_2th_pre_req"": ""476"", ""buy_2th_pre_req_pre"": ""0"", ""buy_3th_pre_bid"": ""+306000"", ""buy_3th_pre_req"": ""173"", ""buy_3th_pre_req_pre"": ""0"", ""buy_4th_pre_bid"": ""+305500"", ""buy_4th_pre_req"": ""212"", ""buy_4th_pre_req_pre"": ""0"", ""buy_5th_pre_bid"": ""+305000"", ""buy_5th_pre_req"": ""179"", ""buy_5th_pre_req_pre"": ""0"", ""buy_6th_pre_bid"": ""+304500"", ""buy_6th_pre_req"": ""84"", ""buy_6th_pre_req_pre"": ""0"", ""buy_7th_pre_bid"": ""+304000"", ""buy_7th_pre_req"": ""49"", ""buy_7th_pre_req_pre"": ""0"", ""buy_8th_pre_bid"": ""303500"", ""buy_8th_pre_req"": ""134"", ""buy_8th_pre_req_pre"": ""0"", ""buy_9th_pre_bid"": ""-303000"", ""buy_9th_pre_req"": ""371"", ""buy_9th_pre_req_pre"": ""0"", ""buy_10th_pre_bid"": ""-302500"", ""buy_10th_pre_req"": ""184"", ""buy_10th_pre_req_pre"": ""0"", ""tot_sel_req_jub_pre"": ""+8"", ""tot_sel_req"": ""3511"", ""tot_buy_req"": ""1923"", ""tot_buy_req_jub_pre"": ""0"", ""ovt_sel_req_pre"": ""0"", ""ovt_sel_req"": ""0"", ""ovt_buy_req"": ""0"", ""ovt_buy_req_pre"": ""0"", ""return_code"": 0, ""return_msg"": ""정상적으로 처리되었습니다""}"
2026-09-10,scan_candidate,012450,2026-09-10T09:33:22.703514,0,main_scan,1049000,1055000,1049000,1048000,1049000,1052000,-0.01971401334604829,0.09532888465204957,162733000,54399388055000,65429784500,4.6084989106069685,-0.5687203791469194,"{""bid_req_base_tm"": ""093324"", ""sel_10th_pre_req_pre"": ""0"", ""sel_10th_pre_req"": ""49"", ""sel_10th_pre_bid"": ""+1058000"", ""sel_9th_pre_req_pre"": ""0"", ""sel_9th_pre_req"": ""59"", ""sel_9th_pre_bid"": ""+1057000"", ""sel_8th_pre_req_pre"": ""0"", ""sel_8th_pre_req"": ""4"", ""sel_8th_pre_bid"": ""+1056000"", ""sel_7th_pre_req_pre"": ""0"", ""sel_7th_pre_req"": ""9"", ""sel_7th_pre_bid"": ""+1055000"", ""sel_6th_pre_req_pre"": ""0"", ""sel_6th_pre_req"": ""8"", ""sel_6th_pre_bid"": ""+1054000"", ""sel_5th_pre_req_pre"": ""0"", ""sel_5th_pre_req"": ""10"", ""sel_5th_pre_bid"": ""+1053000"", ""sel_4th_pre_req_pre"": ""0"", ""sel_4th_pre_req"": ""33"", ""sel_4th_pre_bid"": ""+1052000"", ""sel_3th_pre_req_pre"": ""0"", ""sel_3th_pre_req"": ""5"", ""sel_3th_pre_bid"": ""+1051000"", ""sel_2th_pre_req_pre"": ""0"", ""sel_2th_pre_req"": ""45"", ""sel_2th_pre_bid"": ""+1050000"", ""sel_1th_pre_req_pre"": ""0"", ""sel_fpr_req"": ""83"", ""sel_fpr_bid"": ""+1049000"", ""buy_fpr_bid"": ""+1048000"", ""buy_fpr_req"": ""83"", ""buy_1th_pre_req_pre"": ""--20"", ""buy_2th_pre_bid"": ""1047000"", ""buy_2th_pre_req"": ""88"", ""buy_2th_pre_req_pre"": ""0"", ""buy_3th_pre_bid"": ""-1046000"", ""buy_3th_pre_req"": ""50"", ""buy_3th_pre_req_pre"": ""0"", ""buy_4th_pre_bid"": ""-1045000"", ""buy_4th_pre_req"": ""45"", ""buy_4th_pre_req_pre"": ""0"", ""buy_5th_pre_bid"": ""-1044000"", ""buy_5th_pre_req"": ""151"", ""buy_5th_pre_req_pre"": ""0"", ""buy_6th_pre_bid"": ""-1043000"", ""buy_6th_pre_req"": ""83"", ""buy_6th_pre_req_pre"": ""0"", ""buy_7th_pre_bid"": ""-1042000"", ""buy_7th_pre_req"": ""101"", ""buy_7th_pre_req_pre"": ""0"", ""buy_8th_pre_bid"": ""-1041000"", ""buy_8th_pre_req"": ""131"", ""buy_8th_pre_req_pre"": ""0"", ""buy_9th_pre_bid"": ""-1040000"", ""buy_9th_pre_req"": ""277"", ""buy_9th_pre_req_pre"": ""0"", ""buy_10th_pre_bid"": ""-1039000"", ""buy_10th_pre_req"": ""72"", ""buy_10th_pre_req_pre"": ""0"", ""tot_sel_req_jub_pre"": ""0"", ""tot_sel_req"": ""305"", ""tot_buy_req"": ""1081"", ""tot_buy_req_jub_pre"": ""--20"", ""ovt_sel_req_pre"": ""0"", ""ovt_sel_req"": ""0"", ""ovt_buy_req"": ""0"", ""ovt_buy_req_pre"": ""0"", ""return_code"": 0, ""return_msg"": ""정상적으로 처리되었습니다""}"
2026-09-10,scan_candidate,055550,2026-09-10T09:33:22.703514,0,main_scan,111500,110300,111500,111400,111500,111000,-1.1051121076233288,0.08968609865470852,312229000,51780361361700,124404868750,4.6084989106069685,1.087941976427924,"{""bid_req_base_tm"": ""093325"", ""sel_10th_pre_req_pre"": ""0"", ""sel_10th_pre_req"": ""451"", ""sel_10th_pre_bid"": ""+112400"", ""sel_9th_pre_req_pre"": ""0"", ""sel_9th_pre_req"": ""243"", ""sel_9th_pre_bid"": ""+112300"", ""sel_8th_pre_req_pre"": ""0"", ""sel_8th_pre_req"": ""2635"", ""sel_8th_pre_bid"": ""+112200"", ""sel_7th_pre_req_pre"": ""0"", ""sel_7th_pre_req"": ""480"", ""sel_7th_pre_bid"": ""+112100"", ""sel_6th_pre_req_pre"": ""0"", ""sel_6th_pre_req"": ""5837"", ""sel_6th_pre_bid"": ""+112000"", ""sel_5th_pre_req_pre"": ""0"", ""sel_5th_pre_req"": ""619"", ""sel_5th_pre_bid"": ""+111900"", ""sel_4th_pre_req_pre"": ""0"", ""sel_4th_pre_req"": ""231"", ""sel_4th_pre_bid"": ""+111800"", ""sel_3th_pre_req_pre"": ""0"", ""sel_3th_pre_req"": ""205"", ""sel_3th_pre_bid"": ""+111700"", ""sel_2th_pre_req_pre"": ""0"", ""sel_2th_pre_req"": ""410"", ""sel_2th_pre_bid"": ""+111600"", ""sel_1th_pre_req_pre"": ""0"", ""sel_fpr_req"": ""1777"", ""sel_fpr_bid"": ""+111500"", ""buy_fpr_bid"": ""+111400"", ""buy_fpr_req"": ""748"", ""buy_1th_pre_req_pre"": ""+19"", ""buy_2th_pre_bid"": ""+111300"", ""buy_2th_pre_req"": ""383"", ""buy_2th_pre_req_pre"": ""0"", ""buy_3th_pre_bid"": ""+111200"", ""buy_3th_pre_req"": ""598"", ""buy_3th_pre_req_pre"": ""0"", ""buy_4th_pre_bid"": ""+111100"", ""buy_4th_pre_req"": ""842"", ""buy_4th_pre_req_pre"": ""0"", ""buy_5th_pre_bid"": ""+111000"", ""buy_5th_pre_req"": ""96"", ""buy_5th_pre_req_pre"": ""0"", ""buy_6th_pre_bid"": ""+110900"", ""buy_6th_pre_req"": ""3"", ""buy_6th_pre_req_pre"": ""0"", ""buy_7th_pre_bid"": ""+110800"", ""buy_7th_pre_req"": ""603"", ""buy_7th_pre_req_pre"": ""0"", ""buy_8th_pre_bid"": ""+110700"", ""buy_8th_pre_req"": ""466"", ""buy_8th_pre_req_pre"": ""0"", ""buy_9th_pre_bid"": ""110600"", ""buy_9th_pre_req"": ""228"", ""buy_9th_pre_req_pre"": ""0"", ""buy_10th_pre_bid"": ""-110500"", ""buy_10th_pre_req"": ""245"", ""buy_10th_pre_req_pre"": ""0"", ""tot_sel_req_jub_pre"": ""0"", ""tot_sel_req"": ""12888"", ""tot_buy_req"": ""4212"", ""tot_buy_req_jub_pre"": ""+19"", ""ovt_sel_req_pre"": ""0"", ""ovt_sel_req"": ""0"", ""ovt_buy_req"": ""0"", ""ovt_buy_req_pre"": ""0"", ""return_code"": 0, ""return_msg"": ""정상적으로 처리되었습니다""}"
2026-09-10,scan_candidate,034020,2026-09-10T09:33:22.703514,0,main_scan,89500,79200,89500,89400,89500,89800,0.013027932960897758,0.11173184357541899,360561300,50732442763200,117317996250,4.6084989106069685,13.005050505050505,"{""bid_req_base_tm"": ""093326"", ""sel_10th_pre_req_pre"": ""0"", ""sel_10th_pre_req"": ""1630"", ""sel_10th_pre_bid"": ""-90400"", ""sel_9th_pre_req_pre"": ""0"", ""sel_9th_pre_req"": ""1312"", ""sel_9th_pre_bid"": ""-90300"", ""sel_8th_pre_req_pre"": ""0"", ""sel_8th_pre_req"": ""520"", ""sel_8th_pre_bid"": ""-90200"", ""sel_7th_pre_req_pre"": ""0"", ""sel_7th_pre_req"": ""622"", ""sel_7th_pre_bid"": ""-90100"", ""sel_6th_pre_req_pre"": ""0"", ""sel_6th_pre_req"": ""3290"", ""sel_6th_pre_bid"": ""-90000"", ""sel_5th_pre_req_pre"": ""0"", ""sel_5th_pre_req"": ""1078"", ""sel_5th_pre_bid"": ""-89900"", ""sel_4th_pre_req_pre"": ""0"", ""sel_4th_pre_req"": ""425"", ""sel_4th_pre_bid"": ""-89800"", ""sel_3th_pre_req_pre"": ""0"", ""sel_3th_pre_req"": ""711"", ""sel_3th_pre_bid"": ""-89700"", ""sel_2th_pre_req_pre"": ""0"", ""sel_2th_pre_req"": ""762"", ""sel_2th_pre_bid"": ""-89600"", ""sel_1th_pre_req_pre"": ""0"", ""sel_fpr_req"": ""1911"", ""sel_fpr_bid"": ""-89500"", ""buy_fpr_bid"": ""-89400"", ""buy_fpr_req"": ""488"", ""buy_1th_pre_req_pre"": ""+21"", ""buy_2th_pre_bid"": ""-89300"", ""buy_2th_pre_req"": ""2160"", ""buy_2th_pre_req_pre"": ""0"", ""buy_3th_pre_bid"": ""-89200"", ""buy_3th_pre_req"": ""5541"", ""buy_3th_pre_req_pre"": ""0"", ""buy_4th_pre_bid"": ""-89100"", ""buy_4th_pre_req"": ""4705"", ""buy_4th_pre_req_pre"": ""0"", ""buy_5th_pre_bid"": ""-89000"", ""buy_5th_pre_req"": ""5941"", ""buy_5th_pre_req_pre"": ""0"", ""buy_6th_pre_bid"": ""-88900"", ""buy_6th_pre_req"": ""2688"", ""buy_6th_pre_req_pre"": ""0"", ""buy_7th_pre_bid"": ""-88800"", ""buy_7th_pre_req"": ""2481"", ""buy_7th_pre_req_pre"": ""0"", ""buy_8th_pre_bid"": ""-88700"", ""buy_8th_pre_req"": ""4046"", ""buy_8th_pre_req_pre"": ""0"", ""buy_9th_pre_bid"": ""-88600"", ""buy_9th_pre_req"": ""4046"", ""buy_9th_pre_req_pre"": ""0"", ""buy_10th_pre_bid"": ""-88500"", ""buy_10th_pre_req"": ""15011"", ""buy_10th_pre_req_pre"": ""0"", ""tot_sel_req_jub_pre"": ""0"", ""tot_sel_req"": ""12261"", ""tot_buy_req"": ""47107"", ""tot_buy_req_jub_pre"": ""+21"", ""ovt_sel_req_pre"": ""0"", ""ovt_sel_req"": ""0"", ""ovt_buy_req"": ""0"", ""ovt_buy_req_pre"": ""0"", ""return_code"": 0, ""return_msg"": ""정상적으로 처리되었습니다""}"
2026-09-10,scan_candidate,000270,2026-09-10T09:33:22.703514,0,main_scan,126900,126500,126900,126800,126900,126500,-0.9178368794326361,0.07880220646178093,208104700,49387244247000,124480272525,4.6084989106069685,0.31620553359683795,"{""bid_req_base_tm"": ""093326"", ""sel_10th_pre_req_pre"": ""0"", ""sel_10th_pre_req"": ""259"", ""sel_10th_pre_bid"": ""+127800"", ""sel_9th_pre_req_pre"": ""0"", ""sel_9th_pre_req"": ""601"", ""sel_9th_pre_bid"": ""+127700"", ""sel_8th_pre_req_pre"": ""0"", ""sel_8th_pre_req"": ""916"", ""sel_8th_pre_bid"": ""+127600"", ""sel_7th_pre_req_pre"": ""0"", ""sel_7th_pre_req"": ""1328"", ""sel_7th_pre_bid"": ""+127500"", ""sel_6th_pre_req_pre"": ""0"", ""sel_6th_pre_req"": ""578"", ""sel_6th_pre_bid"": ""+127400"", ""sel_5th_pre_req_pre"": ""0"", ""sel_5th_pre_req"": ""525"", ""sel_5th_pre_bid"": ""+127300"", ""sel_4th_pre_req_pre"": ""0"", ""sel_4th_pre_req"": ""283"", ""sel_4th_pre_bid"": ""+127200"", ""sel_3th_pre_req_pre"": ""0"", ""sel_3th_pre_req"": ""338"", ""sel_3th_pre_bid"": ""+127100"", ""sel_2th_pre_req_pre"": ""0"", ""sel_2th_pre_req"": ""185"", ""sel_2th_pre_bid"": ""+127000"", ""sel_1th_pre_req_pre"": ""+87"", ""sel_fpr_req"": ""730"", ""sel_fpr_bid"": ""+126900"", ""buy_fpr_bid"": ""126800"", ""buy_fpr_req"": ""509"", ""buy_1th_pre_req_pre"": ""0"", ""buy_2th_pre_bid"": ""-126700"", ""buy_2th_pre_req"": ""887"", ""buy_2th_pre_req_pre"": ""0"", ""buy_3th_pre_bid"": ""-126600"", ""buy_3th_pre_req"": ""477"", ""buy_3th_pre_req_pre"": ""0"", ""buy_4th_pre_bid"": ""-126500"", ""buy_4th_pre_req"": ""243"", ""buy_4th_pre_req_pre"": ""0"", ""buy_5th_pre_bid"": ""-126400"", ""buy_5th_pre_req"": ""77"", ""buy_5th_pre_req_pre"": ""0"", ""buy_6th_pre_bid"": ""-126300"", ""buy_6th_pre_req"": ""60"", ""buy_6th_pre_req_pre"": ""0"", ""buy_7th_pre_bid"": ""-126200"", ""buy_7th_pre_req"": ""27"", ""buy_7th_pre_req_pre"": ""0"", ""buy_8th_pre_bid"": ""-126100"", ""buy_8th_pre_req"": ""767"", ""buy_8th_pre_req_pre"": ""0"", ""buy_9th_pre_bid"": ""-126000"", ""buy_9th_pre_req"": ""406"", ""buy_9th_pre_req_pre"": ""0"", ""buy_10th_pre_bid"": ""-125900"", ""buy_10th_pre_req"": ""83"", ""buy_10th_pre_req_pre"": ""0"", ""tot_sel_req_jub_pre"": ""+87"", ""tot_sel_req"": ""5743"", ""tot_buy_req"": ""3536"", ""tot_buy_req_jub_pre"": ""0"", ""ovt_sel_req_pre"": ""0"", ""ovt_sel_req"": ""0"", ""ovt_buy_req"": ""0"", ""ovt_buy_req_pre"": ""0"", ""return_code"": 0, ""return_msg"": ""정상적으로 처리되었습니다""}"
2026-09-10,scan_candidate,329180,2026-09-10T09:33:22.703514,0,main_scan,463500,436500,463500,463000,463500,461000,-0.8559870550161812,0.10787486515641855,751199500,45815574712500,80757764000,4.6084989106069685,6.185567010309279,"{""bid_req_base_tm"": ""093327"", ""sel_10th_pre_req_pre"": ""0"", ""sel_10th_pre_req"": ""193"", ""sel_10th_pre_bid"": ""+468000"", ""sel_9th_pre_req_pre"": ""0"", ""sel_9th_pre_req"": ""81"", ""sel_9th_pre_bid"": ""+467500"", ""sel_8th_pre_req_pre"": ""0"", ""sel_8th_pre_req"": ""42"", ""sel_8th_pre_bid"": ""+467000"", ""sel_7th_pre_req_pre"": ""0"", ""sel_7th_pre_req"": ""6"", ""sel_7th_pre_bid"": ""+466500"", ""sel_6th_pre_req_pre"": ""0"", ""sel_6th_pre_req"": ""9"", ""sel_6th_pre_bid"": ""+466000"", ""sel_5th_pre_req_pre"": ""0"", ""sel_5th_pre_req"": ""429"", ""sel_5th_pre_bid"": ""+465500"", ""sel_4th_pre_req_pre"": ""0"", ""sel_4th_pre_req"": ""370"", ""sel_4th_pre_bid"": ""+465000"", ""sel_3th_pre_req_pre"": ""0"", ""sel_3th_pre_req"": ""204"", ""sel_3th_pre_bid"": ""+464500"", ""sel_2th_pre_req_pre"": ""0"", ""sel_2th_pre_req"": ""565"", ""sel_2th_pre_bid"": ""+464000"", ""sel_1th_pre_req_pre"": ""0"", ""sel_fpr_req"": ""472"", ""sel_fpr_bid"": ""463500"", ""buy_fpr_bid"": ""-463000"", ""buy_fpr_req"": ""399"", ""buy_1th_pre_req_pre"": ""+14"", ""buy_2th_pre_bid"": ""-462500"", ""buy_2th_pre_req"": ""86"", ""buy_2th_pre_req_pre"": ""0"", ""buy_3th_pre_bid"": ""-462000"", ""buy_3th_pre_req"": ""195"", ""buy_3th_pre_req_pre"": ""0"", ""buy_4th_pre_bid"": ""-461500"", ""buy_4th_pre_req"": ""30"", ""buy_4th_pre_req_pre"": ""0"", ""buy_5th_pre_bid"": ""-461000"", ""buy_5th_pre_req"": ""89"", ""buy_5th_pre_req_pre"": ""0"", ""buy_6th_pre_bid"": ""-460500"", ""buy_6th_pre_req"": ""22"", ""buy_6th_pre_req_pre"": ""0"", ""buy_7th_pre_bid"": ""-460000"", ""buy_7th_pre_req"": ""47"", ""buy_7th_pre_req_pre"": ""0"", ""buy_8th_pre_bid"": ""-459500"", ""buy_8th_pre_req"": ""14"", ""buy_8th_pre_req_pre"": ""0"", ""buy_9th_pre_bid"": ""-459000"", ""buy_9th_pre_req"": ""9"", ""buy_9th_pre_req_pre"": ""0"", ""buy_10th_pre_bid"": ""-458500"", ""buy_10th_pre_req"": ""3"", ""buy_10th_pre_req_pre"": ""0"", ""tot_sel_req_jub_pre"": ""0"", ""tot_sel_req"": ""2371"", ""tot_buy_req"": ""894"", ""tot_buy_req_jub_pre"": ""+14"", ""ovt_sel_req_pre"": ""0"", ""ovt_sel_req"": ""0"", ""ovt_buy_req"": ""0"", ""ovt_buy_req_pre"": ""0"", ""return_code"": 0, ""return_msg"": ""정상적으로 처리되었습니다""}"
2026-09-10,scan_candidate,006400,2026-09-10T09:33:22.703514,0,main_scan,565000,548000,565000,564000,565000,568000,0.14329203539822596,0.17699115044247787,371317000,44160870440000,142089869000,4.6084989106069685,3.102189781021898,"{""bid_req_base_tm"": ""093327"", ""sel_10th_pre_req_pre"": ""0"", ""sel_10th_pre_req"": ""1545"", ""sel_10th_pre_bid"": ""574000"", ""sel_9th_pre_req_pre"": ""0"", ""sel_9th_pre_req"": ""1126"", ""sel_9th_pre_bid"": ""-573000"", ""sel_8th_pre_req_pre"": ""0"", ""sel_8th_pre_req"": ""1124"", ""sel_8th_pre_bid"": ""-572000"", ""sel_7th_pre_req_pre"": ""0"", ""sel_7th_pre_req"": ""539"", ""sel_7th_pre_bid"": ""-571000"", ""sel_6th_pre_req_pre"": ""0"", ""sel_6th_pre_req"": ""615"", ""sel_6th_pre_bid"": ""-570000"", ""sel_5th_pre_req_pre"": ""0"", ""sel_5th_pre_req"": ""54"", ""sel_5th_pre_bid"": ""-569000"", ""sel_4th_pre_req_pre"": ""0"", ""sel_4th_pre_req"": ""184"", ""sel_4th_pre_bid"": ""-568000"", ""sel_3th_pre_req_pre"": ""0"", ""sel_3th_pre_req"": ""381"", ""sel_3th_pre_bid"": ""-567000"", ""sel_2th_pre_req_pre"": ""0"", ""sel_2th_pre_req"": ""181"", ""sel_2th_pre_bid"": ""-566000"", ""sel_1th_pre_req_pre"": ""0"", ""sel_fpr_req"": ""45"", ""sel_fpr_bid"": ""-565000"", ""buy_fpr_bid"": ""-564000"", ""buy_fpr_req"": ""1068"", ""buy_1th_pre_req_pre"": ""+34"", ""buy_2th_pre_bid"": ""-563000"", ""buy_2th_pre_req"": ""782"", ""buy_2th_pre_req_pre"": ""--10"", ""buy_3th_pre_bid"": ""-562000"", ""buy_3th_pre_req"": ""1092"", ""buy_3th_pre_req_pre"": ""0"", ""buy_4th_pre_bid"": ""-561000"", ""buy_4th_pre_req"": ""763"", ""buy_4th_pre_req_pre"": ""0"", ""buy_5th_pre_bid"": ""-560000"", ""buy_5th_pre_req"": ""1213"", ""buy_5th_pre_req_pre"": ""0"", ""buy_6th_pre_bid"": ""-559000"", ""buy_6th_pre_req"": ""1027"", ""buy_6th_pre_req_pre"": ""0"", ""buy_7th_pre_bid"": ""-558000"", ""buy_7th_pre_req"": ""1032"", ""buy_7th_pre_req_pre"": ""0"", ""buy_8th_pre_bid"": ""-557000"", ""buy_8th_pre_req"": ""758"", ""buy_8th_pre_req_pre"": ""0"", ""buy_9th_pre_bid"": ""-556000"", ""buy_9th_pre_req"": ""1065"", ""buy_9th_pre_req_pre"": ""0"", ""buy_10th_pre_bid"": ""-555000"", ""buy_10th_pre_req"": ""2958"", ""buy_10th_pre_req_pre"": ""0"", ""tot_sel_req_jub_pre"": ""0"", ""tot_sel_req"": ""5794"", ""tot_buy_req"": ""11758"", ""tot_buy_req_jub_pre"": ""+24"", ""ovt_sel_req_pre"": ""0"", ""ovt_sel_req"": ""0"", ""ovt_buy_req"": ""0"", ""ovt_buy_req_pre"": ""0"", ""return_code"": 0, ""return_msg"": ""정상적으로 처리되었습니다""}"
2026-09-10,scan_candidate,068270,2026-09-10T09:33:22.703514,0,main_scan,182200,188100,182200,182100,182200,182000,-0.5934440175631199,0.054884742041712405,147873700,43755290805600,50813720450,4.6084989106069685,-3.1366294524189264,"{""bid_req_base_tm"": ""093327"", ""sel_10th_pre_req_pre"": ""0"", ""sel_10th_pre_req"": ""124"", ""sel_10th_pre_bid"": ""+183200"", ""sel_9th_pre_req_pre"": ""0"", ""sel_9th_pre_req"": ""165"", ""sel_9th_pre_bid"": ""183100"", ""sel_8th_pre_req_pre"": ""0"", ""sel_8th_pre_req"": ""353"", ""sel_8th_pre_bid"": ""-183000"", ""sel_7th_pre_req_pre"": ""0"", ""sel_7th_pre_req"": ""1"", ""sel_7th_pre_bid"": ""-182900"", ""sel_6th_pre_req_pre"": ""0"", ""sel_6th_pre_req"": ""4"", ""sel_6th_pre_bid"": ""-182800"", ""sel_5th_pre_req_pre"": ""0"", ""sel_5th_pre_req"": ""12"", ""sel_5th_pre_bid"": ""-182600"", ""sel_4th_pre_req_pre"": ""0"", ""sel_4th_pre_req"": ""22"", ""sel_4th_pre_bid"": ""-182500"", ""sel_3th_pre_req_pre"": ""0"", ""sel_3th_pre_req"": ""488"", ""sel_3th_pre_bid"": ""-182400"", ""sel_2th_pre_req_pre"": ""0"", ""sel_2th_pre_req"": ""295"", ""sel_2th_pre_bid"": ""-182300"", ""sel_1th_pre_req_pre"": ""0"", ""sel_fpr_req"": ""147"", ""sel_fpr_bid"": ""-182200"", ""buy_fpr_bid"": ""-182100"", ""buy_fpr_req"": ""256"", ""buy_1th_pre_req_pre"": ""0"", ""buy_2th_pre_bid"": ""-182000"", ""buy_2th_pre_req"": ""376"", ""buy_2th_pre_req_pre"": ""0"", ""buy_3th_pre_bid"": ""-181900"", ""buy_3th_pre_req"": ""92"", ""buy_3th_pre_req_pre"": ""0"", ""buy_4th_pre_bid"": ""-181800"", ""buy_4th_pre_req"": ""132"", ""buy_4th_pre_req_pre"": ""0"", ""buy_5th_pre_bid"": ""-181700"", ""buy_5th_pre_req"": ""150"", ""buy_5th_pre_req_pre"": ""0"", ""buy_6th_pre_bid"": ""-181600"", ""buy_6th_pre_req"": ""419"", ""buy_6th_pre_req_pre"": ""0"", ""buy_7th_pre_bid"": ""-181500"", ""buy_7th_pre_req"": ""475"", ""buy_7th_pre_req_pre"": ""+18"", ""buy_8th_pre_bid"": ""-181400"", ""buy_8th_pre_req"": ""1100"", ""buy_8th_pre_req_pre"": ""0"", ""buy_9th_pre_bid"": ""-181300"", ""buy_9th_pre_req"": ""221"", ""buy_9th_pre_req_pre"": ""0"", ""buy_10th_pre_bid"": ""-181200"", ""buy_10th_pre_req"": ""1234"", ""buy_10th_pre_req_pre"": ""0"", ""tot_sel_req_jub_pre"": ""0"", ""tot_sel_req"": ""1611"", ""tot_buy_req"": ""4455"", ""tot_buy_req_jub_pre"": ""+18"", ""ovt_sel_req_pre"": ""0"", ""ovt_sel_req"": ""0"", ""ovt_buy_req"": ""0"", ""ovt_buy_req_pre"": ""0"", ""return_code"": 0, ""return_msg"": ""정상적으로 처리되었습니다""}"
2026-09-10,scan_candidate,034730,2026-09-10T09:33:22.703514,0,main_scan,608000,573000,608000,607000,608000,610000,-0.04584703947370336,0.1644736842105263,195018000,41544048819000,49914992000,4.6084989106069685,6.108202443280978,"{""bid_req_base_tm"": ""093325"", ""sel_10th_pre_req_pre"": ""0"", ""sel_10th_pre_req"": ""122"", ""sel_10th_pre_bid"": ""+617000"", ""sel_9th_pre_req_pre"": ""0"", ""sel_9th_pre_req"": ""147"", ""sel_9th_pre_bid"": ""+616000"", ""sel_8th_pre_req_pre"": ""0"", ""sel_8th_pre_req"": ""384"", ""sel_8th_pre_bid"": ""+615000"", ""sel_7th_pre_req_pre"": ""0"", ""sel_7th_pre_req"": ""71"", ""sel_7th_pre_bid"": ""+614000"", ""sel_6th_pre_req_pre"": ""0"", ""sel_6th_pre_req"": ""112"", ""sel_6th_pre_bid"": ""+613000"", ""sel_5th_pre_req_pre"": ""0"", ""sel_5th_pre_req"": ""370"", ""sel_5th_pre_bid"": ""+612000"", ""sel_4th_pre_req_pre"": ""0"", ""sel_4th_pre_req"": ""103"", ""sel_4th_pre_bid"": ""+611000"", ""sel_3th_pre_req_pre"": ""--1"", ""sel_3th_pre_req"": ""12"", ""sel_3th_pre_bid"": ""+610000"", ""sel_2th_pre_req_pre"": ""0"", ""sel_2th_pre_req"": ""19"", ""sel_2th_pre_bid"": ""+609000"", ""sel_1th_pre_req_pre"": ""0"", ""sel_fpr_req"": ""18"", ""sel_fpr_bid"": ""+608000"", ""buy_fpr_bid"": ""+607000"", ""buy_fpr_req"": ""158"", ""buy_1th_pre_req_pre"": ""0"", ""buy_2th_pre_bid"": ""+606000"", ""buy_2th_pre_req"": ""105"", ""buy_2th_pre_req_pre"": ""0"", ""buy_3th_pre_bid"": ""+605000"", ""buy_3th_pre_req"": ""198"", ""buy_3th_pre_req_pre"": ""0"", ""buy_4th_pre_bid"": ""+604000"", ""buy_4th_pre_req"": ""172"", ""buy_4th_pre_req_pre"": ""0"", ""buy_5th_pre_bid"": ""+603000"", ""buy_5th_pre_req"": ""135"", ""buy_5th_pre_req_pre"": ""0"", ""buy_6th_pre_bid"": ""602000"", ""buy_6th_pre_req"": ""29"", ""buy_6th_pre_req_pre"": ""0"", ""buy_7th_pre_bid"": ""-601000"", ""buy_7th_pre_req"": ""70"", ""buy_7th_pre_req_pre"": ""0"", ""buy_8th_pre_bid"": ""-600000"", ""buy_8th_pre_req"": ""27"", ""buy_8th_pre_req_pre"": ""0"", ""buy_9th_pre_bid"": ""-599000"", ""buy_9th_pre_req"": ""123"", ""buy_9th_pre_req_pre"": ""0"", ""buy_10th_pre_bid"": ""-598000"", ""buy_10th_pre_req"": ""9"", ""buy_10th_pre_req_pre"": ""0"", ""tot_sel_req_jub_pre"": ""--1"", ""tot_sel_req"": ""1358"", ""tot_buy_req"": ""1026"", ""tot_buy_req_jub_pre"": ""0"", ""ovt_sel_req_pre"": ""0"", ""ovt_sel_req"": ""0"", ""ovt_buy_req"": ""0"", ""ovt_buy_req_pre"": ""0"", ""return_code"": 0, ""return_msg"": ""정상적으로 처리되었습니다""}"
2026-09-10,scan_candidate,012330,2026-09-10T09:33:22.703514,0,main_scan,417000,422000,417000,416500,417000,417500,-0.21000000000001678,0.1199040767386091,242342500,37904286870000,96590757500,4.6084989106069685,-1.1848341232227488,"{""bid_req_base_tm"": ""093327"", ""sel_10th_pre_req_pre"": ""0"", ""sel_10th_pre_req"": ""184"", ""sel_10th_pre_bid"": ""+421500"", ""sel_9th_pre_req_pre"": ""0"", ""sel_9th_pre_req"": ""1810"", ""sel_9th_pre_bid"": ""+421000"", ""sel_8th_pre_req_pre"": ""0"", ""sel_8th_pre_req"": ""331"", ""sel_8th_pre_bid"": ""+420500"", ""sel_7th_pre_req_pre"": ""0"", ""sel_7th_pre_req"": ""737"", ""sel_7th_pre_bid"": ""+420000"", ""sel_6th_pre_req_pre"": ""0"", ""sel_6th_pre_req"": ""506"", ""sel_6th_pre_bid"": ""+419500"", ""sel_5th_pre_req_pre"": ""0"", ""sel_5th_pre_req"": ""21"", ""sel_5th_pre_bid"": ""+419000"", ""sel_4th_pre_req_pre"": ""0"", ""sel_4th_pre_req"": ""54"", ""sel_4th_pre_bid"": ""+418500"", ""sel_3th_pre_req_pre"": ""0"", ""sel_3th_pre_req"": ""427"", ""sel_3th_pre_bid"": ""+418000"", ""sel_2th_pre_req_pre"": ""--55"", ""sel_2th_pre_req"": ""163"", ""sel_2th_pre_bid"": ""417500"", ""sel_1th_pre_req_pre"": ""0"", ""sel_fpr_req"": ""55"", ""sel_fpr_bid"": ""-417000"", ""buy_fpr_bid"": ""-416500"", ""buy_fpr_req"": ""375"", ""buy_1th_pre_req_pre"": ""0"", ""buy_2th_pre_bid"": ""-416000"", ""buy_2th_pre_req"": ""378"", ""buy_2th_pre_req_pre"": ""0"", ""buy_3th_pre_bid"": ""-415500"", ""buy_3th_pre_req"": ""233"", ""buy_3th_pre_req_pre"": ""0"", ""buy_4th_pre_bid"": ""-415000"", ""buy_4th_pre_req"": ""312"", ""buy_4th_pre_req_pre"": ""0"", ""buy_5th_pre_bid"": ""-414500"", ""buy_5th_pre_req"": ""176"", ""buy_5th_pre_req_pre"": ""0"", ""buy_6th_pre_bid"": ""-414000"", ""buy_6th_pre_req"": ""233"", ""buy_6th_pre_req_pre"": ""0"", ""buy_7th_pre_bid"": ""-413500"", ""buy_7th_pre_req"": ""252"", ""buy_7th_pre_req_pre"": ""0"", ""buy_8th_pre_bid"": ""-413000"", ""buy_8th_pre_req"": ""800"", ""buy_8th_pre_req_pre"": ""0"", ""buy_9th_pre_bid"": ""-412500"", ""buy_9th_pre_req"": ""471"", ""buy_9th_pre_req_pre"": ""0"", ""buy_10th_pre_bid"": ""-412000"", ""buy_10th_pre_req"": ""924"", ""buy_10th_pre_req_pre"": ""0"", ""tot_sel_req_jub_pre"": ""--137"", ""tot_sel_req"": ""4288"", ""tot_buy_req"": ""4154"", ""tot_buy_req_jub_pre"": ""0"", ""ovt_sel_req_pre"": ""0"", ""ovt_sel_req"": ""0"", ""ovt_buy_req"": ""0"", ""ovt_buy_req_pre"": ""0"", ""return_code"": 0, ""return_msg"": ""정상적으로 처리되었습니다""}"
2026-09-10,scan_candidate,086790,2026-09-10T09:33:22.703514,0,main_scan,135400,134300,135400,135300,135400,135500,-0.5048449039882029,0.07385524372230429,146560700,36847588556400,119964694600,4.6084989106069685,0.8190618019359642,"{""bid_req_base_tm"": ""093326"", ""sel_10th_pre_req_pre"": ""0"", ""sel_10th_pre_req"": ""46"", ""sel_10th_pre_bid"": ""+136300"", ""sel_9th_pre_req_pre"": ""0"", ""sel_9th_pre_req"": ""180"", ""sel_9th_pre_bid"": ""+136200"", ""sel_8th_pre_req_pre"": ""0"", ""sel_8th_pre_req"": ""53"", ""sel_8th_pre_bid"": ""+136100"", ""sel_7th_pre_req_pre"": ""0"", ""sel_7th_pre_req"": ""3443"", ""sel_7th_pre_bid"": ""+136000"", ""sel_6th_pre_req_pre"": ""0"", ""sel_6th_pre_req"": ""237"", ""sel_6th_pre_bid"": ""+135900"", ""sel_5th_pre_req_pre"": ""0"", ""sel_5th_pre_req"": ""189"", ""sel_5th_pre_bid"": ""+135800"", ""sel_4th_pre_req_pre"": ""0"", ""sel_4th_pre_req"": ""190"", ""sel_4th_pre_bid"": ""+135700"", ""sel_3th_pre_req_pre"": ""0"", ""sel_3th_pre_req"": ""614"", ""sel_3th_pre_bid"": ""+135600"", ""sel_2th_pre_req_pre"": ""0"", ""sel_2th_pre_req"": ""198"", ""sel_2th_pre_bid"": ""+135500"", ""sel_1th_pre_req_pre"": ""0"", ""sel_fpr_req"": ""195"", ""sel_fpr_bid"": ""+135400"", ""buy_fpr_bid"": ""+135300"", ""buy_fpr_req"": ""256"", ""buy_1th_pre_req_pre"": ""0"", ""buy_2th_pre_bid"": ""+135200"", ""buy_2th_pre_req"": ""1163"", ""buy_2th_pre_req_pre"": ""0"", ""buy_3th_pre_bid"": ""+135100"", ""buy_3th_pre_req"": ""569"", ""buy_3th_pre_req_pre"": ""0"", ""buy_4th_pre_bid"": ""+135000"", ""buy_4th_pre_req"": ""5"", ""buy_4th_pre_req_pre"": ""0"", ""buy_5th_pre_bid"": ""+134900"", ""buy_5th_pre_req"": ""785"", ""buy_5th_pre_req_pre"": ""0"", ""buy_6th_pre_bid"": ""+134800"", ""buy_6th_pre_req"": ""718"", ""buy_6th_pre_req_pre"": ""+56"", ""buy_7th_pre_bid"": ""+134700"", ""buy_7th_pre_req"": ""23"", ""buy_7th_pre_req_pre"": ""0"", ""buy_8th_pre_bid"": ""+134600"", ""buy_8th_pre_req"": ""429"", ""buy_8th_pre_req_pre"": ""0"", ""buy_9th_pre_bid"": ""+134500"", ""buy_9th_pre_req"": ""109"", ""buy_9th_pre_req_pre"": ""0"", ""buy_10th_pre_bid"": ""+134400"", ""buy_10th_pre_req"": ""27"", ""buy_10th_pre_req_pre"": ""0"", ""tot_sel_req_jub_pre"": ""0"", ""tot_sel_req"": ""5345"", ""tot_buy_req"": ""4084"", ""tot_buy_req_jub_pre"": ""+56"", ""ovt_sel_req_pre"": ""0"", ""ovt_sel_req"": ""0"", ""ovt_buy_req"": ""0"", ""ovt_buy_req_pre"": ""0"", ""return_code"": 0, ""return_msg"": ""정상적으로 처리되었습니다""}"
2026-09-10,scan_candidate,066570,2026-09-10T09:33:22.703514,0,main_scan,209500,201500,209500,209000,209500,207500,-1.4009904534606261,0.23866348448687352,3090402000,32821254557000,84206416000,4.6084989106069685,3.970223325062035,"{""bid_req_base_tm"": ""093328"", ""sel_10th_pre_req_pre"": ""0"", ""sel_10th_pre_req"": ""4021"", ""sel_10th_pre_bid"": ""+214000"", ""sel_9th_pre_req_pre"": ""0"", ""sel_9th_pre_req"": ""1144"", ""sel_9th_pre_bid"": ""+213500"", ""sel_8th_pre_req_pre"": ""0"", ""sel_8th_pre_req"": ""2582"", ""sel_8th_pre_bid"": ""+213000"", ""sel_7th_pre_req_pre"": ""0"", ""sel_7th_pre_req"": ""1406"", ""sel_7th_pre_bid"": ""+212500"", ""sel_6th_pre_req_pre"": ""0"", ""sel_6th_pre_req"": ""6536"", ""sel_6th_pre_bid"": ""+212000"", ""sel_5th_pre_req_pre"": ""0"", ""sel_5th_pre_req"": ""3156"", ""sel_5th_pre_bid"": ""+211500"", ""sel_4th_pre_req_pre"": ""0"", ""sel_4th_pre_req"": ""4703"", ""sel_4th_pre_bid"": ""+211000"", ""sel_3th_pre_req_pre"": ""0"", ""sel_3th_pre_req"": ""2528"", ""sel_3th_pre_bid"": ""+210500"", ""sel_2th_pre_req_pre"": ""0"", ""sel_2th_pre_req"": ""5542"", ""sel_2th_pre_bid"": ""+210000"", ""sel_1th_pre_req_pre"": ""--34"", ""sel_fpr_req"": ""2911"", ""sel_fpr_bid"": ""+209500"", ""buy_fpr_bid"": ""+209000"", ""buy_fpr_req"": ""2612"", ""buy_1th_pre_req_pre"": ""0"", ""buy_2th_pre_bid"": ""+208500"", ""buy_2th_pre_req"": ""2539"", ""buy_2th_pre_req_pre"": ""0"", ""buy_3th_pre_bid"": ""+208000"", ""buy_3th_pre_req"": ""844"", ""buy_3th_pre_req_pre"": ""0"", ""buy_4th_pre_bid"": ""+207500"", ""buy_4th_pre_req"": ""584"", ""buy_4th_pre_req_pre"": ""0"", ""buy_5th_pre_bid"": ""+207000"", ""buy_5th_pre_req"": ""325"", ""buy_5th_pre_req_pre"": ""0"", ""buy_6th_pre_bid"": ""+206500"", ""buy_6th_pre_req"": ""1290"", ""buy_6th_pre_req_pre"": ""0"", ""buy_7th_pre_bid"": ""+206000"", ""buy_7th_pre_req"": ""1288"", ""buy_7th_pre_req_pre"": ""0"", ""buy_8th_pre_bid"": ""+205500"", ""buy_8th_pre_req"": ""2511"", ""buy_8th_pre_req_pre"": ""0"", ""buy_9th_pre_bid"": ""+205000"", ""buy_9th_pre_req"": ""3132"", ""buy_9th_pre_req_pre"": ""0"", ""buy_10th_pre_bid"": ""204500"", ""buy_10th_pre_req"": ""3410"", ""buy_10th_pre_req_pre"": ""0"", ""tot_sel_req_jub_pre"": ""--34"", ""tot_sel_req"": ""34529"", ""tot_buy_req"": ""18535"", ""tot_buy_req_jub_pre"": ""0"", ""ovt_sel_req_pre"": ""0"", ""ovt_sel_req"": ""0"", ""ovt_buy_req"": ""0"", ""ovt_buy_req_pre"": ""0"", ""return_code"": 0, ""return_msg"": ""정상적으로 처리되었습니다""}"
2026-09-10,scan_candidate,035420,2026-09-10T09:33:22.703514,0,main_scan,208000,213500,208000,207500,208000,209500,0.2698317307692308,0.2403846153846154,1656991000,32468330828500,138236649250,4.6084989106069685,-2.576112412177986,"{""bid_req_base_tm"": ""093328"", ""sel_10th_pre_req_pre"": ""0"", ""sel_10th_pre_req"": ""1143"", ""sel_10th_pre_bid"": ""+212500"", ""sel_9th_pre_req_pre"": ""0"", ""sel_9th_pre_req"": ""1455"", ""sel_9th_pre_bid"": ""+212000"", ""sel_8th_pre_req_pre"": ""0"", ""sel_8th_pre_req"": ""505"", ""sel_8th_pre_bid"": ""+211500"", ""sel_7th_pre_req_pre"": ""0"", ""sel_7th_pre_req"": ""1369"", ""sel_7th_pre_bid"": ""+211000"", ""sel_6th_pre_req_pre"": ""0"", ""sel_6th_pre_req"": ""1387"", ""sel_6th_pre_bid"": ""+210500"", ""sel_5th_pre_req_pre"": ""0"", ""sel_5th_pre_req"": ""822"", ""sel_5th_pre_bid"": ""210000"", ""sel_4th_pre_req_pre"": ""0"", ""sel_4th_pre_req"": ""793"", ""sel_4th_pre_bid"": ""-209500"", ""sel_3th_pre_req_pre"": ""0"", ""sel_3th_pre_req"": ""847"", ""sel_3th_pre_bid"": ""-209000"", ""sel_2th_pre_req_pre"": ""0"", ""sel_2th_pre_req"": ""3709"", ""sel_2th_pre_bid"": ""-208500"", ""sel_1th_pre_req_pre"": ""0"", ""sel_fpr_req"": ""3005"", ""sel_fpr_bid"": ""-208000"", ""buy_fpr_bid"": ""-207500"", ""buy_fpr_req"": ""6341"", ""buy_1th_pre_req_pre"": ""0"", ""buy_2th_pre_bid"": ""-207000"", ""buy_2th_pre_req"": ""8536"", ""buy_2th_pre_req_pre"": ""0"", ""buy_3th_pre_bid"": ""-206500"", ""buy_3th_pre_req"": ""8358"", ""buy_3th_pre_req_pre"": ""0"", ""buy_4th_pre_bid"": ""-206000"", ""buy_4th_pre_req"": ""6509"", ""buy_4th_pre_req_pre"": ""0"", ""buy_5th_pre_bid"": ""-205500"", ""buy_5th_pre_req"": ""5777"", ""buy_5th_pre_req_pre"": ""0"", ""buy_6th_pre_bid"": ""-205000"", ""buy_6th_pre_req"": ""11243"", ""buy_6th_pre_req_pre"": ""0"", ""buy_7th_pre_bid"": ""-204500"", ""buy_7th_pre_req"": ""4747"", ""buy_7th_pre_req_pre"": ""0"", ""buy_8th_pre_bid"": ""-204000"", ""buy_8th_pre_req"": ""18099"", ""buy_8th_pre_req_pre"": ""0"", ""buy_9th_pre_bid"": ""-203500"", ""buy_9th_pre_req"": ""3432"", ""buy_9th_pre_req_pre"": ""0"", ""buy_10th_pre_bid"": ""-203000"", ""buy_10th_pre_req"": ""3958"", ""buy_10th_pre_req_pre"": ""0"", ""tot_sel_req_jub_pre"": ""0"", ""tot_sel_req"": ""15035"", ""tot_buy_req"": ""77000"", ""tot_buy_req_jub_pre"": ""0"", ""ovt_sel_req_pre"": ""0"", ""ovt_sel_req"": ""0"", ""ovt_buy_req"": ""0"", ""ovt_buy_req_pre"": ""0"", ""return_code"": 0, ""return_msg"": ""정상적으로 처리되었습니다""}"
